!========================================================================================================================!
!                                                                                                                        !
!                                                       VELOXCHEM                                                        !
!                                              AN ELECTRONIC STRUCTURE CODE                                              !
!                                                                                                                        !
!                                        Copyright 2018-2025 VeloxChem developers                                        !
!========================================================================================================================!
!                     VeloxChem execution started on 192 MPI processes at Fri May  8 14:10:45 2026.                      !
!========================================================================================================================!
                                                                                                                          
* Info * Using 1 OpenMP threads per MPI process.                                                                          
                                                                                                                          
* Info * Reading input file 0094_n1s.in...                                                                                
                                                                                                                          
* Info * @jobs                                                                                                            
* Info * task: response                                                                                                   
* Info * @end                                                                                                             
                                                                                                                          
* Info * @method_settings                                                                                                 
* Info * basis: def2-tzvpd                                                                                                
* Info * xcfun: cam-b3lyp                                                                                                 
* Info * @end                                                                                                             
                                                                                                                          
* Info * @response                                                                                                        
* Info * property: absorption                                                                                             
* Info * tamm_dancoff: no                                                                                                 
* Info * nstates: 50                                                                                                      
* Info * core_excitation: yes                                                                                             
* Info * num_core_orbitals: 2                                                                                             
* Info * @end                                                                                                             
                                                                                                                          
                                              Molecular Geometry (Angstroms)                                              
                                             ================================                                             
                                                                                                                          
                          Atom         Coordinate X          Coordinate Y          Coordinate Z                           
                                                                                                                          
                           O          -1.540738041800       -1.155657764100        0.053695015900                         
                           N          -1.661398672700        1.123825276400       -0.069599405900                         
                           C          -0.208053323400       -0.626175505200        0.130227324000                         
                           C          -0.369714218700        0.712649183400       -0.044088507100                         
                           C           0.983246371600       -1.428933629500       -0.070344203600                         
                           C           0.907864734400        1.373357647800       -0.007445702200                         
                           C           2.145320207600       -0.736227283000       -0.076526672800                         
                           C           2.081897738900        0.761397361000        0.092690529300                         
                           C          -2.266252474700       -0.054940842800        0.024753828700                         
                           H           0.715112251200       -2.521063334000       -0.273144016900                         
                           H           0.886073973600        2.497656896000       -0.160005521600                         
                           H           3.006540288600       -1.144557020200       -0.166660272900                         
                           H           3.088040175900        1.081276717800        0.384330848000                         
                           H          -3.489131972000       -0.074229319900       -0.250953782900                         
                                                                                                                          
                          Molecular charge            : 0                                                                 
                          Spin multiplicity           : 1                                                                 
                          Number of atoms             : 14                                                                
                          Number of alpha electrons   : 31                                                                
                          Number of beta  electrons   : 31                                                                
                                                                                                                          
* Info * Reading basis set from file: /net/home/plgrid/plgiubru7/software/vlx-cpu/cpuvlxenv/lib/python3.11/site-packages/veloxchem/basis/DEF2-TZVPD
                                                                                                                          
                                              Molecular Basis (Atomic Basis)                                              
                                             ================================                                             
                                                                                                                          
                               Basis: DEF2-TZVPD                                                                          
                                                                                                                          
                               Atom Contracted GTOs           Primitive GTOs                                              
                                                                                                                          
                               O     (6S,4P,3D,1F)             (12S,7P,3D,1F)                                             
                               N     (6S,3P,3D,1F)             (12S,6P,3D,1F)                                             
                               C     (6S,3P,3D,1F)             (12S,6P,3D,1F)                                             
                               H     (3S,2P)                   (5S,2P)                                                    
                                                                                                                          
                               Contracted Basis Functions : 381                                                           
                               Primitive Basis Functions  : 526                                                           
                                                                                                                          
                                                                                                                          
                                            Self Consistent Field Driver Setup                                            
                                           ====================================                                           
                                                                                                                          
                   Wave Function Model             : Spin-Restricted Kohn-Sham                                            
                   Initial Guess Model             : Restart from Checkpoint                                              
                   Convergence Accelerator         : Direct Inversion of Iterative Subspace                               
                   Max. Number of Iterations       : 50                                                                   
                   Max. Number of Error Vectors    : 10                                                                   
                   Convergence Threshold           : 1.0e-06                                                              
                   ERI Screening Threshold         : 1.0e-12                                                              
                   Linear Dependence Threshold     : 1.0e-06                                                              
                   Exchange-Correlation Functional : CAM-B3LYP                                                            
                   Molecular Grid Level            : 4                                                                    
                                                                                                                          
* Info * Nuclear repulsion energy: 404.0189675863 a.u.                                                                    
                                                                                                                          
* Info * Using the CAM-B3LYP functional.                                                                                  
                                                                                                                          
         T. Yanai, D. P. Tew, and N. C. Handy.,  Chem. Phys. Lett. 393, 51 (2004)
                                                                                                                          
* Info * Using the Libxc library (v7.0.0).                                                                                
                                                                                                                          
         S. Lehtola, C. Steigemann, M. J.T. Oliveira, and M. A.L. Marques.,  SoftwareX 7, 1–5 (2018)
                                                                                                                          
* Info * Using the following algorithm for XC numerical integration.                                                      
                                                                                                                          
         J. Kussmann, H. Laqua and C. Ochsenfeld, J. Chem. Theory Comput. 2021, 17, 1512-1521
                                                                                                                          
* Info * Molecular grid with 208099 points generated in 0.24 sec.                                                         
                                                                                                                          
* Info * Restarting from checkpoint file: 0094_n1s_scf.h5                                                                 
                                                                                                                          
* Info * Overlap matrix computed in 0.00 sec.                                                                             
                                                                                                                          
* Info * Kinetic energy matrix computed in 0.00 sec.                                                                      
                                                                                                                          
* Info * Nuclear potential matrix computed in 0.01 sec.                                                                   
                                                                                                                          
* Info * Orthogonalization matrix computed in 0.01 sec.                                                                   
                                                                                                                          
                                                                                                                          
               Iter. |    Kohn-Sham Energy | Energy Change | Gradient Norm | Max. Gradient | Density Change               
               --------------------------------------------------------------------------------------------               
                  1      -399.594222727074    0.0000000000      0.00000061      0.00000002      0.00000000                
                                                                                                                          
* Info * Checkpoint written to file: 0094_n1s_scf.h5                                                                      
                                                                                                                          
* Info * SCF results written to file: 0094_n1s.h5                                                                         
                                                                                                                          
               *** SCF converged in 1 iterations. Time: 2.35 sec.                                                         
                                                                                                                          
               Spin-Restricted Kohn-Sham:                                                                                 
               --------------------------                                                                                 
               Total Energy                       :     -399.5942227271 a.u.                                              
               Electronic Energy                  :     -803.6131903134 a.u.                                              
               Nuclear Repulsion Energy           :      404.0189675863 a.u.                                              
               ------------------------------------                                                                       
               Gradient Norm                      :        0.0000006077 a.u.                                              
                                                                                                                          
                                                                                                                          
               Ground State Information                                                                                   
               ------------------------                                                                                   
               Charge of Molecule            :  0.0                                                                       
               Multiplicity (2S+1)           :  1                                                                         
               Magnetic Quantum Number (M_S) :  0.0                                                                       
                                                                                                                          
                                                                                                                          
                                                 Spin Restricted Orbitals                                                 
                                                 ------------------------                                                 
                                                                                                                          
               Molecular Orbital No.  27:                                                                                 
               --------------------------                                                                                 
               Occupation: 2.000 Energy:   -0.41350 a.u.                                                                  
               (   2 N   5s  :    -0.15) (   4 C   5s  :    -0.25) (   7 C   1p-1:     0.17)                              
               (   8 C   1p-1:    -0.17)                                                                                  
                                                                                                                          
               Molecular Orbital No.  28:                                                                                 
               --------------------------                                                                                 
               Occupation: 2.000 Energy:   -0.40138 a.u.                                                                  
               (   1 O   1p0 :     0.15) (   2 N   5s  :    -0.17) (   2 N   1p-1:    -0.16)                              
               (   2 N   1p0 :    -0.22) (   2 N   2p0 :    -0.19) (   4 C   5s  :     0.16)                              
                                                                                                                          
               Molecular Orbital No.  29:                                                                                 
               --------------------------                                                                                 
               Occupation: 2.000 Energy:   -0.37078 a.u.                                                                  
               (   2 N   4s  :    -0.21) (   2 N   5s  :    -0.36) (   2 N   6s  :    -0.27)                              
               (   2 N   1p-1:    -0.26) (   2 N   2p-1:    -0.19) (   3 C   5s  :     0.21)                              
               (   3 C   1p-1:    -0.16) (   4 C   5s  :    -0.18) (   4 C   1p-1:     0.16)                              
               (   4 C   3p-1:     0.27)                                                                                  
                                                                                                                          
               Molecular Orbital No.  30:                                                                                 
               --------------------------                                                                                 
               Occupation: 2.000 Energy:   -0.31787 a.u.                                                                  
               (   4 C   5s  :    -0.31) (   5 C   5s  :     0.22) (   5 C   1p0 :    -0.20)                              
               (   5 C   2p0 :    -0.17) (   6 C   5s  :    -0.23) (   6 C   1p0 :     0.23)                              
               (   6 C   2p0 :     0.20) (   8 C   5s  :     0.36) (   8 C   1p0 :     0.22)                              
               (   8 C   2p0 :     0.19) (   8 C   3p+1:    -0.17)                                                        
                                                                                                                          
               Molecular Orbital No.  31:                                                                                 
               --------------------------                                                                                 
               Occupation: 2.000 Energy:   -0.30076 a.u.                                                                  
               (   3 C   5s  :     0.22) (   3 C   1p0 :     0.21) (   3 C   2p0 :     0.18)                              
               (   4 C   5s  :    -0.35) (   4 C   1p0 :     0.18) (   4 C   2p0 :     0.16)                              
               (   6 C   3p+1:    -0.16) (   7 C   1p0 :    -0.22) (   7 C   2p0 :    -0.19)                              
               (   9 C   1p0 :    -0.19) (   9 C   2p0 :    -0.17)                                                        
                                                                                                                          
               Molecular Orbital No.  32:                                                                                 
               --------------------------                                                                                 
               Occupation: 0.000 Energy:   -0.00090 a.u.                                                                  
               (   1 O   6s  :    -0.23) (   1 O   1p0 :    -0.17) (   1 O   4p0 :     0.17)                              
               (   2 N   6s  :    -0.34) (   3 C   5s  :    -1.16) (   3 C   3p-1:    -1.16)                              
               (   3 C   3p0 :     0.21) (   3 C   3d+2:     0.28) (   3 C   3d-1:     0.19)                              
               (   3 C   3d-2:    -0.28) (   4 C   5s  :     1.64) (   4 C   3p+1:     0.68)                              
               (   4 C   3p-1:    -1.05) (   4 C   3p0 :    -0.19) (   4 C   3d-2:    -0.31)                              
               (   5 C   5s  :    -0.87) (   5 C   6s  :     0.24) (   5 C   3p+1:     0.53)                              
               (   5 C   3d-1:    -0.15) (   6 C   5s  :    -1.61) (   6 C   6s  :     0.39)                              
               (   6 C   3p+1:    -0.52) (   6 C   3p-1:     0.64) (   6 C   3d+2:     0.32)                              
               (   6 C   3d-2:     0.15) (   7 C   5s  :    -0.24) (   7 C   1p0 :    -0.18)                              
               (   7 C   2p0 :    -0.18) (   7 C   3p-1:     0.16) (   8 C   5s  :     1.16)                              
               (   8 C   3p+1:    -0.81) (   8 C   3d+2:     0.28) (   9 C   5s  :    -0.32)                              
               (   9 C   6s  :     0.37) (   9 C   1p0 :     0.25) (   9 C   2p0 :     0.24)                              
               (   9 C   3p+1:     0.26) (   9 C   3p0 :     0.26) (  10 H   3s  :     0.37)                              
               (  11 H   3s  :     0.30) (  13 H   3s  :     0.16) (  14 H   3s  :     0.44)                              
               (  14 H   2p+1:     0.18)                                                                                  
                                                                                                                          
               Molecular Orbital No.  33:                                                                                 
               --------------------------                                                                                 
               Occupation: 0.000 Energy:    0.01742 a.u.                                                                  
               (   1 O   6s  :     1.75) (   1 O   4p-1:     0.40) (   2 N   5s  :     0.32)                              
               (   2 N   6s  :     0.89) (   2 N   3p+1:     0.23) (   3 C   5s  :    -0.69)                              
               (   3 C   1p0 :    -0.22) (   3 C   2p0 :    -0.20) (   3 C   3p+1:    -0.77)                              
               (   3 C   3p-1:     1.30) (   3 C   3p0 :    -0.18) (   3 C   3d+1:     0.16)                              
               (   3 C   3d+2:    -0.92) (   4 C   5s  :    -4.34) (   4 C   6s  :    -1.27)                              
               (   4 C   3p+1:     0.48) (   4 C   3p-1:     0.90) (   4 C   3d+2:    -0.41)                              
               (   4 C   3d0 :     0.26) (   5 C   4s  :     0.25) (   5 C   5s  :    -0.23)                              
               (   5 C   6s  :    -0.95) (   5 C   3p+1:    -1.30) (   5 C   3p-1:     0.43)                              
               (   5 C   3p0 :     0.15) (   5 C   3d+2:    -0.44) (   5 C   3d-2:    -0.89)                              
               (   5 C   3d0 :     0.20) (   6 C   5s  :     0.46) (   6 C   1p0 :     0.18)                              
               (   6 C   2p0 :     0.17) (   6 C   3p-1:    -0.66) (   7 C   5s  :     1.98)                              
               (   7 C   6s  :    -0.48) (   7 C   3p+1:    -1.06) (   7 C   3p-1:    -0.50)                              
               (   7 C   3d-2:     0.22) (   8 C   5s  :    -0.41) (   8 C   1p0 :    -0.19)                              
               (   8 C   2p0 :    -0.18) (   8 C   3p+1:    -0.43) (   8 C   3p-1:    -0.29)                              
               (   8 C   3d+1:    -0.20) (   8 C   3d+2:    -0.27) (   9 C   5s  :     1.14)                              
               (   9 C   6s  :    -0.69) (   9 C   3p+1:     0.68) (   9 C   3p-1:     0.37)                              
               (   9 C   3d+2:     0.26) (  10 H   3s  :     0.32) (  10 H   2p+1:    -0.33)                              
               (  11 H   3s  :     0.52) (  12 H   3s  :     0.97) (  13 H   3s  :     1.37)                              
               (  13 H   2p+1:    -0.21) (  13 H   2p0 :    -0.16)                                                        
                                                                                                                          
               Molecular Orbital No.  34:                                                                                 
               --------------------------                                                                                 
               Occupation: 0.000 Energy:    0.03503 a.u.                                                                  
               (   1 O   5s  :    -0.37) (   1 O   6s  :    -3.63) (   1 O   4p+1:     0.21)                              
               (   1 O   4p-1:    -1.12) (   2 N   5s  :    -0.39) (   2 N   6s  :    -1.37)                              
               (   2 N   3p+1:    -0.50) (   2 N   3d-2:     0.17) (   3 C   5s  :    -1.33)                              
               (   3 C   6s  :    -1.95) (   3 C   3p+1:     1.26) (   3 C   3p-1:    -3.45)                              
               (   3 C   3d+2:     2.17) (   3 C   3d-2:     0.22) (   3 C   3d0 :     0.27)                              
               (   4 C   5s  :    11.95) (   4 C   6s  :     1.47) (   4 C   3p+1:     0.15)                              
               (   4 C   3p-1:    -2.83) (   4 C   3p0 :     0.79) (   4 C   3d+1:     0.20)                              
               (   4 C   3d+2:     0.88) (   4 C   3d-2:     0.15) (   4 C   3d0 :    -0.39)                              
               (   5 C   4s  :    -0.25) (   5 C   5s  :     2.39) (   5 C   6s  :     2.42)                              
               (   5 C   3p+1:     2.67) (   5 C   3p0 :    -0.23) (   5 C   3d+2:     0.96)                              
               (   5 C   3d-1:    -0.39) (   5 C   3d-2:     1.91) (   5 C   3d0 :    -0.40)                              
               (   6 C   4s  :    -0.22) (   6 C   5s  :    -2.86) (   6 C   6s  :     0.44)                              
               (   6 C   3p+1:     0.33) (   6 C   3p-1:     1.48) (   6 C   3p0 :    -0.15)                              
               (   6 C   3d+1:     0.19) (   6 C   3d+2:     0.44) (   6 C   3d-2:    -0.72)                              
               (   7 C   4s  :    -0.38) (   7 C   5s  :    -3.28) (   7 C   6s  :     0.50)                              
               (   7 C   3p+1:     3.11) (   7 C   3p-1:     0.83) (   7 C   3d+2:    -0.39)                              
               (   7 C   3d-2:    -0.92) (   7 C   3d0 :    -0.34) (   8 C   4s  :    -0.30)                              
               (   8 C   5s  :    -0.78) (   8 C   6s  :     1.45) (   8 C   3p+1:     0.37)                              
               (   8 C   3p-1:     0.66) (   8 C   3d+2:     0.42) (   8 C   3d-2:    -0.25)                              
               (   8 C   3d0 :    -0.30) (   9 C   4s  :    -0.18) (   9 C   5s  :    -0.82)                              
               (   9 C   6s  :     3.05) (   9 C   3p+1:    -1.69) (   9 C   3p-1:    -0.78)                              
               (   9 C   3d+1:     0.30) (   9 C   3d-2:    -0.16) (  10 H   3s  :     0.23)                              
               (  10 H   2p+1:     0.77) (  11 H   3s  :    -0.67) (  11 H   2p+1:     0.28)                              
               (  11 H   2p-1:     0.21) (  12 H   3s  :    -4.15) (  12 H   2p+1:     0.68)                              
               (  13 H   3s  :    -1.57) (  13 H   2p+1:     0.19) (  13 H   2p-1:     0.25)                              
               (  14 H   3s  :    -1.63) (  14 H   2p+1:    -0.42)                                                        
                                                                                                                          
               Molecular Orbital No.  35:                                                                                 
               --------------------------                                                                                 
               Occupation: 0.000 Energy:    0.04338 a.u.                                                                  
               (   1 O   5s  :     0.63) (   1 O   6s  :     5.93) (   1 O   3p+1:    -0.19)                              
               (   1 O   3p-1:     0.24) (   1 O   4p+1:     0.67) (   1 O   4p-1:     0.99)                              
               (   1 O   3d-2:    -0.20) (   2 N   5s  :     1.16) (   2 N   6s  :     1.24)                              
               (   2 N   3p+1:     0.72) (   2 N   3p-1:    -0.34) (   3 C   5s  :     6.38)                              
               (   3 C   6s  :    -1.66) (   3 C   3p+1:    -1.56) (   3 C   3p-1:    -0.67)                              
               (   3 C   3p0 :    -0.35) (   3 C   3d-2:    -2.43) (   4 C   5s  :     1.03)                              
               (   4 C   6s  :    -2.13) (   4 C   3p+1:     5.91) (   4 C   3p-1:     0.94)                              
               (   4 C   3d+1:     0.25) (   4 C   3d+2:     1.21) (   4 C   3d-2:    -1.10)                              
               (   4 C   3d0 :     0.31) (   5 C   5s  :     1.34) (   5 C   6s  :    -0.67)                              
               (   5 C   3p+1:     2.79) (   5 C   3p-1:     0.68) (   5 C   3p0 :    -0.39)                              
               (   5 C   3d+1:     0.38) (   5 C   3d+2:    -1.00) (   5 C   3d-1:     0.18)                              
               (   5 C   3d-2:     1.25) (   6 C   5s  :    -0.85) (   6 C   6s  :     1.52)                              
               (   6 C   3p+1:     2.82) (   6 C   3p-1:     1.94) (   6 C   3d+2:     0.36)                              
               (   6 C   3d-1:    -0.31) (   6 C   3d-2:    -1.86) (   7 C   4s  :    -0.47)                              
               (   7 C   5s  :    -1.87) (   7 C   6s  :     2.49) (   7 C   3p+1:     2.60)                              
               (   7 C   3p0 :    -0.34) (   7 C   3d+2:    -0.85) (   7 C   3d-1:     0.20)                              
               (   7 C   3d-2:    -0.99) (   7 C   3d0 :    -0.35) (   8 C   4s  :    -0.52)                              
               (   8 C   5s  :    -3.67) (   8 C   6s  :     1.65) (   8 C   3p+1:     2.09)                              
               (   8 C   3p0 :     0.26) (   8 C   3d+1:     0.15) (   8 C   3d-2:     0.30)                              
               (   8 C   3d0 :    -0.44) (   9 C   5s  :    -3.33) (   9 C   6s  :    -2.51)                              
               (   9 C   2p+1:    -0.19) (   9 C   3p+1:     0.16) (   9 C   3p-1:     0.98)                              
               (   9 C   3d+1:    -0.24) (   9 C   3d+2:    -0.20) (   9 C   3d-2:     0.40)                              
               (   9 C   3d0 :     0.21) (  10 H   3s  :    -1.79) (  10 H   2p+1:     0.18)                              
               (  10 H   2p-1:    -0.23) (  11 H   3s  :    -1.05) (  11 H   2p+1:     0.51)                              
               (  11 H   2p-1:     0.29) (  12 H   3s  :    -3.28) (  12 H   2p+1:     0.57)                              
               (  12 H   2p-1:     0.37) (  13 H   3s  :    -2.77) (  13 H   2p+1:     0.48)                              
               (  13 H   2p0 :     0.18) (  14 H   3s  :     1.89) (  14 H   2p+1:     0.48)                              
                                                                                                                          
               Molecular Orbital No.  36:                                                                                 
               --------------------------                                                                                 
               Occupation: 0.000 Energy:    0.05317 a.u.                                                                  
               (   1 O   6s  :     2.57) (   1 O   3p+1:     0.17) (   1 O   4p+1:     0.34)                              
               (   1 O   4p-1:     0.72) (   2 N   5s  :    -0.19) (   2 N   6s  :     0.55)                              
               (   2 N   3p-1:     0.16) (   3 C   5s  :     0.16) (   3 C   6s  :    -0.39)                              
               (   3 C   3p+1:    -0.88) (   3 C   3p-1:     0.66) (   3 C   3d+1:     0.20)                              
               (   3 C   3d+2:    -1.97) (   3 C   3d-2:    -0.18) (   4 C   5s  :    -2.56)                              
               (   4 C   6s  :    -1.69) (   4 C   3p+1:     2.46) (   4 C   3p-1:     0.67)                              
               (   4 C   3p0 :    -0.37) (   4 C   3d+1:     0.17) (   4 C   3d+2:     1.71)                              
               (   4 C   3d-1:     0.25) (   4 C   3d-2:    -0.44) (   4 C   3d0 :    -0.19)                              
               (   5 C   4s  :     0.67) (   5 C   5s  :     1.76) (   5 C   6s  :    -3.86)                              
               (   5 C   3p+1:    -0.25) (   5 C   3p-1:     2.10) (   5 C   3d+2:    -1.21)                              
               (   5 C   3d-2:    -1.03) (   5 C   3d0 :     0.62) (   6 C   4s  :    -0.51)                              
               (   6 C   5s  :    -4.47) (   6 C   6s  :     3.30) (   6 C   3p+1:     0.55)                              
               (   6 C   3p-1:     2.14) (   6 C   3d+1:     0.35) (   6 C   3d+2:     1.00)                              
               (   6 C   3d-1:    -0.15) (   6 C   3d-2:    -0.99) (   6 C   3d0 :    -0.22)                              
               (   7 C   5s  :     2.01) (   7 C   6s  :    -0.34) (   7 C   3p+1:    -0.75)                              
               (   7 C   3p-1:     0.42) (   7 C   3d+2:    -1.20) (   7 C   3d-2:    -0.66)                              
               (   7 C   3d0 :     0.29) (   8 C   4s  :    -0.30) (   8 C   5s  :    -1.84)                              
               (   8 C   6s  :     1.32) (   8 C   3p-1:     0.56) (   8 C   3d+1:     0.29)                              
               (   8 C   3d+2:     0.84) (   8 C   3d-2:    -0.58) (   8 C   3d0 :    -0.43)                              
               (   9 C   4s  :    -0.32) (   9 C   5s  :     2.97) (   9 C   6s  :     1.53)                              
               (   9 C   3p+1:     0.23) (   9 C   3p-1:    -0.42) (   9 C   3d+1:     0.31)                              
               (   9 C   3d+2:     1.22) (   9 C   3d-2:    -0.21) (   9 C   3d0 :    -0.58)                              
               (  10 H   3s  :     1.48) (  10 H   2p+1:    -0.42) (  10 H   2p-1:     0.40)                              
               (  10 H   2p0 :     0.20) (  11 H   3s  :    -0.38) (  11 H   2p+1:     0.30)                              
               (  11 H   2p-1:     0.20) (  12 H   3s  :     1.87) (  12 H   2p-1:     0.74)                              
               (  13 H   3s  :    -1.34) (  13 H   2p-1:     0.34) (  14 H   3s  :    -3.01)                              
               (  14 H   2p+1:    -0.59) (  14 H   2p0 :    -0.26)                                                        
                                                                                                                          
                                                                                                                          
                                                Ground State Dipole Moment                                                
                                               ----------------------------                                               
                                                                                                                          
                                   X   :         0.341458 a.u.         0.867899 Debye                                     
                                   Y   :        -0.543384 a.u.        -1.381145 Debye                                     
                                   Z   :        -0.074081 a.u.        -0.188295 Debye                                     
                                 Total :         0.646025 a.u.         1.642031 Debye                                     
                                                                                                                          
                                                                                                                          
                                            Linear Response EigenSolver Setup                                             
                                           ===================================                                            
                                                                                                                          
                               Number of States                : 50                                                       
                               Max. Number of Iterations       : 150                                                      
                               Convergence Threshold           : 1.0e-04                                                  
                               ERI Screening Threshold         : 1.0e-12                                                  
                               Exchange-Correlation Functional : CAM-B3LYP                                                
                               Molecular Grid Level            : 4                                                        
                                                                                                                          
* Info * Using the CAM-B3LYP functional.                                                                                  
                                                                                                                          
         T. Yanai, D. P. Tew, and N. C. Handy.,  Chem. Phys. Lett. 393, 51 (2004)
                                                                                                                          
* Info * Using the Libxc library (v7.0.0).                                                                                
                                                                                                                          
         S. Lehtola, C. Steigemann, M. J.T. Oliveira, and M. A.L. Marques.,  SoftwareX 7, 1–5 (2018)
                                                                                                                          
* Info * Using the following algorithm for XC numerical integration.                                                      
                                                                                                                          
         J. Kussmann, H. Laqua and C. Ochsenfeld, J. Chem. Theory Comput. 2021, 17, 1512-1521
                                                                                                                          
* Info * Molecular grid with 208099 points generated in 0.19 sec.                                                         
                                                                                                                          
* Info * Processing 50 Fock builds...                                                                                     
                                                                                                                          
* Info * 50 gerade trial vectors in reduced space                                                                         
* Info * 50 ungerade trial vectors in reduced space                                                                       
                                                                                                                          
* Info * 15.06 kB of memory used for subspace procedure on the master node                                                
* Info * 759.90 GB of memory available for the solver on the master node                                                  
                                                                                                                          
               *** Iteration:   1 * Residuals (Max,Min): 1.58e-01 and 3.99e-02                                            
                                                                                                                          
               Excitation 1   :     14.22572605 Residual Norm: 0.10822429                                                 
               Excitation 2   :     14.29829877 Residual Norm: 0.07241143                                                 
               Excitation 3   :     14.31769530 Residual Norm: 0.05776219                                                 
               Excitation 4   :     14.33157016 Residual Norm: 0.06922711                                                 
               Excitation 5   :     14.34650341 Residual Norm: 0.12838924                                                 
               Excitation 6   :     14.36768074 Residual Norm: 0.05918882                                                 
               Excitation 7   :     14.37822159 Residual Norm: 0.12255257                                                 
               Excitation 8   :     14.38793407 Residual Norm: 0.04398159                                                 
               Excitation 9   :     14.39629366 Residual Norm: 0.06041353                                                 
               Excitation 10  :     14.40223459 Residual Norm: 0.08812738                                                 
               Excitation 11  :     14.42203949 Residual Norm: 0.04623198                                                 
               Excitation 12  :     14.42437978 Residual Norm: 0.06585893                                                 
               Excitation 13  :     14.43984666 Residual Norm: 0.09416749                                                 
               Excitation 14  :     14.44549269 Residual Norm: 0.06223249                                                 
               Excitation 15  :     14.44828964 Residual Norm: 0.05153322                                                 
               Excitation 16  :     14.45646939 Residual Norm: 0.03986351                                                 
               Excitation 17  :     14.46796516 Residual Norm: 0.05137470                                                 
               Excitation 18  :     14.47651614 Residual Norm: 0.06135695                                                 
               Excitation 19  :     14.47980470 Residual Norm: 0.09723893                                                 
               Excitation 20  :     14.48816317 Residual Norm: 0.07282872                                                 
               Excitation 21  :     14.49187848 Residual Norm: 0.06084742                                                 
               Excitation 22  :     14.50586140 Residual Norm: 0.09014573                                                 
               Excitation 23  :     14.51424630 Residual Norm: 0.07041884                                                 
               Excitation 24  :     14.51474354 Residual Norm: 0.11774389                                                 
               Excitation 25  :     14.51957033 Residual Norm: 0.15805627                                                 
               Excitation 26  :     14.53063110 Residual Norm: 0.08377633                                                 
               Excitation 27  :     14.53792017 Residual Norm: 0.07841747                                                 
               Excitation 28  :     14.53912770 Residual Norm: 0.05998107                                                 
               Excitation 29  :     14.54556495 Residual Norm: 0.05804606                                                 
               Excitation 30  :     14.55597890 Residual Norm: 0.05298979                                                 
               Excitation 31  :     14.55863514 Residual Norm: 0.06402649                                                 
               Excitation 32  :     14.56931268 Residual Norm: 0.06452999                                                 
               Excitation 33  :     14.58276810 Residual Norm: 0.05741209                                                 
               Excitation 34  :     14.59195318 Residual Norm: 0.04186512                                                 
               Excitation 35  :     14.59515083 Residual Norm: 0.07044803                                                 
               Excitation 36  :     14.60096791 Residual Norm: 0.05142990                                                 
               Excitation 37  :     14.60772606 Residual Norm: 0.06899376                                                 
               Excitation 38  :     14.61250848 Residual Norm: 0.08897552                                                 
               Excitation 39  :     14.61830868 Residual Norm: 0.04603272                                                 
               Excitation 40  :     14.62280204 Residual Norm: 0.05964746                                                 
               Excitation 41  :     14.62798342 Residual Norm: 0.06866677                                                 
               Excitation 42  :     14.62976184 Residual Norm: 0.07416525                                                 
               Excitation 43  :     14.64193828 Residual Norm: 0.05599881                                                 
               Excitation 44  :     14.64380250 Residual Norm: 0.06043881                                                 
               Excitation 45  :     14.64580169 Residual Norm: 0.06132865                                                 
               Excitation 46  :     14.65331355 Residual Norm: 0.07211507                                                 
               Excitation 47  :     14.65589715 Residual Norm: 0.06257971                                                 
               Excitation 48  :     14.66629497 Residual Norm: 0.06935188                                                 
               Excitation 49  :     14.67445621 Residual Norm: 0.08770103                                                 
               Excitation 50  :     14.68208330 Residual Norm: 0.06237654                                                 
                                                                                                                          
* Info * Processing 50 Fock builds...                                                                                     
                                                                                                                          
* Info * 100 gerade trial vectors in reduced space                                                                        
* Info * 100 ungerade trial vectors in reduced space                                                                      
                                                                                                                          
* Info * 21.46 kB of memory used for subspace procedure on the master node                                                
* Info * 758.75 GB of memory available for the solver on the master node                                                  
                                                                                                                          
               *** Iteration:   2 * Residuals (Max,Min): 9.37e-02 and 3.30e-03                                            
                                                                                                                          
               Excitation 1   :     14.22347289 Residual Norm: 0.00981901                                                 
               Excitation 2   :     14.29694275 Residual Norm: 0.00679792                                                 
               Excitation 3   :     14.31662064 Residual Norm: 0.00562268                                                 
               Excitation 4   :     14.33069255 Residual Norm: 0.00567644                                                 
               Excitation 5   :     14.34580939 Residual Norm: 0.00523594                                                 
               Excitation 6   :     14.36675552 Residual Norm: 0.00776293                                                 
               Excitation 7   :     14.37766939 Residual Norm: 0.00707145                                                 
               Excitation 8   :     14.38723265 Residual Norm: 0.00330085                                                 
               Excitation 9   :     14.39584670 Residual Norm: 0.00427714                                                 
               Excitation 10  :     14.40138106 Residual Norm: 0.00713404                                                 
               Excitation 11  :     14.42128490 Residual Norm: 0.00486986                                                 
               Excitation 12  :     14.42369794 Residual Norm: 0.00479008                                                 
               Excitation 13  :     14.43653400 Residual Norm: 0.01562311                                                 
               Excitation 14  :     14.44393895 Residual Norm: 0.00680162                                                 
               Excitation 15  :     14.44656243 Residual Norm: 0.00737883                                                 
               Excitation 16  :     14.45536083 Residual Norm: 0.00471606                                                 
               Excitation 17  :     14.46704292 Residual Norm: 0.00539293                                                 
               Excitation 18  :     14.47424951 Residual Norm: 0.00953824                                                 
               Excitation 19  :     14.47763894 Residual Norm: 0.00780157                                                 
               Excitation 20  :     14.48571086 Residual Norm: 0.01225448                                                 
               Excitation 21  :     14.48934063 Residual Norm: 0.01280127                                                 
               Excitation 22  :     14.50333559 Residual Norm: 0.01456388                                                 
               Excitation 23  :     14.51079891 Residual Norm: 0.01371216                                                 
               Excitation 24  :     14.51186287 Residual Norm: 0.00870785                                                 
               Excitation 25  :     14.51509898 Residual Norm: 0.01235276                                                 
               Excitation 26  :     14.52629470 Residual Norm: 0.01918522                                                 
               Excitation 27  :     14.53499845 Residual Norm: 0.01001875                                                 
               Excitation 28  :     14.53729888 Residual Norm: 0.00717037                                                 
               Excitation 29  :     14.54050029 Residual Norm: 0.01728868                                                 
               Excitation 30  :     14.55296425 Residual Norm: 0.00928932                                                 
               Excitation 31  :     14.55506036 Residual Norm: 0.01835186                                                 
               Excitation 32  :     14.56600504 Residual Norm: 0.01081672                                                 
               Excitation 33  :     14.57953668 Residual Norm: 0.01095658                                                 
               Excitation 34  :     14.58952911 Residual Norm: 0.01452898                                                 
               Excitation 35  :     14.59231295 Residual Norm: 0.01395155                                                 
               Excitation 36  :     14.59748168 Residual Norm: 0.02040254                                                 
               Excitation 37  :     14.60100124 Residual Norm: 0.02681124                                                 
               Excitation 38  :     14.60673810 Residual Norm: 0.03243953                                                 
               Excitation 39  :     14.61482657 Residual Norm: 0.02599216                                                 
               Excitation 40  :     14.61672065 Residual Norm: 0.02028738                                                 
               Excitation 41  :     14.62107216 Residual Norm: 0.04610710                                                 
               Excitation 42  :     14.62655547 Residual Norm: 0.02672129                                                 
               Excitation 43  :     14.62854084 Residual Norm: 0.05853091                                                 
               Excitation 44  :     14.63466513 Residual Norm: 0.05775177                                                 
               Excitation 45  :     14.64077506 Residual Norm: 0.02123991                                                 
               Excitation 46  :     14.64592421 Residual Norm: 0.03204674                                                 
               Excitation 47  :     14.64919853 Residual Norm: 0.02710836                                                 
               Excitation 48  :     14.65586436 Residual Norm: 0.07633659                                                 
               Excitation 49  :     14.66259961 Residual Norm: 0.06935998                                                 
               Excitation 50  :     14.67092683 Residual Norm: 0.09365521                                                 
                                                                                                                          
* Info * Processing 50 Fock builds...                                                                                     
                                                                                                                          
* Info * 150 gerade trial vectors in reduced space                                                                        
* Info * 150 ungerade trial vectors in reduced space                                                                      
                                                                                                                          
* Info * 27.86 kB of memory used for subspace procedure on the master node                                                
* Info * 759.01 GB of memory available for the solver on the master node                                                  
                                                                                                                          
               *** Iteration:   3 * Residuals (Max,Min): 7.31e-03 and 1.32e-04                                            
                                                                                                                          
               Excitation 1   :     14.22347064 Residual Norm: 0.00031189                                                 
               Excitation 2   :     14.29694119 Residual Norm: 0.00020426                                                 
               Excitation 3   :     14.31661804 Residual Norm: 0.00020808                                                 
               Excitation 4   :     14.33068947 Residual Norm: 0.00021323                                                 
               Excitation 5   :     14.34580717 Residual Norm: 0.00025096                                                 
               Excitation 6   :     14.36675026 Residual Norm: 0.00030335                                                 
               Excitation 7   :     14.37766518 Residual Norm: 0.00028274                                                 
               Excitation 8   :     14.38723178 Residual Norm: 0.00013191                                                 
               Excitation 9   :     14.39584397 Residual Norm: 0.00017018                                                 
               Excitation 10  :     14.40137670 Residual Norm: 0.00025489                                                 
               Excitation 11  :     14.42128195 Residual Norm: 0.00021053                                                 
               Excitation 12  :     14.42369540 Residual Norm: 0.00023712                                                 
               Excitation 13  :     14.43650217 Residual Norm: 0.00077132                                                 
               Excitation 14  :     14.44393308 Residual Norm: 0.00037112                                                 
               Excitation 15  :     14.44655486 Residual Norm: 0.00029040                                                 
               Excitation 16  :     14.45535626 Residual Norm: 0.00023211                                                 
               Excitation 17  :     14.46703736 Residual Norm: 0.00027928                                                 
               Excitation 18  :     14.47424085 Residual Norm: 0.00034669                                                 
               Excitation 19  :     14.47762888 Residual Norm: 0.00040148                                                 
               Excitation 20  :     14.48569233 Residual Norm: 0.00055725                                                 
               Excitation 21  :     14.48932030 Residual Norm: 0.00062906                                                 
               Excitation 22  :     14.50330049 Residual Norm: 0.00078039                                                 
               Excitation 23  :     14.51076055 Residual Norm: 0.00068356                                                 
               Excitation 24  :     14.51184904 Residual Norm: 0.00048500                                                 
               Excitation 25  :     14.51506384 Residual Norm: 0.00070880                                                 
               Excitation 26  :     14.52623747 Residual Norm: 0.00113255                                                 
               Excitation 27  :     14.53498453 Residual Norm: 0.00056523                                                 
               Excitation 28  :     14.53728996 Residual Norm: 0.00031827                                                 
               Excitation 29  :     14.54042155 Residual Norm: 0.00097793                                                 
               Excitation 30  :     14.55293637 Residual Norm: 0.00055596                                                 
               Excitation 31  :     14.55500212 Residual Norm: 0.00126958                                                 
               Excitation 32  :     14.56598453 Residual Norm: 0.00077853                                                 
               Excitation 33  :     14.57951166 Residual Norm: 0.00072869                                                 
               Excitation 34  :     14.58950160 Residual Norm: 0.00067254                                                 
               Excitation 35  :     14.59226974 Residual Norm: 0.00118272                                                 
               Excitation 36  :     14.59739433 Residual Norm: 0.00135971                                                 
               Excitation 37  :     14.60088412 Residual Norm: 0.00206867                                                 
               Excitation 38  :     14.60649344 Residual Norm: 0.00245454                                                 
               Excitation 39  :     14.61472629 Residual Norm: 0.00145944                                                 
               Excitation 40  :     14.61659524 Residual Norm: 0.00149049                                                 
               Excitation 41  :     14.62070792 Residual Norm: 0.00347025                                                 
               Excitation 42  :     14.62641262 Residual Norm: 0.00192658                                                 
               Excitation 43  :     14.62794302 Residual Norm: 0.00374356                                                 
               Excitation 44  :     14.63414633 Residual Norm: 0.00346727                                                 
               Excitation 45  :     14.64069502 Residual Norm: 0.00116122                                                 
               Excitation 46  :     14.64571883 Residual Norm: 0.00243175                                                 
               Excitation 47  :     14.64907599 Residual Norm: 0.00228011                                                 
               Excitation 48  :     14.65493194 Residual Norm: 0.00493248                                                 
               Excitation 49  :     14.66183505 Residual Norm: 0.00462901                                                 
               Excitation 50  :     14.66876947 Residual Norm: 0.00730923                                                 
                                                                                                                          
* Info * Processing 38 Fock builds...                                                                                     
                                                                                                                          
* Info * 187 gerade trial vectors in reduced space                                                                        
* Info * 188 ungerade trial vectors in reduced space                                                                      
                                                                                                                          
* Info * 31.85 kB of memory used for subspace procedure on the master node                                                
* Info * 762.16 GB of memory available for the solver on the master node                                                  
                                                                                                                          
               *** Iteration:   4 * Residuals (Max,Min): 4.09e-04 and 1.65e-05                                            
                                                                                                                          
               Excitation 1   :     14.22347064 Residual Norm: 0.00005232   converged                                     
               Excitation 2   :     14.29694119 Residual Norm: 0.00003943   converged                                     
               Excitation 3   :     14.31661804 Residual Norm: 0.00002492   converged                                     
               Excitation 4   :     14.33068947 Residual Norm: 0.00003233   converged                                     
               Excitation 5   :     14.34580716 Residual Norm: 0.00002555   converged                                     
               Excitation 6   :     14.36675026 Residual Norm: 0.00002684   converged                                     
               Excitation 7   :     14.37766518 Residual Norm: 0.00001771   converged                                     
               Excitation 8   :     14.38723178 Residual Norm: 0.00001650   converged                                     
               Excitation 9   :     14.39584396 Residual Norm: 0.00002169   converged                                     
               Excitation 10  :     14.40137669 Residual Norm: 0.00002804   converged                                     
               Excitation 11  :     14.42128195 Residual Norm: 0.00002613   converged                                     
               Excitation 12  :     14.42369540 Residual Norm: 0.00002556   converged                                     
               Excitation 13  :     14.43650214 Residual Norm: 0.00003130   converged                                     
               Excitation 14  :     14.44393307 Residual Norm: 0.00001694   converged                                     
               Excitation 15  :     14.44655485 Residual Norm: 0.00002379   converged                                     
               Excitation 16  :     14.45535626 Residual Norm: 0.00003242   converged                                     
               Excitation 17  :     14.46703736 Residual Norm: 0.00002523   converged                                     
               Excitation 18  :     14.47424084 Residual Norm: 0.00002533   converged                                     
               Excitation 19  :     14.47762887 Residual Norm: 0.00002640   converged                                     
               Excitation 20  :     14.48569231 Residual Norm: 0.00002696   converged                                     
               Excitation 21  :     14.48932028 Residual Norm: 0.00004113   converged                                     
               Excitation 22  :     14.50330046 Residual Norm: 0.00002443   converged                                     
               Excitation 23  :     14.51076051 Residual Norm: 0.00002615   converged                                     
               Excitation 24  :     14.51184902 Residual Norm: 0.00002632   converged                                     
               Excitation 25  :     14.51506379 Residual Norm: 0.00003203   converged                                     
               Excitation 26  :     14.52623740 Residual Norm: 0.00005437   converged                                     
               Excitation 27  :     14.53498451 Residual Norm: 0.00001718   converged                                     
               Excitation 28  :     14.53728995 Residual Norm: 0.00002196   converged                                     
               Excitation 29  :     14.54042147 Residual Norm: 0.00003978   converged                                     
               Excitation 30  :     14.55293634 Residual Norm: 0.00002844   converged                                     
               Excitation 31  :     14.55500203 Residual Norm: 0.00006426   converged                                     
               Excitation 32  :     14.56598450 Residual Norm: 0.00002469   converged                                     
               Excitation 33  :     14.57951162 Residual Norm: 0.00002754   converged                                     
               Excitation 34  :     14.58950155 Residual Norm: 0.00002468   converged                                     
               Excitation 35  :     14.59226967 Residual Norm: 0.00005412   converged                                     
               Excitation 36  :     14.59739416 Residual Norm: 0.00006003   converged                                     
               Excitation 37  :     14.60088385 Residual Norm: 0.00008604   converged                                     
               Excitation 38  :     14.60649292 Residual Norm: 0.00011187                                                 
               Excitation 39  :     14.61472613 Residual Norm: 0.00005611   converged                                     
               Excitation 40  :     14.61659496 Residual Norm: 0.00006506   converged                                     
               Excitation 41  :     14.62070703 Residual Norm: 0.00017262                                                 
               Excitation 42  :     14.62641233 Residual Norm: 0.00010709                                                 
               Excitation 43  :     14.62794192 Residual Norm: 0.00020297                                                 
               Excitation 44  :     14.63414509 Residual Norm: 0.00013394                                                 
               Excitation 45  :     14.64069488 Residual Norm: 0.00004206   converged                                     
               Excitation 46  :     14.64571829 Residual Norm: 0.00014312                                                 
               Excitation 47  :     14.64907555 Residual Norm: 0.00012120                                                 
               Excitation 48  :     14.65492884 Residual Norm: 0.00021821                                                 
               Excitation 49  :     14.66183315 Residual Norm: 0.00028477                                                 
               Excitation 50  :     14.66876052 Residual Norm: 0.00040919                                                 
                                                                                                                          
* Info * Processing 7 Fock builds...                                                                                      
                                                                                                                          
* Info * 194 gerade trial vectors in reduced space                                                                        
* Info * 195 ungerade trial vectors in reduced space                                                                      
                                                                                                                          
* Info * 33.55 kB of memory used for subspace procedure on the master node                                                
* Info * 765.17 GB of memory available for the solver on the master node                                                  
                                                                                                                          
               *** Iteration:   5 * Residuals (Max,Min): 5.02e-05 and 1.23e-05                                            
                                                                                                                          
               Excitation 1   :     14.22347064 Residual Norm: 0.00005022   converged                                     
               Excitation 2   :     14.29694119 Residual Norm: 0.00003223   converged                                     
               Excitation 3   :     14.31661804 Residual Norm: 0.00002339   converged                                     
               Excitation 4   :     14.33068947 Residual Norm: 0.00002725   converged                                     
               Excitation 5   :     14.34580716 Residual Norm: 0.00002452   converged                                     
               Excitation 6   :     14.36675026 Residual Norm: 0.00002588   converged                                     
               Excitation 7   :     14.37766518 Residual Norm: 0.00001605   converged                                     
               Excitation 8   :     14.38723178 Residual Norm: 0.00001641   converged                                     
               Excitation 9   :     14.39584396 Residual Norm: 0.00002026   converged                                     
               Excitation 10  :     14.40137669 Residual Norm: 0.00002566   converged                                     
               Excitation 11  :     14.42128195 Residual Norm: 0.00002317   converged                                     
               Excitation 12  :     14.42369540 Residual Norm: 0.00002534   converged                                     
               Excitation 13  :     14.43650214 Residual Norm: 0.00002727   converged                                     
               Excitation 14  :     14.44393307 Residual Norm: 0.00001518   converged                                     
               Excitation 15  :     14.44655485 Residual Norm: 0.00002524   converged                                     
               Excitation 16  :     14.45535626 Residual Norm: 0.00003040   converged                                     
               Excitation 17  :     14.46703736 Residual Norm: 0.00002609   converged                                     
               Excitation 18  :     14.47424084 Residual Norm: 0.00002513   converged                                     
               Excitation 19  :     14.47762887 Residual Norm: 0.00002200   converged                                     
               Excitation 20  :     14.48569231 Residual Norm: 0.00002003   converged                                     
               Excitation 21  :     14.48932028 Residual Norm: 0.00002718   converged                                     
               Excitation 22  :     14.50330046 Residual Norm: 0.00001412   converged                                     
               Excitation 23  :     14.51076051 Residual Norm: 0.00001664   converged                                     
               Excitation 24  :     14.51184902 Residual Norm: 0.00002268   converged                                     
               Excitation 25  :     14.51506379 Residual Norm: 0.00002843   converged                                     
               Excitation 26  :     14.52623740 Residual Norm: 0.00002944   converged                                     
               Excitation 27  :     14.53498451 Residual Norm: 0.00001464   converged                                     
               Excitation 28  :     14.53728995 Residual Norm: 0.00001781   converged                                     
               Excitation 29  :     14.54042147 Residual Norm: 0.00001231   converged                                     
               Excitation 30  :     14.55293634 Residual Norm: 0.00001879   converged                                     
               Excitation 31  :     14.55500203 Residual Norm: 0.00003300   converged                                     
               Excitation 32  :     14.56598450 Residual Norm: 0.00002161   converged                                     
               Excitation 33  :     14.57951162 Residual Norm: 0.00002165   converged                                     
               Excitation 34  :     14.58950155 Residual Norm: 0.00001990   converged                                     
               Excitation 35  :     14.59226967 Residual Norm: 0.00002712   converged                                     
               Excitation 36  :     14.59739416 Residual Norm: 0.00002865   converged                                     
               Excitation 37  :     14.60088385 Residual Norm: 0.00003968   converged                                     
               Excitation 38  :     14.60649292 Residual Norm: 0.00003204   converged                                     
               Excitation 39  :     14.61472613 Residual Norm: 0.00004014   converged                                     
               Excitation 40  :     14.61659496 Residual Norm: 0.00004321   converged                                     
               Excitation 41  :     14.62070703 Residual Norm: 0.00002623   converged                                     
               Excitation 42  :     14.62641233 Residual Norm: 0.00003790   converged                                     
               Excitation 43  :     14.62794192 Residual Norm: 0.00002000   converged                                     
               Excitation 44  :     14.63414509 Residual Norm: 0.00002142   converged                                     
               Excitation 45  :     14.64069488 Residual Norm: 0.00002708   converged                                     
               Excitation 46  :     14.64571829 Residual Norm: 0.00002058   converged                                     
               Excitation 47  :     14.64907555 Residual Norm: 0.00002351   converged                                     
               Excitation 48  :     14.65492884 Residual Norm: 0.00002346   converged                                     
               Excitation 49  :     14.66183314 Residual Norm: 0.00002312   converged                                     
               Excitation 50  :     14.66876051 Residual Norm: 0.00001538   converged                                     
                                                                                                                          
* Info * Checkpoint written to file: 0094_n1s_rsp.h5                                                                      
                                                                                                                          
* Info * Time spent in writing checkpoint file: 1.18 sec                                                                  
                                                                                                                          
               *** Linear response converged in 5 iterations. Time: 390.12 sec                                            
                                                                                                                          
                                                                                                                          
* Info * Response solution vectors written to file: 0094_n1s.h5                                                           
                                                                                                                          
               Electric Transition Dipole Moments (dipole length, a.u.)                                                   
               --------------------------------------------------------                                                   
                                                X            Y            Z                                               
               Excited State    S1:      0.001895    -0.001278    -0.056365                                               
               Excited State    S2:     -0.000037     0.002141     0.031461                                               
               Excited State    S3:      0.005806    -0.002057    -0.020350                                               
               Excited State    S4:      0.000767     0.009578     0.004292                                               
               Excited State    S5:      0.002056    -0.004692    -0.000611                                               
               Excited State    S6:      0.013434    -0.009380    -0.000034                                               
               Excited State    S7:     -0.006126    -0.005890     0.001573                                               
               Excited State    S8:     -0.000038    -0.001311    -0.008817                                               
               Excited State    S9:     -0.002226    -0.000857     0.000752                                               
               Excited State   S10:      0.011190    -0.004541    -0.000415                                               
               Excited State   S11:     -0.005629     0.000179    -0.002760                                               
               Excited State   S12:     -0.009383    -0.005340    -0.002122                                               
               Excited State   S13:     -0.024103    -0.011073    -0.000501                                               
               Excited State   S14:     -0.010257    -0.005042    -0.003701                                               
               Excited State   S15:     -0.007794     0.002538     0.007947                                               
               Excited State   S16:      0.002979    -0.001839    -0.000756                                               
               Excited State   S17:      0.003236     0.005438     0.008281                                               
               Excited State   S18:      0.014326     0.001366    -0.016490                                               
               Excited State   S19:      0.009941    -0.002818    -0.003470                                               
               Excited State   S20:     -0.013531     0.005951    -0.013373                                               
               Excited State   S21:     -0.018933    -0.001297     0.000371                                               
               Excited State   S22:      0.013832     0.011813     0.006341                                               
               Excited State   S23:      0.013703    -0.005574     0.005716                                               
               Excited State   S24:      0.005594    -0.002577     0.009062                                               
               Excited State   S25:     -0.002810     0.010555     0.009525                                               
               Excited State   S26:      0.013261     0.011761    -0.005809                                               
               Excited State   S27:     -0.007644     0.006083    -0.016384                                               
               Excited State   S28:      0.001158    -0.000432     0.005533                                               
               Excited State   S29:      0.003997     0.004868    -0.000189                                               
               Excited State   S30:      0.003817     0.002810    -0.001051                                               
               Excited State   S31:     -0.010593    -0.015516     0.000774                                               
               Excited State   S32:     -0.001542    -0.009112    -0.004618                                               
               Excited State   S33:     -0.007733    -0.002618     0.002340                                               
               Excited State   S34:     -0.005242    -0.003147    -0.004326                                               
               Excited State   S35:     -0.003822    -0.011051    -0.006183                                               
               Excited State   S36:      0.000388     0.004250     0.002748                                               
               Excited State   S37:      0.011001     0.000385    -0.001255                                               
               Excited State   S38:      0.005463     0.019364    -0.003729                                               
               Excited State   S39:     -0.003711     0.010116    -0.000053                                               
               Excited State   S40:      0.001408     0.003312    -0.001481                                               
               Excited State   S41:     -0.010237    -0.022218     0.002180                                               
               Excited State   S42:      0.005457    -0.004567     0.001446                                               
               Excited State   S43:      0.015109     0.006584    -0.005071                                               
               Excited State   S44:     -0.020336     0.011356    -0.001077                                               
               Excited State   S45:     -0.000628     0.008346    -0.002170                                               
               Excited State   S46:     -0.010231    -0.002039     0.004813                                               
               Excited State   S47:      0.005649    -0.007132     0.000606                                               
               Excited State   S48:     -0.013852     0.009965     0.004873                                               
               Excited State   S49:     -0.020734    -0.006326    -0.003585                                               
               Excited State   S50:      0.011170    -0.003247     0.001471                                               
                                                                                                                          
               Electric Transition Dipole Moments (dipole velocity, a.u.)                                                 
               ----------------------------------------------------------                                                 
                                                X            Y            Z                                               
               Excited State    S1:      0.001893    -0.001234    -0.055697                                               
               Excited State    S2:     -0.000041     0.002120     0.031091                                               
               Excited State    S3:      0.005754    -0.002028    -0.020124                                               
               Excited State    S4:      0.000699     0.009591     0.004290                                               
               Excited State    S5:      0.002022    -0.004685    -0.000545                                               
               Excited State    S6:      0.013403    -0.009391    -0.000028                                               
               Excited State    S7:     -0.005993    -0.005900     0.001691                                               
               Excited State    S8:     -0.000009    -0.001262    -0.008780                                               
               Excited State    S9:     -0.002243    -0.000819     0.000672                                               
               Excited State   S10:      0.011224    -0.004524    -0.000465                                               
               Excited State   S11:     -0.005726     0.000187    -0.002795                                               
               Excited State   S12:     -0.009376    -0.005355    -0.002208                                               
               Excited State   S13:     -0.023943    -0.011048    -0.000546                                               
               Excited State   S14:     -0.010112    -0.005096    -0.003751                                               
               Excited State   S15:     -0.007642     0.002472     0.007791                                               
               Excited State   S16:      0.002926    -0.001895    -0.000728                                               
               Excited State   S17:      0.003317     0.005470     0.008231                                               
               Excited State   S18:      0.014331     0.001389    -0.016451                                               
               Excited State   S19:      0.009876    -0.002752    -0.003460                                               
               Excited State   S20:     -0.013300     0.005832    -0.013224                                               
               Excited State   S21:     -0.018809    -0.001201     0.000449                                               
               Excited State   S22:      0.013917     0.011678     0.006230                                               
               Excited State   S23:      0.013676    -0.005490     0.005723                                               
               Excited State   S24:      0.005721    -0.002835     0.008894                                               
               Excited State   S25:     -0.002762     0.010542     0.009448                                               
               Excited State   S26:      0.013120     0.011764    -0.005704                                               
               Excited State   S27:     -0.007599     0.006082    -0.016356                                               
               Excited State   S28:      0.001262    -0.000170     0.005387                                               
               Excited State   S29:      0.004073     0.004908    -0.000259                                               
               Excited State   S30:      0.003856     0.002795    -0.001049                                               
               Excited State   S31:     -0.010569    -0.015286     0.000811                                               
               Excited State   S32:     -0.001372    -0.009104    -0.004393                                               
               Excited State   S33:     -0.007693    -0.002331     0.002169                                               
               Excited State   S34:     -0.005220    -0.003261    -0.004306                                               
               Excited State   S35:     -0.003551    -0.010989    -0.005788                                               
               Excited State   S36:      0.000657     0.004240     0.002639                                               
               Excited State   S37:      0.011045     0.000406    -0.001309                                               
               Excited State   S38:      0.005145     0.019243    -0.003590                                               
               Excited State   S39:     -0.003443     0.010038    -0.000026                                               
               Excited State   S40:      0.001577     0.003517    -0.001490                                               
               Excited State   S41:     -0.009995    -0.021926     0.002194                                               
               Excited State   S42:      0.005456    -0.004581     0.001469                                               
               Excited State   S43:      0.014885     0.006724    -0.004836                                               
               Excited State   S44:     -0.020212     0.011287    -0.000929                                               
               Excited State   S45:     -0.000616     0.008280    -0.002013                                               
               Excited State   S46:     -0.009942    -0.001971     0.004653                                               
               Excited State   S47:      0.005516    -0.006894     0.000530                                               
               Excited State   S48:     -0.013779     0.009824     0.004720                                               
               Excited State   S49:     -0.020327    -0.006194    -0.003506                                               
               Excited State   S50:      0.011154    -0.003024     0.001625                                               
                                                                                                                          
               Magnetic Transition Dipole Moments (a.u.)                                                                  
               -----------------------------------------                                                                  
                                                X            Y            Z                                               
               Excited State    S1:     -0.842088    -1.245187    -0.001029                                               
               Excited State    S2:      0.473832     0.697748    -0.046925                                               
               Excited State    S3:     -0.307737    -0.457636    -0.041870                                               
               Excited State    S4:      0.074287     0.095822    -0.226389                                               
               Excited State    S5:     -0.012730    -0.014167     0.074712                                               
               Excited State    S6:     -0.009307    -0.013288     0.007358                                               
               Excited State    S7:      0.020219     0.043827     0.224616                                               
               Excited State    S8:     -0.135278    -0.198268     0.028637                                               
               Excited State    S9:      0.009501     0.017352     0.052795                                               
               Excited State   S10:     -0.011377    -0.021137    -0.069308                                               
               Excited State   S11:     -0.042607    -0.057840     0.083427                                               
               Excited State   S12:     -0.038856    -0.041064     0.264773                                               
               Excited State   S13:     -0.018837     0.010369     0.617226                                               
               Excited State   S14:     -0.062340    -0.075447     0.270562                                               
               Excited State   S15:      0.121845     0.183926     0.061154                                               
               Excited State   S16:     -0.012985    -0.019317    -0.001905                                               
               Excited State   S17:      0.131590     0.183773    -0.175137                                               
               Excited State   S18:     -0.251433    -0.387392    -0.251740                                               
               Excited State   S19:     -0.055787    -0.088018    -0.089260                                               
               Excited State   S20:     -0.197811    -0.288018     0.071926                                               
               Excited State   S21:      0.005769     0.028074     0.316614                                               
               Excited State   S22:      0.107028     0.128594    -0.480029                                               
               Excited State   S23:      0.082936     0.117296    -0.085672                                               
               Excited State   S24:      0.134334     0.197138    -0.023546                                               
               Excited State   S25:      0.155659     0.217875    -0.197577                                               
               Excited State   S26:     -0.076738    -0.142595    -0.470503                                               
               Excited State   S27:     -0.246560    -0.365896    -0.021516                                               
               Excited State   S28:      0.082967     0.121766    -0.015639                                               
               Excited State   S29:      0.000678    -0.009770    -0.174923                                               
               Excited State   S30:     -0.013552    -0.027642    -0.123453                                               
               Excited State   S31:     -0.002094     0.028645     0.512526                                               
               Excited State   S32:     -0.076695    -0.099147     0.229393                                               
               Excited State   S33:      0.031351     0.057054     0.172399                                               
               Excited State   S34:     -0.069782    -0.093630     0.155510                                               
               Excited State   S35:     -0.100267    -0.129138     0.306730                                               
               Excited State   S36:      0.044999     0.059850    -0.107356                                               
               Excited State   S37:     -0.019876    -0.040599    -0.180468                                               
               Excited State   S38:     -0.037187    -0.087266    -0.521052                                               
               Excited State   S39:      0.009243     0.002705    -0.176869                                               
               Excited State   S40:     -0.019715    -0.035727    -0.105159                                               
               Excited State   S41:      0.012987     0.059932     0.658356                                               
               Excited State   S42:      0.018428     0.028435     0.020513                                               
               Excited State   S43:     -0.068629    -0.125318    -0.385467                                               
               Excited State   S44:     -0.003606    -0.001900     0.054782                                               
               Excited State   S45:     -0.023328    -0.045565    -0.180730                                               
               Excited State   S46:      0.070459     0.116517     0.199905                                               
               Excited State   S47:      0.001654     0.006892     0.072741                                               
               Excited State   S48:      0.082955     0.121795    -0.011518                                               
               Excited State   S49:     -0.060580    -0.061106     0.458914                                               
               Excited State   S50:      0.022401     0.026672    -0.104033                                               
                                                                                                                          
               One-Photon Absorption                                                                                      
               ---------------------                                                                                      
               Excited State    S1:     14.22347064 a.u.    387.04035 eV    Osc.Str.    0.0302                            
               Excited State    S2:     14.29694119 a.u.    389.03959 eV    Osc.Str.    0.0095                            
               Excited State    S3:     14.31661804 a.u.    389.57502 eV    Osc.Str.    0.0043                            
               Excited State    S4:     14.33068947 a.u.    389.95793 eV    Osc.Str.    0.0011                            
               Excited State    S5:     14.34580716 a.u.    390.36930 eV    Osc.Str.    0.0003                            
               Excited State    S6:     14.36675026 a.u.    390.93919 eV    Osc.Str.    0.0026                            
               Excited State    S7:     14.37766518 a.u.    391.23620 eV    Osc.Str.    0.0007                            
               Excited State    S8:     14.38723178 a.u.    391.49652 eV    Osc.Str.    0.0008                            
               Excited State    S9:     14.39584396 a.u.    391.73087 eV    Osc.Str.    0.0001                            
               Excited State   S10:     14.40137669 a.u.    391.88142 eV    Osc.Str.    0.0014                            
               Excited State   S11:     14.42128195 a.u.    392.42307 eV    Osc.Str.    0.0004                            
               Excited State   S12:     14.42369540 a.u.    392.48875 eV    Osc.Str.    0.0012                            
               Excited State   S13:     14.43650214 a.u.    392.83724 eV    Osc.Str.    0.0068                            
               Excited State   S14:     14.44393307 a.u.    393.03944 eV    Osc.Str.    0.0014                            
               Excited State   S15:     14.44655485 a.u.    393.11078 eV    Osc.Str.    0.0013                            
               Excited State   S16:     14.45535626 a.u.    393.35028 eV    Osc.Str.    0.0001                            
               Excited State   S17:     14.46703736 a.u.    393.66814 eV    Osc.Str.    0.0010                            
               Excited State   S18:     14.47424084 a.u.    393.86416 eV    Osc.Str.    0.0046                            
               Excited State   S19:     14.47762887 a.u.    393.95635 eV    Osc.Str.    0.0011                            
               Excited State   S20:     14.48569231 a.u.    394.17577 eV    Osc.Str.    0.0038                            
               Excited State   S21:     14.48932028 a.u.    394.27449 eV    Osc.Str.    0.0035                            
               Excited State   S22:     14.50330046 a.u.    394.65491 eV    Osc.Str.    0.0036                            
               Excited State   S23:     14.51076051 a.u.    394.85791 eV    Osc.Str.    0.0024                            
               Excited State   S24:     14.51184902 a.u.    394.88753 eV    Osc.Str.    0.0012                            
               Excited State   S25:     14.51506379 a.u.    394.97501 eV    Osc.Str.    0.0020                            
               Excited State   S26:     14.52623740 a.u.    395.27906 eV    Osc.Str.    0.0034                            
               Excited State   S27:     14.53498451 a.u.    395.51708 eV    Osc.Str.    0.0035                            
               Excited State   S28:     14.53728995 a.u.    395.57981 eV    Osc.Str.    0.0003                            
               Excited State   S29:     14.54042147 a.u.    395.66502 eV    Osc.Str.    0.0004                            
               Excited State   S30:     14.55293634 a.u.    396.00557 eV    Osc.Str.    0.0002                            
               Excited State   S31:     14.55500203 a.u.    396.06178 eV    Osc.Str.    0.0034                            
               Excited State   S32:     14.56598450 a.u.    396.36063 eV    Osc.Str.    0.0010                            
               Excited State   S33:     14.57951162 a.u.    396.72872 eV    Osc.Str.    0.0007                            
               Excited State   S34:     14.58950155 a.u.    397.00056 eV    Osc.Str.    0.0005                            
               Excited State   S35:     14.59226967 a.u.    397.07589 eV    Osc.Str.    0.0017                            
               Excited State   S36:     14.59739416 a.u.    397.21533 eV    Osc.Str.    0.0003                            
               Excited State   S37:     14.60088385 a.u.    397.31029 eV    Osc.Str.    0.0012                            
               Excited State   S38:     14.60649292 a.u.    397.46292 eV    Osc.Str.    0.0041                            
               Excited State   S39:     14.61472613 a.u.    397.68696 eV    Osc.Str.    0.0011                            
               Excited State   S40:     14.61659496 a.u.    397.73781 eV    Osc.Str.    0.0001                            
               Excited State   S41:     14.62070703 a.u.    397.84971 eV    Osc.Str.    0.0059                            
               Excited State   S42:     14.62641233 a.u.    398.00496 eV    Osc.Str.    0.0005                            
               Excited State   S43:     14.62794192 a.u.    398.04658 eV    Osc.Str.    0.0029                            
               Excited State   S44:     14.63414509 a.u.    398.21537 eV    Osc.Str.    0.0053                            
               Excited State   S45:     14.64069488 a.u.    398.39360 eV    Osc.Str.    0.0007                            
               Excited State   S46:     14.64571829 a.u.    398.53030 eV    Osc.Str.    0.0013                            
               Excited State   S47:     14.64907555 a.u.    398.62165 eV    Osc.Str.    0.0008                            
               Excited State   S48:     14.65492884 a.u.    398.78093 eV    Osc.Str.    0.0031                            
               Excited State   S49:     14.66183314 a.u.    398.96880 eV    Osc.Str.    0.0047                            
               Excited State   S50:     14.66876051 a.u.    399.15731 eV    Osc.Str.    0.0013                            
                                                                                                                          
               Electronic Circular Dichroism                                                                              
               -----------------------------                                                                              
               Excited State    S1:     Rot.Str.      0.000000 a.u.     0.0001 [10**(-40) cgs]                            
               Excited State    S2:     Rot.Str.      0.000000 a.u.     0.0001 [10**(-40) cgs]                            
               Excited State    S3:     Rot.Str.      0.000000 a.u.     0.0001 [10**(-40) cgs]                            
               Excited State    S4:     Rot.Str.     -0.000000 a.u.    -0.0001 [10**(-40) cgs]                            
               Excited State    S5:     Rot.Str.     -0.000000 a.u.    -0.0000 [10**(-40) cgs]                            
               Excited State    S6:     Rot.Str.     -0.000000 a.u.    -0.0001 [10**(-40) cgs]                            
               Excited State    S7:     Rot.Str.      0.000000 a.u.     0.0000 [10**(-40) cgs]                            
               Excited State    S8:     Rot.Str.      0.000000 a.u.     0.0000 [10**(-40) cgs]                            
               Excited State    S9:     Rot.Str.     -0.000000 a.u.    -0.0000 [10**(-40) cgs]                            
               Excited State   S10:     Rot.Str.      0.000000 a.u.     0.0001 [10**(-40) cgs]                            
               Excited State   S11:     Rot.Str.     -0.000000 a.u.    -0.0000 [10**(-40) cgs]                            
               Excited State   S12:     Rot.Str.     -0.000000 a.u.    -0.0001 [10**(-40) cgs]                            
               Excited State   S13:     Rot.Str.     -0.000001 a.u.    -0.0003 [10**(-40) cgs]                            
               Excited State   S14:     Rot.Str.      0.000000 a.u.     0.0000 [10**(-40) cgs]                            
               Excited State   S15:     Rot.Str.     -0.000000 a.u.    -0.0000 [10**(-40) cgs]                            
               Excited State   S16:     Rot.Str.     -0.000000 a.u.    -0.0000 [10**(-40) cgs]                            
               Excited State   S17:     Rot.Str.      0.000000 a.u.     0.0001 [10**(-40) cgs]                            
               Excited State   S18:     Rot.Str.      0.000000 a.u.     0.0001 [10**(-40) cgs]                            
               Excited State   S19:     Rot.Str.      0.000000 a.u.     0.0000 [10**(-40) cgs]                            
               Excited State   S20:     Rot.Str.     -0.000000 a.u.    -0.0000 [10**(-40) cgs]                            
               Excited State   S21:     Rot.Str.      0.000000 a.u.     0.0000 [10**(-40) cgs]                            
               Excited State   S22:     Rot.Str.      0.000001 a.u.     0.0003 [10**(-40) cgs]                            
               Excited State   S23:     Rot.Str.     -0.000000 a.u.    -0.0000 [10**(-40) cgs]                            
               Excited State   S24:     Rot.Str.      0.000000 a.u.     0.0001 [10**(-40) cgs]                            
               Excited State   S25:     Rot.Str.      0.000000 a.u.     0.0001 [10**(-40) cgs]                            
               Excited State   S26:     Rot.Str.     -0.000001 a.u.    -0.0003 [10**(-40) cgs]                            
               Excited State   S27:     Rot.Str.      0.000000 a.u.     0.0000 [10**(-40) cgs]                            
               Excited State   S28:     Rot.Str.     -0.000000 a.u.    -0.0001 [10**(-40) cgs]                            
               Excited State   S29:     Rot.Str.      0.000000 a.u.     0.0000 [10**(-40) cgs]                            
               Excited State   S30:     Rot.Str.      0.000000 a.u.     0.0000 [10**(-40) cgs]                            
               Excited State   S31:     Rot.Str.     -0.000000 a.u.    -0.0001 [10**(-40) cgs]                            
               Excited State   S32:     Rot.Str.      0.000000 a.u.     0.0001 [10**(-40) cgs]                            
               Excited State   S33:     Rot.Str.     -0.000000 a.u.    -0.0001 [10**(-40) cgs]                            
               Excited State   S34:     Rot.Str.     -0.000000 a.u.    -0.0001 [10**(-40) cgs]                            
               Excited State   S35:     Rot.Str.     -0.000000 a.u.    -0.0001 [10**(-40) cgs]                            
               Excited State   S36:     Rot.Str.      0.000000 a.u.     0.0000 [10**(-40) cgs]                            
               Excited State   S37:     Rot.Str.      0.000000 a.u.     0.0001 [10**(-40) cgs]                            
               Excited State   S38:     Rot.Str.     -0.000000 a.u.    -0.0000 [10**(-40) cgs]                            
               Excited State   S39:     Rot.Str.     -0.000000 a.u.    -0.0000 [10**(-40) cgs]                            
               Excited State   S40:     Rot.Str.     -0.000000 a.u.    -0.0000 [10**(-40) cgs]                            
               Excited State   S41:     Rot.Str.      0.000001 a.u.     0.0004 [10**(-40) cgs]                            
               Excited State   S42:     Rot.Str.      0.000000 a.u.     0.0002 [10**(-40) cgs]                            
               Excited State   S43:     Rot.Str.     -0.000000 a.u.    -0.0001 [10**(-40) cgs]                            
               Excited State   S44:     Rot.Str.      0.000001 a.u.     0.0002 [10**(-40) cgs]                            
               Excited State   S45:     Rot.Str.      0.000001 a.u.     0.0004 [10**(-40) cgs]                            
               Excited State   S46:     Rot.Str.      0.000000 a.u.     0.0000 [10**(-40) cgs]                            
               Excited State   S47:     Rot.Str.      0.000000 a.u.     0.0001 [10**(-40) cgs]                            
               Excited State   S48:     Rot.Str.     -0.000001 a.u.    -0.0004 [10**(-40) cgs]                            
               Excited State   S49:     Rot.Str.      0.000001 a.u.     0.0004 [10**(-40) cgs]                            
               Excited State   S50:     Rot.Str.      0.000000 a.u.     0.0001 [10**(-40) cgs]                            
                                                                                                                          
               Character of excitations:                                                                                  
                                                                                                                          
               Excited state 1                                                                                            
               ---------------                                                                                            
               core_2   -> LUMO         0.8113                                                                            
               core_2   -> LUMO+5       0.4459                                                                            
               core_2   -> LUMO+6       0.2287                                                                            
                                                                                                                          
               Excited state 2                                                                                            
               ---------------                                                                                            
               core_2   -> LUMO+1      -0.7276                                                                            
               core_2   -> LUMO+5      -0.4148                                                                            
               core_2   -> LUMO         0.3200                                                                            
               core_2   -> LUMO+4       0.2514                                                                            
                                                                                                                          
               Excited state 3                                                                                            
               ---------------                                                                                            
               core_2   -> LUMO+1      -0.6173                                                                            
               core_2   -> LUMO+5       0.4779                                                                            
               core_2   -> LUMO        -0.4621                                                                            
               core_2   -> LUMO+2      -0.2466                                                                            
                                                                                                                          
               Excited state 4                                                                                            
               ---------------                                                                                            
               core_2   -> LUMO+2      -0.6732                                                                            
               core_2   -> LUMO+3       0.4909                                                                            
               core_2   -> LUMO+4      -0.3193                                                                            
               core_2   -> LUMO+7      -0.2376                                                                            
               core_2   -> LUMO+5      -0.2360                                                                            
                                                                                                                          
               Excited state 5                                                                                            
               ---------------                                                                                            
               core_2   -> LUMO+6       0.7205                                                                            
               core_2   -> LUMO+5      -0.3199                                                                            
               core_2   -> LUMO+8      -0.3029                                                                            
               core_2   -> LUMO+4       0.2452                                                                            
               core_2   -> LUMO+2      -0.2304                                                                            
               core_2   -> LUMO+11      0.2039                                                                            
                                                                                                                          
               Excited state 6                                                                                            
               ---------------                                                                                            
               core_2   -> LUMO+3       0.6215                                                                            
               core_2   -> LUMO+4       0.5043                                                                            
               core_2   -> LUMO+8      -0.3774                                                                            
               core_2   -> LUMO+7       0.2921                                                                            
                                                                                                                          
               Excited state 7                                                                                            
               ---------------                                                                                            
               core_2   -> LUMO+2      -0.6016                                                                            
               core_2   -> LUMO+7       0.3873                                                                            
               core_2   -> LUMO+4       0.3441                                                                            
               core_2   -> LUMO+3      -0.3310                                                                            
               core_2   -> LUMO+11     -0.2495                                                                            
               core_2   -> LUMO+1       0.2227                                                                            
               core_2   -> LUMO+8       0.2078                                                                            
                                                                                                                          
               Excited state 8                                                                                            
               ---------------                                                                                            
               core_2   -> LUMO+9       0.7322                                                                            
               core_2   -> LUMO+8       0.3979                                                                            
               core_2   -> LUMO+7      -0.3902                                                                            
                                                                                                                          
               Excited state 9                                                                                            
               ---------------                                                                                            
               core_2   -> LUMO+10     -0.5243                                                                            
               core_2   -> LUMO+8       0.4671                                                                            
               core_2   -> LUMO+3       0.3636                                                                            
               core_2   -> LUMO+7       0.3571                                                                            
               core_2   -> LUMO+6       0.3289                                                                            
                                                                                                                          
               Excited state 10                                                                                           
               ----------------                                                                                           
               core_2   -> LUMO+4      -0.4943                                                                            
               core_2   -> LUMO+9       0.4808                                                                            
               core_2   -> LUMO+11     -0.4281                                                                            
               core_2   -> LUMO+8      -0.3234                                                                            
               core_2   -> LUMO+5      -0.2540                                                                            
               core_2   -> LUMO+7       0.2514                                                                            
                                                                                                                          
               Excited state 11                                                                                           
               ----------------                                                                                           
               core_2   -> LUMO+11      0.5875                                                                            
               core_2   -> LUMO+10     -0.4373                                                                            
               core_2   -> LUMO+6      -0.3978                                                                            
               core_2   -> LUMO+8      -0.2528                                                                            
               core_2   -> LUMO+14      0.2187                                                                            
                                                                                                                          
               Excited state 12                                                                                           
               ----------------                                                                                           
               core_2   -> LUMO+10      0.5449                                                                            
               core_2   -> LUMO+7       0.4731                                                                            
               core_2   -> LUMO+11      0.4279                                                                            
               core_2   -> LUMO+8       0.2465                                                                            
               core_2   -> LUMO+16     -0.2260                                                                            
               core_2   -> LUMO+14     -0.2090                                                                            
               core_2   -> LUMO+9       0.2019                                                                            
                                                                                                                          
               Excited state 13                                                                                           
               ----------------                                                                                           
               core_2   -> LUMO+16      0.4785                                                                            
               core_2   -> LUMO+12      0.4721                                                                            
               core_2   -> LUMO+14     -0.3647                                                                            
               core_2   -> LUMO+13     -0.3042                                                                            
               core_2   -> LUMO+18      0.2181                                                                            
               core_2   -> LUMO+21      0.2101                                                                            
               core_2   -> LUMO+25     -0.2024                                                                            
                                                                                                                          
               Excited state 14                                                                                           
               ----------------                                                                                           
               core_2   -> LUMO+15      0.5461                                                                            
               core_2   -> LUMO+16      0.4226                                                                            
               core_2   -> LUMO+13      0.3068                                                                            
               core_2   -> LUMO+19      0.2360                                                                            
               core_2   -> LUMO+17     -0.2316                                                                            
               core_2   -> LUMO+14      0.2108                                                                            
                                                                                                                          
               Excited state 15                                                                                           
               ----------------                                                                                           
               core_2   -> LUMO+13      0.6463                                                                            
               core_2   -> LUMO+15     -0.4353                                                                            
               core_2   -> LUMO+18     -0.3135                                                                            
               core_2   -> LUMO+12      0.2878                                                                            
                                                                                                                          
               Excited state 16                                                                                           
               ----------------                                                                                           
               core_2   -> LUMO+12      0.5429                                                                            
               core_2   -> LUMO+16     -0.4746                                                                            
               core_2   -> LUMO+15      0.4538                                                                            
               core_2   -> LUMO+14     -0.2349                                                                            
                                                                                                                          
               Excited state 17                                                                                           
               ----------------                                                                                           
               core_2   -> LUMO+14      0.6370                                                                            
               core_2   -> LUMO+12      0.3965                                                                            
               core_2   -> LUMO+10      0.2919                                                                            
               core_2   -> LUMO+21     -0.2868                                                                            
               core_2   -> LUMO+13     -0.2690                                                                            
                                                                                                                          
               Excited state 18                                                                                           
               ----------------                                                                                           
               core_2   -> LUMO+18     -0.6335                                                                            
               core_2   -> LUMO+19     -0.4392                                                                            
               core_2   -> LUMO+20      0.2462                                                                            
               core_2   -> LUMO+16      0.2389                                                                            
                                                                                                                          
               Excited state 19                                                                                           
               ----------------                                                                                           
               core_2   -> LUMO+17     -0.7250                                                                            
               core_2   -> LUMO+23     -0.3339                                                                            
               core_2   -> LUMO+15     -0.3128                                                                            
               core_2   -> LUMO+19      0.2660                                                                            
                                                                                                                          
               Excited state 20                                                                                           
               ----------------                                                                                           
               core_2   -> LUMO+21      0.6318                                                                            
               core_2   -> LUMO+14      0.4112                                                                            
               core_2   -> LUMO+19      0.2346                                                                            
               core_2   -> LUMO+20      0.2107                                                                            
                                                                                                                          
               Excited state 21                                                                                           
               ----------------                                                                                           
               core_2   -> LUMO+20     -0.4858                                                                            
               core_2   -> LUMO+18     -0.4840                                                                            
               core_2   -> LUMO+19      0.2955                                                                            
               core_2   -> LUMO+12     -0.2857                                                                            
               core_2   -> LUMO+13     -0.2581                                                                            
               core_2   -> LUMO+24     -0.2119                                                                            
               core_2   -> LUMO+11     -0.2017                                                                            
                                                                                                                          
               Excited state 22                                                                                           
               ----------------                                                                                           
               core_2   -> LUMO+19      0.5771                                                                            
               core_2   -> LUMO+17      0.3378                                                                            
               core_2   -> LUMO+24      0.2926                                                                            
               core_2   -> LUMO+13     -0.2606                                                                            
               core_2   -> LUMO+29     -0.2574                                                                            
                                                                                                                          
               Excited state 23                                                                                           
               ----------------                                                                                           
               core_2   -> LUMO+26     -0.4550                                                                            
               core_2   -> LUMO+20     -0.4318                                                                            
               core_2   -> LUMO+30     -0.4292                                                                            
               core_2   -> LUMO+22      0.3299                                                                            
               core_2   -> LUMO+33     -0.2294                                                                            
               core_2   -> LUMO+24      0.2221                                                                            
                                                                                                                          
               Excited state 24                                                                                           
               ----------------                                                                                           
               core_2   -> LUMO+23      0.6547                                                                            
               core_2   -> LUMO+21      0.2978                                                                            
               core_2   -> LUMO+22     -0.2860                                                                            
               core_2   -> LUMO+29     -0.2830                                                                            
               core_2   -> LUMO+17     -0.2572                                                                            
               core_2   -> LUMO+30     -0.2413                                                                            
               core_2   -> LUMO+24      0.2013                                                                            
                                                                                                                          
               Excited state 25                                                                                           
               ----------------                                                                                           
               core_2   -> LUMO+22      0.6160                                                                            
               core_2   -> LUMO+21      0.3316                                                                            
               core_2   -> LUMO+28     -0.3189                                                                            
               core_2   -> LUMO+25      0.2324                                                                            
               core_2   -> LUMO+17     -0.2048                                                                            
               core_2   -> LUMO+30      0.2036                                                                            
                                                                                                                          
               Excited state 26                                                                                           
               ----------------                                                                                           
               core_2   -> LUMO+25      0.6427                                                                            
               core_2   -> LUMO+20     -0.3308                                                                            
               core_2   -> LUMO+22     -0.2938                                                                            
               core_2   -> LUMO+30      0.2441                                                                            
               core_2   -> LUMO+31     -0.2034                                                                            
               core_2   -> LUMO+29      0.2020                                                                            
                                                                                                                          
               Excited state 27                                                                                           
               ----------------                                                                                           
               core_2   -> LUMO+28      0.4730                                                                            
               core_2   -> LUMO+24      0.3450                                                                            
               core_2   -> LUMO+23      0.3389                                                                            
               core_2   -> LUMO+29      0.3165                                                                            
               core_2   -> LUMO+22      0.2702                                                                            
               core_2   -> LUMO+32      0.2047                                                                            
                                                                                                                          
               Excited state 28                                                                                           
               ----------------                                                                                           
               core_2   -> LUMO+26     -0.6267                                                                            
               core_2   -> LUMO+24     -0.3181                                                                            
               core_2   -> LUMO+20      0.3169                                                                            
               core_2   -> LUMO+25      0.2970                                                                            
               core_2   -> LUMO+23      0.2247                                                                            
               core_2   -> LUMO+27     -0.2206                                                                            
                                                                                                                          
               Excited state 29                                                                                           
               ----------------                                                                                           
               core_2   -> LUMO+27     -0.6547                                                                            
               core_2   -> LUMO+29     -0.4422                                                                            
               core_2   -> LUMO+28      0.2455                                                                            
                                                                                                                          
               Excited state 30                                                                                           
               ----------------                                                                                           
               core_2   -> LUMO+24      0.4565                                                                            
               core_2   -> LUMO+30      0.4560                                                                            
               core_2   -> LUMO+28     -0.4413                                                                            
               core_2   -> LUMO+26     -0.3090                                                                            
               core_2   -> LUMO+25     -0.2377                                                                            
               core_2   -> LUMO+29     -0.2073                                                                            
                                                                                                                          
               Excited state 31                                                                                           
               ----------------                                                                                           
               core_2   -> LUMO+27     -0.4246                                                                            
               core_2   -> LUMO+31      0.4157                                                                            
               core_2   -> LUMO+29      0.3727                                                                            
               core_2   -> LUMO+24      0.3180                                                                            
               core_2   -> LUMO+26      0.3014                                                                            
               core_2   -> LUMO+25      0.2446                                                                            
               core_2   -> LUMO+28     -0.2003                                                                            
                                                                                                                          
               Excited state 32                                                                                           
               ----------------                                                                                           
               core_2   -> LUMO+25      0.3710                                                                            
               core_2   -> LUMO+27      0.3485                                                                            
               core_2   -> LUMO+34      0.3281                                                                            
               core_2   -> LUMO+29     -0.3168                                                                            
               core_2   -> LUMO+28      0.3026                                                                            
               core_2   -> LUMO+35     -0.2988                                                                            
               core_2   -> LUMO+33      0.2967                                                                            
               core_2   -> LUMO+31      0.2896                                                                            
               core_2   -> LUMO+22      0.2631                                                                            
                                                                                                                          
               Excited state 33                                                                                           
               ----------------                                                                                           
               core_2   -> LUMO+32     -0.4970                                                                            
               core_2   -> LUMO+34      0.4288                                                                            
               core_2   -> LUMO+31     -0.4257                                                                            
               core_2   -> LUMO+33      0.2697                                                                            
               core_2   -> LUMO+30     -0.2492                                                                            
               core_2   -> LUMO+37      0.2211                                                                            
                                                                                                                          
               Excited state 34                                                                                           
               ----------------                                                                                           
               core_2   -> LUMO+33      0.4221                                                                            
               core_2   -> LUMO+31     -0.4159                                                                            
               core_2   -> LUMO+32      0.3836                                                                            
               core_2   -> LUMO+35     -0.3570                                                                            
               core_2   -> LUMO+30     -0.2763                                                                            
               core_2   -> LUMO+38     -0.2447                                                                            
               core_2   -> LUMO+28     -0.2197                                                                            
                                                                                                                          
               Excited state 35                                                                                           
               ----------------                                                                                           
               core_2   -> LUMO+34      0.5714                                                                            
               core_2   -> LUMO+33     -0.4495                                                                            
               core_2   -> LUMO+32      0.3230                                                                            
               core_2   -> LUMO+36     -0.2900                                                                            
               core_2   -> LUMO+28     -0.2429                                                                            
               core_2   -> LUMO+44     -0.2136                                                                            
                                                                                                                          
               Excited state 36                                                                                           
               ----------------                                                                                           
               core_2   -> LUMO+35      0.6202                                                                            
               core_2   -> LUMO+32      0.3652                                                                            
               core_2   -> LUMO+33      0.3613                                                                            
               core_2   -> LUMO+36     -0.3274                                                                            
                                                                                                                          
               Excited state 37                                                                                           
               ----------------                                                                                           
               core_2   -> LUMO+37     -0.6880                                                                            
               core_2   -> LUMO+36     -0.3956                                                                            
               core_2   -> LUMO+32     -0.2794                                                                            
               core_2   -> LUMO+29      0.2315                                                                            
                                                                                                                          
               Excited state 38                                                                                           
               ----------------                                                                                           
               core_2   -> LUMO+38      0.5007                                                                            
               core_2   -> LUMO+37     -0.4107                                                                            
               core_2   -> LUMO+36      0.3429                                                                            
               core_2   -> LUMO+34      0.2926                                                                            
               core_2   -> LUMO+46     -0.2451                                                                            
               core_2   -> LUMO+32      0.2264                                                                            
               core_2   -> LUMO+39      0.2253                                                                            
                                                                                                                          
               Excited state 39                                                                                           
               ----------------                                                                                           
               core_2   -> LUMO+38     -0.6504                                                                            
               core_2   -> LUMO+36      0.3720                                                                            
               core_2   -> LUMO+39      0.3101                                                                            
               core_2   -> LUMO+32     -0.2809                                                                            
               core_2   -> LUMO+35      0.2395                                                                            
                                                                                                                          
               Excited state 40                                                                                           
               ----------------                                                                                           
               core_2   -> LUMO+39      0.6703                                                                            
               core_2   -> LUMO+36     -0.3517                                                                            
               core_2   -> LUMO+35     -0.2454                                                                            
               core_2   -> LUMO+48     -0.2222                                                                            
               core_2   -> LUMO+41      0.2221                                                                            
                                                                                                                          
               Excited state 41                                                                                           
               ----------------                                                                                           
               core_2   -> LUMO+41      0.6156                                                                            
               core_2   -> LUMO+37     -0.3882                                                                            
               core_2   -> LUMO+35      0.3141                                                                            
               core_2   -> LUMO+46      0.2362                                                                            
                                                                                                                          
               Excited state 42                                                                                           
               ----------------                                                                                           
               core_2   -> LUMO+40      0.8091                                                                            
               core_2   -> LUMO+43     -0.2995                                                                            
                                                                                                                          
               Excited state 43                                                                                           
               ----------------                                                                                           
               core_2   -> LUMO+39     -0.3733                                                                            
               core_2   -> LUMO+44     -0.3583                                                                            
               core_2   -> LUMO+46     -0.3538                                                                            
               core_2   -> LUMO+41      0.3317                                                                            
               core_2   -> LUMO+43     -0.2820                                                                            
               core_2   -> LUMO+50     -0.2679                                                                            
               core_2   -> LUMO+40     -0.2295                                                                            
                                                                                                                          
               Excited state 44                                                                                           
               ----------------                                                                                           
               core_2   -> LUMO+43      0.4844                                                                            
               core_2   -> LUMO+41      0.4523                                                                            
               core_2   -> LUMO+45      0.2688                                                                            
               core_2   -> LUMO+40      0.2420                                                                            
                                                                                                                          
               Excited state 45                                                                                           
               ----------------                                                                                           
               core_2   -> LUMO+44     -0.5873                                                                            
               core_2   -> LUMO+43      0.4329                                                                            
               core_2   -> LUMO+45     -0.3812                                                                            
               core_2   -> LUMO+40      0.2625                                                                            
                                                                                                                          
               Excited state 46                                                                                           
               ----------------                                                                                           
               core_2   -> LUMO+42      0.6140                                                                            
               core_2   -> LUMO+45     -0.5177                                                                            
               core_2   -> LUMO+44      0.3400                                                                            
               core_2   -> LUMO+47     -0.2129                                                                            
                                                                                                                          
               Excited state 47                                                                                           
               ----------------                                                                                           
               core_2   -> LUMO+46     -0.5664                                                                            
               core_2   -> LUMO+47      0.5113                                                                            
               core_2   -> LUMO+48      0.3390                                                                            
               core_2   -> LUMO+44      0.2493                                                                            
                                                                                                                          
               Excited state 48                                                                                           
               ----------------                                                                                           
               core_2   -> LUMO+42     -0.5283                                                                            
               core_2   -> LUMO+45     -0.3349                                                                            
               core_2   -> LUMO+53     -0.3156                                                                            
               core_2   -> LUMO+47     -0.3105                                                                            
               core_2   -> LUMO+43     -0.2573                                                                            
               core_2   -> LUMO+44      0.2449                                                                            
                                                                                                                          
               Excited state 49                                                                                           
               ----------------                                                                                           
               core_2   -> LUMO+48     -0.6092                                                                            
               core_2   -> LUMO+49      0.4085                                                                            
               core_2   -> LUMO+47      0.3267                                                                            
               core_2   -> LUMO+50      0.2532                                                                            
                                                                                                                          
               Excited state 50                                                                                           
               ----------------                                                                                           
               core_2   -> LUMO+53      0.4761                                                                            
               core_2   -> LUMO+50      0.4369                                                                            
               core_2   -> LUMO+47     -0.3564                                                                            
               core_2   -> LUMO+48     -0.3303                                                                            
               core_2   -> LUMO+49     -0.2838                                                                            
               core_2   -> LUMO+46     -0.2077                                                                            
                                                                                                                          
!========================================================================================================================!
!                               VeloxChem execution completed at Fri May  8 14:17:18 2026.                               !
!========================================================================================================================!
!                                          Total execution time is 393.04 sec.                                           !
!========================================================================================================================!
!                     Rinkevicius, Z.; Li, X.; Vahtras, O.; Ahmadzadeh, K.; Brand, M.; Ringholm, M.;                     !
!                              List, N. H.; Scheurer, M.; Scott, M.; Dreuw, A.; Norman, P.                               !
!                     VeloxChem: A Python-driven Density-functional Theory Program for Spectroscopy                      !
!                                Simulations in High-performance Computing Environments.                                 !
!                                       WIREs Comput Mol Sci 2020, 10 (5), e1457.                                        !
!========================================================================================================================!
