!========================================================================================================================!
!                                                                                                                        !
!                                                       VELOXCHEM                                                        !
!                                              AN ELECTRONIC STRUCTURE CODE                                              !
!                                                                                                                        !
!                                        Copyright 2018-2025 VeloxChem developers                                        !
!========================================================================================================================!
!                     VeloxChem execution started on 192 MPI processes at Mon Jun  8 09:05:18 2026.                      !
!========================================================================================================================!
                                                                                                                          
* Info * Using 1 OpenMP threads per MPI process.                                                                          
                                                                                                                          
* Info * Reading input file 0124_c1s.in...                                                                                
                                                                                                                          
* Info * @jobs                                                                                                            
* Info * task: response                                                                                                   
* Info * @end                                                                                                             
                                                                                                                          
* Info * @method_settings                                                                                                 
* Info * basis: def2-tzvpd                                                                                                
* Info * xcfun: cam-b3lyp                                                                                                 
* Info * @end                                                                                                             
                                                                                                                          
* Info * @response                                                                                                        
* Info * property: absorption                                                                                             
* Info * tamm_dancoff: no                                                                                                 
* Info * nstates: 75                                                                                                      
* Info * core_excitation: yes                                                                                             
* Info * num_core_orbitals: 9                                                                                             
* Info * @end                                                                                                             
                                                                                                                          
                                              Molecular Geometry (Angstroms)                                              
                                             ================================                                             
                                                                                                                          
                          Atom         Coordinate X          Coordinate Y          Coordinate Z                           
                                                                                                                          
                           S          -1.743725592200        1.353570658300       -0.022174675500                         
                           N          -1.557591130000       -1.212520523200        0.046357011100                         
                           C          -0.208724845300        0.756578963300       -0.095322385800                         
                           C          -0.258303449200       -0.617030600500       -0.069449758600                         
                           C           1.050009776300        1.403283027300       -0.004609213900                         
                           C           0.928156625500       -1.344568976300       -0.057866902000                         
                           C           2.134325256100        0.688771002600        0.063942812600                         
                           C           2.041696458300       -0.681965562600        0.025980546100                         
                           C          -2.438613233100       -0.245401246300        0.108489569400                         
                           H           1.199916155400        2.613255991000        0.042362597400                         
                           H           0.780565319800       -2.447195607600       -0.208792256900                         
                           H           3.031434156900        1.218900038300        0.483816729700                         
                           H           3.062931020500       -1.285733630400       -0.047769971100                         
                           H          -3.393653338800       -0.440312396700        0.137706825400                         
                                                                                                                          
                          Molecular charge            : 0                                                                 
                          Spin multiplicity           : 1                                                                 
                          Number of atoms             : 14                                                                
                          Number of alpha electrons   : 35                                                                
                          Number of beta  electrons   : 35                                                                
                                                                                                                          
* Info * Reading basis set from file: /net/home/plgrid/plgiubru7/software/vlx-cpu/cpuvlxenv/lib/python3.11/site-packages/veloxchem/basis/DEF2-TZVPD
                                                                                                                          
                                              Molecular Basis (Atomic Basis)                                              
                                             ================================                                             
                                                                                                                          
                               Basis: DEF2-TZVPD                                                                          
                                                                                                                          
                               Atom Contracted GTOs           Primitive GTOs                                              
                                                                                                                          
                               S     (6S,6P,3D,1F)             (15S,10P,4D,1F)                                            
                               N     (6S,3P,3D,1F)             (12S,6P,3D,1F)                                             
                               C     (6S,3P,3D,1F)             (12S,6P,3D,1F)                                             
                               H     (3S,2P)                   (5S,2P)                                                    
                                                                                                                          
                               Contracted Basis Functions : 387                                                           
                               Primitive Basis Functions  : 543                                                           
                                                                                                                          
                                                                                                                          
                                            Self Consistent Field Driver Setup                                            
                                           ====================================                                           
                                                                                                                          
                   Wave Function Model             : Spin-Restricted Kohn-Sham                                            
                   Initial Guess Model             : Restart from Checkpoint                                              
                   Convergence Accelerator         : Direct Inversion of Iterative Subspace                               
                   Max. Number of Iterations       : 50                                                                   
                   Max. Number of Error Vectors    : 10                                                                   
                   Convergence Threshold           : 1.0e-06                                                              
                   ERI Screening Threshold         : 1.0e-12                                                              
                   Linear Dependence Threshold     : 1.0e-06                                                              
                   Exchange-Correlation Functional : CAM-B3LYP                                                            
                   Molecular Grid Level            : 4                                                                    
                                                                                                                          
* Info * Nuclear repulsion energy: 478.6121605030 a.u.                                                                    
                                                                                                                          
* Info * Using the CAM-B3LYP functional.                                                                                  
                                                                                                                          
         T. Yanai, D. P. Tew, and N. C. Handy.,  Chem. Phys. Lett. 393, 51 (2004)
                                                                                                                          
* Info * Using the Libxc library (v7.0.0).                                                                                
                                                                                                                          
         S. Lehtola, C. Steigemann, M. J.T. Oliveira, and M. A.L. Marques.,  SoftwareX 7, 1–5 (2018)
                                                                                                                          
* Info * Using the following algorithm for XC numerical integration.                                                      
                                                                                                                          
         J. Kussmann, H. Laqua and C. Ochsenfeld, J. Chem. Theory Comput. 2021, 17, 1512-1521
                                                                                                                          
* Info * Molecular grid with 210363 points generated in 0.21 sec.                                                         
                                                                                                                          
* Info * Restarting from checkpoint file: 0124_c1s_scf.h5                                                                 
                                                                                                                          
* Info * Overlap matrix computed in 0.00 sec.                                                                             
                                                                                                                          
* Info * Kinetic energy matrix computed in 0.00 sec.                                                                      
                                                                                                                          
* Info * Nuclear potential matrix computed in 0.02 sec.                                                                   
                                                                                                                          
* Info * Orthogonalization matrix computed in 0.02 sec.                                                                   
                                                                                                                          
* Info * Removed 1 linearly dependent vector.                                                                             
                                                                                                                          
* Info * ERI screening threshold tightened to 1.0e-13.                                                                    
                                                                                                                          
                                                                                                                          
               Iter. |    Kohn-Sham Energy | Energy Change | Gradient Norm | Max. Gradient | Density Change               
               --------------------------------------------------------------------------------------------               
                  1      -722.607505420005    0.0000000000      0.00000077      0.00000003      0.00000000                
                                                                                                                          
* Info * Checkpoint written to file: 0124_c1s_scf.h5                                                                      
                                                                                                                          
* Info * SCF results written to file: 0124_c1s.h5                                                                         
                                                                                                                          
               *** SCF converged in 1 iterations. Time: 3.14 sec.                                                         
                                                                                                                          
               Spin-Restricted Kohn-Sham:                                                                                 
               --------------------------                                                                                 
               Total Energy                       :     -722.6075054200 a.u.                                              
               Electronic Energy                  :    -1201.2196659230 a.u.                                              
               Nuclear Repulsion Energy           :      478.6121605030 a.u.                                              
               ------------------------------------                                                                       
               Gradient Norm                      :        0.0000007672 a.u.                                              
                                                                                                                          
                                                                                                                          
               Ground State Information                                                                                   
               ------------------------                                                                                   
               Charge of Molecule            :  0.0                                                                       
               Multiplicity (2S+1)           :  1                                                                         
               Magnetic Quantum Number (M_S) :  0.0                                                                       
                                                                                                                          
                                                                                                                          
                                                 Spin Restricted Orbitals                                                 
                                                 ------------------------                                                 
                                                                                                                          
               Molecular Orbital No.  31:                                                                                 
               --------------------------                                                                                 
               Occupation: 2.000 Energy:   -0.39653 a.u.                                                                  
               (   1 S   4p-1:    -0.18) (   3 C   1p-1:     0.15) (   4 C   5s  :    -0.21)                              
               (   4 C   1p-1:    -0.17) (   6 C   3p-1:     0.17)                                                        
                                                                                                                          
               Molecular Orbital No.  32:                                                                                 
               --------------------------                                                                                 
               Occupation: 2.000 Energy:   -0.37851 a.u.                                                                  
               (   1 S   4p0 :    -0.29) (   1 S   5p0 :    -0.16) (   2 N   1p0 :     0.18)                              
               (   2 N   2p0 :     0.16) (   3 C   1p0 :    -0.16) (   5 C   5s  :     0.16)                              
               (   6 C   1p0 :     0.16)                                                                                  
                                                                                                                          
               Molecular Orbital No.  33:                                                                                 
               --------------------------                                                                                 
               Occupation: 2.000 Energy:   -0.35339 a.u.                                                                  
               (   1 S   4p-1:    -0.23) (   2 N   4s  :     0.20) (   2 N   5s  :     0.41)                              
               (   2 N   6s  :     0.33) (   2 N   1p-1:    -0.35) (   2 N   2p-1:    -0.26)                              
               (   2 N   3p-1:    -0.16) (   4 C   5s  :    -0.30) (   6 C   5s  :    -0.16)                              
                                                                                                                          
               Molecular Orbital No.  34:                                                                                 
               --------------------------                                                                                 
               Occupation: 2.000 Energy:   -0.31445 a.u.                                                                  
               (   4 C   1p0 :     0.18) (   4 C   2p0 :     0.16) (   5 C   5s  :     0.16)                              
               (   5 C   1p0 :    -0.15) (   6 C   5s  :     0.37) (   7 C   5s  :    -0.35)                              
               (   7 C   1p0 :    -0.21) (   7 C   2p0 :    -0.18) (   7 C   3p0 :    -0.15)                              
               (   8 C   5s  :    -0.29) (   8 C   3p-1:     0.17) (   9 C   1p0 :    -0.18)                              
               (   9 C   2p0 :    -0.16) (  12 H   3s  :     0.21)                                                        
                                                                                                                          
               Molecular Orbital No.  35:                                                                                 
               --------------------------                                                                                 
               Occupation: 2.000 Energy:   -0.29965 a.u.                                                                  
               (   1 S   4p0 :     0.31) (   1 S   5p0 :     0.23) (   8 C   1p0 :     0.20)                              
               (   8 C   2p0 :     0.17)                                                                                  
                                                                                                                          
               Molecular Orbital No.  36:                                                                                 
               --------------------------                                                                                 
               Occupation: 0.000 Energy:   -0.00047 a.u.                                                                  
               (   1 S   6s  :     0.20) (   1 S   4p0 :     0.18) (   1 S   5p0 :     0.19)                              
               (   2 N   1p0 :     0.18) (   2 N   2p0 :     0.16) (   3 C   5s  :    -0.43)                              
               (   3 C   6s  :    -0.83) (   4 C   5s  :     0.57) (   4 C   6s  :     0.37)                              
               (   5 C   6s  :     0.73) (   5 C   3d+2:     0.22) (   6 C   6s  :    -0.32)                              
               (   6 C   3d+2:    -0.17) (   6 C   3d-2:     0.17) (   7 C   5s  :     0.56)                              
               (   7 C   6s  :    -0.71) (   7 C   1p0 :     0.16) (   7 C   3p0 :     0.17)                              
               (   7 C   3d-2:     0.25) (   8 C   5s  :    -0.26) (   8 C   6s  :     0.71)                              
               (   8 C   3d-2:     0.23) (   9 C   5s  :     0.21) (   9 C   1p0 :    -0.27)                              
               (   9 C   2p0 :    -0.27) (   9 C   3p+1:    -0.25) (   9 C   3p0 :    -0.20)                              
               (  10 H   3s  :     0.30) (  11 H   3s  :    -0.45) (  12 H   3s  :    -0.86)                              
               (  12 H   2p+1:     0.15) (  13 H   3s  :     0.39) (  14 H   3s  :    -0.34)                              
                                                                                                                          
               Molecular Orbital No.  37:                                                                                 
               --------------------------                                                                                 
               Occupation: 0.000 Energy:    0.02131 a.u.                                                                  
               (   1 S   5s  :     0.19) (   1 S   5p+1:     0.57) (   1 S   5p-1:     0.54)                              
               (   1 S   6p+1:     0.71) (   1 S   6p-1:     0.73) (   2 N   5s  :    -0.39)                              
               (   2 N   6s  :    -1.24) (   2 N   3p+1:    -0.16) (   3 C   5s  :     1.77)                              
               (   3 C   6s  :    -2.87) (   3 C   3p+1:     0.43) (   3 C   3p-1:     0.30)                              
               (   3 C   3d+2:     0.16) (   3 C   3d-1:    -0.15) (   3 C   3d-2:     0.71)                              
               (   3 C   3d0 :     0.33) (   4 C   5s  :     2.02) (   4 C   6s  :     1.80)                              
               (   4 C   3p+1:     0.83) (   4 C   3d+2:     0.98) (   4 C   3d-1:    -0.24)                              
               (   4 C   3d-2:     0.52) (   4 C   3d0 :    -0.27) (   5 C   4s  :    -0.16)                              
               (   5 C   5s  :    -0.60) (   5 C   6s  :     0.63) (   5 C   3p+1:     0.89)                              
               (   5 C   3p-1:     0.26) (   5 C   3d+2:    -0.35) (   5 C   3d-2:    -0.63)                              
               (   5 C   3d0 :    -0.23) (   6 C   4s  :    -0.17) (   6 C   5s  :     2.05)                              
               (   6 C   6s  :     0.55) (   6 C   3p+1:     0.97) (   6 C   3p-1:    -0.55)                              
               (   6 C   3d+1:     0.19) (   6 C   3d+2:     0.62) (   6 C   3d-2:     0.64)                              
               (   7 C   4s  :    -0.28) (   7 C   5s  :    -2.01) (   7 C   6s  :     1.53)                              
               (   7 C   3p+1:     1.08) (   7 C   3p-1:     1.00) (   7 C   3p0 :     0.24)                              
               (   7 C   3d-1:     0.15) (   7 C   3d-2:    -0.21) (   8 C   5s  :    -0.50)                              
               (   8 C   6s  :    -0.35) (   8 C   3p+1:     1.31) (   8 C   3p-1:     1.07)                              
               (   8 C   3d+2:    -0.18) (   8 C   3d-2:    -0.83) (   8 C   3d0 :    -0.21)                              
               (   9 C   5s  :    -0.32) (   9 C   6s  :     1.70) (   9 C   3p-1:     0.40)                              
               (   9 C   3d-2:     0.29) (  10 H   3s  :    -1.05) (  10 H   2p+1:     0.26)                              
               (  10 H   2p-1:     0.24) (  11 H   2p+1:     0.26) (  12 H   3s  :    -1.12)                              
               (  12 H   2p+1:     0.20) (  12 H   2p-1:     0.16) (  13 H   3s  :    -2.01)                              
               (  13 H   2p+1:     0.42) (  14 H   2p+1:     0.16) (  14 H   2p-1:     0.20)                              
                                                                                                                          
               Molecular Orbital No.  38:                                                                                 
               --------------------------                                                                                 
               Occupation: 0.000 Energy:    0.02405 a.u.                                                                  
               (   1 S   5s  :    -0.23) (   1 S   6s  :    -0.66) (   1 S   5p+1:    -0.58)                              
               (   1 S   5p-1:    -0.35) (   1 S   5p0 :     0.28) (   1 S   6p+1:    -0.80)                              
               (   1 S   6p-1:    -0.40) (   1 S   6p0 :     0.38) (   2 N   5s  :     0.25)                              
               (   2 N   6s  :     1.09) (   3 C   5s  :    -0.89) (   3 C   6s  :     4.10)                              
               (   3 C   1p0 :    -0.18) (   3 C   2p0 :    -0.18) (   3 C   3p+1:    -0.63)                              
               (   3 C   3p-1:    -0.34) (   3 C   3d+1:     0.16) (   3 C   3d+2:    -0.26)                              
               (   3 C   3d-2:    -0.42) (   3 C   3d0 :    -0.33) (   4 C   5s  :    -1.55)                              
               (   4 C   6s  :    -2.03) (   4 C   3p-1:    -0.49) (   4 C   3d+2:    -0.56)                              
               (   4 C   3d-2:    -0.45) (   5 C   5s  :    -0.22) (   5 C   6s  :    -0.87)                              
               (   5 C   3p+1:    -1.11) (   5 C   3d-2:     0.82) (   6 C   4s  :     0.17)                              
               (   6 C   5s  :    -2.91) (   6 C   6s  :     0.22) (   6 C   3p-1:     0.19)                              
               (   6 C   3d-1:    -0.16) (   6 C   3d-2:    -0.43) (   7 C   4s  :     0.29)                              
               (   7 C   5s  :     2.49) (   7 C   6s  :    -0.97) (   7 C   3p+1:    -0.84)                              
               (   7 C   3d+2:     0.20) (   8 C   5s  :     1.10) (   8 C   6s  :    -0.48)                              
               (   8 C   3p+1:    -0.88) (   8 C   3p-1:    -0.18) (   8 C   3d+2:     0.32)                              
               (   8 C   3d-2:     0.32) (   9 C   6s  :    -1.15) (   9 C   3p-1:    -0.27)                              
               (   9 C   3d-2:    -0.27) (  10 H   2p+1:    -0.23) (  11 H   3s  :     1.01)                              
               (  11 H   2p-1:     0.24) (  12 H   3s  :     0.60) (  13 H   3s  :     0.95)                              
               (  13 H   2p+1:    -0.25) (  14 H   2p-1:    -0.20)                                                        
                                                                                                                          
               Molecular Orbital No.  39:                                                                                 
               --------------------------                                                                                 
               Occupation: 0.000 Energy:    0.02820 a.u.                                                                  
               (   1 S   5s  :     0.43) (   1 S   6s  :     4.76) (   1 S   5p+1:     0.92)                              
               (   1 S   5p-1:    -0.25) (   1 S   6p+1:     1.52) (   1 S   6p-1:    -1.15)                              
               (   1 S   3d+2:     0.33) (   1 S   3d0 :    -0.36) (   2 N   5s  :     0.21)                              
               (   2 N   6s  :     1.20) (   3 C   5s  :    -2.51) (   3 C   6s  :    -5.15)                              
               (   3 C   3p+1:     0.42) (   3 C   3d+2:     0.32) (   3 C   3d-2:    -0.40)                              
               (   3 C   3d0 :     0.54) (   4 C   5s  :    -0.68) (   4 C   6s  :    -1.86)                              
               (   4 C   3p+1:    -1.94) (   4 C   3p-1:     1.93) (   4 C   3d+2:     0.38)                              
               (   4 C   3d-2:     0.88) (   4 C   3d0 :     0.41) (   5 C   4s  :     0.34)                              
               (   5 C   5s  :    -0.26) (   5 C   6s  :    -0.95) (   5 C   3p+1:    -1.25)                              
               (   5 C   3d0 :     0.24) (   6 C   5s  :     2.10) (   6 C   6s  :     0.44)                              
               (   6 C   3p+1:    -2.15) (   6 C   3p-1:     0.29) (   6 C   3d+2:     0.34)                              
               (   7 C   5s  :     0.72) (   7 C   6s  :     0.39) (   7 C   3p+1:    -0.38)                              
               (   7 C   3p-1:     0.38) (   7 C   3p0 :    -0.24) (   7 C   3d+2:    -0.32)                              
               (   7 C   3d-2:    -0.28) (   8 C   5s  :     1.09) (   8 C   6s  :    -0.27)                              
               (   8 C   3p+1:    -1.14) (   8 C   3d-2:     0.24) (   9 C   4s  :     0.19)                              
               (   9 C   5s  :     0.18) (   9 C   6s  :    -2.59) (   9 C   3p+1:    -0.24)                              
               (   9 C   3p-1:     0.21) (   9 C   3d+2:    -0.32) (   9 C   3d-2:     0.64)                              
               (   9 C   3d0 :     0.24) (  10 H   3s  :     0.87) (  10 H   2p-1:    -0.18)                              
               (  11 H   3s  :     0.87) (  12 H   3s  :     0.86) (  12 H   2p0 :    -0.17)                              
               (  13 H   3s  :     0.83) (  13 H   2p+1:    -0.17) (  14 H   2p+1:    -0.35)                              
               (  14 H   2p-1:     0.37)                                                                                  
                                                                                                                          
               Molecular Orbital No.  40:                                                                                 
               --------------------------                                                                                 
               Occupation: 0.000 Energy:    0.04183 a.u.                                                                  
               (   1 S   5s  :     0.42) (   1 S   6s  :     2.22) (   1 S   5p+1:    -0.30)                              
               (   1 S   5p-1:    -0.60) (   1 S   6p+1:    -0.29) (   1 S   6p-1:    -1.40)                              
               (   2 N   5s  :     0.55) (   2 N   6s  :     1.79) (   3 C   5s  :     4.55)                              
               (   3 C   6s  :     0.86) (   3 C   3p+1:     0.80) (   3 C   3p-1:     2.03)                              
               (   3 C   3d+2:     0.28) (   3 C   3d-2:     0.66) (   4 C   5s  :     6.73)                              
               (   4 C   6s  :    -3.96) (   4 C   3p+1:     3.13) (   4 C   3p-1:     0.64)                              
               (   4 C   3p0 :     0.28) (   4 C   3d+2:     2.30) (   4 C   3d-1:    -0.23)                              
               (   5 C   4s  :     0.19) (   5 C   5s  :    -1.05) (   5 C   6s  :    -1.11)                              
               (   5 C   3p+1:     1.88) (   5 C   3p0 :     0.16) (   5 C   3d+1:    -0.25)                              
               (   5 C   3d+2:    -1.11) (   5 C   3d-2:    -0.45) (   6 C   4s  :    -0.30)                              
               (   6 C   5s  :    -0.58) (   6 C   6s  :     3.16) (   6 C   3p+1:     2.59)                              
               (   6 C   3p-1:    -1.68) (   6 C   3d+1:     0.53) (   6 C   3d+2:     1.34)                              
               (   6 C   3d-2:     2.40) (   6 C   3d0 :    -0.17) (   7 C   4s  :    -0.35)                              
               (   7 C   5s  :    -2.21) (   7 C   6s  :     1.99) (   7 C   3p+1:     1.41)                              
               (   7 C   3p-1:     0.90) (   7 C   3d+2:    -0.43) (   7 C   3d-1:     0.37)                              
               (   7 C   3d-2:     0.36) (   8 C   4s  :    -0.48) (   8 C   5s  :    -4.78)                              
               (   8 C   6s  :     1.23) (   8 C   3p+1:     2.38) (   8 C   3p-1:     1.13)                              
               (   8 C   3d+2:    -0.46) (   8 C   3d-1:     0.34) (   8 C   3d-2:    -0.46)                              
               (   8 C   3d0 :    -0.53) (   9 C   4s  :    -0.25) (   9 C   5s  :     0.48)                              
               (   9 C   6s  :    -1.37) (   9 C   3p+1:    -2.68) (   9 C   3p-1:    -0.34)                              
               (   9 C   3p0 :     0.17) (   9 C   3d+2:     0.46) (   9 C   3d-2:     0.34)                              
               (   9 C   3d0 :    -0.16) (  10 H   3s  :    -1.51) (  10 H   2p+1:     0.16)                              
               (  10 H   2p-1:     0.21) (  11 H   3s  :    -0.28) (  11 H   2p+1:     0.84)                              
               (  11 H   2p-1:    -0.22) (  12 H   3s  :    -1.71) (  12 H   2p+1:     0.35)                              
               (  13 H   3s  :    -2.41) (  13 H   2p+1:     0.55) (  14 H   3s  :    -4.11)                              
               (  14 H   2p+1:    -0.64)                                                                                  
                                                                                                                          
                                                                                                                          
                                                Ground State Dipole Moment                                                
                                               ----------------------------                                               
                                                                                                                          
                                   X   :         0.172763 a.u.         0.439120 Debye                                     
                                   Y   :         0.551355 a.u.         1.401404 Debye                                     
                                   Z   :         0.052776 a.u.         0.134143 Debye                                     
                                 Total :         0.580193 a.u.         1.474705 Debye                                     
                                                                                                                          
                                                                                                                          
                                            Linear Response EigenSolver Setup                                             
                                           ===================================                                            
                                                                                                                          
                               Number of States                : 75                                                       
                               Max. Number of Iterations       : 150                                                      
                               Convergence Threshold           : 1.0e-04                                                  
                               ERI Screening Threshold         : 1.0e-13                                                  
                               Exchange-Correlation Functional : CAM-B3LYP                                                
                               Molecular Grid Level            : 4                                                        
                                                                                                                          
* Info * Using the CAM-B3LYP functional.                                                                                  
                                                                                                                          
         T. Yanai, D. P. Tew, and N. C. Handy.,  Chem. Phys. Lett. 393, 51 (2004)
                                                                                                                          
* Info * Using the Libxc library (v7.0.0).                                                                                
                                                                                                                          
         S. Lehtola, C. Steigemann, M. J.T. Oliveira, and M. A.L. Marques.,  SoftwareX 7, 1–5 (2018)
                                                                                                                          
* Info * Using the following algorithm for XC numerical integration.                                                      
                                                                                                                          
         J. Kussmann, H. Laqua and C. Ochsenfeld, J. Chem. Theory Comput. 2021, 17, 1512-1521
                                                                                                                          
* Info * Molecular grid with 210363 points generated in 0.21 sec.                                                         
                                                                                                                          
* Info * Restarting from checkpoint file: 0124_c1s_rsp.h5                                                                 
                                                                                                                          
* Info * Generating initial guesses for 25 more states...                                                                 
                                                                                                                          
* Info * Processing 25 Fock builds...                                                                                     
                                                                                                                          
* Info * 368 gerade trial vectors in reduced space                                                                        
* Info * 368 ungerade trial vectors in reduced space                                                                      
                                                                                                                          
* Info * 228.65 kB of memory used for subspace procedure on the master node                                               
* Info * 360.63 GB of memory available for the solver on the master node                                                  
                                                                                                                          
               *** Iteration:   1 * Residuals (Max,Min): 7.57e-02 and 6.69e-06                                            
                                                                                                                          
               Excitation 1   :     10.08785741 Residual Norm: 0.00002314   converged                                     
               Excitation 2   :     10.09010767 Residual Norm: 0.00002760   converged                                     
               Excitation 3   :     10.09881529 Residual Norm: 0.00004226   converged                                     
               Excitation 4   :     10.10787938 Residual Norm: 0.00000728   converged                                     
               Excitation 5   :     10.11335632 Residual Norm: 0.00003372   converged                                     
               Excitation 6   :     10.12119288 Residual Norm: 0.00002904   converged                                     
               Excitation 7   :     10.12451412 Residual Norm: 0.00002943   converged                                     
               Excitation 8   :     10.12639852 Residual Norm: 0.00001952   converged                                     
               Excitation 9   :     10.12669303 Residual Norm: 0.00001455   converged                                     
               Excitation 10  :     10.12754401 Residual Norm: 0.00002970   converged                                     
               Excitation 11  :     10.14611392 Residual Norm: 0.00002024   converged                                     
               Excitation 12  :     10.14755622 Residual Norm: 0.00002525   converged                                     
               Excitation 13  :     10.14928242 Residual Norm: 0.00002480   converged                                     
               Excitation 14  :     10.15143758 Residual Norm: 0.00003071   converged                                     
               Excitation 15  :     10.15884903 Residual Norm: 0.00002053   converged                                     
               Excitation 16  :     10.16479257 Residual Norm: 0.00001325   converged                                     
               Excitation 17  :     10.16647300 Residual Norm: 0.00003149   converged                                     
               Excitation 18  :     10.16765369 Residual Norm: 0.00005271   converged                                     
               Excitation 19  :     10.17625986 Residual Norm: 0.00000669   converged                                     
               Excitation 20  :     10.17877055 Residual Norm: 0.00001782   converged                                     
               Excitation 21  :     10.19140076 Residual Norm: 0.00006239   converged                                     
               Excitation 22  :     10.19483373 Residual Norm: 0.00005184   converged                                     
               Excitation 23  :     10.19691210 Residual Norm: 0.00004093   converged                                     
               Excitation 24  :     10.19754210 Residual Norm: 0.00006038   converged                                     
               Excitation 25  :     10.19868016 Residual Norm: 0.00005364   converged                                     
               Excitation 26  :     10.20072370 Residual Norm: 0.00003274   converged                                     
               Excitation 27  :     10.20208579 Residual Norm: 0.00002033   converged                                     
               Excitation 28  :     10.20457360 Residual Norm: 0.00002838   converged                                     
               Excitation 29  :     10.20534172 Residual Norm: 0.00002436   converged                                     
               Excitation 30  :     10.20560270 Residual Norm: 0.00001742   converged                                     
               Excitation 31  :     10.20621044 Residual Norm: 0.00003896   converged                                     
               Excitation 32  :     10.20643781 Residual Norm: 0.00002238   converged                                     
               Excitation 33  :     10.21109874 Residual Norm: 0.00001634   converged                                     
               Excitation 34  :     10.21281620 Residual Norm: 0.00005088   converged                                     
               Excitation 35  :     10.21319738 Residual Norm: 0.00005551   converged                                     
               Excitation 36  :     10.21321848 Residual Norm: 0.00002031   converged                                     
               Excitation 37  :     10.21421795 Residual Norm: 0.00003386   converged                                     
               Excitation 38  :     10.21602375 Residual Norm: 0.00003489   converged                                     
               Excitation 39  :     10.21603430 Residual Norm: 0.00002900   converged                                     
               Excitation 40  :     10.22648561 Residual Norm: 0.00005300   converged                                     
               Excitation 41  :     10.22724895 Residual Norm: 0.00001646   converged                                     
               Excitation 42  :     10.22741858 Residual Norm: 0.00001429   converged                                     
               Excitation 43  :     10.22834737 Residual Norm: 0.00002492   converged                                     
               Excitation 44  :     10.22892171 Residual Norm: 0.00003751   converged                                     
               Excitation 45  :     10.23161582 Residual Norm: 0.00002581   converged                                     
               Excitation 46  :     10.23180280 Residual Norm: 0.00003086   converged                                     
               Excitation 47  :     10.23223299 Residual Norm: 0.00002839   converged                                     
               Excitation 48  :     10.23300080 Residual Norm: 0.00002676   converged                                     
               Excitation 49  :     10.23640951 Residual Norm: 0.00002292   converged                                     
               Excitation 50  :     10.23724647 Residual Norm: 0.00003737   converged                                     
               Excitation 51  :     10.23763428 Residual Norm: 0.00007644   converged                                     
               Excitation 52  :     10.23800067 Residual Norm: 0.00065898                                                 
               Excitation 53  :     10.24046425 Residual Norm: 0.00301328                                                 
               Excitation 54  :     10.24190763 Residual Norm: 0.01145238                                                 
               Excitation 55  :     10.24249989 Residual Norm: 0.01611761                                                 
               Excitation 56  :     10.24626427 Residual Norm: 0.01180267                                                 
               Excitation 57  :     10.24702761 Residual Norm: 0.01120564                                                 
               Excitation 58  :     10.24844471 Residual Norm: 0.00812993                                                 
               Excitation 59  :     10.24938354 Residual Norm: 0.07569481                                                 
               Excitation 60  :     10.25035912 Residual Norm: 0.01274334                                                 
               Excitation 61  :     10.25074091 Residual Norm: 0.01157127                                                 
               Excitation 62  :     10.25091484 Residual Norm: 0.01080587                                                 
               Excitation 63  :     10.25144154 Residual Norm: 0.01881051                                                 
               Excitation 64  :     10.25411840 Residual Norm: 0.00613744                                                 
               Excitation 65  :     10.25582885 Residual Norm: 0.01436066                                                 
               Excitation 66  :     10.25733316 Residual Norm: 0.02239267                                                 
               Excitation 67  :     10.25740362 Residual Norm: 0.01470725                                                 
               Excitation 68  :     10.25790996 Residual Norm: 0.02237868                                                 
               Excitation 69  :     10.25891602 Residual Norm: 0.02141949                                                 
               Excitation 70  :     10.25978317 Residual Norm: 0.02066961                                                 
               Excitation 71  :     10.26082098 Residual Norm: 0.02085286                                                 
               Excitation 72  :     10.26094889 Residual Norm: 0.01322350                                                 
               Excitation 73  :     10.26412486 Residual Norm: 0.02382393                                                 
               Excitation 74  :     10.26520354 Residual Norm: 0.02400785                                                 
               Excitation 75  :     10.26656916 Residual Norm: 0.06425492                                                 
                                                                                                                          
* Info * Processing 24 Fock builds...                                                                                     
                                                                                                                          
* Info * 392 gerade trial vectors in reduced space                                                                        
* Info * 392 ungerade trial vectors in reduced space                                                                      
                                                                                                                          
* Info * 241.71 kB of memory used for subspace procedure on the master node                                               
* Info * 360.63 GB of memory available for the solver on the master node                                                  
                                                                                                                          
               *** Iteration:   2 * Residuals (Max,Min): 2.11e-02 and 5.80e-06                                            
                                                                                                                          
               Excitation 1   :     10.08785741 Residual Norm: 0.00002031   converged                                     
               Excitation 2   :     10.09010767 Residual Norm: 0.00002516   converged                                     
               Excitation 3   :     10.09881529 Residual Norm: 0.00003147   converged                                     
               Excitation 4   :     10.10787938 Residual Norm: 0.00000693   converged                                     
               Excitation 5   :     10.11335632 Residual Norm: 0.00002287   converged                                     
               Excitation 6   :     10.12119288 Residual Norm: 0.00002341   converged                                     
               Excitation 7   :     10.12451412 Residual Norm: 0.00002392   converged                                     
               Excitation 8   :     10.12639852 Residual Norm: 0.00001727   converged                                     
               Excitation 9   :     10.12669303 Residual Norm: 0.00001255   converged                                     
               Excitation 10  :     10.12754401 Residual Norm: 0.00002389   converged                                     
               Excitation 11  :     10.14611392 Residual Norm: 0.00001736   converged                                     
               Excitation 12  :     10.14755622 Residual Norm: 0.00002126   converged                                     
               Excitation 13  :     10.14928242 Residual Norm: 0.00001842   converged                                     
               Excitation 14  :     10.15143758 Residual Norm: 0.00002672   converged                                     
               Excitation 15  :     10.15884903 Residual Norm: 0.00001965   converged                                     
               Excitation 16  :     10.16479257 Residual Norm: 0.00001201   converged                                     
               Excitation 17  :     10.16647300 Residual Norm: 0.00002925   converged                                     
               Excitation 18  :     10.16765369 Residual Norm: 0.00003831   converged                                     
               Excitation 19  :     10.17625986 Residual Norm: 0.00000580   converged                                     
               Excitation 20  :     10.17877055 Residual Norm: 0.00001605   converged                                     
               Excitation 21  :     10.19140076 Residual Norm: 0.00005006   converged                                     
               Excitation 22  :     10.19483373 Residual Norm: 0.00004347   converged                                     
               Excitation 23  :     10.19691210 Residual Norm: 0.00003372   converged                                     
               Excitation 24  :     10.19754210 Residual Norm: 0.00005734   converged                                     
               Excitation 25  :     10.19868016 Residual Norm: 0.00004459   converged                                     
               Excitation 26  :     10.20072370 Residual Norm: 0.00002965   converged                                     
               Excitation 27  :     10.20208579 Residual Norm: 0.00001788   converged                                     
               Excitation 28  :     10.20457360 Residual Norm: 0.00002553   converged                                     
               Excitation 29  :     10.20534172 Residual Norm: 0.00001946   converged                                     
               Excitation 30  :     10.20560270 Residual Norm: 0.00001594   converged                                     
               Excitation 31  :     10.20621044 Residual Norm: 0.00003576   converged                                     
               Excitation 32  :     10.20643781 Residual Norm: 0.00001880   converged                                     
               Excitation 33  :     10.21109874 Residual Norm: 0.00001174   converged                                     
               Excitation 34  :     10.21281620 Residual Norm: 0.00004643   converged                                     
               Excitation 35  :     10.21319738 Residual Norm: 0.00004316   converged                                     
               Excitation 36  :     10.21321848 Residual Norm: 0.00001781   converged                                     
               Excitation 37  :     10.21421795 Residual Norm: 0.00003320   converged                                     
               Excitation 38  :     10.21602375 Residual Norm: 0.00002855   converged                                     
               Excitation 39  :     10.21603430 Residual Norm: 0.00002241   converged                                     
               Excitation 40  :     10.22648561 Residual Norm: 0.00004297   converged                                     
               Excitation 41  :     10.22724895 Residual Norm: 0.00001325   converged                                     
               Excitation 42  :     10.22741858 Residual Norm: 0.00001185   converged                                     
               Excitation 43  :     10.22834737 Residual Norm: 0.00002429   converged                                     
               Excitation 44  :     10.22892171 Residual Norm: 0.00003429   converged                                     
               Excitation 45  :     10.23161582 Residual Norm: 0.00002655   converged                                     
               Excitation 46  :     10.23180280 Residual Norm: 0.00003020   converged                                     
               Excitation 47  :     10.23223299 Residual Norm: 0.00001972   converged                                     
               Excitation 48  :     10.23300080 Residual Norm: 0.00002108   converged                                     
               Excitation 49  :     10.23640951 Residual Norm: 0.00002239   converged                                     
               Excitation 50  :     10.23724647 Residual Norm: 0.00003283   converged                                     
               Excitation 51  :     10.23763428 Residual Norm: 0.00007182   converged                                     
               Excitation 52  :     10.23800062 Residual Norm: 0.00009469   converged                                     
               Excitation 53  :     10.24046264 Residual Norm: 0.00034263                                                 
               Excitation 54  :     10.24187689 Residual Norm: 0.00190704                                                 
               Excitation 55  :     10.24242874 Residual Norm: 0.00234908                                                 
               Excitation 56  :     10.24620789 Residual Norm: 0.00161725                                                 
               Excitation 57  :     10.24699841 Residual Norm: 0.00190599                                                 
               Excitation 58  :     10.24802108 Residual Norm: 0.00788182                                                 
               Excitation 59  :     10.24842425 Residual Norm: 0.00179365                                                 
               Excitation 60  :     10.25032728 Residual Norm: 0.00238331                                                 
               Excitation 61  :     10.25071234 Residual Norm: 0.00215023                                                 
               Excitation 62  :     10.25088455 Residual Norm: 0.00247802                                                 
               Excitation 63  :     10.25132642 Residual Norm: 0.00413915                                                 
               Excitation 64  :     10.25410502 Residual Norm: 0.00087154                                                 
               Excitation 65  :     10.25575651 Residual Norm: 0.00191277                                                 
               Excitation 66  :     10.25721602 Residual Norm: 0.00319909                                                 
               Excitation 67  :     10.25734749 Residual Norm: 0.00270815                                                 
               Excitation 68  :     10.25778169 Residual Norm: 0.00347452                                                 
               Excitation 69  :     10.25881902 Residual Norm: 0.00312804                                                 
               Excitation 70  :     10.25960655 Residual Norm: 0.00456443                                                 
               Excitation 71  :     10.26068825 Residual Norm: 0.00351948                                                 
               Excitation 72  :     10.26089159 Residual Norm: 0.00250632                                                 
               Excitation 73  :     10.26401066 Residual Norm: 0.00334663                                                 
               Excitation 74  :     10.26508118 Residual Norm: 0.00487202                                                 
               Excitation 75  :     10.26589549 Residual Norm: 0.02111431                                                 
                                                                                                                          
* Info * Processing 23 Fock builds...                                                                                     
                                                                                                                          
* Info * 415 gerade trial vectors in reduced space                                                                        
* Info * 415 ungerade trial vectors in reduced space                                                                      
                                                                                                                          
* Info * 254.22 kB of memory used for subspace procedure on the master node                                               
* Info * 361.17 GB of memory available for the solver on the master node                                                  
                                                                                                                          
               *** Iteration:   3 * Residuals (Max,Min): 4.94e-03 and 5.72e-06                                            
                                                                                                                          
               Excitation 1   :     10.08785741 Residual Norm: 0.00001803   converged                                     
               Excitation 2   :     10.09010767 Residual Norm: 0.00002149   converged                                     
               Excitation 3   :     10.09881529 Residual Norm: 0.00003006   converged                                     
               Excitation 4   :     10.10787938 Residual Norm: 0.00000723   converged                                     
               Excitation 5   :     10.11335632 Residual Norm: 0.00002617   converged                                     
               Excitation 6   :     10.12119288 Residual Norm: 0.00002150   converged                                     
               Excitation 7   :     10.12451412 Residual Norm: 0.00001884   converged                                     
               Excitation 8   :     10.12639852 Residual Norm: 0.00001567   converged                                     
               Excitation 9   :     10.12669303 Residual Norm: 0.00001100   converged                                     
               Excitation 10  :     10.12754401 Residual Norm: 0.00002091   converged                                     
               Excitation 11  :     10.14611392 Residual Norm: 0.00001659   converged                                     
               Excitation 12  :     10.14755622 Residual Norm: 0.00001802   converged                                     
               Excitation 13  :     10.14928242 Residual Norm: 0.00001471   converged                                     
               Excitation 14  :     10.15143758 Residual Norm: 0.00002045   converged                                     
               Excitation 15  :     10.15884903 Residual Norm: 0.00001761   converged                                     
               Excitation 16  :     10.16479257 Residual Norm: 0.00001177   converged                                     
               Excitation 17  :     10.16647300 Residual Norm: 0.00002960   converged                                     
               Excitation 18  :     10.16765369 Residual Norm: 0.00002361   converged                                     
               Excitation 19  :     10.17625986 Residual Norm: 0.00000572   converged                                     
               Excitation 20  :     10.17877055 Residual Norm: 0.00001210   converged                                     
               Excitation 21  :     10.19140076 Residual Norm: 0.00003381   converged                                     
               Excitation 22  :     10.19483373 Residual Norm: 0.00003333   converged                                     
               Excitation 23  :     10.19691210 Residual Norm: 0.00002902   converged                                     
               Excitation 24  :     10.19754210 Residual Norm: 0.00005435   converged                                     
               Excitation 25  :     10.19868016 Residual Norm: 0.00004433   converged                                     
               Excitation 26  :     10.20072370 Residual Norm: 0.00002578   converged                                     
               Excitation 27  :     10.20208579 Residual Norm: 0.00001491   converged                                     
               Excitation 28  :     10.20457360 Residual Norm: 0.00002284   converged                                     
               Excitation 29  :     10.20534172 Residual Norm: 0.00001798   converged                                     
               Excitation 30  :     10.20560270 Residual Norm: 0.00001635   converged                                     
               Excitation 31  :     10.20621044 Residual Norm: 0.00003489   converged                                     
               Excitation 32  :     10.20643781 Residual Norm: 0.00001770   converged                                     
               Excitation 33  :     10.21109874 Residual Norm: 0.00000941   converged                                     
               Excitation 34  :     10.21281620 Residual Norm: 0.00004023   converged                                     
               Excitation 35  :     10.21319738 Residual Norm: 0.00003266   converged                                     
               Excitation 36  :     10.21321848 Residual Norm: 0.00001543   converged                                     
               Excitation 37  :     10.21421795 Residual Norm: 0.00003349   converged                                     
               Excitation 38  :     10.21602375 Residual Norm: 0.00002467   converged                                     
               Excitation 39  :     10.21603430 Residual Norm: 0.00001759   converged                                     
               Excitation 40  :     10.22648561 Residual Norm: 0.00002797   converged                                     
               Excitation 41  :     10.22724895 Residual Norm: 0.00001118   converged                                     
               Excitation 42  :     10.22741858 Residual Norm: 0.00001140   converged                                     
               Excitation 43  :     10.22834737 Residual Norm: 0.00002524   converged                                     
               Excitation 44  :     10.22892171 Residual Norm: 0.00003196   converged                                     
               Excitation 45  :     10.23161582 Residual Norm: 0.00002553   converged                                     
               Excitation 46  :     10.23180280 Residual Norm: 0.00002966   converged                                     
               Excitation 47  :     10.23223299 Residual Norm: 0.00001887   converged                                     
               Excitation 48  :     10.23300080 Residual Norm: 0.00002029   converged                                     
               Excitation 49  :     10.23640951 Residual Norm: 0.00002187   converged                                     
               Excitation 50  :     10.23724647 Residual Norm: 0.00002795   converged                                     
               Excitation 51  :     10.23763428 Residual Norm: 0.00005729   converged                                     
               Excitation 52  :     10.23800062 Residual Norm: 0.00007804   converged                                     
               Excitation 53  :     10.24046262 Residual Norm: 0.00004414   converged                                     
               Excitation 54  :     10.24187632 Residual Norm: 0.00029651                                                 
               Excitation 55  :     10.24242756 Residual Norm: 0.00045321                                                 
               Excitation 56  :     10.24620721 Residual Norm: 0.00036126                                                 
               Excitation 57  :     10.24699787 Residual Norm: 0.00033236                                                 
               Excitation 58  :     10.24800130 Residual Norm: 0.00180284                                                 
               Excitation 59  :     10.24842403 Residual Norm: 0.00027151                                                 
               Excitation 60  :     10.25032691 Residual Norm: 0.00032737                                                 
               Excitation 61  :     10.25071184 Residual Norm: 0.00063676                                                 
               Excitation 62  :     10.25088382 Residual Norm: 0.00053288                                                 
               Excitation 63  :     10.25132302 Residual Norm: 0.00087583                                                 
               Excitation 64  :     10.25410488 Residual Norm: 0.00017400                                                 
               Excitation 65  :     10.25575608 Residual Norm: 0.00022394                                                 
               Excitation 66  :     10.25721466 Residual Norm: 0.00047140                                                 
               Excitation 67  :     10.25734606 Residual Norm: 0.00067592                                                 
               Excitation 68  :     10.25778061 Residual Norm: 0.00044956                                                 
               Excitation 69  :     10.25881795 Residual Norm: 0.00048348                                                 
               Excitation 70  :     10.25960333 Residual Norm: 0.00128049                                                 
               Excitation 71  :     10.26068705 Residual Norm: 0.00056388                                                 
               Excitation 72  :     10.26089059 Residual Norm: 0.00060787                                                 
               Excitation 73  :     10.26400906 Residual Norm: 0.00050718                                                 
               Excitation 74  :     10.26507896 Residual Norm: 0.00082399                                                 
               Excitation 75  :     10.26585957 Residual Norm: 0.00494483                                                 
                                                                                                                          
* Info * Processing 22 Fock builds...                                                                                     
                                                                                                                          
* Info * 437 gerade trial vectors in reduced space                                                                        
* Info * 437 ungerade trial vectors in reduced space                                                                      
                                                                                                                          
* Info * 265.37 kB of memory used for subspace procedure on the master node                                               
* Info * 361.21 GB of memory available for the solver on the master node                                                  
                                                                                                                          
               *** Iteration:   4 * Residuals (Max,Min): 6.58e-04 and 5.25e-06                                            
                                                                                                                          
               Excitation 1   :     10.08785741 Residual Norm: 0.00001828   converged                                     
               Excitation 2   :     10.09010767 Residual Norm: 0.00002162   converged                                     
               Excitation 3   :     10.09881529 Residual Norm: 0.00002796   converged                                     
               Excitation 4   :     10.10787938 Residual Norm: 0.00000662   converged                                     
               Excitation 5   :     10.11335632 Residual Norm: 0.00001957   converged                                     
               Excitation 6   :     10.12119288 Residual Norm: 0.00002054   converged                                     
               Excitation 7   :     10.12451412 Residual Norm: 0.00001480   converged                                     
               Excitation 8   :     10.12639852 Residual Norm: 0.00001485   converged                                     
               Excitation 9   :     10.12669303 Residual Norm: 0.00001097   converged                                     
               Excitation 10  :     10.12754401 Residual Norm: 0.00001478   converged                                     
               Excitation 11  :     10.14611392 Residual Norm: 0.00001500   converged                                     
               Excitation 12  :     10.14755622 Residual Norm: 0.00001256   converged                                     
               Excitation 13  :     10.14928242 Residual Norm: 0.00001128   converged                                     
               Excitation 14  :     10.15143758 Residual Norm: 0.00001617   converged                                     
               Excitation 15  :     10.15884903 Residual Norm: 0.00001659   converged                                     
               Excitation 16  :     10.16479257 Residual Norm: 0.00001068   converged                                     
               Excitation 17  :     10.16647300 Residual Norm: 0.00002520   converged                                     
               Excitation 18  :     10.16765368 Residual Norm: 0.00001662   converged                                     
               Excitation 19  :     10.17625986 Residual Norm: 0.00000525   converged                                     
               Excitation 20  :     10.17877055 Residual Norm: 0.00001231   converged                                     
               Excitation 21  :     10.19140076 Residual Norm: 0.00002842   converged                                     
               Excitation 22  :     10.19483373 Residual Norm: 0.00002459   converged                                     
               Excitation 23  :     10.19691210 Residual Norm: 0.00002611   converged                                     
               Excitation 24  :     10.19754210 Residual Norm: 0.00005514   converged                                     
               Excitation 25  :     10.19868016 Residual Norm: 0.00003995   converged                                     
               Excitation 26  :     10.20072370 Residual Norm: 0.00002341   converged                                     
               Excitation 27  :     10.20208579 Residual Norm: 0.00001302   converged                                     
               Excitation 28  :     10.20457360 Residual Norm: 0.00001943   converged                                     
               Excitation 29  :     10.20534172 Residual Norm: 0.00001367   converged                                     
               Excitation 30  :     10.20560270 Residual Norm: 0.00001301   converged                                     
               Excitation 31  :     10.20621044 Residual Norm: 0.00002476   converged                                     
               Excitation 32  :     10.20643781 Residual Norm: 0.00001589   converged                                     
               Excitation 33  :     10.21109874 Residual Norm: 0.00000772   converged                                     
               Excitation 34  :     10.21281620 Residual Norm: 0.00003302   converged                                     
               Excitation 35  :     10.21319738 Residual Norm: 0.00002741   converged                                     
               Excitation 36  :     10.21321848 Residual Norm: 0.00001467   converged                                     
               Excitation 37  :     10.21421795 Residual Norm: 0.00003326   converged                                     
               Excitation 38  :     10.21602375 Residual Norm: 0.00002361   converged                                     
               Excitation 39  :     10.21603430 Residual Norm: 0.00001657   converged                                     
               Excitation 40  :     10.22648561 Residual Norm: 0.00002585   converged                                     
               Excitation 41  :     10.22724895 Residual Norm: 0.00000944   converged                                     
               Excitation 42  :     10.22741858 Residual Norm: 0.00001017   converged                                     
               Excitation 43  :     10.22834737 Residual Norm: 0.00002305   converged                                     
               Excitation 44  :     10.22892171 Residual Norm: 0.00002897   converged                                     
               Excitation 45  :     10.23161582 Residual Norm: 0.00002522   converged                                     
               Excitation 46  :     10.23180280 Residual Norm: 0.00002702   converged                                     
               Excitation 47  :     10.23223299 Residual Norm: 0.00001765   converged                                     
               Excitation 48  :     10.23300080 Residual Norm: 0.00001885   converged                                     
               Excitation 49  :     10.23640951 Residual Norm: 0.00001984   converged                                     
               Excitation 50  :     10.23724647 Residual Norm: 0.00002776   converged                                     
               Excitation 51  :     10.23763428 Residual Norm: 0.00005778   converged                                     
               Excitation 52  :     10.23800062 Residual Norm: 0.00007345   converged                                     
               Excitation 53  :     10.24046262 Residual Norm: 0.00001444   converged                                     
               Excitation 54  :     10.24187630 Residual Norm: 0.00005073   converged                                     
               Excitation 55  :     10.24242754 Residual Norm: 0.00006671   converged                                     
               Excitation 56  :     10.24620720 Residual Norm: 0.00005591   converged                                     
               Excitation 57  :     10.24699785 Residual Norm: 0.00006852   converged                                     
               Excitation 58  :     10.24800088 Residual Norm: 0.00026310                                                 
               Excitation 59  :     10.24842403 Residual Norm: 0.00002085   converged                                     
               Excitation 60  :     10.25032690 Residual Norm: 0.00003849   converged                                     
               Excitation 61  :     10.25071181 Residual Norm: 0.00007999   converged                                     
               Excitation 62  :     10.25088379 Residual Norm: 0.00011977                                                 
               Excitation 63  :     10.25132295 Residual Norm: 0.00021129                                                 
               Excitation 64  :     10.25410488 Residual Norm: 0.00003610   converged                                     
               Excitation 65  :     10.25575608 Residual Norm: 0.00002616   converged                                     
               Excitation 66  :     10.25721464 Residual Norm: 0.00006239   converged                                     
               Excitation 67  :     10.25734603 Residual Norm: 0.00008100   converged                                     
               Excitation 68  :     10.25778059 Residual Norm: 0.00004985   converged                                     
               Excitation 69  :     10.25881793 Residual Norm: 0.00006217   converged                                     
               Excitation 70  :     10.25960325 Residual Norm: 0.00022136                                                 
               Excitation 71  :     10.26068703 Residual Norm: 0.00006745   converged                                     
               Excitation 72  :     10.26089056 Residual Norm: 0.00010308                                                 
               Excitation 73  :     10.26400903 Residual Norm: 0.00008397   converged                                     
               Excitation 74  :     10.26507892 Residual Norm: 0.00009731   converged                                     
               Excitation 75  :     10.26585810 Residual Norm: 0.00065807                                                 
                                                                                                                          
* Info * Processing 6 Fock builds...                                                                                      
                                                                                                                          
* Info * 443 gerade trial vectors in reduced space                                                                        
* Info * 443 ungerade trial vectors in reduced space                                                                      
                                                                                                                          
* Info * 268.51 kB of memory used for subspace procedure on the master node                                               
* Info * 362.92 GB of memory available for the solver on the master node                                                  
                                                                                                                          
               *** Iteration:   5 * Residuals (Max,Min): 1.06e-04 and 5.24e-06                                            
                                                                                                                          
               Excitation 1   :     10.08785741 Residual Norm: 0.00001826   converged                                     
               Excitation 2   :     10.09010767 Residual Norm: 0.00002148   converged                                     
               Excitation 3   :     10.09881529 Residual Norm: 0.00002791   converged                                     
               Excitation 4   :     10.10787938 Residual Norm: 0.00000628   converged                                     
               Excitation 5   :     10.11335632 Residual Norm: 0.00002033   converged                                     
               Excitation 6   :     10.12119288 Residual Norm: 0.00002051   converged                                     
               Excitation 7   :     10.12451412 Residual Norm: 0.00001318   converged                                     
               Excitation 8   :     10.12639852 Residual Norm: 0.00001480   converged                                     
               Excitation 9   :     10.12669303 Residual Norm: 0.00001085   converged                                     
               Excitation 10  :     10.12754401 Residual Norm: 0.00001384   converged                                     
               Excitation 11  :     10.14611392 Residual Norm: 0.00001519   converged                                     
               Excitation 12  :     10.14755622 Residual Norm: 0.00001140   converged                                     
               Excitation 13  :     10.14928242 Residual Norm: 0.00001086   converged                                     
               Excitation 14  :     10.15143758 Residual Norm: 0.00001612   converged                                     
               Excitation 15  :     10.15884903 Residual Norm: 0.00001652   converged                                     
               Excitation 16  :     10.16479257 Residual Norm: 0.00001061   converged                                     
               Excitation 17  :     10.16647300 Residual Norm: 0.00002616   converged                                     
               Excitation 18  :     10.16765368 Residual Norm: 0.00001636   converged                                     
               Excitation 19  :     10.17625986 Residual Norm: 0.00000524   converged                                     
               Excitation 20  :     10.17877055 Residual Norm: 0.00001181   converged                                     
               Excitation 21  :     10.19140076 Residual Norm: 0.00002335   converged                                     
               Excitation 22  :     10.19483373 Residual Norm: 0.00002452   converged                                     
               Excitation 23  :     10.19691210 Residual Norm: 0.00002606   converged                                     
               Excitation 24  :     10.19754210 Residual Norm: 0.00005508   converged                                     
               Excitation 25  :     10.19868016 Residual Norm: 0.00003984   converged                                     
               Excitation 26  :     10.20072370 Residual Norm: 0.00002347   converged                                     
               Excitation 27  :     10.20208579 Residual Norm: 0.00001297   converged                                     
               Excitation 28  :     10.20457360 Residual Norm: 0.00001926   converged                                     
               Excitation 29  :     10.20534172 Residual Norm: 0.00001360   converged                                     
               Excitation 30  :     10.20560270 Residual Norm: 0.00001288   converged                                     
               Excitation 31  :     10.20621044 Residual Norm: 0.00002427   converged                                     
               Excitation 32  :     10.20643781 Residual Norm: 0.00001578   converged                                     
               Excitation 33  :     10.21109874 Residual Norm: 0.00000759   converged                                     
               Excitation 34  :     10.21281620 Residual Norm: 0.00003214   converged                                     
               Excitation 35  :     10.21319738 Residual Norm: 0.00002698   converged                                     
               Excitation 36  :     10.21321848 Residual Norm: 0.00001471   converged                                     
               Excitation 37  :     10.21421795 Residual Norm: 0.00003447   converged                                     
               Excitation 38  :     10.21602375 Residual Norm: 0.00002274   converged                                     
               Excitation 39  :     10.21603430 Residual Norm: 0.00001523   converged                                     
               Excitation 40  :     10.22648561 Residual Norm: 0.00002558   converged                                     
               Excitation 41  :     10.22724895 Residual Norm: 0.00000937   converged                                     
               Excitation 42  :     10.22741858 Residual Norm: 0.00000968   converged                                     
               Excitation 43  :     10.22834737 Residual Norm: 0.00002308   converged                                     
               Excitation 44  :     10.22892171 Residual Norm: 0.00002886   converged                                     
               Excitation 45  :     10.23161582 Residual Norm: 0.00002501   converged                                     
               Excitation 46  :     10.23180280 Residual Norm: 0.00002547   converged                                     
               Excitation 47  :     10.23223299 Residual Norm: 0.00001762   converged                                     
               Excitation 48  :     10.23300080 Residual Norm: 0.00001860   converged                                     
               Excitation 49  :     10.23640951 Residual Norm: 0.00001991   converged                                     
               Excitation 50  :     10.23724647 Residual Norm: 0.00002772   converged                                     
               Excitation 51  :     10.23763428 Residual Norm: 0.00005795   converged                                     
               Excitation 52  :     10.23800062 Residual Norm: 0.00007345   converged                                     
               Excitation 53  :     10.24046262 Residual Norm: 0.00001440   converged                                     
               Excitation 54  :     10.24187630 Residual Norm: 0.00002971   converged                                     
               Excitation 55  :     10.24242754 Residual Norm: 0.00003379   converged                                     
               Excitation 56  :     10.24620720 Residual Norm: 0.00002706   converged                                     
               Excitation 57  :     10.24699785 Residual Norm: 0.00006103   converged                                     
               Excitation 58  :     10.24800087 Residual Norm: 0.00005549   converged                                     
               Excitation 59  :     10.24842403 Residual Norm: 0.00002008   converged                                     
               Excitation 60  :     10.25032690 Residual Norm: 0.00003258   converged                                     
               Excitation 61  :     10.25071181 Residual Norm: 0.00006946   converged                                     
               Excitation 62  :     10.25088379 Residual Norm: 0.00001703   converged                                     
               Excitation 63  :     10.25132295 Residual Norm: 0.00003211   converged                                     
               Excitation 64  :     10.25410488 Residual Norm: 0.00003681   converged                                     
               Excitation 65  :     10.25575608 Residual Norm: 0.00002526   converged                                     
               Excitation 66  :     10.25721464 Residual Norm: 0.00005934   converged                                     
               Excitation 67  :     10.25734603 Residual Norm: 0.00003706   converged                                     
               Excitation 68  :     10.25778059 Residual Norm: 0.00004705   converged                                     
               Excitation 69  :     10.25881793 Residual Norm: 0.00005877   converged                                     
               Excitation 70  :     10.25960324 Residual Norm: 0.00002464   converged                                     
               Excitation 71  :     10.26068703 Residual Norm: 0.00004658   converged                                     
               Excitation 72  :     10.26089056 Residual Norm: 0.00001486   converged                                     
               Excitation 73  :     10.26400903 Residual Norm: 0.00008089   converged                                     
               Excitation 74  :     10.26507892 Residual Norm: 0.00009253   converged                                     
               Excitation 75  :     10.26585805 Residual Norm: 0.00010604                                                 
                                                                                                                          
* Info * Processing 1 Fock build...                                                                                       
                                                                                                                          
* Info * 444 gerade trial vectors in reduced space                                                                        
* Info * 444 ungerade trial vectors in reduced space                                                                      
                                                                                                                          
* Info * 268.89 kB of memory used for subspace procedure on the master node                                               
* Info * 363.09 GB of memory available for the solver on the master node                                                  
                                                                                                                          
               *** Iteration:   6 * Residuals (Max,Min): 9.25e-05 and 5.22e-06                                            
                                                                                                                          
               Excitation 1   :     10.08785741 Residual Norm: 0.00001826   converged                                     
               Excitation 2   :     10.09010767 Residual Norm: 0.00002134   converged                                     
               Excitation 3   :     10.09881529 Residual Norm: 0.00002791   converged                                     
               Excitation 4   :     10.10787938 Residual Norm: 0.00000627   converged                                     
               Excitation 5   :     10.11335632 Residual Norm: 0.00002030   converged                                     
               Excitation 6   :     10.12119288 Residual Norm: 0.00002052   converged                                     
               Excitation 7   :     10.12451412 Residual Norm: 0.00001313   converged                                     
               Excitation 8   :     10.12639852 Residual Norm: 0.00001480   converged                                     
               Excitation 9   :     10.12669303 Residual Norm: 0.00001083   converged                                     
               Excitation 10  :     10.12754401 Residual Norm: 0.00001380   converged                                     
               Excitation 11  :     10.14611392 Residual Norm: 0.00001518   converged                                     
               Excitation 12  :     10.14755622 Residual Norm: 0.00001139   converged                                     
               Excitation 13  :     10.14928242 Residual Norm: 0.00001133   converged                                     
               Excitation 14  :     10.15143758 Residual Norm: 0.00001610   converged                                     
               Excitation 15  :     10.15884903 Residual Norm: 0.00001652   converged                                     
               Excitation 16  :     10.16479257 Residual Norm: 0.00001061   converged                                     
               Excitation 17  :     10.16647300 Residual Norm: 0.00002616   converged                                     
               Excitation 18  :     10.16765368 Residual Norm: 0.00001695   converged                                     
               Excitation 19  :     10.17625986 Residual Norm: 0.00000522   converged                                     
               Excitation 20  :     10.17877055 Residual Norm: 0.00001170   converged                                     
               Excitation 21  :     10.19140076 Residual Norm: 0.00002330   converged                                     
               Excitation 22  :     10.19483373 Residual Norm: 0.00002449   converged                                     
               Excitation 23  :     10.19691210 Residual Norm: 0.00002606   converged                                     
               Excitation 24  :     10.19754210 Residual Norm: 0.00005506   converged                                     
               Excitation 25  :     10.19868016 Residual Norm: 0.00003974   converged                                     
               Excitation 26  :     10.20072370 Residual Norm: 0.00002346   converged                                     
               Excitation 27  :     10.20208579 Residual Norm: 0.00001297   converged                                     
               Excitation 28  :     10.20457360 Residual Norm: 0.00001920   converged                                     
               Excitation 29  :     10.20534172 Residual Norm: 0.00001360   converged                                     
               Excitation 30  :     10.20560270 Residual Norm: 0.00001303   converged                                     
               Excitation 31  :     10.20621044 Residual Norm: 0.00002421   converged                                     
               Excitation 32  :     10.20643781 Residual Norm: 0.00001579   converged                                     
               Excitation 33  :     10.21109874 Residual Norm: 0.00000759   converged                                     
               Excitation 34  :     10.21281620 Residual Norm: 0.00003210   converged                                     
               Excitation 35  :     10.21319738 Residual Norm: 0.00002659   converged                                     
               Excitation 36  :     10.21321848 Residual Norm: 0.00001474   converged                                     
               Excitation 37  :     10.21421795 Residual Norm: 0.00003449   converged                                     
               Excitation 38  :     10.21602375 Residual Norm: 0.00002244   converged                                     
               Excitation 39  :     10.21603430 Residual Norm: 0.00001435   converged                                     
               Excitation 40  :     10.22648561 Residual Norm: 0.00002547   converged                                     
               Excitation 41  :     10.22724895 Residual Norm: 0.00000934   converged                                     
               Excitation 42  :     10.22741858 Residual Norm: 0.00000967   converged                                     
               Excitation 43  :     10.22834737 Residual Norm: 0.00002307   converged                                     
               Excitation 44  :     10.22892171 Residual Norm: 0.00002888   converged                                     
               Excitation 45  :     10.23161582 Residual Norm: 0.00002507   converged                                     
               Excitation 46  :     10.23180280 Residual Norm: 0.00002551   converged                                     
               Excitation 47  :     10.23223299 Residual Norm: 0.00001762   converged                                     
               Excitation 48  :     10.23300080 Residual Norm: 0.00001857   converged                                     
               Excitation 49  :     10.23640951 Residual Norm: 0.00001991   converged                                     
               Excitation 50  :     10.23724647 Residual Norm: 0.00002775   converged                                     
               Excitation 51  :     10.23763428 Residual Norm: 0.00005793   converged                                     
               Excitation 52  :     10.23800062 Residual Norm: 0.00007345   converged                                     
               Excitation 53  :     10.24046262 Residual Norm: 0.00001440   converged                                     
               Excitation 54  :     10.24187630 Residual Norm: 0.00002952   converged                                     
               Excitation 55  :     10.24242754 Residual Norm: 0.00003378   converged                                     
               Excitation 56  :     10.24620720 Residual Norm: 0.00002697   converged                                     
               Excitation 57  :     10.24699785 Residual Norm: 0.00006000   converged                                     
               Excitation 58  :     10.24800087 Residual Norm: 0.00005476   converged                                     
               Excitation 59  :     10.24842403 Residual Norm: 0.00002007   converged                                     
               Excitation 60  :     10.25032690 Residual Norm: 0.00003253   converged                                     
               Excitation 61  :     10.25071181 Residual Norm: 0.00006947   converged                                     
               Excitation 62  :     10.25088379 Residual Norm: 0.00001009   converged                                     
               Excitation 63  :     10.25132295 Residual Norm: 0.00003186   converged                                     
               Excitation 64  :     10.25410488 Residual Norm: 0.00003666   converged                                     
               Excitation 65  :     10.25575608 Residual Norm: 0.00002523   converged                                     
               Excitation 66  :     10.25721464 Residual Norm: 0.00005909   converged                                     
               Excitation 67  :     10.25734603 Residual Norm: 0.00003889   converged                                     
               Excitation 68  :     10.25778059 Residual Norm: 0.00004687   converged                                     
               Excitation 69  :     10.25881793 Residual Norm: 0.00005878   converged                                     
               Excitation 70  :     10.25960324 Residual Norm: 0.00002462   converged                                     
               Excitation 71  :     10.26068703 Residual Norm: 0.00004649   converged                                     
               Excitation 72  :     10.26089056 Residual Norm: 0.00001489   converged                                     
               Excitation 73  :     10.26400903 Residual Norm: 0.00008083   converged                                     
               Excitation 74  :     10.26507892 Residual Norm: 0.00009249   converged                                     
               Excitation 75  :     10.26585805 Residual Norm: 0.00001528   converged                                     
                                                                                                                          
* Info * Checkpoint written to file: 0124_c1s_rsp.h5                                                                      
                                                                                                                          
* Info * Time spent in writing checkpoint file: 1.35 sec                                                                  
                                                                                                                          
               *** Linear response converged in 6 iterations. Time: 292.75 sec                                            
                                                                                                                          
                                                                                                                          
* Info * Response solution vectors written to file: 0124_c1s.h5                                                           
                                                                                                                          
               Electric Transition Dipole Moments (dipole length, a.u.)                                                   
               --------------------------------------------------------                                                   
                                                X            Y            Z                                               
               Excited State    S1:      0.020501     0.007676    -0.061793                                               
               Excited State    S2:      0.002338     0.008435    -0.076231                                               
               Excited State    S3:     -0.000989    -0.005106     0.065991                                               
               Excited State    S4:     -0.006630     0.002042     0.071301                                               
               Excited State    S5:      0.004975     0.001351     0.082994                                               
               Excited State    S6:      0.003682    -0.009687     0.033995                                               
               Excited State    S7:      0.000658     0.000272     0.075357                                               
               Excited State    S8:      0.011751     0.005927    -0.020828                                               
               Excited State    S9:     -0.005338     0.002016    -0.020833                                               
               Excited State   S10:     -0.003145    -0.004225    -0.052334                                               
               Excited State   S11:     -0.001926     0.009234    -0.017805                                               
               Excited State   S12:      0.000005    -0.001976     0.031498                                               
               Excited State   S13:      0.001575     0.001803     0.033391                                               
               Excited State   S14:     -0.026312    -0.012391    -0.018927                                               
               Excited State   S15:      0.038179    -0.016740    -0.005977                                               
               Excited State   S16:      0.003829    -0.032952    -0.001014                                               
               Excited State   S17:     -0.005086    -0.045993    -0.002725                                               
               Excited State   S18:      0.004340     0.005983     0.046857                                               
               Excited State   S19:     -0.001382    -0.008454    -0.008759                                               
               Excited State   S20:      0.030489    -0.020359     0.001740                                               
               Excited State   S21:     -0.015108     0.007937    -0.004838                                               
               Excited State   S22:      0.003618     0.002558    -0.017025                                               
               Excited State   S23:     -0.002404    -0.005623     0.007706                                               
               Excited State   S24:     -0.005130     0.001330    -0.007123                                               
               Excited State   S25:     -0.001365    -0.014233    -0.002840                                               
               Excited State   S26:     -0.011430    -0.011290    -0.013461                                               
               Excited State   S27:     -0.022000     0.011082     0.003277                                               
               Excited State   S28:      0.005052    -0.024724    -0.001300                                               
               Excited State   S29:      0.005458     0.051942    -0.002909                                               
               Excited State   S30:     -0.016032    -0.012414     0.010918                                               
               Excited State   S31:      0.000708     0.004065    -0.005329                                               
               Excited State   S32:      0.005697     0.000558    -0.002271                                               
               Excited State   S33:     -0.006805    -0.005788     0.003870                                               
               Excited State   S34:     -0.010739    -0.009421    -0.004346                                               
               Excited State   S35:      0.007918    -0.002879    -0.001563                                               
               Excited State   S36:      0.004447     0.009960     0.000525                                               
               Excited State   S37:      0.000321     0.018141     0.000214                                               
               Excited State   S38:     -0.003935    -0.008552     0.008716                                               
               Excited State   S39:     -0.012686    -0.007377     0.000605                                               
               Excited State   S40:     -0.004931     0.012690     0.002943                                               
               Excited State   S41:      0.002876    -0.004929    -0.002738                                               
               Excited State   S42:      0.008702     0.004574    -0.004691                                               
               Excited State   S43:      0.000547    -0.001257     0.020063                                               
               Excited State   S44:      0.001367    -0.016101    -0.000550                                               
               Excited State   S45:      0.027233     0.018416    -0.002096                                               
               Excited State   S46:     -0.011170     0.008443     0.000296                                               
               Excited State   S47:     -0.010055     0.005491     0.004328                                               
               Excited State   S48:     -0.000795    -0.004678     0.019370                                               
               Excited State   S49:     -0.021641     0.013663     0.003131                                               
               Excited State   S50:     -0.006190     0.003287     0.016370                                               
               Excited State   S51:      0.002556    -0.007975    -0.000300                                               
               Excited State   S52:     -0.004051    -0.001806     0.006502                                               
               Excited State   S53:     -0.004775    -0.000469    -0.009363                                               
               Excited State   S54:     -0.001201    -0.000344    -0.004704                                               
               Excited State   S55:     -0.000364    -0.002192     0.027673                                               
               Excited State   S56:     -0.001704    -0.008250    -0.005166                                               
               Excited State   S57:      0.005114     0.012558     0.004884                                               
               Excited State   S58:      0.000868    -0.005407     0.005336                                               
               Excited State   S59:     -0.011407    -0.005326    -0.010278                                               
               Excited State   S60:     -0.007806     0.006960    -0.000577                                               
               Excited State   S61:     -0.004697    -0.033229    -0.000192                                               
               Excited State   S62:     -0.013884    -0.012641     0.002437                                               
               Excited State   S63:     -0.001906     0.002032     0.001691                                               
               Excited State   S64:      0.020890    -0.018507    -0.000887                                               
               Excited State   S65:      0.004803    -0.000209     0.012230                                               
               Excited State   S66:     -0.001774    -0.005508     0.011370                                               
               Excited State   S67:     -0.004050    -0.004801     0.002509                                               
               Excited State   S68:      0.003437     0.001297    -0.025941                                               
               Excited State   S69:     -0.000380     0.011924     0.016402                                               
               Excited State   S70:     -0.010489    -0.013194    -0.002790                                               
               Excited State   S71:     -0.005235     0.009474    -0.006940                                               
               Excited State   S72:     -0.017445     0.012827     0.000210                                               
               Excited State   S73:     -0.011114     0.004729     0.003091                                               
               Excited State   S74:     -0.002022    -0.003729     0.010269                                               
               Excited State   S75:      0.000925    -0.007682    -0.002938                                               
                                                                                                                          
               Electric Transition Dipole Moments (dipole velocity, a.u.)                                                 
               ----------------------------------------------------------                                                 
                                                X            Y            Z                                               
               Excited State    S1:      0.020271     0.007577    -0.060921                                               
               Excited State    S2:      0.002302     0.008333    -0.075172                                               
               Excited State    S3:     -0.000968    -0.005043     0.065078                                               
               Excited State    S4:     -0.006553     0.002027     0.070311                                               
               Excited State    S5:      0.004899     0.001334     0.081813                                               
               Excited State    S6:      0.003655    -0.009617     0.033520                                               
               Excited State    S7:      0.000653     0.000275     0.074368                                               
               Excited State    S8:      0.011616     0.005888    -0.020524                                               
               Excited State    S9:     -0.005295     0.002002    -0.020567                                               
               Excited State   S10:     -0.003102    -0.004175    -0.051633                                               
               Excited State   S11:     -0.001912     0.009164    -0.017561                                               
               Excited State   S12:      0.000016    -0.001955     0.031115                                               
               Excited State   S13:      0.001563     0.001784     0.032920                                               
               Excited State   S14:     -0.026175    -0.012290    -0.018884                                               
               Excited State   S15:      0.038011    -0.016674    -0.005918                                               
               Excited State   S16:      0.003822    -0.032818    -0.001123                                               
               Excited State   S17:     -0.005237    -0.045709    -0.002668                                               
               Excited State   S18:      0.004294     0.005923     0.046263                                               
               Excited State   S19:     -0.001361    -0.008454    -0.008696                                               
               Excited State   S20:      0.030300    -0.020174     0.001760                                               
               Excited State   S21:     -0.015005     0.007862    -0.004749                                               
               Excited State   S22:      0.003549     0.002542    -0.016916                                               
               Excited State   S23:     -0.002462    -0.005530     0.007442                                               
               Excited State   S24:     -0.005061     0.001267    -0.007004                                               
               Excited State   S25:     -0.001312    -0.014135    -0.002657                                               
               Excited State   S26:     -0.011414    -0.011176    -0.013290                                               
               Excited State   S27:     -0.021926     0.011036     0.003163                                               
               Excited State   S28:      0.005086    -0.024685    -0.001479                                               
               Excited State   S29:      0.005433     0.051539    -0.002931                                               
               Excited State   S30:     -0.015912    -0.012334     0.010811                                               
               Excited State   S31:      0.000732     0.004060    -0.005263                                               
               Excited State   S32:      0.005706     0.000738    -0.002202                                               
               Excited State   S33:     -0.006710    -0.005835     0.003720                                               
               Excited State   S34:     -0.010581    -0.009369    -0.004338                                               
               Excited State   S35:      0.007859    -0.002850    -0.001573                                               
               Excited State   S36:      0.004427     0.009948     0.000739                                               
               Excited State   S37:      0.000423     0.017975     0.000314                                               
               Excited State   S38:     -0.003759    -0.008375     0.008651                                               
               Excited State   S39:     -0.012624    -0.007403     0.000616                                               
               Excited State   S40:     -0.004774     0.012429     0.002853                                               
               Excited State   S41:      0.002748    -0.004914    -0.002825                                               
               Excited State   S42:      0.008632     0.004550    -0.004638                                               
               Excited State   S43:      0.000445    -0.001361     0.019695                                               
               Excited State   S44:      0.001436    -0.016067    -0.000579                                               
               Excited State   S45:      0.027099     0.018452    -0.001992                                               
               Excited State   S46:     -0.011111     0.008236     0.000383                                               
               Excited State   S47:     -0.009755     0.005302     0.004232                                               
               Excited State   S48:     -0.000767    -0.004503     0.019426                                               
               Excited State   S49:     -0.021449     0.013628     0.003087                                               
               Excited State   S50:     -0.006149     0.003299     0.016369                                               
               Excited State   S51:      0.002404    -0.008174    -0.000352                                               
               Excited State   S52:     -0.004268    -0.001731     0.006280                                               
               Excited State   S53:     -0.004962    -0.000464    -0.009301                                               
               Excited State   S54:     -0.001108    -0.000282    -0.004721                                               
               Excited State   S55:     -0.000525    -0.002210     0.027630                                               
               Excited State   S56:     -0.001911    -0.008319    -0.005073                                               
               Excited State   S57:      0.005019     0.012503     0.004970                                               
               Excited State   S58:      0.000863    -0.005328     0.005241                                               
               Excited State   S59:     -0.011280    -0.005232    -0.010067                                               
               Excited State   S60:     -0.007728     0.006937    -0.000576                                               
               Excited State   S61:     -0.004577    -0.032872    -0.000184                                               
               Excited State   S62:     -0.013927    -0.012328     0.002351                                               
               Excited State   S63:     -0.001977     0.002051     0.002601                                               
               Excited State   S64:      0.020738    -0.018350    -0.000823                                               
               Excited State   S65:      0.004841    -0.000065     0.012113                                               
               Excited State   S66:     -0.001747    -0.005517     0.011303                                               
               Excited State   S67:     -0.004015    -0.004670     0.003081                                               
               Excited State   S68:      0.003526     0.001430    -0.025587                                               
               Excited State   S69:     -0.000137     0.011625     0.016054                                               
               Excited State   S70:     -0.010147    -0.013014    -0.002872                                               
               Excited State   S71:     -0.005241     0.009296    -0.006948                                               
               Excited State   S72:     -0.017463     0.012830     0.000188                                               
               Excited State   S73:     -0.010962     0.004728     0.003074                                               
               Excited State   S74:     -0.002119    -0.003549     0.010162                                               
               Excited State   S75:      0.000904    -0.007533    -0.002777                                               
                                                                                                                          
               Magnetic Transition Dipole Moments (a.u.)                                                                  
               -----------------------------------------                                                                  
                                                X            Y            Z                                               
               Excited State    S1:     -0.483380     1.277464     0.022110                                               
               Excited State    S2:      0.934174     0.709503     0.094323                                               
               Excited State    S3:     -0.388871    -1.306176    -0.096612                                               
               Excited State    S4:      0.959202    -0.720387     0.112247                                               
               Excited State    S5:     -0.193216     1.920509    -0.019873                                               
               Excited State    S6:     -0.222550    -0.661077    -0.164368                                               
               Excited State    S7:      0.532627     0.140676    -0.002420                                               
               Excited State    S8:     -0.158665     0.389036     0.043539                                               
               Excited State    S9:      0.143433     0.017953    -0.009936                                               
               Excited State   S10:      0.314838    -0.148555    -0.014628                                               
               Excited State   S11:     -0.231223     0.188355     0.123209                                               
               Excited State   S12:      0.165769     0.071970     0.007558                                               
               Excited State   S13:     -0.233909     0.076865     0.003126                                               
               Excited State   S14:     -0.110823     0.366870    -0.077437                                               
               Excited State   S15:      0.052078     0.127662    -0.124347                                               
               Excited State   S16:      0.009188     0.042438    -0.296087                                               
               Excited State   S17:     -0.029295     0.032214    -0.420096                                               
               Excited State   S18:     -0.262188     0.107741     0.034457                                               
               Excited State   S19:      0.116551     0.089772    -0.101895                                               
               Excited State   S20:     -0.017397    -0.023664    -0.196206                                               
               Excited State   S21:     -0.032791     0.002569     0.099882                                               
               Excited State   S22:     -0.100991     0.345599     0.021032                                               
               Excited State   S23:      0.039280    -0.151023    -0.089444                                               
               Excited State   S24:      0.085091     0.125291     0.023429                                               
               Excited State   S25:      0.035334     0.002234    -0.127356                                               
               Excited State   S26:     -0.070546     0.263302    -0.123287                                               
               Excited State   S27:     -0.043903    -0.061347     0.123569                                               
               Excited State   S28:      0.012968     0.040425    -0.189377                                               
               Excited State   S29:     -0.047060    -0.063230    -1.198091                                               
               Excited State   S30:     -0.075375     0.030703    -0.024499                                               
               Excited State   S31:     -0.079636     0.040282     0.027310                                               
               Excited State   S32:      0.021730     0.052135     0.022377                                               
               Excited State   S33:      0.033152    -0.071428    -0.086287                                               
               Excited State   S34:     -0.060146     0.039331     0.012007                                               
               Excited State   S35:     -0.029189    -0.012008     0.011080                                               
               Excited State   S36:     -0.008535     0.004664     0.173883                                               
               Excited State   S37:      0.003260    -0.004720     0.150949                                               
               Excited State   S38:     -0.057432    -0.087601    -0.049583                                               
               Excited State   S39:     -0.003000     0.093472    -0.005715                                               
               Excited State   S40:     -0.030982    -0.017257     0.047242                                               
               Excited State   S41:     -0.023722     0.064066    -0.100177                                               
               Excited State   S42:      0.006195    -0.100157    -0.086930                                               
               Excited State   S43:      0.128769    -0.416643    -0.022136                                               
               Excited State   S44:     -0.003879     0.009262    -0.176824                                               
               Excited State   S45:     -0.015087    -0.018847    -0.375251                                               
               Excited State   S46:      0.010727     0.009756     0.060714                                               
               Excited State   S47:     -0.012803    -0.108152     0.017032                                               
               Excited State   S48:     -0.263314    -0.163950    -0.040462                                               
               Excited State   S49:      0.034519     0.026441     0.123004                                               
               Excited State   S50:     -0.139154    -0.269648    -0.022003                                               
               Excited State   S51:      0.040271    -0.067437    -0.030734                                               
               Excited State   S52:     -0.014063    -0.118440    -0.017092                                               
               Excited State   S53:      0.072511     0.161698    -0.016665                                               
               Excited State   S54:      0.028553    -0.013963    -0.012624                                               
               Excited State   S55:      0.366916    -0.293183    -0.011022                                               
               Excited State   S56:     -0.067950     0.052025    -0.057581                                               
               Excited State   S57:     -0.023195     0.009020    -0.005105                                               
               Excited State   S58:     -0.006780     0.124999     0.128260                                               
               Excited State   S59:     -0.069570     0.207963    -0.032158                                               
               Excited State   S60:      0.001094     0.017524    -0.031548                                               
               Excited State   S61:      0.034550    -0.009512     0.760882                                               
               Excited State   S62:     -0.024977     0.016251    -0.076620                                               
               Excited State   S63:      0.027387    -0.000878     0.007130                                               
               Excited State   S64:     -0.025052    -0.020394    -0.116479                                               
               Excited State   S65:     -0.066113    -0.240246     0.009065                                               
               Excited State   S66:     -0.180760    -0.229454    -0.110549                                               
               Excited State   S67:     -0.035573     0.006151    -0.016112                                               
               Excited State   S68:      0.024838     0.531327     0.002934                                               
               Excited State   S69:     -0.102194    -0.290696     0.115888                                               
               Excited State   S70:     -0.038022     0.043541    -0.019645                                               
               Excited State   S71:     -0.057147     0.135589     0.219288                                               
               Excited State   S72:      0.012395     0.036488     0.155286                                               
               Excited State   S73:      0.008525    -0.097303    -0.020646                                               
               Excited State   S74:     -0.103041    -0.138698    -0.017512                                               
               Excited State   S75:      0.007017    -0.017865     0.006034                                               
                                                                                                                          
               One-Photon Absorption                                                                                      
               ---------------------                                                                                      
               Excited State    S1:     10.08785741 a.u.    274.50458 eV    Osc.Str.    0.0289                            
               Excited State    S2:     10.09010767 a.u.    274.56582 eV    Osc.Str.    0.0396                            
               Excited State    S3:     10.09881529 a.u.    274.80276 eV    Osc.Str.    0.0295                            
               Excited State    S4:     10.10787938 a.u.    275.04941 eV    Osc.Str.    0.0346                            
               Excited State    S5:     10.11335632 a.u.    275.19845 eV    Osc.Str.    0.0466                            
               Excited State    S6:     10.12119288 a.u.    275.41169 eV    Osc.Str.    0.0085                            
               Excited State    S7:     10.12451412 a.u.    275.50206 eV    Osc.Str.    0.0383                            
               Excited State    S8:     10.12639852 a.u.    275.55334 eV    Osc.Str.    0.0041                            
               Excited State    S9:     10.12669303 a.u.    275.56136 eV    Osc.Str.    0.0031                            
               Excited State   S10:     10.12754401 a.u.    275.58451 eV    Osc.Str.    0.0187                            
               Excited State   S11:     10.14611392 a.u.    276.08982 eV    Osc.Str.    0.0027                            
               Excited State   S12:     10.14755622 a.u.    276.12907 eV    Osc.Str.    0.0067                            
               Excited State   S13:     10.14928242 a.u.    276.17604 eV    Osc.Str.    0.0076                            
               Excited State   S14:     10.15143758 a.u.    276.23469 eV    Osc.Str.    0.0081                            
               Excited State   S15:     10.15884903 a.u.    276.43636 eV    Osc.Str.    0.0120                            
               Excited State   S16:     10.16479257 a.u.    276.59810 eV    Osc.Str.    0.0075                            
               Excited State   S17:     10.16647300 a.u.    276.64382 eV    Osc.Str.    0.0146                            
               Excited State   S18:     10.16765368 a.u.    276.67595 eV    Osc.Str.    0.0153                            
               Excited State   S19:     10.17625986 a.u.    276.91014 eV    Osc.Str.    0.0010                            
               Excited State   S20:     10.17877055 a.u.    276.97846 eV    Osc.Str.    0.0091                            
               Excited State   S21:     10.19140076 a.u.    277.32214 eV    Osc.Str.    0.0021                            
               Excited State   S22:     10.19483373 a.u.    277.41556 eV    Osc.Str.    0.0021                            
               Excited State   S23:     10.19691210 a.u.    277.47211 eV    Osc.Str.    0.0007                            
               Excited State   S24:     10.19754210 a.u.    277.48926 eV    Osc.Str.    0.0005                            
               Excited State   S25:     10.19868016 a.u.    277.52022 eV    Osc.Str.    0.0014                            
               Excited State   S26:     10.20072370 a.u.    277.57583 eV    Osc.Str.    0.0030                            
               Excited State   S27:     10.20208579 a.u.    277.61290 eV    Osc.Str.    0.0042                            
               Excited State   S28:     10.20457360 a.u.    277.68059 eV    Osc.Str.    0.0043                            
               Excited State   S29:     10.20534172 a.u.    277.70150 eV    Osc.Str.    0.0186                            
               Excited State   S30:     10.20560270 a.u.    277.70860 eV    Osc.Str.    0.0036                            
               Excited State   S31:     10.20621044 a.u.    277.72513 eV    Osc.Str.    0.0003                            
               Excited State   S32:     10.20643781 a.u.    277.73132 eV    Osc.Str.    0.0003                            
               Excited State   S33:     10.21109874 a.u.    277.85815 eV    Osc.Str.    0.0006                            
               Excited State   S34:     10.21281620 a.u.    277.90489 eV    Osc.Str.    0.0015                            
               Excited State   S35:     10.21319738 a.u.    277.91526 eV    Osc.Str.    0.0005                            
               Excited State   S36:     10.21321848 a.u.    277.91583 eV    Osc.Str.    0.0008                            
               Excited State   S37:     10.21421795 a.u.    277.94303 eV    Osc.Str.    0.0022                            
               Excited State   S38:     10.21602375 a.u.    277.99217 eV    Osc.Str.    0.0011                            
               Excited State   S39:     10.21603430 a.u.    277.99246 eV    Osc.Str.    0.0015                            
               Excited State   S40:     10.22648561 a.u.    278.27685 eV    Osc.Str.    0.0013                            
               Excited State   S41:     10.22724895 a.u.    278.29762 eV    Osc.Str.    0.0003                            
               Excited State   S42:     10.22741858 a.u.    278.30224 eV    Osc.Str.    0.0008                            
               Excited State   S43:     10.22834737 a.u.    278.32751 eV    Osc.Str.    0.0028                            
               Excited State   S44:     10.22892171 a.u.    278.34314 eV    Osc.Str.    0.0018                            
               Excited State   S45:     10.23161582 a.u.    278.41645 eV    Osc.Str.    0.0074                            
               Excited State   S46:     10.23180280 a.u.    278.42154 eV    Osc.Str.    0.0013                            
               Excited State   S47:     10.23223299 a.u.    278.43324 eV    Osc.Str.    0.0010                            
               Excited State   S48:     10.23300080 a.u.    278.45414 eV    Osc.Str.    0.0027                            
               Excited State   S49:     10.23640951 a.u.    278.54689 eV    Osc.Str.    0.0045                            
               Excited State   S50:     10.23724647 a.u.    278.56967 eV    Osc.Str.    0.0022                            
               Excited State   S51:     10.23763428 a.u.    278.58022 eV    Osc.Str.    0.0005                            
               Excited State   S52:     10.23800062 a.u.    278.59019 eV    Osc.Str.    0.0004                            
               Excited State   S53:     10.24046262 a.u.    278.65718 eV    Osc.Str.    0.0008                            
               Excited State   S54:     10.24187630 a.u.    278.69565 eV    Osc.Str.    0.0002                            
               Excited State   S55:     10.24242754 a.u.    278.71065 eV    Osc.Str.    0.0053                            
               Excited State   S56:     10.24620720 a.u.    278.81350 eV    Osc.Str.    0.0007                            
               Excited State   S57:     10.24699785 a.u.    278.83502 eV    Osc.Str.    0.0014                            
               Excited State   S58:     10.24800087 a.u.    278.86231 eV    Osc.Str.    0.0004                            
               Excited State   S59:     10.24842403 a.u.    278.87382 eV    Osc.Str.    0.0018                            
               Excited State   S60:     10.25032690 a.u.    278.92560 eV    Osc.Str.    0.0007                            
               Excited State   S61:     10.25071181 a.u.    278.93608 eV    Osc.Str.    0.0077                            
               Excited State   S62:     10.25088379 a.u.    278.94076 eV    Osc.Str.    0.0024                            
               Excited State   S63:     10.25132295 a.u.    278.95271 eV    Osc.Str.    0.0001                            
               Excited State   S64:     10.25410488 a.u.    279.02841 eV    Osc.Str.    0.0053                            
               Excited State   S65:     10.25575608 a.u.    279.07334 eV    Osc.Str.    0.0012                            
               Excited State   S66:     10.25721464 a.u.    279.11303 eV    Osc.Str.    0.0011                            
               Excited State   S67:     10.25734603 a.u.    279.11660 eV    Osc.Str.    0.0003                            
               Excited State   S68:     10.25778059 a.u.    279.12843 eV    Osc.Str.    0.0047                            
               Excited State   S69:     10.25881793 a.u.    279.15666 eV    Osc.Str.    0.0028                            
               Excited State   S70:     10.25960324 a.u.    279.17803 eV    Osc.Str.    0.0020                            
               Excited State   S71:     10.26068703 a.u.    279.20752 eV    Osc.Str.    0.0011                            
               Excited State   S72:     10.26089056 a.u.    279.21306 eV    Osc.Str.    0.0032                            
               Excited State   S73:     10.26400903 a.u.    279.29791 eV    Osc.Str.    0.0011                            
               Excited State   S74:     10.26507892 a.u.    279.32703 eV    Osc.Str.    0.0008                            
               Excited State   S75:     10.26585805 a.u.    279.34823 eV    Osc.Str.    0.0005                            
                                                                                                                          
               Electronic Circular Dichroism                                                                              
               -----------------------------                                                                              
               Excited State    S1:     Rot.Str.     -0.001466 a.u.    -0.6911 [10**(-40) cgs]                            
               Excited State    S2:     Rot.Str.      0.000973 a.u.     0.4585 [10**(-40) cgs]                            
               Excited State    S3:     Rot.Str.      0.000677 a.u.     0.3190 [10**(-40) cgs]                            
               Excited State    S4:     Rot.Str.      0.000147 a.u.     0.0691 [10**(-40) cgs]                            
               Excited State    S5:     Rot.Str.     -0.000011 a.u.    -0.0051 [10**(-40) cgs]                            
               Excited State    S6:     Rot.Str.      0.000035 a.u.     0.0164 [10**(-40) cgs]                            
               Excited State    S7:     Rot.Str.      0.000206 a.u.     0.0973 [10**(-40) cgs]                            
               Excited State    S8:     Rot.Str.     -0.000446 a.u.    -0.2103 [10**(-40) cgs]                            
               Excited State    S9:     Rot.Str.     -0.000519 a.u.    -0.2448 [10**(-40) cgs]                            
               Excited State   S10:     Rot.Str.      0.000399 a.u.     0.1880 [10**(-40) cgs]                            
               Excited State   S11:     Rot.Str.      0.000005 a.u.     0.0022 [10**(-40) cgs]                            
               Excited State   S12:     Rot.Str.      0.000097 a.u.     0.0458 [10**(-40) cgs]                            
               Excited State   S13:     Rot.Str.     -0.000125 a.u.    -0.0592 [10**(-40) cgs]                            
               Excited State   S14:     Rot.Str.     -0.000146 a.u.    -0.0688 [10**(-40) cgs]                            
               Excited State   S15:     Rot.Str.      0.000587 a.u.     0.2766 [10**(-40) cgs]                            
               Excited State   S16:     Rot.Str.     -0.001025 a.u.    -0.4832 [10**(-40) cgs]                            
               Excited State   S17:     Rot.Str.     -0.000198 a.u.    -0.0935 [10**(-40) cgs]                            
               Excited State   S18:     Rot.Str.      0.001106 a.u.     0.5216 [10**(-40) cgs]                            
               Excited State   S19:     Rot.Str.     -0.000032 a.u.    -0.0149 [10**(-40) cgs]                            
               Excited State   S20:     Rot.Str.     -0.000395 a.u.    -0.1863 [10**(-40) cgs]                            
               Excited State   S21:     Rot.Str.      0.000038 a.u.     0.0179 [10**(-40) cgs]                            
               Excited State   S22:     Rot.Str.      0.000164 a.u.     0.0775 [10**(-40) cgs]                            
               Excited State   S23:     Rot.Str.      0.000073 a.u.     0.0343 [10**(-40) cgs]                            
               Excited State   S24:     Rot.Str.     -0.000436 a.u.    -0.2055 [10**(-40) cgs]                            
               Excited State   S25:     Rot.Str.      0.000260 a.u.     0.1228 [10**(-40) cgs]                            
               Excited State   S26:     Rot.Str.     -0.000499 a.u.    -0.2352 [10**(-40) cgs]                            
               Excited State   S27:     Rot.Str.      0.000676 a.u.     0.3189 [10**(-40) cgs]                            
               Excited State   S28:     Rot.Str.     -0.000652 a.u.    -0.3073 [10**(-40) cgs]                            
               Excited State   S29:     Rot.Str.     -0.000002 a.u.    -0.0011 [10**(-40) cgs]                            
               Excited State   S30:     Rot.Str.      0.000556 a.u.     0.2621 [10**(-40) cgs]                            
               Excited State   S31:     Rot.Str.     -0.000038 a.u.    -0.0181 [10**(-40) cgs]                            
               Excited State   S32:     Rot.Str.      0.000113 a.u.     0.0534 [10**(-40) cgs]                            
               Excited State   S33:     Rot.Str.     -0.000127 a.u.    -0.0597 [10**(-40) cgs]                            
               Excited State   S34:     Rot.Str.      0.000216 a.u.     0.1018 [10**(-40) cgs]                            
               Excited State   S35:     Rot.Str.     -0.000213 a.u.    -0.1002 [10**(-40) cgs]                            
               Excited State   S36:     Rot.Str.      0.000137 a.u.     0.0646 [10**(-40) cgs]                            
               Excited State   S37:     Rot.Str.     -0.000036 a.u.    -0.0170 [10**(-40) cgs]                            
               Excited State   S38:     Rot.Str.      0.000521 a.u.     0.2454 [10**(-40) cgs]                            
               Excited State   S39:     Rot.Str.     -0.000658 a.u.    -0.3100 [10**(-40) cgs]                            
               Excited State   S40:     Rot.Str.      0.000068 a.u.     0.0321 [10**(-40) cgs]                            
               Excited State   S41:     Rot.Str.     -0.000097 a.u.    -0.0457 [10**(-40) cgs]                            
               Excited State   S42:     Rot.Str.      0.000001 a.u.     0.0004 [10**(-40) cgs]                            
               Excited State   S43:     Rot.Str.      0.000188 a.u.     0.0888 [10**(-40) cgs]                            
               Excited State   S44:     Rot.Str.     -0.000052 a.u.    -0.0245 [10**(-40) cgs]                            
               Excited State   S45:     Rot.Str.     -0.000009 a.u.    -0.0042 [10**(-40) cgs]                            
               Excited State   S46:     Rot.Str.     -0.000016 a.u.    -0.0073 [10**(-40) cgs]                            
               Excited State   S47:     Rot.Str.     -0.000376 a.u.    -0.1775 [10**(-40) cgs]                            
               Excited State   S48:     Rot.Str.      0.000154 a.u.     0.0727 [10**(-40) cgs]                            
               Excited State   S49:     Rot.Str.     -0.000000 a.u.    -0.0002 [10**(-40) cgs]                            
               Excited State   S50:     Rot.Str.     -0.000394 a.u.    -0.1858 [10**(-40) cgs]                            
               Excited State   S51:     Rot.Str.      0.000659 a.u.     0.3106 [10**(-40) cgs]                            
               Excited State   S52:     Rot.Str.      0.000158 a.u.     0.0743 [10**(-40) cgs]                            
               Excited State   S53:     Rot.Str.     -0.000280 a.u.    -0.1319 [10**(-40) cgs]                            
               Excited State   S54:     Rot.Str.      0.000032 a.u.     0.0150 [10**(-40) cgs]                            
               Excited State   S55:     Rot.Str.      0.000151 a.u.     0.0711 [10**(-40) cgs]                            
               Excited State   S56:     Rot.Str.     -0.000011 a.u.    -0.0051 [10**(-40) cgs]                            
               Excited State   S57:     Rot.Str.     -0.000029 a.u.    -0.0137 [10**(-40) cgs]                            
               Excited State   S58:     Rot.Str.      0.000000 a.u.     0.0002 [10**(-40) cgs]                            
               Excited State   S59:     Rot.Str.      0.000020 a.u.     0.0096 [10**(-40) cgs]                            
               Excited State   S60:     Rot.Str.      0.000131 a.u.     0.0619 [10**(-40) cgs]                            
               Excited State   S61:     Rot.Str.      0.000015 a.u.     0.0070 [10**(-40) cgs]                            
               Excited State   S62:     Rot.Str.     -0.000033 a.u.    -0.0154 [10**(-40) cgs]                            
               Excited State   S63:     Rot.Str.     -0.000037 a.u.    -0.0176 [10**(-40) cgs]                            
               Excited State   S64:     Rot.Str.     -0.000049 a.u.    -0.0233 [10**(-40) cgs]                            
               Excited State   S65:     Rot.Str.     -0.000195 a.u.    -0.0918 [10**(-40) cgs]                            
               Excited State   S66:     Rot.Str.      0.000332 a.u.     0.1565 [10**(-40) cgs]                            
               Excited State   S67:     Rot.Str.      0.000064 a.u.     0.0304 [10**(-40) cgs]                            
               Excited State   S68:     Rot.Str.      0.000772 a.u.     0.3640 [10**(-40) cgs]                            
               Excited State   S69:     Rot.Str.     -0.001505 a.u.    -0.7095 [10**(-40) cgs]                            
               Excited State   S70:     Rot.Str.     -0.000124 a.u.    -0.0587 [10**(-40) cgs]                            
               Excited State   S71:     Rot.Str.      0.000036 a.u.     0.0172 [10**(-40) cgs]                            
               Excited State   S72:     Rot.Str.      0.000281 a.u.     0.1324 [10**(-40) cgs]                            
               Excited State   S73:     Rot.Str.     -0.000617 a.u.    -0.2908 [10**(-40) cgs]                            
               Excited State   S74:     Rot.Str.      0.000533 a.u.     0.2511 [10**(-40) cgs]                            
               Excited State   S75:     Rot.Str.      0.000124 a.u.     0.0585 [10**(-40) cgs]                            
                                                                                                                          
               Character of excitations:                                                                                  
                                                                                                                          
               Excited state 1                                                                                            
               ---------------                                                                                            
               core_8   -> LUMO        -0.6070                                                                            
               core_9   -> LUMO        -0.5129                                                                            
               core_8   -> LUMO+5       0.3021                                                                            
               core_9   -> LUMO+5       0.2409                                                                            
                                                                                                                          
               Excited state 2                                                                                            
               ---------------                                                                                            
               core_9   -> LUMO         0.4506                                                                            
               core_8   -> LUMO        -0.4044                                                                            
               core_9   -> LUMO+2      -0.3937                                                                            
               core_9   -> LUMO+1      -0.3498                                                                            
               core_8   -> LUMO+2       0.3352                                                                            
               core_8   -> LUMO+1       0.2931                                                                            
                                                                                                                          
               Excited state 3                                                                                            
               ---------------                                                                                            
               core_7   -> LUMO+2       0.6144                                                                            
               core_7   -> LUMO+1       0.5645                                                                            
               core_7   -> LUMO        -0.3579                                                                            
                                                                                                                          
               Excited state 4                                                                                            
               ---------------                                                                                            
               core_6   -> LUMO         0.7080                                                                            
               core_6   -> LUMO+2      -0.4279                                                                            
               core_6   -> LUMO+1      -0.2777                                                                            
               core_6   -> LUMO+5      -0.2771                                                                            
               core_6   -> LUMO+8       0.2072                                                                            
               core_6   -> LUMO+6       0.2023                                                                            
                                                                                                                          
               Excited state 5                                                                                            
               ---------------                                                                                            
               core_3   -> LUMO         0.8887                                                                            
               core_3   -> LUMO+5       0.3115                                                                            
                                                                                                                          
               Excited state 6                                                                                            
               ---------------                                                                                            
               core_7   -> LUMO         0.7519                                                                            
               core_7   -> LUMO+5      -0.4575                                                                            
               core_7   -> LUMO+1       0.2168                                                                            
               core_9   -> LUMO         0.2042                                                                            
                                                                                                                          
               Excited state 7                                                                                            
               ---------------                                                                                            
               core_4   -> LUMO        -0.6246                                                                            
               core_4   -> LUMO+2      -0.5162                                                                            
               core_4   -> LUMO+1      -0.4300                                                                            
               core_4   -> LUMO+5       0.2043                                                                            
                                                                                                                          
               Excited state 8                                                                                            
               ---------------                                                                                            
               core_8   -> LUMO+1      -0.5411                                                                            
               core_8   -> LUMO+2      -0.4750                                                                            
               core_9   -> LUMO+1      -0.4127                                                                            
               core_9   -> LUMO+2      -0.3628                                                                            
               core_8   -> LUMO+5       0.2342                                                                            
                                                                                                                          
               Excited state 9                                                                                            
               ---------------                                                                                            
               core_9   -> LUMO         0.4527                                                                            
               core_8   -> LUMO        -0.3835                                                                            
               core_9   -> LUMO+5      -0.3174                                                                            
               core_9   -> LUMO+1       0.3167                                                                            
               core_9   -> LUMO+2       0.2774                                                                            
               core_5   -> LUMO        -0.2733                                                                            
               core_8   -> LUMO+5       0.2591                                                                            
               core_8   -> LUMO+1      -0.2404                                                                            
               core_8   -> LUMO+2      -0.2086                                                                            
                                                                                                                          
               Excited state 10                                                                                           
               ----------------                                                                                           
               core_5   -> LUMO        -0.8440                                                                            
               core_5   -> LUMO+5       0.2393                                                                            
                                                                                                                          
               Excited state 11                                                                                           
               ----------------                                                                                           
               core_6   -> LUMO+1       0.6323                                                                            
               core_6   -> LUMO+2       0.5072                                                                            
               core_6   -> LUMO         0.4813                                                                            
               core_6   -> LUMO+5      -0.2539                                                                            
                                                                                                                          
               Excited state 12                                                                                           
               ----------------                                                                                           
               core_4   -> LUMO         0.6972                                                                            
               core_4   -> LUMO+2      -0.4656                                                                            
               core_4   -> LUMO+1      -0.3796                                                                            
                                                                                                                          
               Excited state 13                                                                                           
               ----------------                                                                                           
               core_5   -> LUMO+1       0.5546                                                                            
               core_5   -> LUMO+2       0.4819                                                                            
               core_5   -> LUMO+5      -0.4522                                                                            
               core_5   -> LUMO        -0.3286                                                                            
                                                                                                                          
               Excited state 14                                                                                           
               ----------------                                                                                           
               core_8   -> LUMO+2      -0.4470                                                                            
               core_8   -> LUMO+1       0.4200                                                                            
               core_9   -> LUMO+2      -0.3641                                                                            
               core_9   -> LUMO+1       0.3417                                                                            
               core_8   -> LUMO+4       0.2584                                                                            
               core_8   -> LUMO+6       0.2194                                                                            
               core_9   -> LUMO+4       0.2139                                                                            
               core_8   -> LUMO+5       0.2110                                                                            
                                                                                                                          
               Excited state 15                                                                                           
               ----------------                                                                                           
               core_7   -> LUMO+4       0.5785                                                                            
               core_7   -> LUMO+2      -0.4336                                                                            
               core_7   -> LUMO+1       0.4215                                                                            
               core_7   -> LUMO+8      -0.3045                                                                            
                                                                                                                          
               Excited state 16                                                                                           
               ----------------                                                                                           
               core_9   -> LUMO+4      -0.3788                                                                            
               core_9   -> LUMO+2       0.3618                                                                            
               core_8   -> LUMO+4       0.3230                                                                            
               core_8   -> LUMO+2      -0.3047                                                                            
               core_9   -> LUMO+1      -0.2739                                                                            
               core_9   -> LUMO+5       0.2557                                                                            
               core_8   -> LUMO+1       0.2312                                                                            
               core_8   -> LUMO+5      -0.2127                                                                            
                                                                                                                          
               Excited state 17                                                                                           
               ----------------                                                                                           
               core_6   -> LUMO+2       0.6108                                                                            
               core_6   -> LUMO+1      -0.6010                                                                            
               core_6   -> LUMO+9       0.2424                                                                            
                                                                                                                          
               Excited state 18                                                                                           
               ----------------                                                                                           
               core_5   -> LUMO+5      -0.6148                                                                            
               core_5   -> LUMO+2      -0.5331                                                                            
               core_5   -> LUMO+6       0.2924                                                                            
               core_5   -> LUMO+8       0.2725                                                                            
                                                                                                                          
               Excited state 19                                                                                           
               ----------------                                                                                           
               core_9   -> LUMO+5      -0.4874                                                                            
               core_8   -> LUMO+5       0.4034                                                                            
               core_9   -> LUMO+6       0.3421                                                                            
               core_9   -> LUMO        -0.2838                                                                            
               core_8   -> LUMO+6      -0.2833                                                                            
               core_9   -> LUMO+8       0.2343                                                                            
               core_8   -> LUMO         0.2339                                                                            
                                                                                                                          
               Excited state 20                                                                                           
               ----------------                                                                                           
               core_4   -> LUMO+1       0.5527                                                                            
               core_4   -> LUMO+2      -0.4962                                                                            
               core_4   -> LUMO+5      -0.3303                                                                            
               core_4   -> LUMO+10     -0.2640                                                                            
               core_4   -> LUMO+9      -0.2053                                                                            
                                                                                                                          
               Excited state 21                                                                                           
               ----------------                                                                                           
               core_4   -> LUMO+5      -0.7277                                                                            
               core_4   -> LUMO+6       0.4383                                                                            
               core_4   -> LUMO+9       0.2390                                                                            
               core_4   -> LUMO+8       0.2023                                                                            
                                                                                                                          
               Excited state 22                                                                                           
               ----------------                                                                                           
               core_8   -> LUMO+5       0.4868                                                                            
               core_9   -> LUMO+5       0.4053                                                                            
               core_8   -> LUMO         0.3963                                                                            
               core_9   -> LUMO         0.3274                                                                            
               core_8   -> LUMO+6      -0.2426                                                                            
               core_9   -> LUMO+6      -0.2038                                                                            
               core_8   -> LUMO+4       0.2026                                                                            
                                                                                                                          
               Excited state 23                                                                                           
               ----------------                                                                                           
               core_8   -> LUMO+4       0.5730                                                                            
               core_9   -> LUMO+4       0.4589                                                                            
               core_8   -> LUMO+9       0.2587                                                                            
               core_8   -> LUMO+5      -0.2077                                                                            
                                                                                                                          
               Excited state 24                                                                                           
               ----------------                                                                                           
               core_7   -> LUMO+5       0.6753                                                                            
               core_7   -> LUMO         0.4395                                                                            
               core_7   -> LUMO+6      -0.3554                                                                            
               core_7   -> LUMO+2       0.2523                                                                            
                                                                                                                          
               Excited state 25                                                                                           
               ----------------                                                                                           
               core_9   -> LUMO+9       0.3962                                                                            
               core_9   -> LUMO+8       0.3580                                                                            
               core_9   -> LUMO+3      -0.3494                                                                            
               core_8   -> LUMO+9      -0.3172                                                                            
               core_8   -> LUMO+8      -0.2845                                                                            
               core_8   -> LUMO+3       0.2801                                                                            
               core_9   -> LUMO+6      -0.2348                                                                            
               core_9   -> LUMO+7       0.2018                                                                            
                                                                                                                          
               Excited state 26                                                                                           
               ----------------                                                                                           
               core_8   -> LUMO+6       0.4456                                                                            
               core_9   -> LUMO+6       0.3479                                                                            
               core_8   -> LUMO+9      -0.3307                                                                            
               core_8   -> LUMO+3       0.2685                                                                            
               core_9   -> LUMO+9      -0.2541                                                                            
               core_8   -> LUMO+13     -0.2153                                                                            
               core_9   -> LUMO+3       0.2058                                                                            
                                                                                                                          
               Excited state 27                                                                                           
               ----------------                                                                                           
               core_7   -> LUMO+8       0.4893                                                                            
               core_7   -> LUMO+1       0.4050                                                                            
               core_7   -> LUMO+2      -0.3738                                                                            
               core_7   -> LUMO+7       0.3186                                                                            
               core_7   -> LUMO+4      -0.2119                                                                            
               core_7   -> LUMO+3      -0.2112                                                                            
                                                                                                                          
               Excited state 28                                                                                           
               ----------------                                                                                           
               core_9   -> LUMO+1       0.4144                                                                            
               core_8   -> LUMO+1      -0.3448                                                                            
               core_9   -> LUMO+2      -0.3310                                                                            
               core_8   -> LUMO+2       0.2767                                                                            
               core_9   -> LUMO+4      -0.2613                                                                            
               core_9   -> LUMO+10     -0.2251                                                                            
               core_9   -> LUMO+5       0.2138                                                                            
               core_8   -> LUMO+4       0.2137                                                                            
                                                                                                                          
               Excited state 29                                                                                           
               ----------------                                                                                           
               core_3   -> LUMO+1      -0.5327                                                                            
               core_3   -> LUMO+2       0.3408                                                                            
               core_3   -> LUMO+3      -0.3160                                                                            
               core_3   -> LUMO+10      0.3100                                                                            
               core_3   -> LUMO+4       0.3083                                                                            
               core_3   -> LUMO+11     -0.2505                                                                            
               core_3   -> LUMO+6       0.2447                                                                            
               core_3   -> LUMO+5       0.2047                                                                            
               core_3   -> LUMO+7       0.2046                                                                            
                                                                                                                          
               Excited state 30                                                                                           
               ----------------                                                                                           
               core_5   -> LUMO+1      -0.5943                                                                            
               core_5   -> LUMO+2       0.4785                                                                            
               core_5   -> LUMO+6       0.3940                                                                            
               core_5   -> LUMO+9       0.2174                                                                            
                                                                                                                          
               Excited state 31                                                                                           
               ----------------                                                                                           
               core_6   -> LUMO+5       0.8135                                                                            
               core_6   -> LUMO         0.4649                                                                            
               core_6   -> LUMO+6      -0.2532                                                                            
                                                                                                                          
               Excited state 32                                                                                           
               ----------------                                                                                           
               core_7   -> LUMO+6       0.5568                                                                            
               core_7   -> LUMO+9      -0.4007                                                                            
               core_7   -> LUMO+5       0.3582                                                                            
               core_7   -> LUMO+4      -0.3327                                                                            
               core_7   -> LUMO+3       0.2511                                                                            
               core_7   -> LUMO+13     -0.2081                                                                            
                                                                                                                          
               Excited state 33                                                                                           
               ----------------                                                                                           
               core_8   -> LUMO+8       0.3590                                                                            
               core_8   -> LUMO+7       0.3448                                                                            
               core_9   -> LUMO+8       0.2830                                                                            
               core_9   -> LUMO+7       0.2796                                                                            
               core_8   -> LUMO+6       0.2740                                                                            
               core_8   -> LUMO+3      -0.2541                                                                            
               core_9   -> LUMO+6       0.2361                                                                            
               core_8   -> LUMO+9       0.2141                                                                            
               core_9   -> LUMO+3      -0.2075                                                                            
                                                                                                                          
               Excited state 34                                                                                           
               ----------------                                                                                           
               core_6   -> LUMO+6      -0.6174                                                                            
               core_6   -> LUMO+4      -0.5730                                                                            
               core_6   -> LUMO+7      -0.2620                                                                            
               core_6   -> LUMO+10     -0.2555                                                                            
                                                                                                                          
               Excited state 35                                                                                           
               ----------------                                                                                           
               core_4   -> LUMO+3       0.5934                                                                            
               core_4   -> LUMO+9      -0.3470                                                                            
               core_4   -> LUMO+1      -0.2612                                                                            
               core_4   -> LUMO+8      -0.2433                                                                            
               core_4   -> LUMO+6       0.2393                                                                            
               core_4   -> LUMO+4      -0.2037                                                                            
                                                                                                                          
               Excited state 36                                                                                           
               ----------------                                                                                           
               core_9   -> LUMO+6      -0.4976                                                                            
               core_8   -> LUMO+6       0.4160                                                                            
               core_9   -> LUMO+4      -0.3730                                                                            
               core_8   -> LUMO+4       0.3047                                                                            
                                                                                                                          
               Excited state 37                                                                                           
               ----------------                                                                                           
               core_6   -> LUMO+9      -0.5676                                                                            
               core_6   -> LUMO+3       0.4924                                                                            
               core_6   -> LUMO+6       0.3294                                                                            
               core_6   -> LUMO+4      -0.3188                                                                            
               core_6   -> LUMO+8      -0.2036                                                                            
                                                                                                                          
               Excited state 38                                                                                           
               ----------------                                                                                           
               core_7   -> LUMO+6       0.4449                                                                            
               core_7   -> LUMO+4       0.3180                                                                            
               core_7   -> LUMO+9       0.3179                                                                            
               core_5   -> LUMO+3      -0.3057                                                                            
               core_5   -> LUMO+4       0.2533                                                                            
               core_7   -> LUMO+1      -0.2395                                                                            
               core_5   -> LUMO+6      -0.2206                                                                            
               core_7   -> LUMO+7       0.2129                                                                            
               core_5   -> LUMO+9       0.2072                                                                            
                                                                                                                          
               Excited state 39                                                                                           
               ----------------                                                                                           
               core_5   -> LUMO+3      -0.4175                                                                            
               core_5   -> LUMO+4       0.3455                                                                            
               core_7   -> LUMO+6      -0.3255                                                                            
               core_5   -> LUMO+6      -0.2993                                                                            
               core_5   -> LUMO+9       0.2840                                                                            
               core_5   -> LUMO+8       0.2352                                                                            
               core_7   -> LUMO+9      -0.2347                                                                            
               core_7   -> LUMO+4      -0.2337                                                                            
                                                                                                                          
               Excited state 40                                                                                           
               ----------------                                                                                           
               core_9   -> LUMO+3      -0.6495                                                                            
               core_8   -> LUMO+3       0.4869                                                                            
               core_9   -> LUMO+9      -0.3033                                                                            
               core_8   -> LUMO+9       0.2399                                                                            
                                                                                                                          
               Excited state 41                                                                                           
               ----------------                                                                                           
               core_8   -> LUMO+3       0.6263                                                                            
               core_9   -> LUMO+3       0.4662                                                                            
               core_8   -> LUMO+8       0.3032                                                                            
               core_9   -> LUMO+8       0.2435                                                                            
                                                                                                                          
               Excited state 42                                                                                           
               ----------------                                                                                           
               core_3   -> LUMO+2      -0.6538                                                                            
               core_3   -> LUMO+1      -0.5247                                                                            
               core_3   -> LUMO+5       0.3857                                                                            
               core_3   -> LUMO+3       0.2520                                                                            
                                                                                                                          
               Excited state 43                                                                                           
               ----------------                                                                                           
               core_8   -> LUMO+7       0.5171                                                                            
               core_9   -> LUMO+7       0.4224                                                                            
               core_8   -> LUMO+14     -0.2909                                                                            
               core_8   -> LUMO+8      -0.2876                                                                            
               core_8   -> LUMO+13      0.2519                                                                            
               core_9   -> LUMO+14     -0.2372                                                                            
               core_9   -> LUMO+8      -0.2358                                                                            
               core_9   -> LUMO+13      0.2037                                                                            
                                                                                                                          
               Excited state 44                                                                                           
               ----------------                                                                                           
               core_6   -> LUMO+3       0.5844                                                                            
               core_6   -> LUMO+4       0.5505                                                                            
               core_6   -> LUMO+10     -0.2971                                                                            
               core_6   -> LUMO+2      -0.2058                                                                            
               core_6   -> LUMO+11      0.2041                                                                            
                                                                                                                          
               Excited state 45                                                                                           
               ----------------                                                                                           
               core_3   -> LUMO+3       0.7365                                                                            
               core_3   -> LUMO+6       0.3757                                                                            
               core_3   -> LUMO+8      -0.2496                                                                            
               core_3   -> LUMO+10      0.2486                                                                            
               core_3   -> LUMO+9       0.2467                                                                            
               core_3   -> LUMO+2       0.2444                                                                            
                                                                                                                          
               Excited state 46                                                                                           
               ----------------                                                                                           
               core_4   -> LUMO+6      -0.5308                                                                            
               core_4   -> LUMO+4      -0.3572                                                                            
               core_4   -> LUMO+5      -0.3023                                                                            
               core_4   -> LUMO+15      0.2936                                                                            
               core_4   -> LUMO+1      -0.2651                                                                            
                                                                                                                          
               Excited state 47                                                                                           
               ----------------                                                                                           
               core_7   -> LUMO+3       0.8592                                                                            
               core_7   -> LUMO+4       0.2217                                                                            
               core_7   -> LUMO+14      0.2100                                                                            
                                                                                                                          
               Excited state 48                                                                                           
               ----------------                                                                                           
               core_9   -> LUMO+7       0.4906                                                                            
               core_9   -> LUMO+8      -0.4106                                                                            
               core_8   -> LUMO+7      -0.4056                                                                            
               core_8   -> LUMO+8       0.3377                                                                            
               core_9   -> LUMO+5      -0.2041                                                                            
                                                                                                                          
               Excited state 49                                                                                           
               ----------------                                                                                           
               core_4   -> LUMO+3      -0.4545                                                                            
               core_4   -> LUMO+4      -0.4367                                                                            
               core_4   -> LUMO+6       0.4268                                                                            
               core_4   -> LUMO+8      -0.3223                                                                            
               core_4   -> LUMO+15      0.2966                                                                            
                                                                                                                          
               Excited state 50                                                                                           
               ----------------                                                                                           
               core_7   -> LUMO+7      -0.4319                                                                            
               core_7   -> LUMO+8       0.3782                                                                            
               core_7   -> LUMO+9      -0.2631                                                                            
               core_7   -> LUMO+14      0.2629                                                                            
               core_7   -> LUMO+10      0.2575                                                                            
               core_9   -> LUMO+10      0.2201                                                                            
               core_7   -> LUMO+13     -0.2187                                                                            
               core_9   -> LUMO+9      -0.2045                                                                            
                                                                                                                          
               Excited state 51                                                                                           
               ----------------                                                                                           
               core_9   -> LUMO+7      -0.3699                                                                            
               core_8   -> LUMO+7       0.2869                                                                            
               core_7   -> LUMO+8       0.2308                                                                            
               core_8   -> LUMO+9      -0.2199                                                                            
               core_9   -> LUMO+8      -0.2179                                                                            
               core_9   -> LUMO+11     -0.2177                                                                            
               core_9   -> LUMO+9       0.2163                                                                            
               core_8   -> LUMO+8       0.2121                                                                            
               core_8   -> LUMO+10      0.2059                                                                            
               core_9   -> LUMO+12      0.2003                                                                            
                                                                                                                          
               Excited state 52                                                                                           
               ----------------                                                                                           
               core_8   -> LUMO+10     -0.4602                                                                            
               core_9   -> LUMO+10     -0.3526                                                                            
               core_8   -> LUMO+9       0.3333                                                                            
               core_8   -> LUMO+4      -0.3315                                                                            
               core_9   -> LUMO+4      -0.2509                                                                            
               core_9   -> LUMO+9       0.2478                                                                            
                                                                                                                          
               Excited state 53                                                                                           
               ----------------                                                                                           
               core_7   -> LUMO+7       0.5412                                                                            
               core_7   -> LUMO+10      0.4921                                                                            
               core_7   -> LUMO+9      -0.3974                                                                            
               core_7   -> LUMO+4       0.3081                                                                            
               core_7   -> LUMO+11      0.2919                                                                            
                                                                                                                          
               Excited state 54                                                                                           
               ----------------                                                                                           
               core_5   -> LUMO+4       0.7630                                                                            
               core_5   -> LUMO+8      -0.3521                                                                            
               core_5   -> LUMO+10      0.2550                                                                            
               core_5   -> LUMO+7      -0.2118                                                                            
                                                                                                                          
               Excited state 55                                                                                           
               ----------------                                                                                           
               core_6   -> LUMO+7      -0.7147                                                                            
               core_6   -> LUMO+8       0.4295                                                                            
               core_6   -> LUMO+2       0.2059                                                                            
                                                                                                                          
               Excited state 56                                                                                           
               ----------------                                                                                           
               core_6   -> LUMO+8      -0.6869                                                                            
               core_6   -> LUMO+3      -0.4521                                                                            
               core_6   -> LUMO+7      -0.3382                                                                            
               core_6   -> LUMO+4       0.2010                                                                            
                                                                                                                          
               Excited state 57                                                                                           
               ----------------                                                                                           
               core_5   -> LUMO+6      -0.6292                                                                            
               core_5   -> LUMO+3       0.3989                                                                            
               core_5   -> LUMO+1      -0.3897                                                                            
               core_5   -> LUMO+5      -0.3318                                                                            
                                                                                                                          
               Excited state 58                                                                                           
               ----------------                                                                                           
               core_3   -> LUMO+5       0.6588                                                                            
               core_3   -> LUMO        -0.4144                                                                            
               core_3   -> LUMO+2       0.3694                                                                            
               core_3   -> LUMO+6      -0.3498                                                                            
               core_3   -> LUMO+1       0.2281                                                                            
                                                                                                                          
               Excited state 59                                                                                           
               ----------------                                                                                           
               core_8   -> LUMO+6      -0.3091                                                                            
               core_8   -> LUMO+10     -0.2966                                                                            
               core_8   -> LUMO+11      0.2935                                                                            
               core_8   -> LUMO+7       0.2682                                                                            
               core_8   -> LUMO+13     -0.2624                                                                            
               core_9   -> LUMO+10     -0.2567                                                                            
               core_9   -> LUMO+6      -0.2544                                                                            
               core_9   -> LUMO+11      0.2353                                                                            
               core_9   -> LUMO+13     -0.2171                                                                            
               core_9   -> LUMO+7       0.2164                                                                            
                                                                                                                          
               Excited state 60                                                                                           
               ----------------                                                                                           
               core_9   -> LUMO+10      0.6029                                                                            
               core_8   -> LUMO+10     -0.5024                                                                            
               core_9   -> LUMO+9       0.2218                                                                            
                                                                                                                          
               Excited state 61                                                                                           
               ----------------                                                                                           
               core_3   -> LUMO+8      -0.4555                                                                            
               core_3   -> LUMO+15      0.4474                                                                            
               core_3   -> LUMO+4      -0.3469                                                                            
               core_3   -> LUMO+12      0.3381                                                                            
               core_3   -> LUMO+3      -0.3109                                                                            
               core_3   -> LUMO+6       0.2459                                                                            
               core_3   -> LUMO+1      -0.2064                                                                            
                                                                                                                          
               Excited state 62                                                                                           
               ----------------                                                                                           
               core_5   -> LUMO+3       0.6452                                                                            
               core_5   -> LUMO+9       0.3625                                                                            
               core_5   -> LUMO+8       0.3521                                                                            
               core_5   -> LUMO+7       0.2521                                                                            
               core_5   -> LUMO+15     -0.2328                                                                            
               core_5   -> LUMO+5       0.2324                                                                            
                                                                                                                          
               Excited state 63                                                                                           
               ----------------                                                                                           
               core_4   -> LUMO+7       0.7271                                                                            
               core_4   -> LUMO+8      -0.4792                                                                            
               core_4   -> LUMO+5      -0.2228                                                                            
               core_4   -> LUMO+2      -0.2220                                                                            
               core_5   -> LUMO+7      -0.2039                                                                            
                                                                                                                          
               Excited state 64                                                                                           
               ----------------                                                                                           
               core_4   -> LUMO+4      -0.6182                                                                            
               core_4   -> LUMO+8       0.4100                                                                            
               core_4   -> LUMO+15     -0.3262                                                                            
               core_4   -> LUMO+7       0.3168                                                                            
                                                                                                                          
               Excited state 65                                                                                           
               ----------------                                                                                           
               core_7   -> LUMO+10     -0.6193                                                                            
               core_7   -> LUMO+6      -0.3600                                                                            
               core_7   -> LUMO+13     -0.3116                                                                            
               core_7   -> LUMO+12     -0.2708                                                                            
               core_7   -> LUMO+9      -0.2346                                                                            
               core_7   -> LUMO+11      0.2228                                                                            
                                                                                                                          
               Excited state 66                                                                                           
               ----------------                                                                                           
               core_9   -> LUMO+14      0.4237                                                                            
               core_7   -> LUMO+14      0.3770                                                                            
               core_9   -> LUMO+11     -0.3010                                                                            
                                                                                                                          
               Excited state 67                                                                                           
               ----------------                                                                                           
               core_5   -> LUMO+7       0.7168                                                                            
               core_5   -> LUMO+8      -0.4943                                                                            
               core_5   -> LUMO+2      -0.2477                                                                            
               core_5   -> LUMO+5      -0.2234                                                                            
               core_4   -> LUMO+7       0.2058                                                                            
                                                                                                                          
               Excited state 68                                                                                           
               ----------------                                                                                           
               core_8   -> LUMO+14      0.4617                                                                            
               core_7   -> LUMO+14     -0.3523                                                                            
               core_8   -> LUMO+11     -0.3424                                                                            
               core_8   -> LUMO+8      -0.2052                                                                            
                                                                                                                          
               Excited state 69                                                                                           
               ----------------                                                                                           
               core_7   -> LUMO+14      0.3334                                                                            
               core_9   -> LUMO+11      0.3324                                                                            
               core_9   -> LUMO+14     -0.2892                                                                            
               core_9   -> LUMO+17      0.2590                                                                            
               core_8   -> LUMO+11     -0.2404                                                                            
               core_8   -> LUMO+17     -0.2366                                                                            
               core_7   -> LUMO+11     -0.2064                                                                            
               core_8   -> LUMO+14      0.2039                                                                            
                                                                                                                          
               Excited state 70                                                                                           
               ----------------                                                                                           
               core_6   -> LUMO+9       0.5104                                                                            
               core_6   -> LUMO+6       0.4184                                                                            
               core_6   -> LUMO+4      -0.3295                                                                            
               core_6   -> LUMO+13      0.2666                                                                            
               core_6   -> LUMO+8      -0.2334                                                                            
               core_6   -> LUMO+3       0.2318                                                                            
                                                                                                                          
               Excited state 71                                                                                           
               ----------------                                                                                           
               core_8   -> LUMO+11      0.4655                                                                            
               core_9   -> LUMO+11      0.3855                                                                            
               core_8   -> LUMO+10      0.3205                                                                            
               core_9   -> LUMO+10      0.2553                                                                            
               core_8   -> LUMO+8      -0.2444                                                                            
               core_9   -> LUMO+8      -0.2055                                                                            
                                                                                                                          
               Excited state 72                                                                                           
               ----------------                                                                                           
               core_4   -> LUMO+9       0.5954                                                                            
               core_4   -> LUMO+3       0.4413                                                                            
               core_4   -> LUMO+4      -0.3079                                                                            
               core_4   -> LUMO+10      0.2392                                                                            
                                                                                                                          
               Excited state 73                                                                                           
               ----------------                                                                                           
               core_7   -> LUMO+11      0.5140                                                                            
               core_7   -> LUMO+8      -0.3666                                                                            
               core_9   -> LUMO+11      0.2292                                                                            
               core_9   -> LUMO+14      0.2225                                                                            
                                                                                                                          
               Excited state 74                                                                                           
               ----------------                                                                                           
               core_7   -> LUMO+11      0.3484                                                                            
               core_9   -> LUMO+14     -0.2971                                                                            
               core_8   -> LUMO+14      0.2597                                                                            
               core_7   -> LUMO+8      -0.2535                                                                            
               core_9   -> LUMO+11     -0.2380                                                                            
               core_9   -> LUMO+17      0.2243                                                                            
               core_7   -> LUMO+14      0.2190                                                                            
               core_8   -> LUMO+11      0.2142                                                                            
               core_9   -> LUMO+12      0.2089                                                                            
                                                                                                                          
               Excited state 75                                                                                           
               ----------------                                                                                           
               core_5   -> LUMO+9      -0.6674                                                                            
               core_5   -> LUMO+8       0.3820                                                                            
               core_5   -> LUMO+7       0.3061                                                                            
               core_5   -> LUMO+12     -0.2494                                                                            
               core_5   -> LUMO+15     -0.2153                                                                            
                                                                                                                          
!========================================================================================================================!
!                               VeloxChem execution completed at Mon Jun  8 09:10:15 2026.                               !
!========================================================================================================================!
!                                          Total execution time is 296.66 sec.                                           !
!========================================================================================================================!
!                     Rinkevicius, Z.; Li, X.; Vahtras, O.; Ahmadzadeh, K.; Brand, M.; Ringholm, M.;                     !
!                              List, N. H.; Scheurer, M.; Scott, M.; Dreuw, A.; Norman, P.                               !
!                     VeloxChem: A Python-driven Density-functional Theory Program for Spectroscopy                      !
!                                Simulations in High-performance Computing Environments.                                 !
!                                       WIREs Comput Mol Sci 2020, 10 (5), e1457.                                        !
!========================================================================================================================!
