!========================================================================================================================!
!                                                                                                                        !
!                                                       VELOXCHEM                                                        !
!                                              AN ELECTRONIC STRUCTURE CODE                                              !
!                                                                                                                        !
!                                        Copyright 2018-2025 VeloxChem developers                                        !
!========================================================================================================================!
!                     VeloxChem execution started on 192 MPI processes at Mon Jun  8 09:05:12 2026.                      !
!========================================================================================================================!
                                                                                                                          
* Info * Using 1 OpenMP threads per MPI process.                                                                          
                                                                                                                          
* Info * Reading input file 0188_c1s.in...                                                                                
                                                                                                                          
* Info * @jobs                                                                                                            
* Info * task: response                                                                                                   
* Info * @end                                                                                                             
                                                                                                                          
* Info * @method_settings                                                                                                 
* Info * basis: def2-tzvpd                                                                                                
* Info * xcfun: cam-b3lyp                                                                                                 
* Info * @end                                                                                                             
                                                                                                                          
* Info * @response                                                                                                        
* Info * property: absorption                                                                                             
* Info * tamm_dancoff: no                                                                                                 
* Info * nstates: 75                                                                                                      
* Info * core_excitation: yes                                                                                             
* Info * num_core_orbitals: 9                                                                                             
* Info * @end                                                                                                             
                                                                                                                          
                                              Molecular Geometry (Angstroms)                                              
                                             ================================                                             
                                                                                                                          
                          Atom         Coordinate X          Coordinate Y          Coordinate Z                           
                                                                                                                          
                           S          -1.835619255700        1.394253013800        0.065054957500                         
                           N          -1.510984367100       -1.254898988600       -0.022423085700                         
                           C          -0.187795462000        0.747325112400       -0.089009233400                         
                           C          -0.299483274300       -0.628769489300       -0.032882724800                         
                           C           1.044735891000        1.447120827500       -0.166831034300                         
                           C           0.926697123700       -1.349938494800       -0.024812018300                         
                           C           2.192423613800        0.671374819900        0.090397258100                         
                           C           2.143954041000       -0.753361723000        0.082853121200                         
                           C          -2.385001877300       -0.216048776500       -0.017442723100                         
                           H           1.034667890700        2.536105321000       -0.062644446400                         
                           H           0.817933176200       -2.522792144200       -0.022882010000                         
                           H           3.265520680600        1.156157446300        0.003982659100                         
                           H           3.134954179900       -1.412076280400        0.165232814000                         
                           H          -3.524061736200       -0.303817994300        0.040123023800                         
                                                                                                                          
                          Molecular charge            : 0                                                                 
                          Spin multiplicity           : 1                                                                 
                          Number of atoms             : 14                                                                
                          Number of alpha electrons   : 35                                                                
                          Number of beta  electrons   : 35                                                                
                                                                                                                          
* Info * Reading basis set from file: /net/home/plgrid/plgiubru7/software/vlx-cpu/cpuvlxenv/lib/python3.11/site-packages/veloxchem/basis/DEF2-TZVPD
                                                                                                                          
                                              Molecular Basis (Atomic Basis)                                              
                                             ================================                                             
                                                                                                                          
                               Basis: DEF2-TZVPD                                                                          
                                                                                                                          
                               Atom Contracted GTOs           Primitive GTOs                                              
                                                                                                                          
                               S     (6S,6P,3D,1F)             (15S,10P,4D,1F)                                            
                               N     (6S,3P,3D,1F)             (12S,6P,3D,1F)                                             
                               C     (6S,3P,3D,1F)             (12S,6P,3D,1F)                                             
                               H     (3S,2P)                   (5S,2P)                                                    
                                                                                                                          
                               Contracted Basis Functions : 387                                                           
                               Primitive Basis Functions  : 543                                                           
                                                                                                                          
                                                                                                                          
                                            Self Consistent Field Driver Setup                                            
                                           ====================================                                           
                                                                                                                          
                   Wave Function Model             : Spin-Restricted Kohn-Sham                                            
                   Initial Guess Model             : Restart from Checkpoint                                              
                   Convergence Accelerator         : Direct Inversion of Iterative Subspace                               
                   Max. Number of Iterations       : 50                                                                   
                   Max. Number of Error Vectors    : 10                                                                   
                   Convergence Threshold           : 1.0e-06                                                              
                   ERI Screening Threshold         : 1.0e-12                                                              
                   Linear Dependence Threshold     : 1.0e-06                                                              
                   Exchange-Correlation Functional : CAM-B3LYP                                                            
                   Molecular Grid Level            : 4                                                                    
                                                                                                                          
* Info * Nuclear repulsion energy: 468.4183986099 a.u.                                                                    
                                                                                                                          
* Info * Using the CAM-B3LYP functional.                                                                                  
                                                                                                                          
         T. Yanai, D. P. Tew, and N. C. Handy.,  Chem. Phys. Lett. 393, 51 (2004)
                                                                                                                          
* Info * Using the Libxc library (v7.0.0).                                                                                
                                                                                                                          
         S. Lehtola, C. Steigemann, M. J.T. Oliveira, and M. A.L. Marques.,  SoftwareX 7, 1–5 (2018)
                                                                                                                          
* Info * Using the following algorithm for XC numerical integration.                                                      
                                                                                                                          
         J. Kussmann, H. Laqua and C. Ochsenfeld, J. Chem. Theory Comput. 2021, 17, 1512-1521
                                                                                                                          
* Info * Molecular grid with 210822 points generated in 0.23 sec.                                                         
                                                                                                                          
* Info * Restarting from checkpoint file: 0188_c1s_scf.h5                                                                 
                                                                                                                          
* Info * Overlap matrix computed in 0.01 sec.                                                                             
                                                                                                                          
* Info * Kinetic energy matrix computed in 0.00 sec.                                                                      
                                                                                                                          
* Info * Nuclear potential matrix computed in 0.01 sec.                                                                   
                                                                                                                          
* Info * Orthogonalization matrix computed in 0.02 sec.                                                                   
                                                                                                                          
                                                                                                                          
               Iter. |    Kohn-Sham Energy | Energy Change | Gradient Norm | Max. Gradient | Density Change               
               --------------------------------------------------------------------------------------------               
                  1      -722.621469327407    0.0000000000      0.00000058      0.00000002      0.00000000                
                                                                                                                          
* Info * Checkpoint written to file: 0188_c1s_scf.h5                                                                      
                                                                                                                          
* Info * SCF results written to file: 0188_c1s.h5                                                                         
                                                                                                                          
               *** SCF converged in 1 iterations. Time: 2.75 sec.                                                         
                                                                                                                          
               Spin-Restricted Kohn-Sham:                                                                                 
               --------------------------                                                                                 
               Total Energy                       :     -722.6214693274 a.u.                                              
               Electronic Energy                  :    -1191.0398679373 a.u.                                              
               Nuclear Repulsion Energy           :      468.4183986099 a.u.                                              
               ------------------------------------                                                                       
               Gradient Norm                      :        0.0000005777 a.u.                                              
                                                                                                                          
                                                                                                                          
               Ground State Information                                                                                   
               ------------------------                                                                                   
               Charge of Molecule            :  0.0                                                                       
               Multiplicity (2S+1)           :  1                                                                         
               Magnetic Quantum Number (M_S) :  0.0                                                                       
                                                                                                                          
                                                                                                                          
                                                 Spin Restricted Orbitals                                                 
                                                 ------------------------                                                 
                                                                                                                          
               Molecular Orbital No.  31:                                                                                 
               --------------------------                                                                                 
               Occupation: 2.000 Energy:   -0.40281 a.u.                                                                  
               (   1 S   4p+1:     0.18) (   1 S   4p-1:    -0.20) (   4 C   5s  :    -0.26)                              
               (   4 C   1p-1:    -0.16) (   6 C   1p-1:     0.17) (   6 C   3p-1:     0.20)                              
               (  11 H   2s  :    -0.15)                                                                                  
                                                                                                                          
               Molecular Orbital No.  32:                                                                                 
               --------------------------                                                                                 
               Occupation: 2.000 Energy:   -0.37299 a.u.                                                                  
               (   1 S   3p0 :    -0.15) (   1 S   4p0 :    -0.33) (   1 S   5p0 :    -0.19)                              
               (   2 N   1p0 :     0.19) (   2 N   2p0 :     0.17) (   4 C   5s  :     0.21)                              
               (   6 C   5s  :    -0.18) (   7 C   5s  :    -0.25) (   8 C   5s  :     0.23)                              
                                                                                                                          
               Molecular Orbital No.  33:                                                                                 
               --------------------------                                                                                 
               Occupation: 2.000 Energy:   -0.36830 a.u.                                                                  
               (   1 S   4p-1:     0.18) (   2 N   4s  :    -0.23) (   2 N   5s  :    -0.41)                              
               (   2 N   6s  :    -0.30) (   2 N   1p-1:     0.34) (   2 N   2p-1:     0.26)                              
               (   2 N   3p-1:     0.16) (   4 C   5s  :     0.20) (   6 C   5s  :     0.16)                              
                                                                                                                          
               Molecular Orbital No.  34:                                                                                 
               --------------------------                                                                                 
               Occupation: 2.000 Energy:   -0.31086 a.u.                                                                  
               (   1 S   4p0 :     0.22) (   1 S   5p0 :     0.16) (   3 C   1p0 :    -0.21)                              
               (   3 C   2p0 :    -0.18) (   4 C   1p0 :    -0.15) (   8 C   1p0 :     0.22)                              
               (   8 C   2p0 :     0.19)                                                                                  
                                                                                                                          
               Molecular Orbital No.  35:                                                                                 
               --------------------------                                                                                 
               Occupation: 2.000 Energy:   -0.29363 a.u.                                                                  
               (   1 S   4p0 :    -0.17) (   2 N   1p0 :     0.17) (   3 C   3p-1:     0.18)                              
               (   4 C   5s  :    -0.15) (   4 C   3p-1:     0.19) (   5 C   6s  :    -0.16)                              
               (   5 C   1p0 :     0.18) (   5 C   2p0 :     0.16) (   5 C   3p+1:     0.16)                              
               (   5 C   3p0 :     0.17) (   6 C   1p0 :    -0.19) (   6 C   2p0 :    -0.16)                              
               (   6 C   3p+1:    -0.18) (   7 C   1p0 :     0.19) (   7 C   2p0 :     0.17)                              
               (   7 C   3p-1:    -0.18) (   7 C   3p0 :     0.16) (   8 C   3p-1:    -0.19)                              
               (  10 H   3s  :    -0.16)                                                                                  
                                                                                                                          
               Molecular Orbital No.  36:                                                                                 
               --------------------------                                                                                 
               Occupation: 0.000 Energy:   -0.01492 a.u.                                                                  
               (   1 S   4p0 :    -0.19) (   1 S   5p0 :    -0.17) (   2 N   1p0 :    -0.17)                              
               (   2 N   2p0 :    -0.15) (   3 C   5s  :    -0.58) (   3 C   6s  :    -0.56)                              
               (   3 C   3d-2:    -0.20) (   4 C   6s  :     0.22) (   4 C   3p+1:    -0.36)                              
               (   5 C   5s  :     0.81) (   5 C   6s  :     0.33) (   6 C   5s  :    -0.15)                              
               (   6 C   6s  :    -0.33) (   6 C   3p+1:    -0.32) (   6 C   3d+2:    -0.16)                              
               (   7 C   5s  :     0.21) (   7 C   6s  :    -0.51) (   7 C   1p0 :    -0.17)                              
               (   7 C   2p0 :    -0.16) (   7 C   3p+1:     0.19) (   7 C   3d-2:     0.21)                              
               (   8 C   5s  :     0.18) (   8 C   6s  :     0.34) (   8 C   3p+1:    -0.18)                              
               (   8 C   3p-1:    -0.20) (   8 C   3d-2:     0.23) (   9 C   6s  :    -0.26)                              
               (   9 C   1p0 :     0.28) (   9 C   2p0 :     0.27) (   9 C   3p0 :     0.22)                              
               (  10 H   3s  :     0.16) (  11 H   3s  :    -0.18) (  12 H   3s  :    -0.41)                              
               (  13 H   3s  :     0.39)                                                                                  
                                                                                                                          
               Molecular Orbital No.  37:                                                                                 
               --------------------------                                                                                 
               Occupation: 0.000 Energy:    0.01360 a.u.                                                                  
               (   1 S   6s  :    -0.97) (   1 S   5p+1:    -0.45) (   1 S   5p-1:    -0.25)                              
               (   1 S   5p0 :     0.22) (   1 S   6p+1:    -0.68) (   1 S   6p0 :     0.28)                              
               (   2 N   6s  :     0.53) (   3 C   5s  :     0.66) (   3 C   6s  :     3.54)                              
               (   3 C   1p0 :    -0.19) (   3 C   2p0 :    -0.19) (   3 C   3p+1:     0.76)                              
               (   3 C   3d+1:     0.15) (   3 C   3d-2:    -0.42) (   3 C   3d0 :    -0.34)                              
               (   4 C   5s  :    -2.59) (   4 C   6s  :    -1.57) (   4 C   3p+1:    -1.07)                              
               (   4 C   3d+2:    -0.95) (   4 C   3d-2:    -0.54) (   5 C   6s  :    -1.11)                              
               (   5 C   1p0 :     0.16) (   5 C   3p+1:     0.17) (   5 C   3p-1:     0.92)                              
               (   6 C   5s  :    -0.40) (   6 C   6s  :     0.37) (   6 C   3p+1:    -0.63)                              
               (   6 C   3p-1:     0.90) (   6 C   3d+2:    -0.20) (   6 C   3d-2:    -0.68)                              
               (   7 C   5s  :     2.57) (   7 C   3p+1:    -0.56) (   7 C   3p-1:    -1.11)                              
               (   7 C   3d+2:    -0.23) (   7 C   3d-2:     0.17) (   8 C   5s  :    -0.67)                              
               (   8 C   6s  :    -0.63) (   8 C   1p0 :    -0.15) (   8 C   3p+1:    -0.35)                              
               (   8 C   3p-1:    -1.16) (   8 C   3d+2:     0.53) (   8 C   3d-2:     0.26)                              
               (   9 C   6s  :    -0.16) (   9 C   3p+1:     0.35) (   9 C   3p-1:    -0.40)                              
               (   9 C   3d-2:    -0.30) (  10 H   3s  :    -0.90) (  10 H   2p-1:     0.24)                              
               (  11 H   3s  :     0.47) (  11 H   2p+1:    -0.18) (  11 H   2p-1:     0.17)                              
               (  12 H   3s  :     0.58) (  13 H   3s  :     0.18) (  14 H   3s  :     0.37)                              
                                                                                                                          
               Molecular Orbital No.  38:                                                                                 
               --------------------------                                                                                 
               Occupation: 0.000 Energy:    0.01674 a.u.                                                                  
               (   1 S   5s  :    -0.17) (   1 S   6s  :    -0.74) (   1 S   5p+1:    -0.64)                              
               (   1 S   5p-1:    -0.30) (   1 S   6p+1:    -1.05) (   1 S   6p-1:    -0.43)                              
               (   2 N   5s  :     0.24) (   2 N   6s  :     0.60) (   3 C   6s  :     3.38)                              
               (   3 C   3p+1:    -0.34) (   3 C   3p-1:     0.23) (   3 C   3d0 :    -0.34)                              
               (   4 C   5s  :    -0.49) (   4 C   6s  :    -1.18) (   4 C   3p+1:     0.35)                              
               (   4 C   3p-1:    -0.23) (   4 C   3d+2:    -0.51) (   4 C   3d-1:     0.19)                              
               (   4 C   3d-2:    -0.47) (   5 C   5s  :     0.16) (   5 C   6s  :    -0.23)                              
               (   5 C   3p+1:     0.21) (   5 C   3p-1:    -0.55) (   5 C   3d-2:     0.30)                              
               (   6 C   5s  :    -1.64) (   6 C   6s  :    -0.20) (   6 C   3p-1:     0.28)                              
               (   6 C   3d+2:    -0.24) (   6 C   3d-2:    -0.16) (   7 C   5s  :    -0.53)                              
               (   7 C   6s  :    -0.68) (   8 C   5s  :     0.40) (   8 C   3p+1:    -0.46)                              
               (   8 C   3d-2:     0.30) (   9 C   6s  :    -0.90) (   9 C   3p-1:    -0.50)                              
               (   9 C   3d-2:    -0.29) (  10 H   3s  :     0.50) (  10 H   2p-1:    -0.16)                              
               (  11 H   3s  :     0.20) (  12 H   3s  :     0.20) (  13 H   3s  :     0.88)                              
               (  13 H   2p+1:    -0.18)                                                                                  
                                                                                                                          
               Molecular Orbital No.  39:                                                                                 
               --------------------------                                                                                 
               Occupation: 0.000 Energy:    0.02524 a.u.                                                                  
               (   1 S   5s  :     0.27) (   1 S   6s  :     3.61) (   1 S   5p+1:     0.30)                              
               (   1 S   5p-1:    -0.59) (   1 S   6p+1:     0.90) (   1 S   6p-1:    -1.43)                              
               (   1 S   3d+2:     0.15) (   1 S   3d0 :    -0.31) (   2 N   5s  :     0.39)                              
               (   2 N   6s  :     1.61) (   3 C   6s  :    -2.16) (   3 C   3p+1:     0.96)                              
               (   3 C   3p-1:    -0.41) (   3 C   3d-2:    -0.87) (   3 C   3d0 :     0.22)                              
               (   4 C   5s  :    -4.75) (   4 C   6s  :    -3.09) (   4 C   3p+1:    -3.61)                              
               (   4 C   3p-1:     1.63) (   4 C   3d-2:     0.68) (   4 C   3d0 :     0.56)                              
               (   5 C   4s  :     0.40) (   5 C   5s  :    -0.63) (   5 C   6s  :    -1.73)                              
               (   5 C   3p+1:    -0.89) (   5 C   3p-1:     0.87) (   5 C   3d-2:     0.19)                              
               (   5 C   3d0 :     0.43) (   6 C   5s  :     4.38) (   6 C   6s  :     0.88)                              
               (   6 C   3p+1:    -2.78) (   6 C   3p-1:     2.07) (   6 C   3d+2:     0.17)                              
               (   6 C   3d-2:    -0.40) (   7 C   5s  :     4.27) (   7 C   3p+1:    -1.89)                              
               (   7 C   3p-1:    -1.51) (   7 C   3p0 :    -0.17) (   7 C   3d+2:    -0.71)                              
               (   8 C   5s  :    -3.03) (   8 C   6s  :    -0.77) (   8 C   3p-1:    -1.87)                              
               (   8 C   3d+2:     0.26) (   8 C   3d-2:     0.76) (   8 C   3d0 :     0.17)                              
               (   9 C   5s  :    -0.88) (   9 C   6s  :    -3.12) (   9 C   3p-1:     0.29)                              
               (   9 C   3d+2:    -0.28) (   9 C   3d-2:     0.50) (   9 C   3d0 :     0.34)                              
               (  10 H   3s  :     0.36) (  11 H   3s  :     1.42) (  11 H   2p-1:     0.36)                              
               (  12 H   3s  :     1.96) (  12 H   2p+1:    -0.31) (  12 H   2p-1:    -0.33)                              
               (  13 H   3s  :     0.88) (  13 H   2p+1:    -0.15) (  14 H   3s  :     0.89)                              
               (  14 H   2p-1:     0.18)                                                                                  
                                                                                                                          
               Molecular Orbital No.  40:                                                                                 
               --------------------------                                                                                 
               Occupation: 0.000 Energy:    0.03929 a.u.                                                                  
               (   1 S   5s  :     0.48) (   1 S   6s  :     2.28) (   1 S   5p-1:    -0.40)                              
               (   1 S   6p-1:    -1.15) (   2 N   5s  :     0.52) (   2 N   6s  :     1.53)                              
               (   2 N   3d-2:    -0.16) (   3 C   5s  :     3.18) (   3 C   6s  :    -1.38)                              
               (   3 C   3p+1:    -0.31) (   3 C   3p-1:     0.92) (   3 C   3d-2:     0.68)                              
               (   3 C   3d0 :     0.28) (   4 C   5s  :     8.85) (   4 C   6s  :    -2.18)                              
               (   4 C   3p+1:     4.16) (   4 C   3p-1:    -0.59) (   4 C   3d+2:     2.79)                              
               (   4 C   3d-2:    -0.53) (   4 C   3d0 :    -0.20) (   5 C   5s  :     0.50)                              
               (   5 C   6s  :     0.18) (   5 C   3p+1:     0.91) (   5 C   3p-1:    -0.32)                              
               (   5 C   3p0 :     0.18) (   5 C   3d+2:    -0.74) (   5 C   3d-2:    -0.19)                              
               (   6 C   4s  :    -0.25) (   6 C   5s  :    -2.16) (   6 C   6s  :     1.97)                              
               (   6 C   3p+1:     4.38) (   6 C   3p-1:    -2.62) (   6 C   3p0 :     0.24)                              
               (   6 C   3d+2:     1.18) (   6 C   3d-2:     2.87) (   7 C   4s  :    -0.33)                              
               (   7 C   5s  :    -2.93) (   7 C   6s  :     1.37) (   7 C   3p+1:     1.81)                              
               (   7 C   3p-1:     1.65) (   7 C   3d+2:     0.22) (   7 C   3d-2:     0.29)                              
               (   7 C   3d0 :    -0.19) (   8 C   4s  :    -0.58) (   8 C   5s  :    -3.22)                              
               (   8 C   6s  :     2.14) (   8 C   3p+1:     2.90) (   8 C   3p-1:     1.73)                              
               (   8 C   3p0 :     0.29) (   8 C   3d+2:    -0.88) (   8 C   3d-2:    -0.99)                              
               (   8 C   3d0 :    -0.64) (   9 C   4s  :    -0.17) (   9 C   5s  :    -1.39)                              
               (   9 C   6s  :    -1.13) (   9 C   3p+1:    -1.99) (   9 C   3p-1:     0.21)                              
               (   9 C   3d+2:     0.28) (   9 C   3d-2:     0.29) (  10 H   3s  :    -1.11)                              
               (  11 H   3s  :    -0.77) (  11 H   2p+1:     0.81) (  11 H   2p-1:    -0.36)                              
               (  12 H   3s  :    -2.60) (  12 H   2p+1:     0.55) (  12 H   2p-1:     0.19)                              
               (  13 H   3s  :    -3.01) (  13 H   2p+1:     0.67) (  14 H   3s  :    -2.05)                              
               (  14 H   2p+1:    -0.45)                                                                                  
                                                                                                                          
                                                                                                                          
                                                Ground State Dipole Moment                                                
                                               ----------------------------                                               
                                                                                                                          
                                   X   :         0.118069 a.u.         0.300102 Debye                                     
                                   Y   :         0.661367 a.u.         1.681028 Debye                                     
                                   Z   :         0.062845 a.u.         0.159736 Debye                                     
                                 Total :         0.674757 a.u.         1.715060 Debye                                     
                                                                                                                          
                                                                                                                          
                                            Linear Response EigenSolver Setup                                             
                                           ===================================                                            
                                                                                                                          
                               Number of States                : 75                                                       
                               Max. Number of Iterations       : 150                                                      
                               Convergence Threshold           : 1.0e-04                                                  
                               ERI Screening Threshold         : 1.0e-12                                                  
                               Exchange-Correlation Functional : CAM-B3LYP                                                
                               Molecular Grid Level            : 4                                                        
                                                                                                                          
* Info * Using the CAM-B3LYP functional.                                                                                  
                                                                                                                          
         T. Yanai, D. P. Tew, and N. C. Handy.,  Chem. Phys. Lett. 393, 51 (2004)
                                                                                                                          
* Info * Using the Libxc library (v7.0.0).                                                                                
                                                                                                                          
         S. Lehtola, C. Steigemann, M. J.T. Oliveira, and M. A.L. Marques.,  SoftwareX 7, 1–5 (2018)
                                                                                                                          
* Info * Using the following algorithm for XC numerical integration.                                                      
                                                                                                                          
         J. Kussmann, H. Laqua and C. Ochsenfeld, J. Chem. Theory Comput. 2021, 17, 1512-1521
                                                                                                                          
* Info * Molecular grid with 210822 points generated in 0.22 sec.                                                         
                                                                                                                          
* Info * Restarting from checkpoint file: 0188_c1s_rsp.h5                                                                 
                                                                                                                          
* Info * Generating initial guesses for 25 more states...                                                                 
                                                                                                                          
* Info * Processing 25 Fock builds...                                                                                     
                                                                                                                          
* Info * 372 gerade trial vectors in reduced space                                                                        
* Info * 372 ungerade trial vectors in reduced space                                                                      
                                                                                                                          
* Info * 230.83 kB of memory used for subspace procedure on the master node                                               
* Info * 362.93 GB of memory available for the solver on the master node                                                  
                                                                                                                          
               *** Iteration:   1 * Residuals (Max,Min): 5.42e-02 and 6.70e-06                                            
                                                                                                                          
               Excitation 1   :     10.09093300 Residual Norm: 0.00002372   converged                                     
               Excitation 2   :     10.09730547 Residual Norm: 0.00001811   converged                                     
               Excitation 3   :     10.09904426 Residual Norm: 0.00002005   converged                                     
               Excitation 4   :     10.10845048 Residual Norm: 0.00004691   converged                                     
               Excitation 5   :     10.11935456 Residual Norm: 0.00000696   converged                                     
               Excitation 6   :     10.12025457 Residual Norm: 0.00001318   converged                                     
               Excitation 7   :     10.12598655 Residual Norm: 0.00002940   converged                                     
               Excitation 8   :     10.12622049 Residual Norm: 0.00001326   converged                                     
               Excitation 9   :     10.13322524 Residual Norm: 0.00001042   converged                                     
               Excitation 10  :     10.14181004 Residual Norm: 0.00000826   converged                                     
               Excitation 11  :     10.14300852 Residual Norm: 0.00001540   converged                                     
               Excitation 12  :     10.14624023 Residual Norm: 0.00003181   converged                                     
               Excitation 13  :     10.15023105 Residual Norm: 0.00000778   converged                                     
               Excitation 14  :     10.16160017 Residual Norm: 0.00001873   converged                                     
               Excitation 15  :     10.16322621 Residual Norm: 0.00001189   converged                                     
               Excitation 16  :     10.16948692 Residual Norm: 0.00001838   converged                                     
               Excitation 17  :     10.17166696 Residual Norm: 0.00003887   converged                                     
               Excitation 18  :     10.17552279 Residual Norm: 0.00002082   converged                                     
               Excitation 19  :     10.17836814 Residual Norm: 0.00006355   converged                                     
               Excitation 20  :     10.17872931 Residual Norm: 0.00005111   converged                                     
               Excitation 21  :     10.19191928 Residual Norm: 0.00001215   converged                                     
               Excitation 22  :     10.19565989 Residual Norm: 0.00001725   converged                                     
               Excitation 23  :     10.19929016 Residual Norm: 0.00000915   converged                                     
               Excitation 24  :     10.20161488 Residual Norm: 0.00005716   converged                                     
               Excitation 25  :     10.20565031 Residual Norm: 0.00001626   converged                                     
               Excitation 26  :     10.20600015 Residual Norm: 0.00002127   converged                                     
               Excitation 27  :     10.20863652 Residual Norm: 0.00002401   converged                                     
               Excitation 28  :     10.21039570 Residual Norm: 0.00002584   converged                                     
               Excitation 29  :     10.21257424 Residual Norm: 0.00002265   converged                                     
               Excitation 30  :     10.21528182 Residual Norm: 0.00003910   converged                                     
               Excitation 31  :     10.21663880 Residual Norm: 0.00004674   converged                                     
               Excitation 32  :     10.22087856 Residual Norm: 0.00000745   converged                                     
               Excitation 33  :     10.22156880 Residual Norm: 0.00001447   converged                                     
               Excitation 34  :     10.22183288 Residual Norm: 0.00001277   converged                                     
               Excitation 35  :     10.22189402 Residual Norm: 0.00001802   converged                                     
               Excitation 36  :     10.22530435 Residual Norm: 0.00001678   converged                                     
               Excitation 37  :     10.22598862 Residual Norm: 0.00002037   converged                                     
               Excitation 38  :     10.22607137 Residual Norm: 0.00001846   converged                                     
               Excitation 39  :     10.23120622 Residual Norm: 0.00002183   converged                                     
               Excitation 40  :     10.23164036 Residual Norm: 0.00002296   converged                                     
               Excitation 41  :     10.23742836 Residual Norm: 0.00001631   converged                                     
               Excitation 42  :     10.24283989 Residual Norm: 0.00001671   converged                                     
               Excitation 43  :     10.24317234 Residual Norm: 0.00001828   converged                                     
               Excitation 44  :     10.24354123 Residual Norm: 0.00001317   converged                                     
               Excitation 45  :     10.24465795 Residual Norm: 0.00005729   converged                                     
               Excitation 46  :     10.24466784 Residual Norm: 0.00004718   converged                                     
               Excitation 47  :     10.24573887 Residual Norm: 0.00003940   converged                                     
               Excitation 48  :     10.24578683 Residual Norm: 0.00000670   converged                                     
               Excitation 49  :     10.24733773 Residual Norm: 0.00001675   converged                                     
               Excitation 50  :     10.24754431 Residual Norm: 0.00004712   converged                                     
               Excitation 51  :     10.25093452 Residual Norm: 0.00001412   converged                                     
               Excitation 52  :     10.25122397 Residual Norm: 0.00003089   converged                                     
               Excitation 53  :     10.25260414 Residual Norm: 0.00093164                                                 
               Excitation 54  :     10.25329420 Residual Norm: 0.00364584                                                 
               Excitation 55  :     10.25357413 Residual Norm: 0.01055638                                                 
               Excitation 56  :     10.25504987 Residual Norm: 0.00378312                                                 
               Excitation 57  :     10.25639425 Residual Norm: 0.01634383                                                 
               Excitation 58  :     10.25642997 Residual Norm: 0.00954726                                                 
               Excitation 59  :     10.25673459 Residual Norm: 0.00802974                                                 
               Excitation 60  :     10.25884358 Residual Norm: 0.00712985                                                 
               Excitation 61  :     10.26010280 Residual Norm: 0.02853281                                                 
               Excitation 62  :     10.26017193 Residual Norm: 0.04861375                                                 
               Excitation 63  :     10.26115501 Residual Norm: 0.01313497                                                 
               Excitation 64  :     10.26295461 Residual Norm: 0.01321999                                                 
               Excitation 65  :     10.26378375 Residual Norm: 0.00688350                                                 
               Excitation 66  :     10.26571864 Residual Norm: 0.00842727                                                 
               Excitation 67  :     10.26634754 Residual Norm: 0.00840954                                                 
               Excitation 68  :     10.26760409 Residual Norm: 0.01432057                                                 
               Excitation 69  :     10.26868095 Residual Norm: 0.00921350                                                 
               Excitation 70  :     10.27534511 Residual Norm: 0.01225715                                                 
               Excitation 71  :     10.27764525 Residual Norm: 0.03547670                                                 
               Excitation 72  :     10.27819510 Residual Norm: 0.04341636                                                 
               Excitation 73  :     10.27883775 Residual Norm: 0.04412990                                                 
               Excitation 74  :     10.28023473 Residual Norm: 0.05416954                                                 
               Excitation 75  :     10.28086078 Residual Norm: 0.03071666                                                 
                                                                                                                          
* Info * Processing 23 Fock builds...                                                                                     
                                                                                                                          
* Info * 395 gerade trial vectors in reduced space                                                                        
* Info * 395 ungerade trial vectors in reduced space                                                                      
                                                                                                                          
* Info * 243.34 kB of memory used for subspace procedure on the master node                                               
* Info * 363.01 GB of memory available for the solver on the master node                                                  
                                                                                                                          
               *** Iteration:   2 * Residuals (Max,Min): 1.88e-02 and 5.74e-06                                            
                                                                                                                          
               Excitation 1   :     10.09093300 Residual Norm: 0.00002378   converged                                     
               Excitation 2   :     10.09730547 Residual Norm: 0.00001709   converged                                     
               Excitation 3   :     10.09904426 Residual Norm: 0.00001783   converged                                     
               Excitation 4   :     10.10845048 Residual Norm: 0.00003457   converged                                     
               Excitation 5   :     10.11935456 Residual Norm: 0.00000666   converged                                     
               Excitation 6   :     10.12025457 Residual Norm: 0.00001257   converged                                     
               Excitation 7   :     10.12598655 Residual Norm: 0.00002347   converged                                     
               Excitation 8   :     10.12622049 Residual Norm: 0.00001223   converged                                     
               Excitation 9   :     10.13322524 Residual Norm: 0.00000954   converged                                     
               Excitation 10  :     10.14181004 Residual Norm: 0.00000574   converged                                     
               Excitation 11  :     10.14300852 Residual Norm: 0.00001533   converged                                     
               Excitation 12  :     10.14624023 Residual Norm: 0.00002860   converged                                     
               Excitation 13  :     10.15023105 Residual Norm: 0.00000736   converged                                     
               Excitation 14  :     10.16160017 Residual Norm: 0.00001827   converged                                     
               Excitation 15  :     10.16322621 Residual Norm: 0.00001037   converged                                     
               Excitation 16  :     10.16948692 Residual Norm: 0.00001470   converged                                     
               Excitation 17  :     10.17166696 Residual Norm: 0.00002974   converged                                     
               Excitation 18  :     10.17552279 Residual Norm: 0.00001995   converged                                     
               Excitation 19  :     10.17836814 Residual Norm: 0.00005310   converged                                     
               Excitation 20  :     10.17872931 Residual Norm: 0.00004977   converged                                     
               Excitation 21  :     10.19191928 Residual Norm: 0.00001214   converged                                     
               Excitation 22  :     10.19565989 Residual Norm: 0.00001624   converged                                     
               Excitation 23  :     10.19929016 Residual Norm: 0.00000899   converged                                     
               Excitation 24  :     10.20161488 Residual Norm: 0.00004723   converged                                     
               Excitation 25  :     10.20565031 Residual Norm: 0.00001443   converged                                     
               Excitation 26  :     10.20600015 Residual Norm: 0.00001601   converged                                     
               Excitation 27  :     10.20863652 Residual Norm: 0.00002214   converged                                     
               Excitation 28  :     10.21039570 Residual Norm: 0.00002242   converged                                     
               Excitation 29  :     10.21257424 Residual Norm: 0.00001866   converged                                     
               Excitation 30  :     10.21528182 Residual Norm: 0.00003133   converged                                     
               Excitation 31  :     10.21663880 Residual Norm: 0.00003822   converged                                     
               Excitation 32  :     10.22087856 Residual Norm: 0.00000709   converged                                     
               Excitation 33  :     10.22156880 Residual Norm: 0.00001298   converged                                     
               Excitation 34  :     10.22183288 Residual Norm: 0.00001126   converged                                     
               Excitation 35  :     10.22189402 Residual Norm: 0.00001621   converged                                     
               Excitation 36  :     10.22530435 Residual Norm: 0.00001471   converged                                     
               Excitation 37  :     10.22598862 Residual Norm: 0.00001777   converged                                     
               Excitation 38  :     10.22607137 Residual Norm: 0.00001651   converged                                     
               Excitation 39  :     10.23120622 Residual Norm: 0.00002138   converged                                     
               Excitation 40  :     10.23164036 Residual Norm: 0.00002215   converged                                     
               Excitation 41  :     10.23742836 Residual Norm: 0.00001379   converged                                     
               Excitation 42  :     10.24283989 Residual Norm: 0.00001033   converged                                     
               Excitation 43  :     10.24317234 Residual Norm: 0.00001546   converged                                     
               Excitation 44  :     10.24354123 Residual Norm: 0.00001312   converged                                     
               Excitation 45  :     10.24465795 Residual Norm: 0.00005038   converged                                     
               Excitation 46  :     10.24466784 Residual Norm: 0.00004129   converged                                     
               Excitation 47  :     10.24573887 Residual Norm: 0.00003523   converged                                     
               Excitation 48  :     10.24578683 Residual Norm: 0.00000648   converged                                     
               Excitation 49  :     10.24733773 Residual Norm: 0.00001637   converged                                     
               Excitation 50  :     10.24754431 Residual Norm: 0.00004264   converged                                     
               Excitation 51  :     10.25093452 Residual Norm: 0.00001228   converged                                     
               Excitation 52  :     10.25122397 Residual Norm: 0.00002138   converged                                     
               Excitation 53  :     10.25260403 Residual Norm: 0.00011978                                                 
               Excitation 54  :     10.25329064 Residual Norm: 0.00045915                                                 
               Excitation 55  :     10.25354147 Residual Norm: 0.00186369                                                 
               Excitation 56  :     10.25504614 Residual Norm: 0.00047976                                                 
               Excitation 57  :     10.25632236 Residual Norm: 0.00247139                                                 
               Excitation 58  :     10.25637971 Residual Norm: 0.00158600                                                 
               Excitation 59  :     10.25671245 Residual Norm: 0.00113567                                                 
               Excitation 60  :     10.25881375 Residual Norm: 0.00116317                                                 
               Excitation 61  :     10.25941581 Residual Norm: 0.01012750                                                 
               Excitation 62  :     10.25990640 Residual Norm: 0.00365067                                                 
               Excitation 63  :     10.26109343 Residual Norm: 0.00184428                                                 
               Excitation 64  :     10.26288512 Residual Norm: 0.00290342                                                 
               Excitation 65  :     10.26377178 Residual Norm: 0.00145037                                                 
               Excitation 66  :     10.26567528 Residual Norm: 0.00118382                                                 
               Excitation 67  :     10.26632705 Residual Norm: 0.00157028                                                 
               Excitation 68  :     10.26753023 Residual Norm: 0.00288591                                                 
               Excitation 69  :     10.26864781 Residual Norm: 0.00255181                                                 
               Excitation 70  :     10.27529253 Residual Norm: 0.00218392                                                 
               Excitation 71  :     10.27725352 Residual Norm: 0.00615776                                                 
               Excitation 72  :     10.27773412 Residual Norm: 0.00698636                                                 
               Excitation 73  :     10.27821204 Residual Norm: 0.01327574                                                 
               Excitation 74  :     10.27906285 Residual Norm: 0.01881244                                                 
               Excitation 75  :     10.28061995 Residual Norm: 0.00702513                                                 
                                                                                                                          
* Info * Processing 23 Fock builds...                                                                                     
                                                                                                                          
* Info * 418 gerade trial vectors in reduced space                                                                        
* Info * 418 ungerade trial vectors in reduced space                                                                      
                                                                                                                          
* Info * 255.32 kB of memory used for subspace procedure on the master node                                               
* Info * 362.96 GB of memory available for the solver on the master node                                                  
                                                                                                                          
               *** Iteration:   3 * Residuals (Max,Min): 6.02e-03 and 5.77e-06                                            
                                                                                                                          
               Excitation 1   :     10.09093300 Residual Norm: 0.00002228   converged                                     
               Excitation 2   :     10.09730547 Residual Norm: 0.00001656   converged                                     
               Excitation 3   :     10.09904426 Residual Norm: 0.00001657   converged                                     
               Excitation 4   :     10.10845048 Residual Norm: 0.00002973   converged                                     
               Excitation 5   :     10.11935456 Residual Norm: 0.00000655   converged                                     
               Excitation 6   :     10.12025457 Residual Norm: 0.00001202   converged                                     
               Excitation 7   :     10.12598655 Residual Norm: 0.00001888   converged                                     
               Excitation 8   :     10.12622049 Residual Norm: 0.00001168   converged                                     
               Excitation 9   :     10.13322524 Residual Norm: 0.00000968   converged                                     
               Excitation 10  :     10.14181004 Residual Norm: 0.00000577   converged                                     
               Excitation 11  :     10.14300852 Residual Norm: 0.00001525   converged                                     
               Excitation 12  :     10.14624023 Residual Norm: 0.00001701   converged                                     
               Excitation 13  :     10.15023105 Residual Norm: 0.00000721   converged                                     
               Excitation 14  :     10.16160017 Residual Norm: 0.00001809   converged                                     
               Excitation 15  :     10.16322621 Residual Norm: 0.00000889   converged                                     
               Excitation 16  :     10.16948692 Residual Norm: 0.00001488   converged                                     
               Excitation 17  :     10.17166696 Residual Norm: 0.00002390   converged                                     
               Excitation 18  :     10.17552279 Residual Norm: 0.00001910   converged                                     
               Excitation 19  :     10.17836814 Residual Norm: 0.00005158   converged                                     
               Excitation 20  :     10.17872931 Residual Norm: 0.00004804   converged                                     
               Excitation 21  :     10.19191928 Residual Norm: 0.00001196   converged                                     
               Excitation 22  :     10.19565989 Residual Norm: 0.00001325   converged                                     
               Excitation 23  :     10.19929016 Residual Norm: 0.00000831   converged                                     
               Excitation 24  :     10.20161488 Residual Norm: 0.00003374   converged                                     
               Excitation 25  :     10.20565031 Residual Norm: 0.00001387   converged                                     
               Excitation 26  :     10.20600015 Residual Norm: 0.00001488   converged                                     
               Excitation 27  :     10.20863652 Residual Norm: 0.00002396   converged                                     
               Excitation 28  :     10.21039570 Residual Norm: 0.00001742   converged                                     
               Excitation 29  :     10.21257424 Residual Norm: 0.00001768   converged                                     
               Excitation 30  :     10.21528182 Residual Norm: 0.00002981   converged                                     
               Excitation 31  :     10.21663880 Residual Norm: 0.00003547   converged                                     
               Excitation 32  :     10.22087856 Residual Norm: 0.00000674   converged                                     
               Excitation 33  :     10.22156880 Residual Norm: 0.00001187   converged                                     
               Excitation 34  :     10.22183288 Residual Norm: 0.00000973   converged                                     
               Excitation 35  :     10.22189402 Residual Norm: 0.00001294   converged                                     
               Excitation 36  :     10.22530435 Residual Norm: 0.00001379   converged                                     
               Excitation 37  :     10.22598862 Residual Norm: 0.00001624   converged                                     
               Excitation 38  :     10.22607137 Residual Norm: 0.00001499   converged                                     
               Excitation 39  :     10.23120622 Residual Norm: 0.00002021   converged                                     
               Excitation 40  :     10.23164036 Residual Norm: 0.00002179   converged                                     
               Excitation 41  :     10.23742836 Residual Norm: 0.00001285   converged                                     
               Excitation 42  :     10.24283989 Residual Norm: 0.00000879   converged                                     
               Excitation 43  :     10.24317234 Residual Norm: 0.00001222   converged                                     
               Excitation 44  :     10.24354123 Residual Norm: 0.00001302   converged                                     
               Excitation 45  :     10.24465795 Residual Norm: 0.00004705   converged                                     
               Excitation 46  :     10.24466784 Residual Norm: 0.00003016   converged                                     
               Excitation 47  :     10.24573887 Residual Norm: 0.00002847   converged                                     
               Excitation 48  :     10.24578683 Residual Norm: 0.00000591   converged                                     
               Excitation 49  :     10.24733773 Residual Norm: 0.00001512   converged                                     
               Excitation 50  :     10.24754431 Residual Norm: 0.00004765   converged                                     
               Excitation 51  :     10.25093452 Residual Norm: 0.00001053   converged                                     
               Excitation 52  :     10.25122397 Residual Norm: 0.00001908   converged                                     
               Excitation 53  :     10.25260403 Residual Norm: 0.00001180   converged                                     
               Excitation 54  :     10.25329061 Residual Norm: 0.00005903   converged                                     
               Excitation 55  :     10.25354090 Residual Norm: 0.00035769                                                 
               Excitation 56  :     10.25504611 Residual Norm: 0.00008268   converged                                     
               Excitation 57  :     10.25632154 Residual Norm: 0.00034759                                                 
               Excitation 58  :     10.25637889 Residual Norm: 0.00028662                                                 
               Excitation 59  :     10.25671218 Residual Norm: 0.00018358                                                 
               Excitation 60  :     10.25881338 Residual Norm: 0.00020564                                                 
               Excitation 61  :     10.25939996 Residual Norm: 0.00235999                                                 
               Excitation 62  :     10.25990309 Residual Norm: 0.00061051                                                 
               Excitation 63  :     10.26109232 Residual Norm: 0.00042951                                                 
               Excitation 64  :     10.26288442 Residual Norm: 0.00042799                                                 
               Excitation 65  :     10.26377165 Residual Norm: 0.00015108                                                 
               Excitation 66  :     10.26567498 Residual Norm: 0.00019034                                                 
               Excitation 67  :     10.26632681 Residual Norm: 0.00018764                                                 
               Excitation 68  :     10.26752812 Residual Norm: 0.00063146                                                 
               Excitation 69  :     10.26864696 Residual Norm: 0.00049714                                                 
               Excitation 70  :     10.27529158 Residual Norm: 0.00037753                                                 
               Excitation 71  :     10.27724701 Residual Norm: 0.00102217                                                 
               Excitation 72  :     10.27772734 Residual Norm: 0.00115842                                                 
               Excitation 73  :     10.27817038 Residual Norm: 0.00602138                                                 
               Excitation 74  :     10.27901724 Residual Norm: 0.00568889                                                 
               Excitation 75  :     10.28061523 Residual Norm: 0.00124929                                                 
                                                                                                                          
* Info * Processing 20 Fock builds...                                                                                     
                                                                                                                          
* Info * 438 gerade trial vectors in reduced space                                                                        
* Info * 438 ungerade trial vectors in reduced space                                                                      
                                                                                                                          
* Info * 265.92 kB of memory used for subspace procedure on the master node                                               
* Info * 364.15 GB of memory available for the solver on the master node                                                  
                                                                                                                          
               *** Iteration:   4 * Residuals (Max,Min): 1.11e-03 and 5.42e-06                                            
                                                                                                                          
               Excitation 1   :     10.09093300 Residual Norm: 0.00002118   converged                                     
               Excitation 2   :     10.09730547 Residual Norm: 0.00001671   converged                                     
               Excitation 3   :     10.09904426 Residual Norm: 0.00001663   converged                                     
               Excitation 4   :     10.10845048 Residual Norm: 0.00002867   converged                                     
               Excitation 5   :     10.11935456 Residual Norm: 0.00000644   converged                                     
               Excitation 6   :     10.12025457 Residual Norm: 0.00001163   converged                                     
               Excitation 7   :     10.12598655 Residual Norm: 0.00001828   converged                                     
               Excitation 8   :     10.12622049 Residual Norm: 0.00001094   converged                                     
               Excitation 9   :     10.13322524 Residual Norm: 0.00000943   converged                                     
               Excitation 10  :     10.14181004 Residual Norm: 0.00000542   converged                                     
               Excitation 11  :     10.14300852 Residual Norm: 0.00001539   converged                                     
               Excitation 12  :     10.14624023 Residual Norm: 0.00001963   converged                                     
               Excitation 13  :     10.15023105 Residual Norm: 0.00000701   converged                                     
               Excitation 14  :     10.16160017 Residual Norm: 0.00001719   converged                                     
               Excitation 15  :     10.16322621 Residual Norm: 0.00000803   converged                                     
               Excitation 16  :     10.16948692 Residual Norm: 0.00001570   converged                                     
               Excitation 17  :     10.17166696 Residual Norm: 0.00002016   converged                                     
               Excitation 18  :     10.17552279 Residual Norm: 0.00001865   converged                                     
               Excitation 19  :     10.17836814 Residual Norm: 0.00005092   converged                                     
               Excitation 20  :     10.17872931 Residual Norm: 0.00004632   converged                                     
               Excitation 21  :     10.19191928 Residual Norm: 0.00001157   converged                                     
               Excitation 22  :     10.19565989 Residual Norm: 0.00001342   converged                                     
               Excitation 23  :     10.19929016 Residual Norm: 0.00000808   converged                                     
               Excitation 24  :     10.20161488 Residual Norm: 0.00003373   converged                                     
               Excitation 25  :     10.20565031 Residual Norm: 0.00001375   converged                                     
               Excitation 26  :     10.20600015 Residual Norm: 0.00001473   converged                                     
               Excitation 27  :     10.20863652 Residual Norm: 0.00002350   converged                                     
               Excitation 28  :     10.21039570 Residual Norm: 0.00001471   converged                                     
               Excitation 29  :     10.21257424 Residual Norm: 0.00001556   converged                                     
               Excitation 30  :     10.21528182 Residual Norm: 0.00002346   converged                                     
               Excitation 31  :     10.21663880 Residual Norm: 0.00003169   converged                                     
               Excitation 32  :     10.22087856 Residual Norm: 0.00000680   converged                                     
               Excitation 33  :     10.22156880 Residual Norm: 0.00001030   converged                                     
               Excitation 34  :     10.22183288 Residual Norm: 0.00000953   converged                                     
               Excitation 35  :     10.22189402 Residual Norm: 0.00001002   converged                                     
               Excitation 36  :     10.22530435 Residual Norm: 0.00001206   converged                                     
               Excitation 37  :     10.22598862 Residual Norm: 0.00001364   converged                                     
               Excitation 38  :     10.22607137 Residual Norm: 0.00001268   converged                                     
               Excitation 39  :     10.23120622 Residual Norm: 0.00001892   converged                                     
               Excitation 40  :     10.23164036 Residual Norm: 0.00001997   converged                                     
               Excitation 41  :     10.23742836 Residual Norm: 0.00001169   converged                                     
               Excitation 42  :     10.24283989 Residual Norm: 0.00000886   converged                                     
               Excitation 43  :     10.24317234 Residual Norm: 0.00001268   converged                                     
               Excitation 44  :     10.24354123 Residual Norm: 0.00001312   converged                                     
               Excitation 45  :     10.24465795 Residual Norm: 0.00004041   converged                                     
               Excitation 46  :     10.24466784 Residual Norm: 0.00002355   converged                                     
               Excitation 47  :     10.24573887 Residual Norm: 0.00002699   converged                                     
               Excitation 48  :     10.24578683 Residual Norm: 0.00000576   converged                                     
               Excitation 49  :     10.24733773 Residual Norm: 0.00001552   converged                                     
               Excitation 50  :     10.24754431 Residual Norm: 0.00004256   converged                                     
               Excitation 51  :     10.25093452 Residual Norm: 0.00001020   converged                                     
               Excitation 52  :     10.25122397 Residual Norm: 0.00002007   converged                                     
               Excitation 53  :     10.25260403 Residual Norm: 0.00000934   converged                                     
               Excitation 54  :     10.25329061 Residual Norm: 0.00003594   converged                                     
               Excitation 55  :     10.25354088 Residual Norm: 0.00004864   converged                                     
               Excitation 56  :     10.25504611 Residual Norm: 0.00005115   converged                                     
               Excitation 57  :     10.25632153 Residual Norm: 0.00004486   converged                                     
               Excitation 58  :     10.25637887 Residual Norm: 0.00005763   converged                                     
               Excitation 59  :     10.25671218 Residual Norm: 0.00002320   converged                                     
               Excitation 60  :     10.25881338 Residual Norm: 0.00003542   converged                                     
               Excitation 61  :     10.25939930 Residual Norm: 0.00040215                                                 
               Excitation 62  :     10.25990301 Residual Norm: 0.00013874                                                 
               Excitation 63  :     10.26109229 Residual Norm: 0.00008397   converged                                     
               Excitation 64  :     10.26288441 Residual Norm: 0.00004453   converged                                     
               Excitation 65  :     10.26377165 Residual Norm: 0.00001553   converged                                     
               Excitation 66  :     10.26567497 Residual Norm: 0.00003907   converged                                     
               Excitation 67  :     10.26632681 Residual Norm: 0.00003427   converged                                     
               Excitation 68  :     10.26752807 Residual Norm: 0.00009621   converged                                     
               Excitation 69  :     10.26864694 Residual Norm: 0.00005622   converged                                     
               Excitation 70  :     10.27529156 Residual Norm: 0.00005396   converged                                     
               Excitation 71  :     10.27724691 Residual Norm: 0.00013922                                                 
               Excitation 72  :     10.27772723 Residual Norm: 0.00017551                                                 
               Excitation 73  :     10.27816755 Residual Norm: 0.00111470                                                 
               Excitation 74  :     10.27901455 Residual Norm: 0.00105640                                                 
               Excitation 75  :     10.28061514 Residual Norm: 0.00017594                                                 
                                                                                                                          
* Info * Processing 7 Fock builds...                                                                                      
                                                                                                                          
* Info * 445 gerade trial vectors in reduced space                                                                        
* Info * 445 ungerade trial vectors in reduced space                                                                      
                                                                                                                          
* Info * 269.60 kB of memory used for subspace procedure on the master node                                               
* Info * 365.46 GB of memory available for the solver on the master node                                                  
                                                                                                                          
               *** Iteration:   5 * Residuals (Max,Min): 2.26e-04 and 5.36e-06                                            
                                                                                                                          
               Excitation 1   :     10.09093300 Residual Norm: 0.00002080   converged                                     
               Excitation 2   :     10.09730547 Residual Norm: 0.00001670   converged                                     
               Excitation 3   :     10.09904426 Residual Norm: 0.00001636   converged                                     
               Excitation 4   :     10.10845048 Residual Norm: 0.00002826   converged                                     
               Excitation 5   :     10.11935456 Residual Norm: 0.00000634   converged                                     
               Excitation 6   :     10.12025457 Residual Norm: 0.00001101   converged                                     
               Excitation 7   :     10.12598655 Residual Norm: 0.00001818   converged                                     
               Excitation 8   :     10.12622049 Residual Norm: 0.00001094   converged                                     
               Excitation 9   :     10.13322524 Residual Norm: 0.00000941   converged                                     
               Excitation 10  :     10.14181004 Residual Norm: 0.00000536   converged                                     
               Excitation 11  :     10.14300852 Residual Norm: 0.00001538   converged                                     
               Excitation 12  :     10.14624023 Residual Norm: 0.00001950   converged                                     
               Excitation 13  :     10.15023105 Residual Norm: 0.00000692   converged                                     
               Excitation 14  :     10.16160017 Residual Norm: 0.00001716   converged                                     
               Excitation 15  :     10.16322621 Residual Norm: 0.00000761   converged                                     
               Excitation 16  :     10.16948692 Residual Norm: 0.00001564   converged                                     
               Excitation 17  :     10.17166696 Residual Norm: 0.00001725   converged                                     
               Excitation 18  :     10.17552279 Residual Norm: 0.00001876   converged                                     
               Excitation 19  :     10.17836814 Residual Norm: 0.00004940   converged                                     
               Excitation 20  :     10.17872931 Residual Norm: 0.00004626   converged                                     
               Excitation 21  :     10.19191928 Residual Norm: 0.00001135   converged                                     
               Excitation 22  :     10.19565989 Residual Norm: 0.00001172   converged                                     
               Excitation 23  :     10.19929016 Residual Norm: 0.00000806   converged                                     
               Excitation 24  :     10.20161488 Residual Norm: 0.00003387   converged                                     
               Excitation 25  :     10.20565031 Residual Norm: 0.00001382   converged                                     
               Excitation 26  :     10.20600015 Residual Norm: 0.00001423   converged                                     
               Excitation 27  :     10.20863652 Residual Norm: 0.00002340   converged                                     
               Excitation 28  :     10.21039570 Residual Norm: 0.00001568   converged                                     
               Excitation 29  :     10.21257424 Residual Norm: 0.00001539   converged                                     
               Excitation 30  :     10.21528182 Residual Norm: 0.00002133   converged                                     
               Excitation 31  :     10.21663880 Residual Norm: 0.00002990   converged                                     
               Excitation 32  :     10.22087856 Residual Norm: 0.00000677   converged                                     
               Excitation 33  :     10.22156880 Residual Norm: 0.00000985   converged                                     
               Excitation 34  :     10.22183288 Residual Norm: 0.00000922   converged                                     
               Excitation 35  :     10.22189402 Residual Norm: 0.00000961   converged                                     
               Excitation 36  :     10.22530435 Residual Norm: 0.00001244   converged                                     
               Excitation 37  :     10.22598862 Residual Norm: 0.00001362   converged                                     
               Excitation 38  :     10.22607137 Residual Norm: 0.00001247   converged                                     
               Excitation 39  :     10.23120622 Residual Norm: 0.00001877   converged                                     
               Excitation 40  :     10.23164036 Residual Norm: 0.00001999   converged                                     
               Excitation 41  :     10.23742836 Residual Norm: 0.00001176   converged                                     
               Excitation 42  :     10.24283989 Residual Norm: 0.00000801   converged                                     
               Excitation 43  :     10.24317234 Residual Norm: 0.00001150   converged                                     
               Excitation 44  :     10.24354123 Residual Norm: 0.00001313   converged                                     
               Excitation 45  :     10.24465795 Residual Norm: 0.00004138   converged                                     
               Excitation 46  :     10.24466784 Residual Norm: 0.00002123   converged                                     
               Excitation 47  :     10.24573887 Residual Norm: 0.00002521   converged                                     
               Excitation 48  :     10.24578683 Residual Norm: 0.00000574   converged                                     
               Excitation 49  :     10.24733773 Residual Norm: 0.00001452   converged                                     
               Excitation 50  :     10.24754431 Residual Norm: 0.00004263   converged                                     
               Excitation 51  :     10.25093452 Residual Norm: 0.00000976   converged                                     
               Excitation 52  :     10.25122397 Residual Norm: 0.00001885   converged                                     
               Excitation 53  :     10.25260403 Residual Norm: 0.00000873   converged                                     
               Excitation 54  :     10.25329061 Residual Norm: 0.00003615   converged                                     
               Excitation 55  :     10.25354088 Residual Norm: 0.00004696   converged                                     
               Excitation 56  :     10.25504611 Residual Norm: 0.00005185   converged                                     
               Excitation 57  :     10.25632153 Residual Norm: 0.00001333   converged                                     
               Excitation 58  :     10.25637887 Residual Norm: 0.00005475   converged                                     
               Excitation 59  :     10.25671218 Residual Norm: 0.00002298   converged                                     
               Excitation 60  :     10.25881338 Residual Norm: 0.00002603   converged                                     
               Excitation 61  :     10.25939929 Residual Norm: 0.00007392   converged                                     
               Excitation 62  :     10.25990301 Residual Norm: 0.00002311   converged                                     
               Excitation 63  :     10.26109229 Residual Norm: 0.00006845   converged                                     
               Excitation 64  :     10.26288441 Residual Norm: 0.00004306   converged                                     
               Excitation 65  :     10.26377165 Residual Norm: 0.00001482   converged                                     
               Excitation 66  :     10.26567497 Residual Norm: 0.00003411   converged                                     
               Excitation 67  :     10.26632681 Residual Norm: 0.00003323   converged                                     
               Excitation 68  :     10.26752807 Residual Norm: 0.00007046   converged                                     
               Excitation 69  :     10.26864694 Residual Norm: 0.00005582   converged                                     
               Excitation 70  :     10.27529156 Residual Norm: 0.00004747   converged                                     
               Excitation 71  :     10.27724690 Residual Norm: 0.00002212   converged                                     
               Excitation 72  :     10.27772723 Residual Norm: 0.00002462   converged                                     
               Excitation 73  :     10.27816746 Residual Norm: 0.00022612                                                 
               Excitation 74  :     10.27901446 Residual Norm: 0.00021256                                                 
               Excitation 75  :     10.28061514 Residual Norm: 0.00002393   converged                                     
                                                                                                                          
* Info * Processing 2 Fock builds...                                                                                      
                                                                                                                          
* Info * 447 gerade trial vectors in reduced space                                                                        
* Info * 447 ungerade trial vectors in reduced space                                                                      
                                                                                                                          
* Info * 270.52 kB of memory used for subspace procedure on the master node                                               
* Info * 365.86 GB of memory available for the solver on the master node                                                  
                                                                                                                          
               *** Iteration:   6 * Residuals (Max,Min): 7.28e-05 and 5.38e-06                                            
                                                                                                                          
               Excitation 1   :     10.09093300 Residual Norm: 0.00002065   converged                                     
               Excitation 2   :     10.09730547 Residual Norm: 0.00001670   converged                                     
               Excitation 3   :     10.09904426 Residual Norm: 0.00001637   converged                                     
               Excitation 4   :     10.10845048 Residual Norm: 0.00002832   converged                                     
               Excitation 5   :     10.11935456 Residual Norm: 0.00000634   converged                                     
               Excitation 6   :     10.12025457 Residual Norm: 0.00001098   converged                                     
               Excitation 7   :     10.12598655 Residual Norm: 0.00001822   converged                                     
               Excitation 8   :     10.12622049 Residual Norm: 0.00001092   converged                                     
               Excitation 9   :     10.13322524 Residual Norm: 0.00000936   converged                                     
               Excitation 10  :     10.14181004 Residual Norm: 0.00000538   converged                                     
               Excitation 11  :     10.14300852 Residual Norm: 0.00001537   converged                                     
               Excitation 12  :     10.14624023 Residual Norm: 0.00001950   converged                                     
               Excitation 13  :     10.15023105 Residual Norm: 0.00000692   converged                                     
               Excitation 14  :     10.16160017 Residual Norm: 0.00001724   converged                                     
               Excitation 15  :     10.16322621 Residual Norm: 0.00000754   converged                                     
               Excitation 16  :     10.16948692 Residual Norm: 0.00001564   converged                                     
               Excitation 17  :     10.17166696 Residual Norm: 0.00001726   converged                                     
               Excitation 18  :     10.17552279 Residual Norm: 0.00001873   converged                                     
               Excitation 19  :     10.17836814 Residual Norm: 0.00004895   converged                                     
               Excitation 20  :     10.17872931 Residual Norm: 0.00004603   converged                                     
               Excitation 21  :     10.19191928 Residual Norm: 0.00001118   converged                                     
               Excitation 22  :     10.19565989 Residual Norm: 0.00001168   converged                                     
               Excitation 23  :     10.19929016 Residual Norm: 0.00000807   converged                                     
               Excitation 24  :     10.20161488 Residual Norm: 0.00003399   converged                                     
               Excitation 25  :     10.20565031 Residual Norm: 0.00001381   converged                                     
               Excitation 26  :     10.20600015 Residual Norm: 0.00001418   converged                                     
               Excitation 27  :     10.20863652 Residual Norm: 0.00002341   converged                                     
               Excitation 28  :     10.21039570 Residual Norm: 0.00001645   converged                                     
               Excitation 29  :     10.21257424 Residual Norm: 0.00001541   converged                                     
               Excitation 30  :     10.21528182 Residual Norm: 0.00002132   converged                                     
               Excitation 31  :     10.21663880 Residual Norm: 0.00002963   converged                                     
               Excitation 32  :     10.22087856 Residual Norm: 0.00000676   converged                                     
               Excitation 33  :     10.22156880 Residual Norm: 0.00000984   converged                                     
               Excitation 34  :     10.22183288 Residual Norm: 0.00000916   converged                                     
               Excitation 35  :     10.22189402 Residual Norm: 0.00000935   converged                                     
               Excitation 36  :     10.22530435 Residual Norm: 0.00001237   converged                                     
               Excitation 37  :     10.22598862 Residual Norm: 0.00001364   converged                                     
               Excitation 38  :     10.22607137 Residual Norm: 0.00001224   converged                                     
               Excitation 39  :     10.23120622 Residual Norm: 0.00001864   converged                                     
               Excitation 40  :     10.23164036 Residual Norm: 0.00001997   converged                                     
               Excitation 41  :     10.23742836 Residual Norm: 0.00001166   converged                                     
               Excitation 42  :     10.24283989 Residual Norm: 0.00000784   converged                                     
               Excitation 43  :     10.24317234 Residual Norm: 0.00001149   converged                                     
               Excitation 44  :     10.24354123 Residual Norm: 0.00001294   converged                                     
               Excitation 45  :     10.24465795 Residual Norm: 0.00004095   converged                                     
               Excitation 46  :     10.24466784 Residual Norm: 0.00002100   converged                                     
               Excitation 47  :     10.24573887 Residual Norm: 0.00002550   converged                                     
               Excitation 48  :     10.24578683 Residual Norm: 0.00000574   converged                                     
               Excitation 49  :     10.24733773 Residual Norm: 0.00001444   converged                                     
               Excitation 50  :     10.24754431 Residual Norm: 0.00004263   converged                                     
               Excitation 51  :     10.25093452 Residual Norm: 0.00000990   converged                                     
               Excitation 52  :     10.25122397 Residual Norm: 0.00001838   converged                                     
               Excitation 53  :     10.25260403 Residual Norm: 0.00000873   converged                                     
               Excitation 54  :     10.25329061 Residual Norm: 0.00003606   converged                                     
               Excitation 55  :     10.25354088 Residual Norm: 0.00004790   converged                                     
               Excitation 56  :     10.25504611 Residual Norm: 0.00005181   converged                                     
               Excitation 57  :     10.25632153 Residual Norm: 0.00001333   converged                                     
               Excitation 58  :     10.25637887 Residual Norm: 0.00005429   converged                                     
               Excitation 59  :     10.25671218 Residual Norm: 0.00002288   converged                                     
               Excitation 60  :     10.25881338 Residual Norm: 0.00002561   converged                                     
               Excitation 61  :     10.25939929 Residual Norm: 0.00007284   converged                                     
               Excitation 62  :     10.25990301 Residual Norm: 0.00002328   converged                                     
               Excitation 63  :     10.26109229 Residual Norm: 0.00006669   converged                                     
               Excitation 64  :     10.26288441 Residual Norm: 0.00004302   converged                                     
               Excitation 65  :     10.26377165 Residual Norm: 0.00001488   converged                                     
               Excitation 66  :     10.26567497 Residual Norm: 0.00003303   converged                                     
               Excitation 67  :     10.26632681 Residual Norm: 0.00003311   converged                                     
               Excitation 68  :     10.26752807 Residual Norm: 0.00006882   converged                                     
               Excitation 69  :     10.26864694 Residual Norm: 0.00005568   converged                                     
               Excitation 70  :     10.27529156 Residual Norm: 0.00004671   converged                                     
               Excitation 71  :     10.27724690 Residual Norm: 0.00002233   converged                                     
               Excitation 72  :     10.27772723 Residual Norm: 0.00002513   converged                                     
               Excitation 73  :     10.27816746 Residual Norm: 0.00004697   converged                                     
               Excitation 74  :     10.27901446 Residual Norm: 0.00004732   converged                                     
               Excitation 75  :     10.28061514 Residual Norm: 0.00002321   converged                                     
                                                                                                                          
* Info * Checkpoint written to file: 0188_c1s_rsp.h5                                                                      
                                                                                                                          
* Info * Time spent in writing checkpoint file: 1.35 sec                                                                  
                                                                                                                          
               *** Linear response converged in 6 iterations. Time: 221.05 sec                                            
                                                                                                                          
                                                                                                                          
* Info * Response solution vectors written to file: 0188_c1s.h5                                                           
                                                                                                                          
               Electric Transition Dipole Moments (dipole length, a.u.)                                                   
               --------------------------------------------------------                                                   
                                                X            Y            Z                                               
               Excited State    S1:      0.004590     0.001479    -0.073935                                               
               Excited State    S2:     -0.002550    -0.000240     0.073151                                               
               Excited State    S3:     -0.000053    -0.005101    -0.072079                                               
               Excited State    S4:     -0.005179    -0.000073     0.068140                                               
               Excited State    S5:      0.000845    -0.000085    -0.039138                                               
               Excited State    S6:      0.002014    -0.002336     0.087458                                               
               Excited State    S7:     -0.005080     0.002971     0.037617                                               
               Excited State    S8:     -0.006003    -0.000345    -0.072724                                               
               Excited State    S9:      0.000241     0.000575    -0.006297                                               
               Excited State   S10:      0.007695    -0.006318     0.031619                                               
               Excited State   S11:      0.003539    -0.001780    -0.013037                                               
               Excited State   S12:      0.003241    -0.006635    -0.023398                                               
               Excited State   S13:     -0.000466     0.002231    -0.016621                                               
               Excited State   S14:      0.003681    -0.003500     0.063735                                               
               Excited State   S15:      0.049324    -0.032392    -0.014467                                               
               Excited State   S16:     -0.000838     0.032137    -0.000751                                               
               Excited State   S17:     -0.034727     0.019360    -0.005265                                               
               Excited State   S18:      0.001502     0.038148     0.002814                                               
               Excited State   S19:     -0.037349    -0.018991     0.002199                                               
               Excited State   S20:     -0.001989     0.010765    -0.002441                                               
               Excited State   S21:     -0.009926    -0.013494    -0.011211                                               
               Excited State   S22:     -0.006917     0.005399     0.014671                                               
               Excited State   S23:      0.001070     0.006102     0.006989                                               
               Excited State   S24:     -0.000553    -0.000169     0.015873                                               
               Excited State   S25:     -0.008995     0.014995    -0.002394                                               
               Excited State   S26:      0.006233     0.001046    -0.020148                                               
               Excited State   S27:      0.004897    -0.007415     0.006845                                               
               Excited State   S28:     -0.001544    -0.037135    -0.005234                                               
               Excited State   S29:     -0.001273    -0.019353     0.004799                                               
               Excited State   S30:     -0.014765     0.017379     0.004039                                               
               Excited State   S31:      0.017308     0.004299     0.005578                                               
               Excited State   S32:      0.001474     0.008975     0.008157                                               
               Excited State   S33:      0.009419    -0.001385    -0.000761                                               
               Excited State   S34:     -0.007702     0.007529     0.002688                                               
               Excited State   S35:     -0.009088     0.003121    -0.004586                                               
               Excited State   S36:      0.002802     0.019306    -0.000782                                               
               Excited State   S37:      0.002902     0.002770    -0.009042                                               
               Excited State   S38:     -0.006483    -0.006011     0.006190                                               
               Excited State   S39:     -0.012657     0.012641     0.008501                                               
               Excited State   S40:     -0.012778    -0.019081     0.000301                                               
               Excited State   S41:      0.004505    -0.013777     0.003173                                               
               Excited State   S42:      0.021501    -0.012247    -0.002392                                               
               Excited State   S43:     -0.007831     0.000124    -0.000116                                               
               Excited State   S44:      0.000598     0.000612    -0.026147                                               
               Excited State   S45:     -0.041493    -0.013350    -0.001503                                               
               Excited State   S46:     -0.004894     0.003866     0.003733                                               
               Excited State   S47:     -0.014825    -0.009878     0.001122                                               
               Excited State   S48:     -0.003437     0.004166     0.002062                                               
               Excited State   S49:     -0.001679    -0.001281     0.018815                                               
               Excited State   S50:      0.008885    -0.003146    -0.006448                                               
               Excited State   S51:     -0.001414     0.007236    -0.001163                                               
               Excited State   S52:      0.005777     0.002493     0.003935                                               
               Excited State   S53:      0.006318    -0.000090     0.008261                                               
               Excited State   S54:      0.001136     0.000766     0.018749                                               
               Excited State   S55:     -0.007029     0.002614    -0.002855                                               
               Excited State   S56:      0.008874    -0.014455    -0.000244                                               
               Excited State   S57:     -0.004978    -0.001946     0.013623                                               
               Excited State   S58:     -0.007378    -0.005169    -0.004865                                               
               Excited State   S59:     -0.006269    -0.009967    -0.000558                                               
               Excited State   S60:      0.015549    -0.013258    -0.001433                                               
               Excited State   S61:     -0.008692    -0.007535     0.004604                                               
               Excited State   S62:     -0.002059     0.002435     0.001970                                               
               Excited State   S63:     -0.000442    -0.001186     0.002960                                               
               Excited State   S64:     -0.005702    -0.006153     0.006499                                               
               Excited State   S65:     -0.001162    -0.002187    -0.000761                                               
               Excited State   S66:     -0.006467    -0.005819    -0.002925                                               
               Excited State   S67:     -0.002621    -0.003663     0.000307                                               
               Excited State   S68:      0.011023    -0.013320     0.000186                                               
               Excited State   S69:      0.005880     0.011893     0.002806                                               
               Excited State   S70:      0.001461     0.009628    -0.006388                                               
               Excited State   S71:     -0.001200     0.004949     0.016060                                               
               Excited State   S72:     -0.002642    -0.003029     0.021021                                               
               Excited State   S73:     -0.009999    -0.034641     0.000797                                               
               Excited State   S74:     -0.024572    -0.006254     0.004073                                               
               Excited State   S75:      0.012587    -0.003754     0.006201                                               
                                                                                                                          
               Electric Transition Dipole Moments (dipole velocity, a.u.)                                                 
               ----------------------------------------------------------                                                 
                                                X            Y            Z                                               
               Excited State    S1:      0.004530     0.001460    -0.072890                                               
               Excited State    S2:     -0.002481    -0.000275     0.072138                                               
               Excited State    S3:     -0.000096    -0.005014    -0.071088                                               
               Excited State    S4:     -0.005106    -0.000068     0.067199                                               
               Excited State    S5:      0.000839    -0.000082    -0.038647                                               
               Excited State    S6:      0.002000    -0.002308     0.086210                                               
               Excited State    S7:     -0.005012     0.002954     0.037103                                               
               Excited State    S8:     -0.005935    -0.000334    -0.071754                                               
               Excited State    S9:      0.000235     0.000567    -0.006208                                               
               Excited State   S10:      0.007625    -0.006270     0.031214                                               
               Excited State   S11:      0.003512    -0.001754    -0.012847                                               
               Excited State   S12:      0.003196    -0.006581    -0.023072                                               
               Excited State   S13:     -0.000475     0.002213    -0.016368                                               
               Excited State   S14:      0.003660    -0.003478     0.062878                                               
               Excited State   S15:      0.048946    -0.032085    -0.014316                                               
               Excited State   S16:     -0.000699     0.031940    -0.000728                                               
               Excited State   S17:     -0.034557     0.019269    -0.005167                                               
               Excited State   S18:      0.001434     0.037965     0.002791                                               
               Excited State   S19:     -0.037179    -0.018841     0.002186                                               
               Excited State   S20:     -0.001998     0.010730    -0.002363                                               
               Excited State   S21:     -0.009839    -0.013406    -0.011071                                               
               Excited State   S22:     -0.006869     0.005337     0.014440                                               
               Excited State   S23:      0.001124     0.006115     0.006929                                               
               Excited State   S24:     -0.000526    -0.000167     0.015643                                               
               Excited State   S25:     -0.008955     0.014959    -0.002366                                               
               Excited State   S26:      0.006195     0.001040    -0.019943                                               
               Excited State   S27:      0.004872    -0.007457     0.006717                                               
               Excited State   S28:     -0.001519    -0.036866    -0.005183                                               
               Excited State   S29:     -0.001179    -0.019217     0.004762                                               
               Excited State   S30:     -0.014711     0.017260     0.003938                                               
               Excited State   S31:      0.017283     0.004285     0.005477                                               
               Excited State   S32:      0.001432     0.008919     0.008010                                               
               Excited State   S33:      0.009350    -0.001387    -0.000839                                               
               Excited State   S34:     -0.007591     0.007467     0.002648                                               
               Excited State   S35:     -0.009017     0.003102    -0.004583                                               
               Excited State   S36:      0.002700     0.019250    -0.000772                                               
               Excited State   S37:      0.002772     0.002480    -0.008859                                               
               Excited State   S38:     -0.006512    -0.006093     0.006019                                               
               Excited State   S39:     -0.012457     0.012526     0.008395                                               
               Excited State   S40:     -0.012841    -0.019114     0.000166                                               
               Excited State   S41:      0.004378    -0.013397     0.003129                                               
               Excited State   S42:      0.021318    -0.012243    -0.002278                                               
               Excited State   S43:     -0.007829     0.000081    -0.000118                                               
               Excited State   S44:      0.000661     0.000649    -0.026109                                               
               Excited State   S45:     -0.041236    -0.013417    -0.001477                                               
               Excited State   S46:     -0.004682     0.003806     0.003680                                               
               Excited State   S47:     -0.014723    -0.009880     0.001150                                               
               Excited State   S48:     -0.003231     0.004330     0.002142                                               
               Excited State   S49:     -0.001715    -0.001269     0.018982                                               
               Excited State   S50:      0.008529    -0.003217    -0.006291                                               
               Excited State   S51:     -0.001422     0.007185    -0.001137                                               
               Excited State   S52:      0.005824     0.002275     0.003873                                               
               Excited State   S53:      0.006361    -0.000121     0.008208                                               
               Excited State   S54:      0.001302     0.000843     0.018704                                               
               Excited State   S55:     -0.006951     0.002718    -0.003035                                               
               Excited State   S56:      0.008798    -0.014409    -0.000267                                               
               Excited State   S57:     -0.005127    -0.001823     0.013615                                               
               Excited State   S58:     -0.007315    -0.005079    -0.004805                                               
               Excited State   S59:     -0.005875    -0.009794    -0.000643                                               
               Excited State   S60:      0.015606    -0.013183    -0.001303                                               
               Excited State   S61:     -0.008600    -0.007503     0.004469                                               
               Excited State   S62:     -0.002002     0.002552     0.002838                                               
               Excited State   S63:     -0.000486    -0.001170     0.003796                                               
               Excited State   S64:     -0.005612    -0.006013     0.006514                                               
               Excited State   S65:     -0.001157    -0.002283    -0.000766                                               
               Excited State   S66:     -0.006476    -0.005709    -0.002859                                               
               Excited State   S67:     -0.002424    -0.003785     0.000278                                               
               Excited State   S68:      0.010917    -0.013119    -0.000029                                               
               Excited State   S69:      0.005840     0.011835     0.002836                                               
               Excited State   S70:      0.001724     0.009318    -0.006201                                               
               Excited State   S71:     -0.001234     0.004910     0.015871                                               
               Excited State   S72:     -0.002715    -0.002913     0.020666                                               
               Excited State   S73:     -0.009718    -0.034334     0.000670                                               
               Excited State   S74:     -0.024397    -0.006282     0.003997                                               
               Excited State   S75:      0.012446    -0.003729     0.006176                                               
                                                                                                                          
               Magnetic Transition Dipole Moments (a.u.)                                                                  
               -----------------------------------------                                                                  
                                                X            Y            Z                                               
               Excited State    S1:      0.967525     0.640787     0.072651                                               
               Excited State    S2:      1.008908    -0.715545     0.031361                                               
               Excited State    S3:     -0.476669     1.486337    -0.106565                                               
               Excited State    S4:     -0.442210    -1.393425    -0.037825                                               
               Excited State    S5:      0.251973     0.022927     0.008794                                               
               Excited State    S6:     -0.197542     1.909144     0.057021                                               
               Excited State    S7:     -0.338896    -0.843805     0.030323                                               
               Excited State    S8:     -0.484062    -0.068627     0.041966                                               
               Excited State    S9:      0.087972     0.025456     0.011034                                               
               Excited State   S10:      0.209479     0.054391    -0.042699                                               
               Excited State   S11:     -0.198214     0.119794    -0.062261                                               
               Excited State   S12:     -0.159186     0.470344    -0.160528                                               
               Excited State   S13:      0.117169    -0.044732    -0.011162                                               
               Excited State   S14:     -0.382587     0.175386    -0.038724                                               
               Excited State   S15:     -0.038770    -0.074043    -0.277492                                               
               Excited State   S16:      0.036271     0.007786     0.275448                                               
               Excited State   S17:      0.017092     0.075476     0.173767                                               
               Excited State   S18:     -0.037050    -0.025803     0.400090                                               
               Excited State   S19:      0.028640    -0.076084    -0.166810                                               
               Excited State   S20:      0.040320     0.025975     0.097812                                               
               Excited State   S21:      0.056758    -0.028323    -0.021251                                               
               Excited State   S22:      0.116810     0.035836     0.034527                                               
               Excited State   S23:      0.094753    -0.068671     0.039731                                               
               Excited State   S24:     -0.101497    -0.323541    -0.003447                                               
               Excited State   S25:      0.031999     0.025450     0.013347                                               
               Excited State   S26:     -0.138221     0.429057    -0.019917                                               
               Excited State   S27:      0.081063    -0.073817    -0.143146                                               
               Excited State   S28:      0.004603    -0.118757     0.846862                                               
               Excited State   S29:     -0.065698    -0.044491    -0.164630                                               
               Excited State   S30:     -0.025835    -0.099091     0.191339                                               
               Excited State   S31:      0.036052    -0.101585     0.023430                                               
               Excited State   S32:     -0.021437     0.023201     0.035967                                               
               Excited State   S33:     -0.028488    -0.013854    -0.044136                                               
               Excited State   S34:      0.044378    -0.001259     0.026793                                               
               Excited State   S35:      0.030306     0.091718    -0.017430                                               
               Excited State   S36:     -0.001918     0.021314     0.236401                                               
               Excited State   S37:     -0.047641     0.188668     0.076385                                               
               Excited State   S38:      0.061585    -0.134812    -0.068624                                               
               Excited State   S39:      0.126628    -0.124772     0.167746                                               
               Excited State   S40:     -0.043699    -0.063984    -0.187036                                               
               Excited State   S41:     -0.042956    -0.030551    -0.062749                                               
               Excited State   S42:     -0.028051    -0.012843    -0.129350                                               
               Excited State   S43:      0.018506    -0.002092     0.040997                                               
               Excited State   S44:     -0.368379     0.258249    -0.013926                                               
               Excited State   S45:     -0.001098    -0.038227     0.224997                                               
               Excited State   S46:     -0.029559    -0.082642    -0.028058                                               
               Excited State   S47:     -0.003883     0.028977     0.197921                                               
               Excited State   S48:      0.042236    -0.007285     0.088088                                               
               Excited State   S49:     -0.254432    -0.161358    -0.033991                                               
               Excited State   S50:     -0.038170     0.131283    -0.113601                                               
               Excited State   S51:      0.016981     0.025672     0.040379                                               
               Excited State   S52:     -0.020624     0.005897     0.028749                                               
               Excited State   S53:     -0.121198    -0.157453     0.043959                                               
               Excited State   S54:      0.092076    -0.386836     0.038908                                               
               Excited State   S55:     -0.025590     0.006350     0.052312                                               
               Excited State   S56:     -0.014227     0.012652     0.002050                                               
               Excited State   S57:     -0.093459    -0.286091    -0.046835                                               
               Excited State   S58:      0.025142     0.016525    -0.030221                                               
               Excited State   S59:     -0.023370     0.017807    -0.040563                                               
               Excited State   S60:     -0.026630    -0.014634    -0.087538                                               
               Excited State   S61:     -0.010707     0.104892     0.153173                                               
               Excited State   S62:      0.037721     0.003250     0.010934                                               
               Excited State   S63:     -0.012145     0.005037     0.004334                                               
               Excited State   S64:      0.040501    -0.143246    -0.086552                                               
               Excited State   S65:      0.023978     0.015887    -0.034037                                               
               Excited State   S66:      0.014976    -0.005476    -0.014127                                               
               Excited State   S67:      0.010228    -0.007150    -0.070990                                               
               Excited State   S68:     -0.009298    -0.008105    -0.069674                                               
               Excited State   S69:      0.058601    -0.038737     0.044886                                               
               Excited State   S70:      0.093845     0.032845     0.109417                                               
               Excited State   S71:     -0.137394    -0.292697     0.040548                                               
               Excited State   S72:     -0.157350    -0.450453    -0.041046                                               
               Excited State   S73:     -0.007243     0.017131     0.776058                                               
               Excited State   S74:     -0.009509     0.096781     0.094368                                               
               Excited State   S75:     -0.021875    -0.175705    -0.003893                                               
                                                                                                                          
               One-Photon Absorption                                                                                      
               ---------------------                                                                                      
               Excited State    S1:     10.09093300 a.u.    274.58828 eV    Osc.Str.    0.0369                            
               Excited State    S2:     10.09730547 a.u.    274.76168 eV    Osc.Str.    0.0361                            
               Excited State    S3:     10.09904426 a.u.    274.80899 eV    Osc.Str.    0.0352                            
               Excited State    S4:     10.10845048 a.u.    275.06495 eV    Osc.Str.    0.0315                            
               Excited State    S5:     10.11935456 a.u.    275.36167 eV    Osc.Str.    0.0103                            
               Excited State    S6:     10.12025457 a.u.    275.38616 eV    Osc.Str.    0.0517                            
               Excited State    S7:     10.12598655 a.u.    275.54213 eV    Osc.Str.    0.0098                            
               Excited State    S8:     10.12622049 a.u.    275.54850 eV    Osc.Str.    0.0359                            
               Excited State    S9:     10.13322524 a.u.    275.73911 eV    Osc.Str.    0.0003                            
               Excited State   S10:     10.14181004 a.u.    275.97271 eV    Osc.Str.    0.0074                            
               Excited State   S11:     10.14300852 a.u.    276.00532 eV    Osc.Str.    0.0013                            
               Excited State   S12:     10.14624023 a.u.    276.09326 eV    Osc.Str.    0.0041                            
               Excited State   S13:     10.15023105 a.u.    276.20186 eV    Osc.Str.    0.0019                            
               Excited State   S14:     10.16160017 a.u.    276.51123 eV    Osc.Str.    0.0277                            
               Excited State   S15:     10.16322621 a.u.    276.55547 eV    Osc.Str.    0.0250                            
               Excited State   S16:     10.16948692 a.u.    276.72584 eV    Osc.Str.    0.0070                            
               Excited State   S17:     10.17166696 a.u.    276.78516 eV    Osc.Str.    0.0109                            
               Excited State   S18:     10.17552279 a.u.    276.89008 eV    Osc.Str.    0.0099                            
               Excited State   S19:     10.17836814 a.u.    276.96751 eV    Osc.Str.    0.0119                            
               Excited State   S20:     10.17872931 a.u.    276.97733 eV    Osc.Str.    0.0009                            
               Excited State   S21:     10.19191928 a.u.    277.33625 eV    Osc.Str.    0.0028                            
               Excited State   S22:     10.19565989 a.u.    277.43804 eV    Osc.Str.    0.0020                            
               Excited State   S23:     10.19929016 a.u.    277.53682 eV    Osc.Str.    0.0006                            
               Excited State   S24:     10.20161488 a.u.    277.60008 eV    Osc.Str.    0.0017                            
               Excited State   S25:     10.20565031 a.u.    277.70989 eV    Osc.Str.    0.0021                            
               Excited State   S26:     10.20600015 a.u.    277.71941 eV    Osc.Str.    0.0030                            
               Excited State   S27:     10.20863652 a.u.    277.79115 eV    Osc.Str.    0.0009                            
               Excited State   S28:     10.21039570 a.u.    277.83902 eV    Osc.Str.    0.0096                            
               Excited State   S29:     10.21257424 a.u.    277.89830 eV    Osc.Str.    0.0027                            
               Excited State   S30:     10.21528182 a.u.    277.97198 eV    Osc.Str.    0.0037                            
               Excited State   S31:     10.21663880 a.u.    278.00890 eV    Osc.Str.    0.0024                            
               Excited State   S32:     10.22087856 a.u.    278.12427 eV    Osc.Str.    0.0010                            
               Excited State   S33:     10.22156880 a.u.    278.14306 eV    Osc.Str.    0.0006                            
               Excited State   S34:     10.22183288 a.u.    278.15024 eV    Osc.Str.    0.0008                            
               Excited State   S35:     10.22189402 a.u.    278.15191 eV    Osc.Str.    0.0008                            
               Excited State   S36:     10.22530435 a.u.    278.24471 eV    Osc.Str.    0.0026                            
               Excited State   S37:     10.22598862 a.u.    278.26333 eV    Osc.Str.    0.0007                            
               Excited State   S38:     10.22607137 a.u.    278.26558 eV    Osc.Str.    0.0008                            
               Excited State   S39:     10.23120622 a.u.    278.40530 eV    Osc.Str.    0.0027                            
               Excited State   S40:     10.23164036 a.u.    278.41712 eV    Osc.Str.    0.0036                            
               Excited State   S41:     10.23742836 a.u.    278.57462 eV    Osc.Str.    0.0015                            
               Excited State   S42:     10.24283989 a.u.    278.72187 eV    Osc.Str.    0.0042                            
               Excited State   S43:     10.24317234 a.u.    278.73092 eV    Osc.Str.    0.0004                            
               Excited State   S44:     10.24354123 a.u.    278.74096 eV    Osc.Str.    0.0047                            
               Excited State   S45:     10.24465795 a.u.    278.77134 eV    Osc.Str.    0.0130                            
               Excited State   S46:     10.24466784 a.u.    278.77161 eV    Osc.Str.    0.0004                            
               Excited State   S47:     10.24573887 a.u.    278.80076 eV    Osc.Str.    0.0022                            
               Excited State   S48:     10.24578683 a.u.    278.80206 eV    Osc.Str.    0.0002                            
               Excited State   S49:     10.24733773 a.u.    278.84427 eV    Osc.Str.    0.0024                            
               Excited State   S50:     10.24754431 a.u.    278.84989 eV    Osc.Str.    0.0009                            
               Excited State   S51:     10.25093452 a.u.    278.94214 eV    Osc.Str.    0.0004                            
               Excited State   S52:     10.25122397 a.u.    278.95001 eV    Osc.Str.    0.0004                            
               Excited State   S53:     10.25260403 a.u.    278.98757 eV    Osc.Str.    0.0007                            
               Excited State   S54:     10.25329061 a.u.    279.00625 eV    Osc.Str.    0.0024                            
               Excited State   S55:     10.25354088 a.u.    279.01306 eV    Osc.Str.    0.0004                            
               Excited State   S56:     10.25504611 a.u.    279.05402 eV    Osc.Str.    0.0020                            
               Excited State   S57:     10.25632153 a.u.    279.08873 eV    Osc.Str.    0.0015                            
               Excited State   S58:     10.25637887 a.u.    279.09029 eV    Osc.Str.    0.0007                            
               Excited State   S59:     10.25671218 a.u.    279.09936 eV    Osc.Str.    0.0010                            
               Excited State   S60:     10.25881338 a.u.    279.15653 eV    Osc.Str.    0.0029                            
               Excited State   S61:     10.25939929 a.u.    279.17248 eV    Osc.Str.    0.0010                            
               Excited State   S62:     10.25990301 a.u.    279.18618 eV    Osc.Str.    0.0001                            
               Excited State   S63:     10.26109229 a.u.    279.21855 eV    Osc.Str.    0.0001                            
               Excited State   S64:     10.26288441 a.u.    279.26731 eV    Osc.Str.    0.0008                            
               Excited State   S65:     10.26377165 a.u.    279.29145 eV    Osc.Str.    0.0000                            
               Excited State   S66:     10.26567497 a.u.    279.34325 eV    Osc.Str.    0.0006                            
               Excited State   S67:     10.26632681 a.u.    279.36098 eV    Osc.Str.    0.0001                            
               Excited State   S68:     10.26752807 a.u.    279.39367 eV    Osc.Str.    0.0020                            
               Excited State   S69:     10.26864694 a.u.    279.42412 eV    Osc.Str.    0.0013                            
               Excited State   S70:     10.27529156 a.u.    279.60493 eV    Osc.Str.    0.0009                            
               Excited State   S71:     10.27724690 a.u.    279.65814 eV    Osc.Str.    0.0019                            
               Excited State   S72:     10.27772723 a.u.    279.67121 eV    Osc.Str.    0.0031                            
               Excited State   S73:     10.27816746 a.u.    279.68318 eV    Osc.Str.    0.0089                            
               Excited State   S74:     10.27901446 a.u.    279.70623 eV    Osc.Str.    0.0045                            
               Excited State   S75:     10.28061514 a.u.    279.74979 eV    Osc.Str.    0.0014                            
                                                                                                                          
               Electronic Circular Dichroism                                                                              
               -----------------------------                                                                              
               Excited State    S1:     Rot.Str.      0.000023 a.u.     0.0107 [10**(-40) cgs]                            
               Excited State    S2:     Rot.Str.     -0.000044 a.u.    -0.0208 [10**(-40) cgs]                            
               Excited State    S3:     Rot.Str.      0.000168 a.u.     0.0794 [10**(-40) cgs]                            
               Excited State    S4:     Rot.Str.     -0.000189 a.u.    -0.0892 [10**(-40) cgs]                            
               Excited State    S5:     Rot.Str.     -0.000130 a.u.    -0.0615 [10**(-40) cgs]                            
               Excited State    S6:     Rot.Str.      0.000114 a.u.     0.0536 [10**(-40) cgs]                            
               Excited State    S7:     Rot.Str.      0.000331 a.u.     0.1562 [10**(-40) cgs]                            
               Excited State    S8:     Rot.Str.     -0.000115 a.u.    -0.0544 [10**(-40) cgs]                            
               Excited State    S9:     Rot.Str.     -0.000033 a.u.    -0.0157 [10**(-40) cgs]                            
               Excited State   S10:     Rot.Str.     -0.000077 a.u.    -0.0361 [10**(-40) cgs]                            
               Excited State   S11:     Rot.Str.     -0.000106 a.u.    -0.0501 [10**(-40) cgs]                            
               Excited State   S12:     Rot.Str.      0.000100 a.u.     0.0471 [10**(-40) cgs]                            
               Excited State   S13:     Rot.Str.      0.000028 a.u.     0.0132 [10**(-40) cgs]                            
               Excited State   S14:     Rot.Str.     -0.004445 a.u.    -2.0957 [10**(-40) cgs]                            
               Excited State   S15:     Rot.Str.      0.004451 a.u.     2.0983 [10**(-40) cgs]                            
               Excited State   S16:     Rot.Str.      0.000023 a.u.     0.0107 [10**(-40) cgs]                            
               Excited State   S17:     Rot.Str.     -0.000034 a.u.    -0.0161 [10**(-40) cgs]                            
               Excited State   S18:     Rot.Str.      0.000084 a.u.     0.0395 [10**(-40) cgs]                            
               Excited State   S19:     Rot.Str.      0.000004 a.u.     0.0019 [10**(-40) cgs]                            
               Excited State   S20:     Rot.Str.     -0.000033 a.u.    -0.0156 [10**(-40) cgs]                            
               Excited State   S21:     Rot.Str.      0.000057 a.u.     0.0266 [10**(-40) cgs]                            
               Excited State   S22:     Rot.Str.     -0.000112 a.u.    -0.0530 [10**(-40) cgs]                            
               Excited State   S23:     Rot.Str.     -0.000038 a.u.    -0.0180 [10**(-40) cgs]                            
               Excited State   S24:     Rot.Str.      0.000054 a.u.     0.0253 [10**(-40) cgs]                            
               Excited State   S25:     Rot.Str.      0.000063 a.u.     0.0295 [10**(-40) cgs]                            
               Excited State   S26:     Rot.Str.     -0.000013 a.u.    -0.0061 [10**(-40) cgs]                            
               Excited State   S27:     Rot.Str.     -0.000016 a.u.    -0.0076 [10**(-40) cgs]                            
               Excited State   S28:     Rot.Str.     -0.000018 a.u.    -0.0085 [10**(-40) cgs]                            
               Excited State   S29:     Rot.Str.      0.000148 a.u.     0.0700 [10**(-40) cgs]                            
               Excited State   S30:     Rot.Str.     -0.000577 a.u.    -0.2719 [10**(-40) cgs]                            
               Excited State   S31:     Rot.Str.      0.000316 a.u.     0.1490 [10**(-40) cgs]                            
               Excited State   S32:     Rot.Str.      0.000464 a.u.     0.2189 [10**(-40) cgs]                            
               Excited State   S33:     Rot.Str.     -0.000210 a.u.    -0.0991 [10**(-40) cgs]                            
               Excited State   S34:     Rot.Str.     -0.000275 a.u.    -0.1298 [10**(-40) cgs]                            
               Excited State   S35:     Rot.Str.      0.000091 a.u.     0.0430 [10**(-40) cgs]                            
               Excited State   S36:     Rot.Str.      0.000223 a.u.     0.1049 [10**(-40) cgs]                            
               Excited State   S37:     Rot.Str.     -0.000341 a.u.    -0.1607 [10**(-40) cgs]                            
               Excited State   S38:     Rot.Str.      0.000007 a.u.     0.0035 [10**(-40) cgs]                            
               Excited State   S39:     Rot.Str.     -0.001732 a.u.    -0.8166 [10**(-40) cgs]                            
               Excited State   S40:     Rot.Str.      0.001753 a.u.     0.8265 [10**(-40) cgs]                            
               Excited State   S41:     Rot.Str.      0.000025 a.u.     0.0117 [10**(-40) cgs]                            
               Excited State   S42:     Rot.Str.     -0.000146 a.u.    -0.0689 [10**(-40) cgs]                            
               Excited State   S43:     Rot.Str.     -0.000150 a.u.    -0.0707 [10**(-40) cgs]                            
               Excited State   S44:     Rot.Str.      0.000288 a.u.     0.1357 [10**(-40) cgs]                            
               Excited State   S45:     Rot.Str.      0.000226 a.u.     0.1064 [10**(-40) cgs]                            
               Excited State   S46:     Rot.Str.     -0.000279 a.u.    -0.1317 [10**(-40) cgs]                            
               Excited State   S47:     Rot.Str.     -0.000002 a.u.    -0.0007 [10**(-40) cgs]                            
               Excited State   S48:     Rot.Str.      0.000021 a.u.     0.0097 [10**(-40) cgs]                            
               Excited State   S49:     Rot.Str.     -0.000004 a.u.    -0.0019 [10**(-40) cgs]                            
               Excited State   S50:     Rot.Str.     -0.000033 a.u.    -0.0156 [10**(-40) cgs]                            
               Excited State   S51:     Rot.Str.      0.000114 a.u.     0.0539 [10**(-40) cgs]                            
               Excited State   S52:     Rot.Str.      0.000005 a.u.     0.0022 [10**(-40) cgs]                            
               Excited State   S53:     Rot.Str.     -0.000391 a.u.    -0.1844 [10**(-40) cgs]                            
               Excited State   S54:     Rot.Str.      0.000522 a.u.     0.2459 [10**(-40) cgs]                            
               Excited State   S55:     Rot.Str.      0.000036 a.u.     0.0171 [10**(-40) cgs]                            
               Excited State   S56:     Rot.Str.     -0.000308 a.u.    -0.1452 [10**(-40) cgs]                            
               Excited State   S57:     Rot.Str.      0.000363 a.u.     0.1711 [10**(-40) cgs]                            
               Excited State   S58:     Rot.Str.     -0.000123 a.u.    -0.0578 [10**(-40) cgs]                            
               Excited State   S59:     Rot.Str.     -0.000011 a.u.    -0.0052 [10**(-40) cgs]                            
               Excited State   S60:     Rot.Str.     -0.000109 a.u.    -0.0512 [10**(-40) cgs]                            
               Excited State   S61:     Rot.Str.     -0.000010 a.u.    -0.0049 [10**(-40) cgs]                            
               Excited State   S62:     Rot.Str.     -0.000036 a.u.    -0.0171 [10**(-40) cgs]                            
               Excited State   S63:     Rot.Str.      0.000016 a.u.     0.0078 [10**(-40) cgs]                            
               Excited State   S64:     Rot.Str.      0.000070 a.u.     0.0331 [10**(-40) cgs]                            
               Excited State   S65:     Rot.Str.     -0.000038 a.u.    -0.0179 [10**(-40) cgs]                            
               Excited State   S66:     Rot.Str.     -0.000025 a.u.    -0.0119 [10**(-40) cgs]                            
               Excited State   S67:     Rot.Str.     -0.000017 a.u.    -0.0082 [10**(-40) cgs]                            
               Excited State   S68:     Rot.Str.      0.000007 a.u.     0.0032 [10**(-40) cgs]                            
               Excited State   S69:     Rot.Str.      0.000011 a.u.     0.0052 [10**(-40) cgs]                            
               Excited State   S70:     Rot.Str.     -0.000211 a.u.    -0.0993 [10**(-40) cgs]                            
               Excited State   S71:     Rot.Str.     -0.000624 a.u.    -0.2942 [10**(-40) cgs]                            
               Excited State   S72:     Rot.Str.      0.000891 a.u.     0.4202 [10**(-40) cgs]                            
               Excited State   S73:     Rot.Str.      0.000002 a.u.     0.0011 [10**(-40) cgs]                            
               Excited State   S74:     Rot.Str.      0.000001 a.u.     0.0006 [10**(-40) cgs]                            
               Excited State   S75:     Rot.Str.      0.000359 a.u.     0.1692 [10**(-40) cgs]                            
                                                                                                                          
               Character of excitations:                                                                                  
                                                                                                                          
               Excited state 1                                                                                            
               ---------------                                                                                            
               core_9   -> LUMO        -0.6567                                                                            
               core_9   -> LUMO+1      -0.5603                                                                            
               core_9   -> LUMO+2       0.3952                                                                            
                                                                                                                          
               Excited state 2                                                                                            
               ---------------                                                                                            
               core_7   -> LUMO        -0.5404                                                                            
               core_7   -> LUMO+1      -0.4091                                                                            
               core_6   -> LUMO         0.3884                                                                            
               core_7   -> LUMO+2       0.3148                                                                            
               core_6   -> LUMO+1       0.2876                                                                            
               core_6   -> LUMO+2      -0.2226                                                                            
               core_7   -> LUMO+5      -0.2061                                                                            
                                                                                                                          
               Excited state 3                                                                                            
               ---------------                                                                                            
               core_6   -> LUMO         0.6366                                                                            
               core_7   -> LUMO         0.4580                                                                            
               core_6   -> LUMO+5       0.3477                                                                            
               core_7   -> LUMO+5       0.2494                                                                            
               core_6   -> LUMO+2      -0.2004                                                                            
                                                                                                                          
               Excited state 4                                                                                            
               ---------------                                                                                            
               core_8   -> LUMO+1      -0.7079                                                                            
               core_8   -> LUMO+2       0.4298                                                                            
               core_8   -> LUMO        -0.3627                                                                            
               core_8   -> LUMO+5       0.2962                                                                            
                                                                                                                          
               Excited state 5                                                                                            
               ---------------                                                                                            
               core_5   -> LUMO        -0.9699                                                                            
                                                                                                                          
               Excited state 6                                                                                            
               ---------------                                                                                            
               core_3   -> LUMO        -0.9005                                                                            
               core_3   -> LUMO+5       0.2862                                                                            
                                                                                                                          
               Excited state 7                                                                                            
               ---------------                                                                                            
               core_8   -> LUMO         0.7814                                                                            
               core_8   -> LUMO+5       0.5356                                                                            
                                                                                                                          
               Excited state 8                                                                                            
               ---------------                                                                                            
               core_4   -> LUMO         0.6822                                                                            
               core_4   -> LUMO+1      -0.5935                                                                            
               core_4   -> LUMO+2       0.3040                                                                            
                                                                                                                          
               Excited state 9                                                                                            
               ---------------                                                                                            
               core_9   -> LUMO         0.6490                                                                            
               core_9   -> LUMO+1      -0.5215                                                                            
               core_9   -> LUMO+5       0.4601                                                                            
               core_9   -> LUMO+2       0.2176                                                                            
                                                                                                                          
               Excited state 10                                                                                           
               ----------------                                                                                           
               core_4   -> LUMO         0.7028                                                                            
               core_4   -> LUMO+1       0.5985                                                                            
               core_4   -> LUMO+2      -0.3201                                                                            
                                                                                                                          
               Excited state 11                                                                                           
               ----------------                                                                                           
               core_7   -> LUMO+1       0.5705                                                                            
               core_7   -> LUMO        -0.4818                                                                            
               core_6   -> LUMO         0.3350                                                                            
               core_6   -> LUMO+1      -0.3300                                                                            
               core_7   -> LUMO+2      -0.2713                                                                            
               core_7   -> LUMO+5      -0.2632                                                                            
                                                                                                                          
               Excited state 12                                                                                           
               ----------------                                                                                           
               core_6   -> LUMO+1      -0.6655                                                                            
               core_7   -> LUMO+1      -0.4075                                                                            
               core_6   -> LUMO+5       0.3523                                                                            
               core_6   -> LUMO+2       0.3386                                                                            
               core_7   -> LUMO+5       0.2239                                                                            
               core_7   -> LUMO+2       0.2080                                                                            
                                                                                                                          
               Excited state 13                                                                                           
               ----------------                                                                                           
               core_5   -> LUMO+1       0.8245                                                                            
               core_5   -> LUMO+2      -0.4345                                                                            
               core_5   -> LUMO+5      -0.2770                                                                            
                                                                                                                          
               Excited state 14                                                                                           
               ----------------                                                                                           
               core_5   -> LUMO+5       0.8062                                                                            
               core_5   -> LUMO+2      -0.3579                                                                            
               core_5   -> LUMO+7       0.2206                                                                            
                                                                                                                          
               Excited state 15                                                                                           
               ----------------                                                                                           
               core_4   -> LUMO+2       0.7490                                                                            
               core_4   -> LUMO+1       0.3380                                                                            
               core_4   -> LUMO+9       0.3174                                                                            
               core_4   -> LUMO+6       0.2944                                                                            
                                                                                                                          
               Excited state 16                                                                                           
               ----------------                                                                                           
               core_7   -> LUMO+2      -0.6196                                                                            
               core_6   -> LUMO+2       0.4167                                                                            
               core_7   -> LUMO+1      -0.3566                                                                            
               core_7   -> LUMO+3      -0.2672                                                                            
               core_6   -> LUMO+1       0.2415                                                                            
                                                                                                                          
               Excited state 17                                                                                           
               ----------------                                                                                           
               core_8   -> LUMO+4       0.7176                                                                            
               core_8   -> LUMO+8      -0.3272                                                                            
               core_8   -> LUMO+2      -0.3217                                                                            
               core_8   -> LUMO+3      -0.2709                                                                            
               core_8   -> LUMO+1      -0.2360                                                                            
                                                                                                                          
               Excited state 18                                                                                           
               ----------------                                                                                           
               core_9   -> LUMO+4       0.5296                                                                            
               core_9   -> LUMO+2      -0.4887                                                                            
               core_9   -> LUMO+8      -0.3044                                                                            
               core_9   -> LUMO+5       0.2994                                                                            
               core_9   -> LUMO+1      -0.2315                                                                            
               core_9   -> LUMO+6      -0.2232                                                                            
               core_9   -> LUMO+3      -0.2040                                                                            
                                                                                                                          
               Excited state 19                                                                                           
               ----------------                                                                                           
               core_6   -> LUMO+4       0.4320                                                                            
               core_6   -> LUMO+2      -0.4268                                                                            
               core_7   -> LUMO+4       0.3102                                                                            
               core_6   -> LUMO+3      -0.3035                                                                            
               core_7   -> LUMO+2      -0.2726                                                                            
               core_6   -> LUMO+6       0.2664                                                                            
               core_6   -> LUMO+1      -0.2405                                                                            
               core_7   -> LUMO+3      -0.2054                                                                            
                                                                                                                          
               Excited state 20                                                                                           
               ----------------                                                                                           
               core_9   -> LUMO+5      -0.7163                                                                            
               core_9   -> LUMO+4       0.3610                                                                            
               core_9   -> LUMO         0.3217                                                                            
               core_9   -> LUMO+1      -0.2503                                                                            
               core_9   -> LUMO+2       0.2414                                                                            
                                                                                                                          
               Excited state 21                                                                                           
               ----------------                                                                                           
               core_5   -> LUMO+2      -0.7136                                                                            
               core_5   -> LUMO+1      -0.4414                                                                            
               core_5   -> LUMO+6      -0.3421                                                                            
               core_5   -> LUMO+9      -0.2964                                                                            
                                                                                                                          
               Excited state 22                                                                                           
               ----------------                                                                                           
               core_4   -> LUMO+5      -0.8775                                                                            
               core_4   -> LUMO+9      -0.2291                                                                            
                                                                                                                          
               Excited state 23                                                                                           
               ----------------                                                                                           
               core_7   -> LUMO+5      -0.6609                                                                            
               core_6   -> LUMO+5       0.4424                                                                            
               core_7   -> LUMO         0.3252                                                                            
               core_7   -> LUMO+3      -0.2794                                                                            
               core_7   -> LUMO+4       0.2108                                                                            
               core_6   -> LUMO        -0.2067                                                                            
                                                                                                                          
               Excited state 24                                                                                           
               ----------------                                                                                           
               core_8   -> LUMO+5       0.6353                                                                            
               core_8   -> LUMO        -0.4817                                                                            
               core_8   -> LUMO+2      -0.4513                                                                            
               core_8   -> LUMO+1       0.2730                                                                            
                                                                                                                          
               Excited state 25                                                                                           
               ----------------                                                                                           
               core_9   -> LUMO+2       0.5997                                                                            
               core_9   -> LUMO+1       0.4370                                                                            
               core_9   -> LUMO+4       0.4138                                                                            
               core_9   -> LUMO+9       0.3754                                                                            
               core_9   -> LUMO+5       0.2589                                                                            
                                                                                                                          
               Excited state 26                                                                                           
               ----------------                                                                                           
               core_6   -> LUMO+5       0.5058                                                                            
               core_6   -> LUMO        -0.4725                                                                            
               core_7   -> LUMO+5       0.3298                                                                            
               core_7   -> LUMO        -0.3193                                                                            
               core_6   -> LUMO+2      -0.3032                                                                            
               core_6   -> LUMO+4      -0.2605                                                                            
               core_7   -> LUMO+2      -0.2087                                                                            
                                                                                                                          
               Excited state 27                                                                                           
               ----------------                                                                                           
               core_7   -> LUMO+3       0.4330                                                                            
               core_7   -> LUMO+6      -0.3528                                                                            
               core_7   -> LUMO+9      -0.3102                                                                            
               core_6   -> LUMO+3      -0.3018                                                                            
               core_7   -> LUMO+8      -0.2849                                                                            
               core_6   -> LUMO+6       0.2412                                                                            
               core_7   -> LUMO+5      -0.2400                                                                            
               core_7   -> LUMO+4      -0.2141                                                                            
               core_6   -> LUMO+9       0.2120                                                                            
                                                                                                                          
               Excited state 28                                                                                           
               ----------------                                                                                           
               core_3   -> LUMO+2      -0.6764                                                                            
               core_3   -> LUMO+1      -0.5389                                                                            
               core_3   -> LUMO+6      -0.2922                                                                            
               core_3   -> LUMO+9      -0.2164                                                                            
                                                                                                                          
               Excited state 29                                                                                           
               ----------------                                                                                           
               core_9   -> LUMO+8       0.5529                                                                            
               core_9   -> LUMO+3      -0.5072                                                                            
               core_9   -> LUMO+9       0.3989                                                                            
               core_9   -> LUMO+10      0.2876                                                                            
                                                                                                                          
               Excited state 30                                                                                           
               ----------------                                                                                           
               core_8   -> LUMO+2       0.5780                                                                            
               core_8   -> LUMO+1       0.4596                                                                            
               core_8   -> LUMO+8      -0.4156                                                                            
               core_8   -> LUMO+3       0.2559                                                                            
               core_8   -> LUMO+5       0.2425                                                                            
                                                                                                                          
               Excited state 31                                                                                           
               ----------------                                                                                           
               core_6   -> LUMO+2      -0.4091                                                                            
               core_6   -> LUMO+4      -0.3660                                                                            
               core_6   -> LUMO+1      -0.3121                                                                            
               core_6   -> LUMO+5      -0.2927                                                                            
               core_6   -> LUMO+6      -0.2886                                                                            
               core_7   -> LUMO+2      -0.2838                                                                            
               core_7   -> LUMO+4      -0.2752                                                                            
               core_7   -> LUMO+1      -0.2151                                                                            
               core_7   -> LUMO+6      -0.2080                                                                            
               core_7   -> LUMO+5      -0.2019                                                                            
                                                                                                                          
               Excited state 32                                                                                           
               ----------------                                                                                           
               core_5   -> LUMO+3      -0.5907                                                                            
               core_5   -> LUMO+9       0.4149                                                                            
               core_5   -> LUMO+4       0.3758                                                                            
               core_5   -> LUMO+6      -0.3303                                                                            
               core_5   -> LUMO+8       0.2963                                                                            
               core_4   -> LUMO+3       0.2327                                                                            
                                                                                                                          
               Excited state 33                                                                                           
               ----------------                                                                                           
               core_7   -> LUMO+4       0.4588                                                                            
               core_4   -> LUMO+3      -0.3620                                                                            
               core_6   -> LUMO+4      -0.3394                                                                            
               core_7   -> LUMO+3       0.2908                                                                            
               core_7   -> LUMO+9      -0.2841                                                                            
               core_7   -> LUMO+6       0.2631                                                                            
                                                                                                                          
               Excited state 34                                                                                           
               ----------------                                                                                           
               core_4   -> LUMO+3       0.6610                                                                            
               core_4   -> LUMO+9      -0.3679                                                                            
               core_7   -> LUMO+4       0.2650                                                                            
               core_4   -> LUMO+8      -0.2398                                                                            
                                                                                                                          
               Excited state 35                                                                                           
               ----------------                                                                                           
               core_8   -> LUMO+8      -0.4616                                                                            
               core_8   -> LUMO+9      -0.4425                                                                            
               core_8   -> LUMO+3       0.4193                                                                            
               core_8   -> LUMO+4      -0.2950                                                                            
               core_8   -> LUMO+2      -0.2691                                                                            
               core_8   -> LUMO+1      -0.2299                                                                            
                                                                                                                          
               Excited state 36                                                                                           
               ----------------                                                                                           
               core_9   -> LUMO+6      -0.7206                                                                            
               core_9   -> LUMO+10     -0.3095                                                                            
               core_9   -> LUMO+4      -0.2707                                                                            
               core_9   -> LUMO+11      0.2522                                                                            
               core_8   -> LUMO+6       0.2504                                                                            
               core_9   -> LUMO+9       0.2064                                                                            
                                                                                                                          
               Excited state 37                                                                                           
               ----------------                                                                                           
               core_8   -> LUMO+6       0.5017                                                                            
               core_6   -> LUMO+3      -0.3174                                                                            
               core_8   -> LUMO+9      -0.3124                                                                            
               core_6   -> LUMO+9       0.3090                                                                            
               core_6   -> LUMO+8       0.2786                                                                            
               core_7   -> LUMO+9       0.2091                                                                            
               core_7   -> LUMO+3      -0.2084                                                                            
               core_9   -> LUMO+6       0.2057                                                                            
                                                                                                                          
               Excited state 38                                                                                           
               ----------------                                                                                           
               core_8   -> LUMO+6       0.4969                                                                            
               core_6   -> LUMO+3       0.3241                                                                            
               core_6   -> LUMO+9      -0.3226                                                                            
               core_8   -> LUMO+9      -0.3168                                                                            
               core_6   -> LUMO+8      -0.2915                                                                            
               core_7   -> LUMO+9      -0.2200                                                                            
               core_7   -> LUMO+3       0.2133                                                                            
               core_7   -> LUMO+8      -0.2068                                                                            
                                                                                                                          
               Excited state 39                                                                                           
               ----------------                                                                                           
               core_7   -> LUMO+6       0.5302                                                                            
               core_7   -> LUMO+4      -0.4742                                                                            
               core_7   -> LUMO+10     -0.3831                                                                            
               core_7   -> LUMO+9      -0.3458                                                                            
               core_6   -> LUMO+8       0.2678                                                                            
                                                                                                                          
               Excited state 40                                                                                           
               ----------------                                                                                           
               core_6   -> LUMO+6       0.5279                                                                            
               core_6   -> LUMO+4      -0.4392                                                                            
               core_6   -> LUMO+9      -0.3591                                                                            
               core_6   -> LUMO+10     -0.3203                                                                            
               core_7   -> LUMO+8       0.2619                                                                            
               core_6   -> LUMO+8       0.2590                                                                            
                                                                                                                          
               Excited state 41                                                                                           
               ----------------                                                                                           
               core_9   -> LUMO+3       0.7578                                                                            
               core_9   -> LUMO+4       0.3610                                                                            
               core_9   -> LUMO+9       0.3156                                                                            
               core_9   -> LUMO+10      0.2351                                                                            
                                                                                                                          
               Excited state 42                                                                                           
               ----------------                                                                                           
               core_4   -> LUMO+4      -0.5703                                                                            
               core_4   -> LUMO+8      -0.4092                                                                            
               core_4   -> LUMO+15     -0.3591                                                                            
               core_4   -> LUMO+6       0.3238                                                                            
               core_5   -> LUMO+4       0.2447                                                                            
               core_4   -> LUMO+3      -0.2138                                                                            
                                                                                                                          
               Excited state 43                                                                                           
               ----------------                                                                                           
               core_5   -> LUMO+4       0.7248                                                                            
               core_5   -> LUMO+8      -0.4184                                                                            
               core_5   -> LUMO+10     -0.3081                                                                            
               core_5   -> LUMO+5       0.2113                                                                            
                                                                                                                          
               Excited state 44                                                                                           
               ----------------                                                                                           
               core_7   -> LUMO+7       0.7115                                                                            
               core_6   -> LUMO+7      -0.4758                                                                            
                                                                                                                          
               Excited state 45                                                                                           
               ----------------                                                                                           
               core_3   -> LUMO+3      -0.6402                                                                            
               core_3   -> LUMO+6      -0.4341                                                                            
               core_3   -> LUMO+2       0.3112                                                                            
               core_3   -> LUMO+9      -0.3037                                                                            
               core_3   -> LUMO+8       0.2040                                                                            
                                                                                                                          
               Excited state 46                                                                                           
               ----------------                                                                                           
               core_8   -> LUMO+3      -0.7765                                                                            
               core_8   -> LUMO+4      -0.3490                                                                            
               core_8   -> LUMO+10     -0.2518                                                                            
               core_8   -> LUMO+13      0.2207                                                                            
                                                                                                                          
               Excited state 47                                                                                           
               ----------------                                                                                           
               core_3   -> LUMO+1       0.7421                                                                            
               core_3   -> LUMO+2      -0.5084                                                                            
               core_3   -> LUMO+3      -0.2282                                                                            
                                                                                                                          
               Excited state 48                                                                                           
               ----------------                                                                                           
               core_7   -> LUMO+8       0.6074                                                                            
               core_7   -> LUMO+3       0.3998                                                                            
               core_6   -> LUMO+8      -0.3796                                                                            
               core_6   -> LUMO+3      -0.2022                                                                            
                                                                                                                          
               Excited state 49                                                                                           
               ----------------                                                                                           
               core_9   -> LUMO+7       0.9075                                                                            
                                                                                                                          
               Excited state 50                                                                                           
               ----------------                                                                                           
               core_6   -> LUMO+3       0.5297                                                                            
               core_6   -> LUMO+8       0.4167                                                                            
               core_7   -> LUMO+3       0.3193                                                                            
               core_6   -> LUMO+13     -0.2467                                                                            
               core_6   -> LUMO+11      0.2351                                                                            
               core_7   -> LUMO+8       0.2047                                                                            
               core_6   -> LUMO+10      0.2013                                                                            
                                                                                                                          
               Excited state 51                                                                                           
               ----------------                                                                                           
               core_9   -> LUMO+8       0.5833                                                                            
               core_9   -> LUMO+9      -0.4955                                                                            
               core_9   -> LUMO+4       0.3230                                                                            
               core_9   -> LUMO+11      0.3169                                                                            
                                                                                                                          
               Excited state 52                                                                                           
               ----------------                                                                                           
               core_5   -> LUMO+3       0.7378                                                                            
               core_5   -> LUMO+6      -0.3248                                                                            
               core_5   -> LUMO+9       0.3156                                                                            
               core_5   -> LUMO+8       0.3025                                                                            
                                                                                                                          
               Excited state 53                                                                                           
               ----------------                                                                                           
               core_8   -> LUMO+10     -0.5497                                                                            
               core_8   -> LUMO+7       0.4952                                                                            
               core_8   -> LUMO+11      0.3100                                                                            
               core_8   -> LUMO+4       0.2401                                                                            
               core_8   -> LUMO+8       0.2020                                                                            
                                                                                                                          
               Excited state 54                                                                                           
               ----------------                                                                                           
               core_6   -> LUMO+7       0.5688                                                                            
               core_7   -> LUMO+7       0.3747                                                                            
               core_6   -> LUMO+14     -0.2818                                                                            
               core_6   -> LUMO+12      0.2508                                                                            
                                                                                                                          
               Excited state 55                                                                                           
               ----------------                                                                                           
               core_4   -> LUMO+6      -0.6540                                                                            
               core_4   -> LUMO+4      -0.5546                                                                            
               core_4   -> LUMO+10      0.2985                                                                            
               core_4   -> LUMO+2       0.2245                                                                            
                                                                                                                          
               Excited state 56                                                                                           
               ----------------                                                                                           
               core_9   -> LUMO+10      0.5540                                                                            
               core_9   -> LUMO+6      -0.5219                                                                            
               core_9   -> LUMO+9      -0.3626                                                                            
               core_9   -> LUMO+11     -0.3600                                                                            
                                                                                                                          
               Excited state 57                                                                                           
               ----------------                                                                                           
               core_8   -> LUMO+7       0.6075                                                                            
               core_8   -> LUMO+11     -0.3853                                                                            
               core_8   -> LUMO+14     -0.3039                                                                            
               core_8   -> LUMO+10      0.2866                                                                            
               core_8   -> LUMO+9       0.2330                                                                            
               core_8   -> LUMO+12      0.2297                                                                            
                                                                                                                          
               Excited state 58                                                                                           
               ----------------                                                                                           
               core_5   -> LUMO+6      -0.6756                                                                            
               core_5   -> LUMO+9      -0.4914                                                                            
               core_5   -> LUMO+2       0.3388                                                                            
               core_5   -> LUMO+1       0.2199                                                                            
                                                                                                                          
               Excited state 59                                                                                           
               ----------------                                                                                           
               core_7   -> LUMO+9       0.4584                                                                            
               core_7   -> LUMO+8      -0.3509                                                                            
               core_6   -> LUMO+9      -0.3121                                                                            
               core_7   -> LUMO+6       0.3039                                                                            
               core_7   -> LUMO+2      -0.2384                                                                            
               core_6   -> LUMO+8       0.2364                                                                            
               core_7   -> LUMO+3       0.2339                                                                            
                                                                                                                          
               Excited state 60                                                                                           
               ----------------                                                                                           
               core_4   -> LUMO+9       0.6436                                                                            
               core_4   -> LUMO+3       0.4878                                                                            
               core_4   -> LUMO+2      -0.3070                                                                            
               core_4   -> LUMO+7      -0.2141                                                                            
                                                                                                                          
               Excited state 61                                                                                           
               ----------------                                                                                           
               core_3   -> LUMO+5       0.8455                                                                            
               core_3   -> LUMO         0.3451                                                                            
               core_3   -> LUMO+4      -0.2003                                                                            
                                                                                                                          
               Excited state 62                                                                                           
               ----------------                                                                                           
               core_4   -> LUMO+7      -0.8760                                                                            
               core_5   -> LUMO+7       0.2848                                                                            
               core_4   -> LUMO+5       0.2015                                                                            
                                                                                                                          
               Excited state 63                                                                                           
               ----------------                                                                                           
               core_5   -> LUMO+7      -0.8864                                                                            
               core_4   -> LUMO+7      -0.2842                                                                            
               core_5   -> LUMO+5       0.2031                                                                            
                                                                                                                          
               Excited state 64                                                                                           
               ----------------                                                                                           
               core_6   -> LUMO+10      0.5662                                                                            
               core_7   -> LUMO+10      0.4197                                                                            
               core_6   -> LUMO+9      -0.2108                                                                            
               core_6   -> LUMO+7       0.2008                                                                            
                                                                                                                          
               Excited state 65                                                                                           
               ----------------                                                                                           
               core_8   -> LUMO+6      -0.5644                                                                            
               core_8   -> LUMO+10      0.4828                                                                            
               core_8   -> LUMO+9      -0.4072                                                                            
               core_8   -> LUMO+7       0.2311                                                                            
                                                                                                                          
               Excited state 66                                                                                           
               ----------------                                                                                           
               core_5   -> LUMO+8      -0.5639                                                                            
               core_5   -> LUMO+9       0.5055                                                                            
               core_5   -> LUMO+4      -0.3345                                                                            
               core_5   -> LUMO+6      -0.3240                                                                            
               core_5   -> LUMO+15     -0.2470                                                                            
               core_5   -> LUMO+10     -0.2029                                                                            
                                                                                                                          
               Excited state 67                                                                                           
               ----------------                                                                                           
               core_6   -> LUMO+6      -0.4879                                                                            
               core_7   -> LUMO+6      -0.3679                                                                            
               core_6   -> LUMO+9      -0.2632                                                                            
               core_6   -> LUMO+10     -0.2483                                                                            
               core_6   -> LUMO+8       0.2333                                                                            
               core_7   -> LUMO+10     -0.2275                                                                            
               core_6   -> LUMO+11      0.2177                                                                            
                                                                                                                          
               Excited state 68                                                                                           
               ----------------                                                                                           
               core_4   -> LUMO+8      -0.6659                                                                            
               core_4   -> LUMO+4       0.4594                                                                            
               core_4   -> LUMO+6      -0.3691                                                                            
               core_4   -> LUMO+15     -0.2539                                                                            
                                                                                                                          
               Excited state 69                                                                                           
               ----------------                                                                                           
               core_7   -> LUMO+10     -0.5253                                                                            
               core_6   -> LUMO+10      0.4208                                                                            
               core_7   -> LUMO+6      -0.3446                                                                            
               core_6   -> LUMO+6       0.2802                                                                            
               core_7   -> LUMO+11     -0.2731                                                                            
               core_7   -> LUMO+4       0.2095                                                                            
                                                                                                                          
               Excited state 70                                                                                           
               ----------------                                                                                           
               core_9   -> LUMO+11      0.4466                                                                            
               core_9   -> LUMO+10      0.4445                                                                            
               core_9   -> LUMO+12     -0.4365                                                                            
               core_9   -> LUMO+15     -0.3166                                                                            
               core_9   -> LUMO+8      -0.2851                                                                            
               core_9   -> LUMO+19      0.2377                                                                            
                                                                                                                          
               Excited state 71                                                                                           
               ----------------                                                                                           
               core_9   -> LUMO+17      0.6939                                                                            
               core_9   -> LUMO+13     -0.3424                                                                            
               core_9   -> LUMO+14      0.2379                                                                            
               core_8   -> LUMO+7      -0.2220                                                                            
                                                                                                                          
               Excited state 72                                                                                           
               ----------------                                                                                           
               core_8   -> LUMO+7      -0.4046                                                                            
               core_9   -> LUMO+17     -0.3689                                                                            
               core_8   -> LUMO+17     -0.3454                                                                            
               core_8   -> LUMO+11     -0.2968                                                                            
               core_8   -> LUMO+14     -0.2764                                                                            
               core_8   -> LUMO+12      0.2694                                                                            
               core_8   -> LUMO+13      0.2300                                                                            
                                                                                                                          
               Excited state 73                                                                                           
               ----------------                                                                                           
               core_3   -> LUMO+8      -0.4822                                                                            
               core_3   -> LUMO+4      -0.4018                                                                            
               core_3   -> LUMO+15     -0.3864                                                                            
               core_3   -> LUMO+3      -0.3802                                                                            
               core_3   -> LUMO+6       0.3166                                                                            
               core_3   -> LUMO+12      0.2122                                                                            
                                                                                                                          
               Excited state 74                                                                                           
               ----------------                                                                                           
               core_3   -> LUMO+9      -0.7145                                                                            
               core_3   -> LUMO+3       0.4157                                                                            
               core_3   -> LUMO+13     -0.2914                                                                            
               core_3   -> LUMO+10     -0.2425                                                                            
                                                                                                                          
               Excited state 75                                                                                           
               ----------------                                                                                           
               core_8   -> LUMO+11      0.4839                                                                            
               core_8   -> LUMO+8      -0.4624                                                                            
               core_8   -> LUMO+14     -0.3783                                                                            
               core_8   -> LUMO+16     -0.2503                                                                            
               core_8   -> LUMO+21     -0.2228                                                                            
                                                                                                                          
!========================================================================================================================!
!                               VeloxChem execution completed at Mon Jun  8 09:08:56 2026.                               !
!========================================================================================================================!
!                                          Total execution time is 224.56 sec.                                           !
!========================================================================================================================!
!                     Rinkevicius, Z.; Li, X.; Vahtras, O.; Ahmadzadeh, K.; Brand, M.; Ringholm, M.;                     !
!                              List, N. H.; Scheurer, M.; Scott, M.; Dreuw, A.; Norman, P.                               !
!                     VeloxChem: A Python-driven Density-functional Theory Program for Spectroscopy                      !
!                                Simulations in High-performance Computing Environments.                                 !
!                                       WIREs Comput Mol Sci 2020, 10 (5), e1457.                                        !
!========================================================================================================================!
