!========================================================================================================================!
!                                                                                                                        !
!                                                       VELOXCHEM                                                        !
!                                              AN ELECTRONIC STRUCTURE CODE                                              !
!                                                                                                                        !
!                                        Copyright 2018-2025 VeloxChem developers                                        !
!========================================================================================================================!
!                     VeloxChem execution started on 192 MPI processes at Mon Jun  8 09:52:01 2026.                      !
!========================================================================================================================!
                                                                                                                          
* Info * Using 1 OpenMP threads per MPI process.                                                                          
                                                                                                                          
* Info * Reading input file 0314_c1s.in...                                                                                
                                                                                                                          
* Info * @jobs                                                                                                            
* Info * task: response                                                                                                   
* Info * @end                                                                                                             
                                                                                                                          
* Info * @method_settings                                                                                                 
* Info * basis: def2-tzvpd                                                                                                
* Info * xcfun: cam-b3lyp                                                                                                 
* Info * @end                                                                                                             
                                                                                                                          
* Info * @response                                                                                                        
* Info * property: absorption                                                                                             
* Info * tamm_dancoff: no                                                                                                 
* Info * nstates: 75                                                                                                      
* Info * core_excitation: yes                                                                                             
* Info * num_core_orbitals: 9                                                                                             
* Info * @end                                                                                                             
                                                                                                                          
                                              Molecular Geometry (Angstroms)                                              
                                             ================================                                             
                                                                                                                          
                          Atom         Coordinate X          Coordinate Y          Coordinate Z                           
                                                                                                                          
                           S          -1.808620259200        1.366738185400       -0.055761021500                         
                           N          -1.580023000200       -1.135314187800        0.110014380200                         
                           C          -0.201821581500        0.788946074600        0.147630754600                         
                           C          -0.240369031000       -0.679076832700        0.024331766700                         
                           C           1.011267862200        1.394204560600       -0.031502580700                         
                           C           0.935723499400       -1.385999534200       -0.125713226500                         
                           C           2.161039975300        0.675012822300        0.103796700800                         
                           C           2.143721886300       -0.737469792500       -0.035634654700                         
                           C          -2.351171668800       -0.209900178200       -0.010274704500                         
                           H           0.985366885900        2.638184668600       -0.142430099400                         
                           H           0.937686053500       -2.468781916100       -0.268667781500                         
                           H           3.015933050500        1.300285006200       -0.052240255400                         
                           H           3.018318048900       -1.369690304700       -0.113954491900                         
                           H          -3.400267479100       -0.575080336200       -0.040525557000                         
                                                                                                                          
                          Molecular charge            : 0                                                                 
                          Spin multiplicity           : 1                                                                 
                          Number of atoms             : 14                                                                
                          Number of alpha electrons   : 35                                                                
                          Number of beta  electrons   : 35                                                                
                                                                                                                          
* Info * Reading basis set from file: /net/home/plgrid/plgiubru7/software/vlx-cpu/cpuvlxenv/lib/python3.11/site-packages/veloxchem/basis/DEF2-TZVPD
                                                                                                                          
                                              Molecular Basis (Atomic Basis)                                              
                                             ================================                                             
                                                                                                                          
                               Basis: DEF2-TZVPD                                                                          
                                                                                                                          
                               Atom Contracted GTOs           Primitive GTOs                                              
                                                                                                                          
                               S     (6S,6P,3D,1F)             (15S,10P,4D,1F)                                            
                               N     (6S,3P,3D,1F)             (12S,6P,3D,1F)                                             
                               C     (6S,3P,3D,1F)             (12S,6P,3D,1F)                                             
                               H     (3S,2P)                   (5S,2P)                                                    
                                                                                                                          
                               Contracted Basis Functions : 387                                                           
                               Primitive Basis Functions  : 543                                                           
                                                                                                                          
                                                                                                                          
                                            Self Consistent Field Driver Setup                                            
                                           ====================================                                           
                                                                                                                          
                   Wave Function Model             : Spin-Restricted Kohn-Sham                                            
                   Initial Guess Model             : Restart from Checkpoint                                              
                   Convergence Accelerator         : Direct Inversion of Iterative Subspace                               
                   Max. Number of Iterations       : 50                                                                   
                   Max. Number of Error Vectors    : 10                                                                   
                   Convergence Threshold           : 1.0e-06                                                              
                   ERI Screening Threshold         : 1.0e-12                                                              
                   Linear Dependence Threshold     : 1.0e-06                                                              
                   Exchange-Correlation Functional : CAM-B3LYP                                                            
                   Molecular Grid Level            : 4                                                                    
                                                                                                                          
* Info * Nuclear repulsion energy: 475.3053973611 a.u.                                                                    
                                                                                                                          
* Info * Using the CAM-B3LYP functional.                                                                                  
                                                                                                                          
         T. Yanai, D. P. Tew, and N. C. Handy.,  Chem. Phys. Lett. 393, 51 (2004)
                                                                                                                          
* Info * Using the Libxc library (v7.0.0).                                                                                
                                                                                                                          
         S. Lehtola, C. Steigemann, M. J.T. Oliveira, and M. A.L. Marques.,  SoftwareX 7, 1–5 (2018)
                                                                                                                          
* Info * Using the following algorithm for XC numerical integration.                                                      
                                                                                                                          
         J. Kussmann, H. Laqua and C. Ochsenfeld, J. Chem. Theory Comput. 2021, 17, 1512-1521
                                                                                                                          
* Info * Molecular grid with 210401 points generated in 0.57 sec.                                                         
                                                                                                                          
* Info * Restarting from checkpoint file: 0314_c1s_scf.h5                                                                 
                                                                                                                          
* Info * Overlap matrix computed in 0.00 sec.                                                                             
                                                                                                                          
* Info * Kinetic energy matrix computed in 0.00 sec.                                                                      
                                                                                                                          
* Info * Nuclear potential matrix computed in 0.01 sec.                                                                   
                                                                                                                          
* Info * Orthogonalization matrix computed in 0.01 sec.                                                                   
                                                                                                                          
                                                                                                                          
               Iter. |    Kohn-Sham Energy | Energy Change | Gradient Norm | Max. Gradient | Density Change               
               --------------------------------------------------------------------------------------------               
                  1      -722.612973143359    0.0000000000      0.00000061      0.00000002      0.00000000                
                                                                                                                          
* Info * Checkpoint written to file: 0314_c1s_scf.h5                                                                      
                                                                                                                          
* Info * SCF results written to file: 0314_c1s.h5                                                                         
                                                                                                                          
               *** SCF converged in 1 iterations. Time: 2.95 sec.                                                         
                                                                                                                          
               Spin-Restricted Kohn-Sham:                                                                                 
               --------------------------                                                                                 
               Total Energy                       :     -722.6129731434 a.u.                                              
               Electronic Energy                  :    -1197.9183705045 a.u.                                              
               Nuclear Repulsion Energy           :      475.3053973611 a.u.                                              
               ------------------------------------                                                                       
               Gradient Norm                      :        0.0000006065 a.u.                                              
                                                                                                                          
                                                                                                                          
               Ground State Information                                                                                   
               ------------------------                                                                                   
               Charge of Molecule            :  0.0                                                                       
               Multiplicity (2S+1)           :  1                                                                         
               Magnetic Quantum Number (M_S) :  0.0                                                                       
                                                                                                                          
                                                                                                                          
                                                 Spin Restricted Orbitals                                                 
                                                 ------------------------                                                 
                                                                                                                          
               Molecular Orbital No.  31:                                                                                 
               --------------------------                                                                                 
               Occupation: 2.000 Energy:   -0.40655 a.u.                                                                  
               (   1 S   4p-1:    -0.21) (   3 C   1p-1:     0.18) (   4 C   5s  :    -0.24)                              
               (   4 C   1p-1:    -0.17) (   6 C   3p-1:     0.16)                                                        
                                                                                                                          
               Molecular Orbital No.  32:                                                                                 
               --------------------------                                                                                 
               Occupation: 2.000 Energy:   -0.37840 a.u.                                                                  
               (   1 S   4p0 :     0.30) (   1 S   5p0 :     0.18) (   2 N   1p0 :    -0.16)                              
               (   6 C   5s  :     0.21) (   6 C   1p0 :    -0.15)                                                        
                                                                                                                          
               Molecular Orbital No.  33:                                                                                 
               --------------------------                                                                                 
               Occupation: 2.000 Energy:   -0.33956 a.u.                                                                  
               (   1 S   4p-1:     0.17) (   2 N   4s  :    -0.21) (   2 N   5s  :    -0.40)                              
               (   2 N   6s  :    -0.33) (   2 N   1p-1:     0.32) (   2 N   2p-1:     0.24)                              
               (   2 N   3p-1:     0.16) (   4 C   3p-1:    -0.16) (   7 C   5s  :     0.15)                              
               (   8 C   5s  :    -0.17) (   9 C   5s  :     0.19)                                                        
                                                                                                                          
               Molecular Orbital No.  34:                                                                                 
               --------------------------                                                                                 
               Occupation: 2.000 Energy:   -0.30660 a.u.                                                                  
               (   3 C   5s  :    -0.23) (   4 C   5s  :     0.22) (   4 C   1p0 :     0.19)                              
               (   4 C   2p0 :     0.16) (   4 C   3p+1:     0.16) (   5 C   5s  :     0.19)                              
               (   6 C   5s  :    -0.18) (   6 C   1p0 :     0.17) (   7 C   1p0 :    -0.22)                              
               (   7 C   2p0 :    -0.20) (   7 C   3p-1:     0.16) (   7 C   3p0 :    -0.16)                              
               (   8 C   5s  :     0.17) (  12 H   3s  :    -0.16)                                                        
                                                                                                                          
               Molecular Orbital No.  35:                                                                                 
               --------------------------                                                                                 
               Occupation: 2.000 Energy:   -0.30009 a.u.                                                                  
               (   1 S   4p0 :    -0.30) (   1 S   5p0 :    -0.21) (   3 C   1p0 :     0.17)                              
               (   3 C   2p0 :     0.15) (   4 C   5s  :    -0.33) (   4 C   3p+1:    -0.18)                              
               (   6 C   5s  :     0.15) (   6 C   3p+1:    -0.16) (   7 C   3p-1:    -0.16)                              
               (   8 C   1p0 :    -0.21) (   8 C   2p0 :    -0.18) (   8 C   3p0 :    -0.15)                              
                                                                                                                          
               Molecular Orbital No.  36:                                                                                 
               --------------------------                                                                                 
               Occupation: 0.000 Energy:    0.00292 a.u.                                                                  
               (   1 S   6s  :    -0.25) (   1 S   4p0 :    -0.18) (   1 S   5p+1:    -0.15)                              
               (   1 S   5p0 :    -0.21) (   1 S   6p+1:    -0.19) (   3 C   5s  :    -1.18)                              
               (   3 C   6s  :     0.33) (   3 C   1p0 :     0.15) (   3 C   3p+1:    -0.24)                              
               (   3 C   3p0 :     0.25) (   4 C   5s  :     0.49) (   4 C   6s  :     0.36)                              
               (   4 C   1p0 :    -0.20) (   4 C   2p0 :    -0.19) (   4 C   3p+1:     0.18)                              
               (   4 C   3p-1:    -0.32) (   4 C   3p0 :    -0.25) (   4 C   3d+2:    -0.44)                              
               (   4 C   3d-2:    -0.32) (   5 C   5s  :     1.04) (   5 C   6s  :     0.53)                              
               (   5 C   3p-1:    -0.36) (   6 C   5s  :    -1.47) (   6 C   6s  :    -0.54)                              
               (   6 C   3p+1:     0.15) (   6 C   3p-1:    -0.27) (   6 C   3d+2:    -0.25)                              
               (   6 C   3d-2:    -0.29) (   7 C   5s  :    -0.16) (   7 C   6s  :    -0.87)                              
               (   7 C   1p0 :    -0.20) (   7 C   2p0 :    -0.19) (   7 C   3p+1:     0.46)                              
               (   7 C   3p-1:     0.40) (   7 C   3d+2:     0.15) (   7 C   3d-2:     0.19)                              
               (   8 C   5s  :     1.33) (   8 C   6s  :     0.37) (   8 C   3p+1:    -0.69)                              
               (   8 C   3p-1:     0.40) (   8 C   3d-2:     0.17) (   9 C   1p0 :     0.21)                              
               (   9 C   2p0 :     0.21) (   9 C   3p0 :     0.19) (  10 H   3s  :     0.29)                              
               (  11 H   3s  :    -0.43) (  12 H   3s  :    -0.92) (  12 H   2p+1:     0.15)                              
               (  13 H   3s  :     0.87) (  13 H   2p+1:    -0.18)                                                        
                                                                                                                          
               Molecular Orbital No.  37:                                                                                 
               --------------------------                                                                                 
               Occupation: 0.000 Energy:    0.01200 a.u.                                                                  
               (   1 S   6s  :    -0.61) (   1 S   6p0 :    -0.25) (   2 N   6s  :    -0.73)                              
               (   2 N   3p+1:    -0.21) (   3 C   5s  :     2.05) (   3 C   6s  :     1.32)                              
               (   3 C   1p0 :     0.19) (   3 C   2p0 :     0.19) (   3 C   3p+1:     0.65)                              
               (   3 C   3p-1:    -0.43) (   3 C   3d+1:    -0.23) (   4 C   5s  :     1.06)                              
               (   4 C   6s  :     0.58) (   4 C   3p-1:    -1.00) (   4 C   3d+2:     0.52)                              
               (   4 C   3d-2:    -0.25) (   5 C   5s  :    -1.55) (   5 C   6s  :    -0.33)                              
               (   5 C   1p0 :    -0.19) (   5 C   2p0 :    -0.19) (   5 C   3p-1:     0.41)                              
               (   6 C   1p0 :    -0.19) (   6 C   2p0 :    -0.18) (   6 C   3p+1:     0.99)                              
               (   6 C   3p0 :    -0.15) (   6 C   3d-2:     0.40) (   7 C   5s  :    -0.34)                              
               (   7 C   6s  :     0.42) (   7 C   3p-1:     0.59) (   8 C   5s  :    -0.79)                              
               (   8 C   6s  :     0.22) (   8 C   1p0 :     0.20) (   8 C   2p0 :     0.19)                              
               (   8 C   3p+1:     0.77) (   8 C   3p-1:     0.43) (   8 C   3p0 :     0.17)                              
               (   8 C   3d+2:    -0.32) (   8 C   3d-2:    -0.26) (   9 C   5s  :    -0.80)                              
               (   9 C   6s  :     0.62) (   9 C   3p+1:    -0.53) (   9 C   3d+2:    -0.21)                              
               (  10 H   3s  :    -0.38) (  11 H   3s  :    -0.17) (  12 H   3s  :    -0.25)                              
               (  13 H   3s  :    -0.50)                                                                                  
                                                                                                                          
               Molecular Orbital No.  38:                                                                                 
               --------------------------                                                                                 
               Occupation: 0.000 Energy:    0.02142 a.u.                                                                  
               (   1 S   6s  :    -0.28) (   1 S   5p+1:     0.98) (   1 S   5p-1:     0.61)                              
               (   1 S   6p+1:     1.03) (   1 S   6p-1:     0.95) (   2 N   5s  :    -0.50)                              
               (   2 N   6s  :    -2.06) (   2 N   3p+1:    -0.42) (   3 C   5s  :     2.57)                              
               (   3 C   6s  :    -3.99) (   3 C   3p+1:     1.25) (   3 C   3p-1:    -0.75)                              
               (   3 C   3d-2:     0.37) (   3 C   3d0 :     0.36) (   4 C   5s  :     1.48)                              
               (   4 C   6s  :     2.43) (   4 C   3p+1:    -0.76) (   4 C   3p-1:    -0.57)                              
               (   4 C   3d+2:     1.12) (   4 C   3d-2:     0.26) (   4 C   3d0 :    -0.17)                              
               (   5 C   4s  :    -0.21) (   5 C   5s  :    -0.53) (   5 C   6s  :     1.18)                              
               (   5 C   3p+1:     0.79) (   5 C   3p-1:     0.20) (   5 C   3d-2:    -0.95)                              
               (   5 C   3d0 :    -0.23) (   6 C   4s  :    -0.19) (   6 C   5s  :     2.95)                              
               (   6 C   3p+1:     0.57) (   6 C   3p-1:    -0.38) (   6 C   3d-2:     0.54)                              
               (   7 C   4s  :    -0.32) (   7 C   5s  :    -2.21) (   7 C   6s  :     1.33)                              
               (   7 C   3p+1:     1.06) (   7 C   3p-1:     0.63) (   7 C   3p0 :     0.18)                              
               (   7 C   3d+2:    -0.15) (   7 C   3d-2:    -0.23) (   7 C   3d0 :    -0.20)                              
               (   8 C   4s  :    -0.16) (   8 C   5s  :    -0.34) (   8 C   3p+1:     1.31)                              
               (   8 C   3p-1:     0.21) (   8 C   3d+2:    -0.47) (   8 C   3d-2:    -0.75)                              
               (   8 C   3d0 :    -0.18) (   9 C   5s  :    -0.51) (   9 C   6s  :     2.65)                              
               (   9 C   3p+1:    -0.20) (   9 C   3p-1:     0.76) (   9 C   3d+2:    -0.44)                              
               (   9 C   3d-2:     0.42) (  10 H   3s  :    -0.53) (  10 H   2p+1:     0.27)                              
               (  10 H   2p-1:     0.19) (  11 H   3s  :    -1.08) (  11 H   2p+1:     0.18)                              
               (  11 H   2p-1:    -0.25) (  12 H   3s  :    -0.98) (  12 H   2p+1:     0.21)                              
               (  13 H   3s  :    -2.16) (  13 H   2p+1:     0.42) (  14 H   2p-1:     0.28)                              
                                                                                                                          
               Molecular Orbital No.  39:                                                                                 
               --------------------------                                                                                 
               Occupation: 0.000 Energy:    0.02925 a.u.                                                                  
               (   1 S   5s  :    -0.50) (   1 S   6s  :    -4.21) (   1 S   5p+1:    -0.48)                              
               (   1 S   5p-1:     0.41) (   1 S   6p+1:    -1.41) (   1 S   6p-1:     1.23)                              
               (   1 S   3d+2:    -0.20) (   1 S   3d0 :     0.26) (   2 N   5s  :    -0.18)                              
               (   2 N   6s  :    -1.61) (   2 N   3p+1:    -0.38) (   3 C   5s  :     3.45)                              
               (   3 C   6s  :     3.47) (   3 C   3p+1:     1.01) (   3 C   3p-1:    -0.17)                              
               (   3 C   3p0 :    -0.29) (   3 C   3d+2:     0.36) (   3 C   3d-1:     0.20)                              
               (   3 C   3d-2:     0.37) (   3 C   3d0 :    -0.52) (   4 C   6s  :     2.68)                              
               (   4 C   3p+1:    -0.16) (   4 C   3p-1:    -1.60) (   4 C   3d+2:    -0.19)                              
               (   4 C   3d-2:    -0.64) (   4 C   3d0 :    -0.32) (   5 C   4s  :    -0.32)                              
               (   5 C   5s  :    -1.14) (   5 C   6s  :     1.83) (   5 C   3p+1:     1.96)                              
               (   5 C   3p-1:     0.50) (   5 C   3d+1:     0.26) (   5 C   3d+2:     0.71)                              
               (   5 C   3d-2:    -0.42) (   5 C   3d0 :    -0.22) (   6 C   5s  :    -1.79)                              
               (   6 C   6s  :    -0.74) (   6 C   3p+1:     0.39) (   6 C   3p-1:    -0.34)                              
               (   6 C   3p0 :    -0.20) (   6 C   3d+2:    -0.57) (   6 C   3d-2:    -0.58)                              
               (   7 C   5s  :    -0.95) (   7 C   6s  :    -1.00) (   7 C   3p+1:     0.78)                              
               (   7 C   3p-1:    -0.87) (   7 C   3d+2:     0.32) (   7 C   3d-2:     0.58)                              
               (   8 C   5s  :     1.29) (   8 C   6s  :     0.40) (   8 C   3p+1:     0.24)                              
               (   8 C   3p-1:    -0.61) (   8 C   3d+2:     0.32) (   9 C   4s  :    -0.25)                              
               (   9 C   5s  :    -0.48) (   9 C   6s  :     2.69) (   9 C   3p+1:    -0.54)                              
               (   9 C   3d0 :    -0.19) (  11 H   3s  :    -1.24) (  11 H   2p+1:    -0.24)                              
               (  12 H   3s  :    -1.49) (  12 H   2p+1:     0.18) (  13 H   3s  :    -0.68)                              
               (  13 H   2p-1:    -0.15) (  14 H   3s  :    -0.55)                                                        
                                                                                                                          
               Molecular Orbital No.  40:                                                                                 
               --------------------------                                                                                 
               Occupation: 0.000 Energy:    0.04194 a.u.                                                                  
               (   1 S   5s  :    -0.38) (   1 S   6s  :    -2.35) (   1 S   5p-1:     0.35)                              
               (   1 S   6p+1:     0.20) (   1 S   6p-1:     1.20) (   2 N   5s  :    -0.65)                              
               (   2 N   6s  :    -1.56) (   2 N   3p+1:     0.34) (   2 N   3p-1:    -0.24)                              
               (   2 N   3d-2:     0.26) (   3 C   5s  :    -8.15) (   3 C   6s  :     0.23)                              
               (   3 C   3p+1:    -0.74) (   3 C   3p-1:     0.55) (   3 C   3p0 :     0.35)                              
               (   3 C   3d-2:    -0.89) (   4 C   5s  :    -8.28) (   4 C   6s  :     2.75)                              
               (   4 C   3p+1:    -3.69) (   4 C   3p-1:     1.96) (   4 C   3p0 :     0.36)                              
               (   4 C   3d+2:    -3.80) (   4 C   3d-1:     0.23) (   4 C   3d-2:     0.37)                              
               (   5 C   5s  :     2.35) (   5 C   6s  :     0.23) (   5 C   3p+1:    -1.00)                              
               (   5 C   3p-1:    -0.25) (   5 C   3d+2:     0.61) (   5 C   3d-2:     0.41)                              
               (   6 C   4s  :     0.38) (   6 C   5s  :     2.18) (   6 C   6s  :    -3.05)                              
               (   6 C   3p+1:    -4.14) (   6 C   3p-1:     2.82) (   6 C   3p0 :     0.50)                              
               (   6 C   3d+1:    -0.23) (   6 C   3d+2:    -0.87) (   6 C   3d-1:     0.26)                              
               (   6 C   3d-2:    -3.34) (   6 C   3d0 :     0.32) (   7 C   4s  :     0.32)                              
               (   7 C   5s  :     1.51) (   7 C   6s  :    -1.36) (   7 C   3p+1:    -0.97)                              
               (   7 C   3p-1:    -1.31) (   7 C   3d+2:     0.34) (   7 C   3d-1:     0.19)                              
               (   7 C   3d-2:    -0.28) (   7 C   3d0 :     0.21) (   8 C   4s  :     0.51)                              
               (   8 C   5s  :     4.81) (   8 C   6s  :    -1.87) (   8 C   3p+1:    -3.70)                              
               (   8 C   3p-1:    -0.67) (   8 C   3d+1:     0.16) (   8 C   3d+2:     0.95)                              
               (   8 C   3d-2:     0.80) (   8 C   3d0 :     0.62) (   9 C   4s  :     0.39)                              
               (   9 C   5s  :     2.27) (   9 C   6s  :     1.29) (   9 C   3p+1:     3.06)                              
               (   9 C   3p0 :     0.17) (   9 C   3d-2:    -0.82) (  10 H   3s  :     0.93)                              
               (  11 H   3s  :     1.42) (  11 H   2p+1:    -1.05) (  11 H   2p-1:     0.37)                              
               (  12 H   3s  :     1.97) (  12 H   2p+1:    -0.40) (  13 H   3s  :     3.92)                              
               (  13 H   2p+1:    -0.73) (  14 H   3s  :     3.04) (  14 H   2p+1:     0.65)                              
                                                                                                                          
                                                                                                                          
                                                Ground State Dipole Moment                                                
                                               ----------------------------                                               
                                                                                                                          
                                   X   :         0.242785 a.u.         0.617098 Debye                                     
                                   Y   :         0.431466 a.u.         1.096678 Debye                                     
                                   Z   :        -0.210178 a.u.        -0.534220 Debye                                     
                                 Total :         0.537850 a.u.         1.367079 Debye                                     
                                                                                                                          
                                                                                                                          
                                            Linear Response EigenSolver Setup                                             
                                           ===================================                                            
                                                                                                                          
                               Number of States                : 75                                                       
                               Max. Number of Iterations       : 150                                                      
                               Convergence Threshold           : 1.0e-04                                                  
                               ERI Screening Threshold         : 1.0e-12                                                  
                               Exchange-Correlation Functional : CAM-B3LYP                                                
                               Molecular Grid Level            : 4                                                        
                                                                                                                          
* Info * Using the CAM-B3LYP functional.                                                                                  
                                                                                                                          
         T. Yanai, D. P. Tew, and N. C. Handy.,  Chem. Phys. Lett. 393, 51 (2004)
                                                                                                                          
* Info * Using the Libxc library (v7.0.0).                                                                                
                                                                                                                          
         S. Lehtola, C. Steigemann, M. J.T. Oliveira, and M. A.L. Marques.,  SoftwareX 7, 1–5 (2018)
                                                                                                                          
* Info * Using the following algorithm for XC numerical integration.                                                      
                                                                                                                          
         J. Kussmann, H. Laqua and C. Ochsenfeld, J. Chem. Theory Comput. 2021, 17, 1512-1521
                                                                                                                          
* Info * Molecular grid with 210401 points generated in 0.20 sec.                                                         
                                                                                                                          
* Info * Restarting from checkpoint file: 0314_c1s_rsp.h5                                                                 
                                                                                                                          
* Info * Generating initial guesses for 25 more states...                                                                 
                                                                                                                          
* Info * Processing 25 Fock builds...                                                                                     
                                                                                                                          
* Info * 354 gerade trial vectors in reduced space                                                                        
* Info * 354 ungerade trial vectors in reduced space                                                                      
                                                                                                                          
* Info * 221.04 kB of memory used for subspace procedure on the master node                                               
* Info * 768.40 GB of memory available for the solver on the master node                                                  
                                                                                                                          
               *** Iteration:   1 * Residuals (Max,Min): 3.51e-02 and 7.11e-06                                            
                                                                                                                          
               Excitation 1   :     10.09204730 Residual Norm: 0.00002608   converged                                     
               Excitation 2   :     10.09573355 Residual Norm: 0.00002599   converged                                     
               Excitation 3   :     10.09672518 Residual Norm: 0.00006144   converged                                     
               Excitation 4   :     10.11154773 Residual Norm: 0.00000841   converged                                     
               Excitation 5   :     10.11680718 Residual Norm: 0.00000711   converged                                     
               Excitation 6   :     10.11895100 Residual Norm: 0.00001093   converged                                     
               Excitation 7   :     10.12130984 Residual Norm: 0.00001254   converged                                     
               Excitation 8   :     10.12561028 Residual Norm: 0.00002849   converged                                     
               Excitation 9   :     10.12659262 Residual Norm: 0.00002395   converged                                     
               Excitation 10  :     10.12774075 Residual Norm: 0.00002804   converged                                     
               Excitation 11  :     10.13323971 Residual Norm: 0.00002674   converged                                     
               Excitation 12  :     10.14935003 Residual Norm: 0.00003668   converged                                     
               Excitation 13  :     10.15599678 Residual Norm: 0.00002295   converged                                     
               Excitation 14  :     10.16344835 Residual Norm: 0.00005632   converged                                     
               Excitation 15  :     10.16550383 Residual Norm: 0.00002200   converged                                     
               Excitation 16  :     10.17399248 Residual Norm: 0.00001667   converged                                     
               Excitation 17  :     10.17474009 Residual Norm: 0.00001145   converged                                     
               Excitation 18  :     10.17632236 Residual Norm: 0.00001480   converged                                     
               Excitation 19  :     10.19453648 Residual Norm: 0.00002781   converged                                     
               Excitation 20  :     10.19736614 Residual Norm: 0.00003131   converged                                     
               Excitation 21  :     10.20175336 Residual Norm: 0.00001876   converged                                     
               Excitation 22  :     10.20182055 Residual Norm: 0.00001381   converged                                     
               Excitation 23  :     10.20525499 Residual Norm: 0.00002143   converged                                     
               Excitation 24  :     10.20705471 Residual Norm: 0.00003291   converged                                     
               Excitation 25  :     10.20733280 Residual Norm: 0.00002556   converged                                     
               Excitation 26  :     10.20841569 Residual Norm: 0.00001856   converged                                     
               Excitation 27  :     10.21136685 Residual Norm: 0.00002574   converged                                     
               Excitation 28  :     10.21246126 Residual Norm: 0.00002466   converged                                     
               Excitation 29  :     10.21290679 Residual Norm: 0.00002274   converged                                     
               Excitation 30  :     10.21519982 Residual Norm: 0.00001383   converged                                     
               Excitation 31  :     10.21593605 Residual Norm: 0.00002126   converged                                     
               Excitation 32  :     10.21648079 Residual Norm: 0.00004005   converged                                     
               Excitation 33  :     10.21994955 Residual Norm: 0.00004551   converged                                     
               Excitation 34  :     10.22007898 Residual Norm: 0.00003754   converged                                     
               Excitation 35  :     10.22041922 Residual Norm: 0.00003191   converged                                     
               Excitation 36  :     10.22118978 Residual Norm: 0.00002823   converged                                     
               Excitation 37  :     10.22321965 Residual Norm: 0.00001171   converged                                     
               Excitation 38  :     10.22375082 Residual Norm: 0.00001357   converged                                     
               Excitation 39  :     10.22517312 Residual Norm: 0.00001494   converged                                     
               Excitation 40  :     10.22894651 Residual Norm: 0.00001703   converged                                     
               Excitation 41  :     10.22940210 Residual Norm: 0.00003008   converged                                     
               Excitation 42  :     10.23024983 Residual Norm: 0.00003128   converged                                     
               Excitation 43  :     10.23334063 Residual Norm: 0.00004911   converged                                     
               Excitation 44  :     10.23403189 Residual Norm: 0.00002288   converged                                     
               Excitation 45  :     10.23729802 Residual Norm: 0.00002400   converged                                     
               Excitation 46  :     10.23874918 Residual Norm: 0.00006471   converged                                     
               Excitation 47  :     10.24071016 Residual Norm: 0.00004493   converged                                     
               Excitation 48  :     10.24113194 Residual Norm: 0.00003085   converged                                     
               Excitation 49  :     10.24205233 Residual Norm: 0.00001599   converged                                     
               Excitation 50  :     10.24591392 Residual Norm: 0.00002992   converged                                     
               Excitation 51  :     10.24670817 Residual Norm: 0.01841890                                                 
               Excitation 52  :     10.24764048 Residual Norm: 0.01082478                                                 
               Excitation 53  :     10.24800087 Residual Norm: 0.00785105                                                 
               Excitation 54  :     10.24824781 Residual Norm: 0.01301451                                                 
               Excitation 55  :     10.24957967 Residual Norm: 0.01803057                                                 
               Excitation 56  :     10.25226872 Residual Norm: 0.00657235                                                 
               Excitation 57  :     10.25256215 Residual Norm: 0.01116644                                                 
               Excitation 58  :     10.25341400 Residual Norm: 0.01726051                                                 
               Excitation 59  :     10.25349097 Residual Norm: 0.01346508                                                 
               Excitation 60  :     10.25448393 Residual Norm: 0.01021296                                                 
               Excitation 61  :     10.25523481 Residual Norm: 0.00502024                                                 
               Excitation 62  :     10.25666466 Residual Norm: 0.01849066                                                 
               Excitation 63  :     10.25879456 Residual Norm: 0.03513915                                                 
               Excitation 64  :     10.25925131 Residual Norm: 0.01708165                                                 
               Excitation 65  :     10.26067246 Residual Norm: 0.01165496                                                 
               Excitation 66  :     10.26295242 Residual Norm: 0.00931713                                                 
               Excitation 67  :     10.26301643 Residual Norm: 0.01618224                                                 
               Excitation 68  :     10.26352359 Residual Norm: 0.02894049                                                 
               Excitation 69  :     10.26483204 Residual Norm: 0.01310918                                                 
               Excitation 70  :     10.26732496 Residual Norm: 0.01765889                                                 
               Excitation 71  :     10.26811626 Residual Norm: 0.01897851                                                 
               Excitation 72  :     10.26904531 Residual Norm: 0.02695906                                                 
               Excitation 73  :     10.26944064 Residual Norm: 0.03504822                                                 
               Excitation 74  :     10.26977707 Residual Norm: 0.02286216                                                 
               Excitation 75  :     10.27172340 Residual Norm: 0.01867795                                                 
                                                                                                                          
* Info * Processing 25 Fock builds...                                                                                     
                                                                                                                          
* Info * 379 gerade trial vectors in reduced space                                                                        
* Info * 379 ungerade trial vectors in reduced space                                                                      
                                                                                                                          
* Info * 234.64 kB of memory used for subspace procedure on the master node                                               
* Info * 767.83 GB of memory available for the solver on the master node                                                  
                                                                                                                          
               *** Iteration:   2 * Residuals (Max,Min): 6.87e-03 and 6.84e-06                                            
                                                                                                                          
               Excitation 1   :     10.09204730 Residual Norm: 0.00002293   converged                                     
               Excitation 2   :     10.09573355 Residual Norm: 0.00002177   converged                                     
               Excitation 3   :     10.09672518 Residual Norm: 0.00005577   converged                                     
               Excitation 4   :     10.11154773 Residual Norm: 0.00000759   converged                                     
               Excitation 5   :     10.11680718 Residual Norm: 0.00000684   converged                                     
               Excitation 6   :     10.11895100 Residual Norm: 0.00001017   converged                                     
               Excitation 7   :     10.12130984 Residual Norm: 0.00001225   converged                                     
               Excitation 8   :     10.12561028 Residual Norm: 0.00002641   converged                                     
               Excitation 9   :     10.12659262 Residual Norm: 0.00001949   converged                                     
               Excitation 10  :     10.12774075 Residual Norm: 0.00002571   converged                                     
               Excitation 11  :     10.13323971 Residual Norm: 0.00002167   converged                                     
               Excitation 12  :     10.14935003 Residual Norm: 0.00002714   converged                                     
               Excitation 13  :     10.15599678 Residual Norm: 0.00002176   converged                                     
               Excitation 14  :     10.16344835 Residual Norm: 0.00005158   converged                                     
               Excitation 15  :     10.16550383 Residual Norm: 0.00001984   converged                                     
               Excitation 16  :     10.17399248 Residual Norm: 0.00001482   converged                                     
               Excitation 17  :     10.17474009 Residual Norm: 0.00000995   converged                                     
               Excitation 18  :     10.17632236 Residual Norm: 0.00001361   converged                                     
               Excitation 19  :     10.19453648 Residual Norm: 0.00002479   converged                                     
               Excitation 20  :     10.19736614 Residual Norm: 0.00002935   converged                                     
               Excitation 21  :     10.20175336 Residual Norm: 0.00001592   converged                                     
               Excitation 22  :     10.20182055 Residual Norm: 0.00001198   converged                                     
               Excitation 23  :     10.20525499 Residual Norm: 0.00001912   converged                                     
               Excitation 24  :     10.20705471 Residual Norm: 0.00002887   converged                                     
               Excitation 25  :     10.20733280 Residual Norm: 0.00002121   converged                                     
               Excitation 26  :     10.20841569 Residual Norm: 0.00001695   converged                                     
               Excitation 27  :     10.21136685 Residual Norm: 0.00002128   converged                                     
               Excitation 28  :     10.21246126 Residual Norm: 0.00002101   converged                                     
               Excitation 29  :     10.21290679 Residual Norm: 0.00002209   converged                                     
               Excitation 30  :     10.21519982 Residual Norm: 0.00001084   converged                                     
               Excitation 31  :     10.21593605 Residual Norm: 0.00001919   converged                                     
               Excitation 32  :     10.21648079 Residual Norm: 0.00003731   converged                                     
               Excitation 33  :     10.21994955 Residual Norm: 0.00004134   converged                                     
               Excitation 34  :     10.22007898 Residual Norm: 0.00003222   converged                                     
               Excitation 35  :     10.22041922 Residual Norm: 0.00002768   converged                                     
               Excitation 36  :     10.22118978 Residual Norm: 0.00002064   converged                                     
               Excitation 37  :     10.22321965 Residual Norm: 0.00001023   converged                                     
               Excitation 38  :     10.22375082 Residual Norm: 0.00001038   converged                                     
               Excitation 39  :     10.22517312 Residual Norm: 0.00001266   converged                                     
               Excitation 40  :     10.22894651 Residual Norm: 0.00001453   converged                                     
               Excitation 41  :     10.22940210 Residual Norm: 0.00002547   converged                                     
               Excitation 42  :     10.23024983 Residual Norm: 0.00002743   converged                                     
               Excitation 43  :     10.23334063 Residual Norm: 0.00004441   converged                                     
               Excitation 44  :     10.23403189 Residual Norm: 0.00002047   converged                                     
               Excitation 45  :     10.23729802 Residual Norm: 0.00002152   converged                                     
               Excitation 46  :     10.23874918 Residual Norm: 0.00005748   converged                                     
               Excitation 47  :     10.24071016 Residual Norm: 0.00003760   converged                                     
               Excitation 48  :     10.24113194 Residual Norm: 0.00002660   converged                                     
               Excitation 49  :     10.24205233 Residual Norm: 0.00001414   converged                                     
               Excitation 50  :     10.24591392 Residual Norm: 0.00001842   converged                                     
               Excitation 51  :     10.24660430 Residual Norm: 0.00342955                                                 
               Excitation 52  :     10.24760646 Residual Norm: 0.00213181                                                 
               Excitation 53  :     10.24798169 Residual Norm: 0.00101005                                                 
               Excitation 54  :     10.24819755 Residual Norm: 0.00198559                                                 
               Excitation 55  :     10.24942290 Residual Norm: 0.00307839                                                 
               Excitation 56  :     10.25225387 Residual Norm: 0.00096385                                                 
               Excitation 57  :     10.25251096 Residual Norm: 0.00166548                                                 
               Excitation 58  :     10.25331875 Residual Norm: 0.00289171                                                 
               Excitation 59  :     10.25342153 Residual Norm: 0.00154585                                                 
               Excitation 60  :     10.25443392 Residual Norm: 0.00276335                                                 
               Excitation 61  :     10.25522200 Residual Norm: 0.00089803                                                 
               Excitation 62  :     10.25655395 Residual Norm: 0.00415130                                                 
               Excitation 63  :     10.25828438 Residual Norm: 0.00455003                                                 
               Excitation 64  :     10.25913426 Residual Norm: 0.00235188                                                 
               Excitation 65  :     10.26059636 Residual Norm: 0.00245724                                                 
               Excitation 66  :     10.26292805 Residual Norm: 0.00168468                                                 
               Excitation 67  :     10.26295251 Residual Norm: 0.00164229                                                 
               Excitation 68  :     10.26321975 Residual Norm: 0.00510110                                                 
               Excitation 69  :     10.26475450 Residual Norm: 0.00243204                                                 
               Excitation 70  :     10.26719529 Residual Norm: 0.00267124                                                 
               Excitation 71  :     10.26789318 Residual Norm: 0.00422871                                                 
               Excitation 72  :     10.26845176 Residual Norm: 0.00686989                                                 
               Excitation 73  :     10.26890891 Residual Norm: 0.00534789                                                 
               Excitation 74  :     10.26953729 Residual Norm: 0.00402317                                                 
               Excitation 75  :     10.27161919 Residual Norm: 0.00343924                                                 
                                                                                                                          
* Info * Processing 25 Fock builds...                                                                                     
                                                                                                                          
* Info * 404 gerade trial vectors in reduced space                                                                        
* Info * 404 ungerade trial vectors in reduced space                                                                      
                                                                                                                          
* Info * 248.24 kB of memory used for subspace procedure on the master node                                               
* Info * 767.34 GB of memory available for the solver on the master node                                                  
                                                                                                                          
               *** Iteration:   3 * Residuals (Max,Min): 2.26e-03 and 6.34e-06                                            
                                                                                                                          
               Excitation 1   :     10.09204730 Residual Norm: 0.00002015   converged                                     
               Excitation 2   :     10.09573355 Residual Norm: 0.00002068   converged                                     
               Excitation 3   :     10.09672518 Residual Norm: 0.00005389   converged                                     
               Excitation 4   :     10.11154773 Residual Norm: 0.00000706   converged                                     
               Excitation 5   :     10.11680718 Residual Norm: 0.00000634   converged                                     
               Excitation 6   :     10.11895100 Residual Norm: 0.00001090   converged                                     
               Excitation 7   :     10.12130984 Residual Norm: 0.00001150   converged                                     
               Excitation 8   :     10.12561028 Residual Norm: 0.00002510   converged                                     
               Excitation 9   :     10.12659262 Residual Norm: 0.00001496   converged                                     
               Excitation 10  :     10.12774075 Residual Norm: 0.00001820   converged                                     
               Excitation 11  :     10.13323971 Residual Norm: 0.00001870   converged                                     
               Excitation 12  :     10.14935003 Residual Norm: 0.00002582   converged                                     
               Excitation 13  :     10.15599678 Residual Norm: 0.00001516   converged                                     
               Excitation 14  :     10.16344835 Residual Norm: 0.00004554   converged                                     
               Excitation 15  :     10.16550383 Residual Norm: 0.00001834   converged                                     
               Excitation 16  :     10.17399248 Residual Norm: 0.00001307   converged                                     
               Excitation 17  :     10.17474009 Residual Norm: 0.00000936   converged                                     
               Excitation 18  :     10.17632236 Residual Norm: 0.00001229   converged                                     
               Excitation 19  :     10.19453648 Residual Norm: 0.00002259   converged                                     
               Excitation 20  :     10.19736614 Residual Norm: 0.00002712   converged                                     
               Excitation 21  :     10.20175336 Residual Norm: 0.00001663   converged                                     
               Excitation 22  :     10.20182055 Residual Norm: 0.00001051   converged                                     
               Excitation 23  :     10.20525499 Residual Norm: 0.00001688   converged                                     
               Excitation 24  :     10.20705471 Residual Norm: 0.00002510   converged                                     
               Excitation 25  :     10.20733280 Residual Norm: 0.00001957   converged                                     
               Excitation 26  :     10.20841569 Residual Norm: 0.00001688   converged                                     
               Excitation 27  :     10.21136685 Residual Norm: 0.00001979   converged                                     
               Excitation 28  :     10.21246126 Residual Norm: 0.00001861   converged                                     
               Excitation 29  :     10.21290679 Residual Norm: 0.00002193   converged                                     
               Excitation 30  :     10.21519982 Residual Norm: 0.00000944   converged                                     
               Excitation 31  :     10.21593605 Residual Norm: 0.00001801   converged                                     
               Excitation 32  :     10.21648079 Residual Norm: 0.00003448   converged                                     
               Excitation 33  :     10.21994955 Residual Norm: 0.00003456   converged                                     
               Excitation 34  :     10.22007898 Residual Norm: 0.00002960   converged                                     
               Excitation 35  :     10.22041922 Residual Norm: 0.00002681   converged                                     
               Excitation 36  :     10.22118978 Residual Norm: 0.00001948   converged                                     
               Excitation 37  :     10.22321965 Residual Norm: 0.00000886   converged                                     
               Excitation 38  :     10.22375082 Residual Norm: 0.00000874   converged                                     
               Excitation 39  :     10.22517312 Residual Norm: 0.00001212   converged                                     
               Excitation 40  :     10.22894651 Residual Norm: 0.00001243   converged                                     
               Excitation 41  :     10.22940210 Residual Norm: 0.00002368   converged                                     
               Excitation 42  :     10.23024983 Residual Norm: 0.00002803   converged                                     
               Excitation 43  :     10.23334063 Residual Norm: 0.00004279   converged                                     
               Excitation 44  :     10.23403189 Residual Norm: 0.00001971   converged                                     
               Excitation 45  :     10.23729802 Residual Norm: 0.00002042   converged                                     
               Excitation 46  :     10.23874918 Residual Norm: 0.00005270   converged                                     
               Excitation 47  :     10.24071016 Residual Norm: 0.00002671   converged                                     
               Excitation 48  :     10.24113194 Residual Norm: 0.00002354   converged                                     
               Excitation 49  :     10.24205233 Residual Norm: 0.00001190   converged                                     
               Excitation 50  :     10.24591392 Residual Norm: 0.00001500   converged                                     
               Excitation 51  :     10.24660258 Residual Norm: 0.00051292                                                 
               Excitation 52  :     10.24760580 Residual Norm: 0.00051318                                                 
               Excitation 53  :     10.24798147 Residual Norm: 0.00015144                                                 
               Excitation 54  :     10.24819680 Residual Norm: 0.00038405                                                 
               Excitation 55  :     10.24942107 Residual Norm: 0.00047957                                                 
               Excitation 56  :     10.25225369 Residual Norm: 0.00016099                                                 
               Excitation 57  :     10.25251036 Residual Norm: 0.00029674                                                 
               Excitation 58  :     10.25331725 Residual Norm: 0.00050442                                                 
               Excitation 59  :     10.25342100 Residual Norm: 0.00026170                                                 
               Excitation 60  :     10.25443320 Residual Norm: 0.00063127                                                 
               Excitation 61  :     10.25522184 Residual Norm: 0.00014184                                                 
               Excitation 62  :     10.25655246 Residual Norm: 0.00106849                                                 
               Excitation 63  :     10.25827974 Residual Norm: 0.00067775                                                 
               Excitation 64  :     10.25913325 Residual Norm: 0.00040755                                                 
               Excitation 65  :     10.26059339 Residual Norm: 0.00076427                                                 
               Excitation 66  :     10.26292768 Residual Norm: 0.00028363                                                 
               Excitation 67  :     10.26295216 Residual Norm: 0.00030419                                                 
               Excitation 68  :     10.26321152 Residual Norm: 0.00094404                                                 
               Excitation 69  :     10.26475326 Residual Norm: 0.00059547                                                 
               Excitation 70  :     10.26719350 Residual Norm: 0.00055095                                                 
               Excitation 71  :     10.26788241 Residual Norm: 0.00156029                                                 
               Excitation 72  :     10.26843118 Residual Norm: 0.00225684                                                 
               Excitation 73  :     10.26890249 Residual Norm: 0.00099201                                                 
               Excitation 74  :     10.26952959 Residual Norm: 0.00144150                                                 
               Excitation 75  :     10.27161719 Residual Norm: 0.00082230                                                 
                                                                                                                          
* Info * Processing 25 Fock builds...                                                                                     
                                                                                                                          
* Info * 429 gerade trial vectors in reduced space                                                                        
* Info * 429 ungerade trial vectors in reduced space                                                                      
                                                                                                                          
* Info * 261.02 kB of memory used for subspace procedure on the master node                                               
* Info * 767.49 GB of memory available for the solver on the master node                                                  
                                                                                                                          
               *** Iteration:   4 * Residuals (Max,Min): 5.51e-04 and 6.03e-06                                            
                                                                                                                          
               Excitation 1   :     10.09204730 Residual Norm: 0.00001969   converged                                     
               Excitation 2   :     10.09573355 Residual Norm: 0.00001623   converged                                     
               Excitation 3   :     10.09672518 Residual Norm: 0.00005333   converged                                     
               Excitation 4   :     10.11154773 Residual Norm: 0.00000686   converged                                     
               Excitation 5   :     10.11680718 Residual Norm: 0.00000603   converged                                     
               Excitation 6   :     10.11895100 Residual Norm: 0.00000960   converged                                     
               Excitation 7   :     10.12130984 Residual Norm: 0.00001194   converged                                     
               Excitation 8   :     10.12561028 Residual Norm: 0.00002277   converged                                     
               Excitation 9   :     10.12659262 Residual Norm: 0.00001338   converged                                     
               Excitation 10  :     10.12774075 Residual Norm: 0.00001563   converged                                     
               Excitation 11  :     10.13323971 Residual Norm: 0.00001717   converged                                     
               Excitation 12  :     10.14935003 Residual Norm: 0.00001463   converged                                     
               Excitation 13  :     10.15599678 Residual Norm: 0.00001367   converged                                     
               Excitation 14  :     10.16344835 Residual Norm: 0.00003511   converged                                     
               Excitation 15  :     10.16550383 Residual Norm: 0.00001658   converged                                     
               Excitation 16  :     10.17399248 Residual Norm: 0.00001274   converged                                     
               Excitation 17  :     10.17474009 Residual Norm: 0.00000878   converged                                     
               Excitation 18  :     10.17632236 Residual Norm: 0.00001128   converged                                     
               Excitation 19  :     10.19453648 Residual Norm: 0.00002231   converged                                     
               Excitation 20  :     10.19736614 Residual Norm: 0.00002518   converged                                     
               Excitation 21  :     10.20175336 Residual Norm: 0.00001623   converged                                     
               Excitation 22  :     10.20182055 Residual Norm: 0.00000985   converged                                     
               Excitation 23  :     10.20525499 Residual Norm: 0.00001491   converged                                     
               Excitation 24  :     10.20705471 Residual Norm: 0.00002446   converged                                     
               Excitation 25  :     10.20733280 Residual Norm: 0.00001936   converged                                     
               Excitation 26  :     10.20841569 Residual Norm: 0.00001531   converged                                     
               Excitation 27  :     10.21136685 Residual Norm: 0.00001762   converged                                     
               Excitation 28  :     10.21246126 Residual Norm: 0.00001587   converged                                     
               Excitation 29  :     10.21290679 Residual Norm: 0.00002023   converged                                     
               Excitation 30  :     10.21519982 Residual Norm: 0.00000812   converged                                     
               Excitation 31  :     10.21593605 Residual Norm: 0.00001760   converged                                     
               Excitation 32  :     10.21648079 Residual Norm: 0.00003030   converged                                     
               Excitation 33  :     10.21994955 Residual Norm: 0.00003609   converged                                     
               Excitation 34  :     10.22007898 Residual Norm: 0.00002435   converged                                     
               Excitation 35  :     10.22041922 Residual Norm: 0.00002742   converged                                     
               Excitation 36  :     10.22118978 Residual Norm: 0.00001919   converged                                     
               Excitation 37  :     10.22321965 Residual Norm: 0.00000860   converged                                     
               Excitation 38  :     10.22375082 Residual Norm: 0.00000845   converged                                     
               Excitation 39  :     10.22517312 Residual Norm: 0.00000955   converged                                     
               Excitation 40  :     10.22894651 Residual Norm: 0.00001314   converged                                     
               Excitation 41  :     10.22940210 Residual Norm: 0.00002511   converged                                     
               Excitation 42  :     10.23024983 Residual Norm: 0.00002567   converged                                     
               Excitation 43  :     10.23334063 Residual Norm: 0.00004083   converged                                     
               Excitation 44  :     10.23403189 Residual Norm: 0.00001890   converged                                     
               Excitation 45  :     10.23729802 Residual Norm: 0.00001890   converged                                     
               Excitation 46  :     10.23874918 Residual Norm: 0.00004590   converged                                     
               Excitation 47  :     10.24071016 Residual Norm: 0.00003060   converged                                     
               Excitation 48  :     10.24113194 Residual Norm: 0.00002248   converged                                     
               Excitation 49  :     10.24205233 Residual Norm: 0.00001167   converged                                     
               Excitation 50  :     10.24591392 Residual Norm: 0.00001309   converged                                     
               Excitation 51  :     10.24660255 Residual Norm: 0.00006473   converged                                     
               Excitation 52  :     10.24760578 Residual Norm: 0.00005412   converged                                     
               Excitation 53  :     10.24798146 Residual Norm: 0.00002286   converged                                     
               Excitation 54  :     10.24819678 Residual Norm: 0.00005344   converged                                     
               Excitation 55  :     10.24942104 Residual Norm: 0.00009676   converged                                     
               Excitation 56  :     10.25225368 Residual Norm: 0.00002323   converged                                     
               Excitation 57  :     10.25251035 Residual Norm: 0.00005695   converged                                     
               Excitation 58  :     10.25331722 Residual Norm: 0.00006388   converged                                     
               Excitation 59  :     10.25342099 Residual Norm: 0.00004059   converged                                     
               Excitation 60  :     10.25443318 Residual Norm: 0.00007920   converged                                     
               Excitation 61  :     10.25522184 Residual Norm: 0.00002234   converged                                     
               Excitation 62  :     10.25655241 Residual Norm: 0.00013062                                                 
               Excitation 63  :     10.25827966 Residual Norm: 0.00011538                                                 
               Excitation 64  :     10.25913323 Residual Norm: 0.00006391   converged                                     
               Excitation 65  :     10.26059329 Residual Norm: 0.00019598                                                 
               Excitation 66  :     10.26292767 Residual Norm: 0.00004429   converged                                     
               Excitation 67  :     10.26295215 Residual Norm: 0.00004635   converged                                     
               Excitation 68  :     10.26321132 Residual Norm: 0.00015918                                                 
               Excitation 69  :     10.26475324 Residual Norm: 0.00007404   converged                                     
               Excitation 70  :     10.26719346 Residual Norm: 0.00009206   converged                                     
               Excitation 71  :     10.26788194 Residual Norm: 0.00029112                                                 
               Excitation 72  :     10.26843043 Residual Norm: 0.00055065                                                 
               Excitation 73  :     10.26890235 Residual Norm: 0.00014979                                                 
               Excitation 74  :     10.26952939 Residual Norm: 0.00018961                                                 
               Excitation 75  :     10.27161712 Residual Norm: 0.00017770                                                 
                                                                                                                          
* Info * Processing 9 Fock builds...                                                                                      
                                                                                                                          
* Info * 438 gerade trial vectors in reduced space                                                                        
* Info * 438 ungerade trial vectors in reduced space                                                                      
                                                                                                                          
* Info * 265.79 kB of memory used for subspace procedure on the master node                                               
* Info * 770.48 GB of memory available for the solver on the master node                                                  
                                                                                                                          
               *** Iteration:   5 * Residuals (Max,Min): 1.02e-04 and 6.07e-06                                            
                                                                                                                          
               Excitation 1   :     10.09204730 Residual Norm: 0.00001973   converged                                     
               Excitation 2   :     10.09573355 Residual Norm: 0.00001592   converged                                     
               Excitation 3   :     10.09672518 Residual Norm: 0.00005305   converged                                     
               Excitation 4   :     10.11154773 Residual Norm: 0.00000685   converged                                     
               Excitation 5   :     10.11680718 Residual Norm: 0.00000607   converged                                     
               Excitation 6   :     10.11895100 Residual Norm: 0.00000994   converged                                     
               Excitation 7   :     10.12130984 Residual Norm: 0.00001196   converged                                     
               Excitation 8   :     10.12561028 Residual Norm: 0.00002194   converged                                     
               Excitation 9   :     10.12659262 Residual Norm: 0.00001351   converged                                     
               Excitation 10  :     10.12774075 Residual Norm: 0.00001546   converged                                     
               Excitation 11  :     10.13323971 Residual Norm: 0.00001713   converged                                     
               Excitation 12  :     10.14935003 Residual Norm: 0.00001443   converged                                     
               Excitation 13  :     10.15599678 Residual Norm: 0.00001409   converged                                     
               Excitation 14  :     10.16344835 Residual Norm: 0.00003506   converged                                     
               Excitation 15  :     10.16550383 Residual Norm: 0.00001654   converged                                     
               Excitation 16  :     10.17399248 Residual Norm: 0.00001310   converged                                     
               Excitation 17  :     10.17474009 Residual Norm: 0.00000876   converged                                     
               Excitation 18  :     10.17632236 Residual Norm: 0.00001142   converged                                     
               Excitation 19  :     10.19453648 Residual Norm: 0.00002073   converged                                     
               Excitation 20  :     10.19736614 Residual Norm: 0.00002427   converged                                     
               Excitation 21  :     10.20175336 Residual Norm: 0.00001623   converged                                     
               Excitation 22  :     10.20182055 Residual Norm: 0.00000970   converged                                     
               Excitation 23  :     10.20525499 Residual Norm: 0.00001443   converged                                     
               Excitation 24  :     10.20705471 Residual Norm: 0.00002498   converged                                     
               Excitation 25  :     10.20733280 Residual Norm: 0.00001694   converged                                     
               Excitation 26  :     10.20841569 Residual Norm: 0.00001522   converged                                     
               Excitation 27  :     10.21136685 Residual Norm: 0.00001748   converged                                     
               Excitation 28  :     10.21246126 Residual Norm: 0.00001610   converged                                     
               Excitation 29  :     10.21290679 Residual Norm: 0.00002021   converged                                     
               Excitation 30  :     10.21519982 Residual Norm: 0.00000790   converged                                     
               Excitation 31  :     10.21593605 Residual Norm: 0.00001678   converged                                     
               Excitation 32  :     10.21648079 Residual Norm: 0.00003025   converged                                     
               Excitation 33  :     10.21994955 Residual Norm: 0.00003463   converged                                     
               Excitation 34  :     10.22007898 Residual Norm: 0.00002516   converged                                     
               Excitation 35  :     10.22041922 Residual Norm: 0.00002753   converged                                     
               Excitation 36  :     10.22118978 Residual Norm: 0.00001950   converged                                     
               Excitation 37  :     10.22321965 Residual Norm: 0.00000861   converged                                     
               Excitation 38  :     10.22375082 Residual Norm: 0.00000826   converged                                     
               Excitation 39  :     10.22517312 Residual Norm: 0.00000950   converged                                     
               Excitation 40  :     10.22894651 Residual Norm: 0.00001263   converged                                     
               Excitation 41  :     10.22940210 Residual Norm: 0.00002200   converged                                     
               Excitation 42  :     10.23024983 Residual Norm: 0.00002493   converged                                     
               Excitation 43  :     10.23334063 Residual Norm: 0.00003990   converged                                     
               Excitation 44  :     10.23403189 Residual Norm: 0.00001889   converged                                     
               Excitation 45  :     10.23729802 Residual Norm: 0.00002049   converged                                     
               Excitation 46  :     10.23874918 Residual Norm: 0.00004599   converged                                     
               Excitation 47  :     10.24071016 Residual Norm: 0.00003056   converged                                     
               Excitation 48  :     10.24113194 Residual Norm: 0.00002232   converged                                     
               Excitation 49  :     10.24205233 Residual Norm: 0.00001176   converged                                     
               Excitation 50  :     10.24591392 Residual Norm: 0.00001112   converged                                     
               Excitation 51  :     10.24660255 Residual Norm: 0.00006008   converged                                     
               Excitation 52  :     10.24760578 Residual Norm: 0.00002745   converged                                     
               Excitation 53  :     10.24798146 Residual Norm: 0.00002087   converged                                     
               Excitation 54  :     10.24819678 Residual Norm: 0.00003816   converged                                     
               Excitation 55  :     10.24942104 Residual Norm: 0.00009335   converged                                     
               Excitation 56  :     10.25225368 Residual Norm: 0.00001532   converged                                     
               Excitation 57  :     10.25251035 Residual Norm: 0.00004554   converged                                     
               Excitation 58  :     10.25331722 Residual Norm: 0.00003775   converged                                     
               Excitation 59  :     10.25342099 Residual Norm: 0.00003648   converged                                     
               Excitation 60  :     10.25443318 Residual Norm: 0.00002861   converged                                     
               Excitation 61  :     10.25522184 Residual Norm: 0.00002213   converged                                     
               Excitation 62  :     10.25655241 Residual Norm: 0.00001656   converged                                     
               Excitation 63  :     10.25827965 Residual Norm: 0.00001996   converged                                     
               Excitation 64  :     10.25913323 Residual Norm: 0.00006295   converged                                     
               Excitation 65  :     10.26059329 Residual Norm: 0.00003217   converged                                     
               Excitation 66  :     10.26292767 Residual Norm: 0.00003754   converged                                     
               Excitation 67  :     10.26295215 Residual Norm: 0.00003875   converged                                     
               Excitation 68  :     10.26321131 Residual Norm: 0.00002427   converged                                     
               Excitation 69  :     10.26475323 Residual Norm: 0.00006078   converged                                     
               Excitation 70  :     10.26719346 Residual Norm: 0.00005316   converged                                     
               Excitation 71  :     10.26788193 Residual Norm: 0.00005080   converged                                     
               Excitation 72  :     10.26843041 Residual Norm: 0.00010210                                                 
               Excitation 73  :     10.26890235 Residual Norm: 0.00002279   converged                                     
               Excitation 74  :     10.26952938 Residual Norm: 0.00003500   converged                                     
               Excitation 75  :     10.27161711 Residual Norm: 0.00002150   converged                                     
                                                                                                                          
* Info * Processing 1 Fock build...                                                                                       
                                                                                                                          
* Info * 439 gerade trial vectors in reduced space                                                                        
* Info * 439 ungerade trial vectors in reduced space                                                                      
                                                                                                                          
* Info * 266.17 kB of memory used for subspace procedure on the master node                                               
* Info * 770.84 GB of memory available for the solver on the master node                                                  
                                                                                                                          
               *** Iteration:   6 * Residuals (Max,Min): 9.33e-05 and 6.06e-06                                            
                                                                                                                          
               Excitation 1   :     10.09204730 Residual Norm: 0.00001973   converged                                     
               Excitation 2   :     10.09573355 Residual Norm: 0.00001592   converged                                     
               Excitation 3   :     10.09672518 Residual Norm: 0.00005305   converged                                     
               Excitation 4   :     10.11154773 Residual Norm: 0.00000686   converged                                     
               Excitation 5   :     10.11680718 Residual Norm: 0.00000606   converged                                     
               Excitation 6   :     10.11895100 Residual Norm: 0.00000994   converged                                     
               Excitation 7   :     10.12130984 Residual Norm: 0.00001196   converged                                     
               Excitation 8   :     10.12561028 Residual Norm: 0.00002194   converged                                     
               Excitation 9   :     10.12659262 Residual Norm: 0.00001352   converged                                     
               Excitation 10  :     10.12774075 Residual Norm: 0.00001549   converged                                     
               Excitation 11  :     10.13323971 Residual Norm: 0.00001713   converged                                     
               Excitation 12  :     10.14935003 Residual Norm: 0.00001442   converged                                     
               Excitation 13  :     10.15599678 Residual Norm: 0.00001390   converged                                     
               Excitation 14  :     10.16344835 Residual Norm: 0.00003506   converged                                     
               Excitation 15  :     10.16550383 Residual Norm: 0.00001654   converged                                     
               Excitation 16  :     10.17399248 Residual Norm: 0.00001309   converged                                     
               Excitation 17  :     10.17474009 Residual Norm: 0.00000873   converged                                     
               Excitation 18  :     10.17632236 Residual Norm: 0.00001142   converged                                     
               Excitation 19  :     10.19453648 Residual Norm: 0.00002073   converged                                     
               Excitation 20  :     10.19736614 Residual Norm: 0.00002424   converged                                     
               Excitation 21  :     10.20175336 Residual Norm: 0.00001623   converged                                     
               Excitation 22  :     10.20182055 Residual Norm: 0.00000970   converged                                     
               Excitation 23  :     10.20525499 Residual Norm: 0.00001444   converged                                     
               Excitation 24  :     10.20705471 Residual Norm: 0.00002498   converged                                     
               Excitation 25  :     10.20733280 Residual Norm: 0.00001694   converged                                     
               Excitation 26  :     10.20841569 Residual Norm: 0.00001518   converged                                     
               Excitation 27  :     10.21136685 Residual Norm: 0.00001749   converged                                     
               Excitation 28  :     10.21246126 Residual Norm: 0.00001608   converged                                     
               Excitation 29  :     10.21290679 Residual Norm: 0.00002021   converged                                     
               Excitation 30  :     10.21519982 Residual Norm: 0.00000790   converged                                     
               Excitation 31  :     10.21593605 Residual Norm: 0.00001678   converged                                     
               Excitation 32  :     10.21648079 Residual Norm: 0.00003025   converged                                     
               Excitation 33  :     10.21994955 Residual Norm: 0.00003463   converged                                     
               Excitation 34  :     10.22007898 Residual Norm: 0.00002516   converged                                     
               Excitation 35  :     10.22041922 Residual Norm: 0.00002753   converged                                     
               Excitation 36  :     10.22118978 Residual Norm: 0.00001950   converged                                     
               Excitation 37  :     10.22321965 Residual Norm: 0.00000865   converged                                     
               Excitation 38  :     10.22375082 Residual Norm: 0.00000827   converged                                     
               Excitation 39  :     10.22517312 Residual Norm: 0.00000951   converged                                     
               Excitation 40  :     10.22894651 Residual Norm: 0.00001262   converged                                     
               Excitation 41  :     10.22940210 Residual Norm: 0.00002211   converged                                     
               Excitation 42  :     10.23024983 Residual Norm: 0.00002493   converged                                     
               Excitation 43  :     10.23334063 Residual Norm: 0.00003984   converged                                     
               Excitation 44  :     10.23403189 Residual Norm: 0.00001889   converged                                     
               Excitation 45  :     10.23729802 Residual Norm: 0.00002049   converged                                     
               Excitation 46  :     10.23874918 Residual Norm: 0.00004599   converged                                     
               Excitation 47  :     10.24071016 Residual Norm: 0.00003056   converged                                     
               Excitation 48  :     10.24113194 Residual Norm: 0.00002236   converged                                     
               Excitation 49  :     10.24205233 Residual Norm: 0.00001176   converged                                     
               Excitation 50  :     10.24591392 Residual Norm: 0.00001125   converged                                     
               Excitation 51  :     10.24660255 Residual Norm: 0.00006005   converged                                     
               Excitation 52  :     10.24760578 Residual Norm: 0.00002745   converged                                     
               Excitation 53  :     10.24798146 Residual Norm: 0.00002099   converged                                     
               Excitation 54  :     10.24819678 Residual Norm: 0.00003940   converged                                     
               Excitation 55  :     10.24942104 Residual Norm: 0.00009334   converged                                     
               Excitation 56  :     10.25225368 Residual Norm: 0.00001530   converged                                     
               Excitation 57  :     10.25251035 Residual Norm: 0.00004557   converged                                     
               Excitation 58  :     10.25331722 Residual Norm: 0.00003915   converged                                     
               Excitation 59  :     10.25342099 Residual Norm: 0.00003647   converged                                     
               Excitation 60  :     10.25443318 Residual Norm: 0.00002860   converged                                     
               Excitation 61  :     10.25522184 Residual Norm: 0.00002213   converged                                     
               Excitation 62  :     10.25655241 Residual Norm: 0.00001655   converged                                     
               Excitation 63  :     10.25827965 Residual Norm: 0.00001996   converged                                     
               Excitation 64  :     10.25913323 Residual Norm: 0.00006294   converged                                     
               Excitation 65  :     10.26059329 Residual Norm: 0.00001723   converged                                     
               Excitation 66  :     10.26292767 Residual Norm: 0.00003787   converged                                     
               Excitation 67  :     10.26295215 Residual Norm: 0.00003922   converged                                     
               Excitation 68  :     10.26321131 Residual Norm: 0.00002419   converged                                     
               Excitation 69  :     10.26475323 Residual Norm: 0.00006078   converged                                     
               Excitation 70  :     10.26719346 Residual Norm: 0.00005174   converged                                     
               Excitation 71  :     10.26788193 Residual Norm: 0.00005077   converged                                     
               Excitation 72  :     10.26843041 Residual Norm: 0.00001578   converged                                     
               Excitation 73  :     10.26890235 Residual Norm: 0.00002246   converged                                     
               Excitation 74  :     10.26952938 Residual Norm: 0.00003500   converged                                     
               Excitation 75  :     10.27161711 Residual Norm: 0.00002104   converged                                     
                                                                                                                          
* Info * Checkpoint written to file: 0314_c1s_rsp.h5                                                                      
                                                                                                                          
* Info * Time spent in writing checkpoint file: 1.30 sec                                                                  
                                                                                                                          
               *** Linear response converged in 6 iterations. Time: 279.35 sec                                            
                                                                                                                          
                                                                                                                          
* Info * Response solution vectors written to file: 0314_c1s.h5                                                           
                                                                                                                          
               Electric Transition Dipole Moments (dipole length, a.u.)                                                   
               --------------------------------------------------------                                                   
                                                X            Y            Z                                               
               Excited State    S1:     -0.002688    -0.001496    -0.070762                                               
               Excited State    S2:     -0.003351     0.010871    -0.063900                                               
               Excited State    S3:      0.000134    -0.009063     0.088131                                               
               Excited State    S4:     -0.002099    -0.009175    -0.074366                                               
               Excited State    S5:     -0.001341    -0.001972     0.007947                                               
               Excited State    S6:      0.004574    -0.005815    -0.076514                                               
               Excited State    S7:     -0.001055     0.000724     0.001532                                               
               Excited State    S8:     -0.005970     0.002388     0.079003                                               
               Excited State    S9:     -0.000413     0.005625    -0.001065                                               
               Excited State   S10:     -0.009060     0.001775    -0.077679                                               
               Excited State   S11:     -0.008409    -0.002467     0.004010                                               
               Excited State   S12:      0.001114    -0.000469    -0.011843                                               
               Excited State   S13:     -0.000412     0.004390     0.003545                                               
               Excited State   S14:     -0.000410    -0.044830     0.006131                                               
               Excited State   S15:      0.027448     0.023935    -0.000259                                               
               Excited State   S16:     -0.043791     0.028892    -0.011034                                               
               Excited State   S17:      0.009515     0.025079     0.008202                                               
               Excited State   S18:      0.026621    -0.021773    -0.002969                                               
               Excited State   S19:     -0.000249    -0.030400    -0.002309                                               
               Excited State   S20:     -0.001252    -0.011541     0.036082                                               
               Excited State   S21:     -0.005122    -0.004556     0.000557                                               
               Excited State   S22:     -0.002361     0.011940    -0.002898                                               
               Excited State   S23:      0.002287     0.006055    -0.009622                                               
               Excited State   S24:      0.000356     0.008376    -0.007893                                               
               Excited State   S25:     -0.000677    -0.024697     0.001010                                               
               Excited State   S26:     -0.000760     0.019794    -0.003632                                               
               Excited State   S27:      0.012336    -0.017120    -0.005470                                               
               Excited State   S28:     -0.013263    -0.016136     0.007130                                               
               Excited State   S29:     -0.017177    -0.008474    -0.006113                                               
               Excited State   S30:     -0.002360    -0.002893    -0.001316                                               
               Excited State   S31:     -0.006651     0.001752     0.012756                                               
               Excited State   S32:      0.008777     0.005724    -0.013930                                               
               Excited State   S33:      0.039924     0.007719     0.002641                                               
               Excited State   S34:      0.012085    -0.007356     0.011365                                               
               Excited State   S35:      0.002302    -0.001074     0.016101                                               
               Excited State   S36:      0.002479     0.003192    -0.005482                                               
               Excited State   S37:      0.001554    -0.013247    -0.001070                                               
               Excited State   S38:      0.008738    -0.001182    -0.000954                                               
               Excited State   S39:      0.003386     0.020023    -0.000913                                               
               Excited State   S40:     -0.007609    -0.001758    -0.004280                                               
               Excited State   S41:      0.007822     0.009447     0.000368                                               
               Excited State   S42:      0.003462    -0.014679    -0.004860                                               
               Excited State   S43:     -0.007403     0.009971     0.003794                                               
               Excited State   S44:     -0.007499    -0.000109     0.009763                                               
               Excited State   S45:      0.001875     0.008422    -0.010187                                               
               Excited State   S46:     -0.021961     0.010621    -0.000818                                               
               Excited State   S47:      0.000541    -0.000390     0.007871                                               
               Excited State   S48:     -0.000612     0.005905    -0.019830                                               
               Excited State   S49:     -0.009293     0.002967     0.001246                                               
               Excited State   S50:      0.005925    -0.005491     0.004668                                               
               Excited State   S51:     -0.002778     0.003835     0.025847                                               
               Excited State   S52:      0.011045    -0.009959     0.002263                                               
               Excited State   S53:      0.004007     0.002645     0.009106                                               
               Excited State   S54:     -0.005443    -0.000655    -0.016217                                               
               Excited State   S55:     -0.014393     0.014957    -0.000594                                               
               Excited State   S56:     -0.007208     0.009649     0.002188                                               
               Excited State   S57:      0.006956     0.011582     0.002365                                               
               Excited State   S58:      0.001166    -0.002571     0.012180                                               
               Excited State   S59:      0.002159     0.002522    -0.011496                                               
               Excited State   S60:      0.015274    -0.011947     0.005306                                               
               Excited State   S61:      0.000566     0.004560     0.000494                                               
               Excited State   S62:      0.012901    -0.014962     0.000353                                               
               Excited State   S63:     -0.018368    -0.026906    -0.004871                                               
               Excited State   S64:     -0.008088    -0.016218    -0.001725                                               
               Excited State   S65:     -0.008890     0.003110    -0.001144                                               
               Excited State   S66:     -0.001167     0.003385    -0.010955                                               
               Excited State   S67:     -0.000917     0.002281    -0.011659                                               
               Excited State   S68:     -0.012467    -0.010694    -0.007513                                               
               Excited State   S69:     -0.001731     0.007462     0.001140                                               
               Excited State   S70:     -0.002106    -0.008213     0.000252                                               
               Excited State   S71:     -0.007477    -0.005934     0.014473                                               
               Excited State   S72:     -0.004241    -0.001675     0.001473                                               
               Excited State   S73:      0.001370     0.002428    -0.028318                                               
               Excited State   S74:     -0.002305    -0.015308    -0.001249                                               
               Excited State   S75:     -0.000387    -0.001991    -0.012844                                               
                                                                                                                          
               Electric Transition Dipole Moments (dipole velocity, a.u.)                                                 
               ----------------------------------------------------------                                                 
                                                X            Y            Z                                               
               Excited State    S1:     -0.002674    -0.001496    -0.069781                                               
               Excited State    S2:     -0.003305     0.010738    -0.063006                                               
               Excited State    S3:      0.000138    -0.008923     0.086905                                               
               Excited State    S4:     -0.002079    -0.009045    -0.073360                                               
               Excited State    S5:     -0.001327    -0.001951     0.007839                                               
               Excited State    S6:      0.004559    -0.005751    -0.075505                                               
               Excited State    S7:     -0.001052     0.000733     0.001503                                               
               Excited State    S8:     -0.005905     0.002336     0.077899                                               
               Excited State    S9:     -0.000399     0.005567    -0.001053                                               
               Excited State   S10:     -0.008961     0.001733    -0.076636                                               
               Excited State   S11:     -0.008376    -0.002449     0.003954                                               
               Excited State   S12:      0.001137    -0.000437    -0.011697                                               
               Excited State   S13:     -0.000417     0.004356     0.003492                                               
               Excited State   S14:     -0.000538    -0.044550     0.006069                                               
               Excited State   S15:      0.027389     0.023820    -0.000217                                               
               Excited State   S16:     -0.043455     0.028617    -0.010874                                               
               Excited State   S17:      0.009420     0.024972     0.008123                                               
               Excited State   S18:      0.026538    -0.021693    -0.002977                                               
               Excited State   S19:     -0.000233    -0.030216    -0.002284                                               
               Excited State   S20:     -0.001265    -0.011414     0.035595                                               
               Excited State   S21:     -0.005247    -0.004529     0.000609                                               
               Excited State   S22:     -0.002388     0.011856    -0.002918                                               
               Excited State   S23:      0.002210     0.005945    -0.009513                                               
               Excited State   S24:      0.000376     0.008317    -0.007904                                               
               Excited State   S25:     -0.000660    -0.024566     0.000956                                               
               Excited State   S26:     -0.000827     0.019775    -0.003501                                               
               Excited State   S27:      0.012264    -0.017083    -0.005363                                               
               Excited State   S28:     -0.013157    -0.016019     0.007052                                               
               Excited State   S29:     -0.017200    -0.008394    -0.006010                                               
               Excited State   S30:     -0.002354    -0.002761    -0.001215                                               
               Excited State   S31:     -0.006579     0.001703     0.012614                                               
               Excited State   S32:      0.008674     0.005849    -0.013783                                               
               Excited State   S33:      0.039642     0.007892     0.002576                                               
               Excited State   S34:      0.011961    -0.007274     0.011299                                               
               Excited State   S35:      0.002306    -0.000927     0.015885                                               
               Excited State   S36:      0.002426     0.003096    -0.005547                                               
               Excited State   S37:      0.001613    -0.013148    -0.001135                                               
               Excited State   S38:      0.008921    -0.000993    -0.000960                                               
               Excited State   S39:      0.003376     0.019930    -0.001073                                               
               Excited State   S40:     -0.007587    -0.001725    -0.004184                                               
               Excited State   S41:      0.007692     0.009316     0.000360                                               
               Excited State   S42:      0.003420    -0.014599    -0.004700                                               
               Excited State   S43:     -0.007288     0.009696     0.003784                                               
               Excited State   S44:     -0.007190    -0.000060     0.009722                                               
               Excited State   S45:      0.001897     0.008370    -0.010051                                               
               Excited State   S46:     -0.021764     0.010628    -0.000737                                               
               Excited State   S47:      0.000718    -0.000405     0.007734                                               
               Excited State   S48:     -0.000553     0.005675    -0.019938                                               
               Excited State   S49:     -0.009109     0.002890     0.001238                                               
               Excited State   S50:      0.005910    -0.005550     0.004563                                               
               Excited State   S51:     -0.002548     0.003769     0.025821                                               
               Excited State   S52:      0.010966    -0.009795     0.002224                                               
               Excited State   S53:      0.003894     0.002738     0.009097                                               
               Excited State   S54:     -0.005471    -0.000642    -0.016102                                               
               Excited State   S55:     -0.014264     0.014747    -0.000608                                               
               Excited State   S56:     -0.007110     0.009591     0.002107                                               
               Excited State   S57:      0.006965     0.011517     0.002367                                               
               Excited State   S58:      0.000981    -0.002443     0.012123                                               
               Excited State   S59:      0.002270     0.002692    -0.011172                                               
               Excited State   S60:      0.015231    -0.011962     0.005850                                               
               Excited State   S61:      0.000545     0.004494     0.000384                                               
               Excited State   S62:      0.012825    -0.014855    -0.000423                                               
               Excited State   S63:     -0.018144    -0.026752    -0.004609                                               
               Excited State   S64:     -0.007650    -0.015903    -0.001693                                               
               Excited State   S65:     -0.008993     0.003221    -0.001209                                               
               Excited State   S66:     -0.001159     0.003199    -0.010733                                               
               Excited State   S67:     -0.000797     0.002205    -0.011415                                               
               Excited State   S68:     -0.012411    -0.010560    -0.007499                                               
               Excited State   S69:     -0.001606     0.007344     0.000857                                               
               Excited State   S70:     -0.002187    -0.008145     0.000180                                               
               Excited State   S71:     -0.007595    -0.005828     0.014451                                               
               Excited State   S72:     -0.004209    -0.001532     0.001797                                               
               Excited State   S73:      0.001395     0.002305    -0.027958                                               
               Excited State   S74:     -0.002558    -0.015275    -0.001415                                               
               Excited State   S75:     -0.000233    -0.002157    -0.012709                                               
                                                                                                                          
               Magnetic Transition Dipole Moments (a.u.)                                                                  
               -----------------------------------------                                                                  
                                                X            Y            Z                                               
               Excited State    S1:     -0.508337     1.462197    -0.010716                                               
               Excited State    S2:      0.903901     0.474123     0.042252                                               
               Excited State    S3:     -0.644284    -1.691921    -0.163535                                               
               Excited State    S4:     -0.989744     0.747957    -0.061192                                               
               Excited State    S5:     -0.086314    -0.062782    -0.039069                                               
               Excited State    S6:     -0.593094    -0.089871    -0.025178                                               
               Excited State    S7:      0.034579     0.001930     0.016320                                               
               Excited State    S8:     -0.134369     1.801129    -0.063014                                               
               Excited State    S9:     -0.002517     0.031901     0.113780                                               
               Excited State   S10:      0.466204    -0.242101    -0.063221                                               
               Excited State   S11:      0.060022    -0.064285     0.090669                                               
               Excited State   S12:     -0.076143    -0.029032    -0.007723                                               
               Excited State   S13:     -0.032643     0.003419    -0.013201                                               
               Excited State   S14:      0.063960    -0.062368    -0.380197                                               
               Excited State   S15:     -0.020788     0.021128     0.197824                                               
               Excited State   S16:     -0.122942    -0.082444     0.315144                                               
               Excited State   S17:     -0.067387    -0.069182     0.250157                                               
               Excited State   S18:      0.017159     0.026776    -0.189260                                               
               Excited State   S19:      0.002058    -0.050041     0.684944                                               
               Excited State   S20:     -0.229621     0.082588     0.023844                                               
               Excited State   S21:      0.005652    -0.017739    -0.059014                                               
               Excited State   S22:      0.035361     0.005363     0.061993                                               
               Excited State   S23:      0.135780     0.089023     0.091791                                               
               Excited State   S24:     -0.063130    -0.014139    -0.024114                                               
               Excited State   S25:     -0.005043     0.022730     0.558586                                               
               Excited State   S26:      0.068497     0.038563     0.135336                                               
               Excited State   S27:      0.022450     0.108945    -0.222017                                               
               Excited State   S28:     -0.042490     0.013309    -0.038086                                               
               Excited State   S29:     -0.023731     0.107642    -0.082556                                               
               Excited State   S30:     -0.019294    -0.009531    -0.028748                                               
               Excited State   S31:     -0.075455    -0.263814     0.007110                                               
               Excited State   S32:     -0.113143     0.292079     0.061838                                               
               Excited State   S33:     -0.002683     0.051106    -0.102968                                               
               Excited State   S34:      0.097502     0.012705    -0.081505                                               
               Excited State   S35:      0.111571    -0.341543    -0.070425                                               
               Excited State   S36:     -0.013409     0.131299    -0.007951                                               
               Excited State   S37:     -0.002553     0.023637    -0.181400                                               
               Excited State   S38:      0.008610     0.017705    -0.018007                                               
               Excited State   S39:     -0.007543     0.006230     0.153943                                               
               Excited State   S40:      0.038455     0.086799    -0.091004                                               
               Excited State   S41:     -0.000742     0.005510     0.024559                                               
               Excited State   S42:     -0.064691     0.048853    -0.183992                                               
               Excited State   S43:     -0.036525    -0.027020    -0.008836                                               
               Excited State   S44:      0.060067    -0.218599     0.060524                                               
               Excited State   S45:      0.021291    -0.229207    -0.187825                                               
               Excited State   S46:     -0.022749    -0.031589     0.138061                                               
               Excited State   S47:      0.045041    -0.167451    -0.021543                                               
               Excited State   S48:      0.280533     0.171829     0.043464                                               
               Excited State   S49:     -0.010264    -0.018793    -0.007838                                               
               Excited State   S50:     -0.060225    -0.064103     0.027668                                               
               Excited State   S51:      0.352197    -0.255973     0.057139                                               
               Excited State   S52:      0.035989     0.004764    -0.061873                                               
               Excited State   S53:      0.037790    -0.161729     0.047580                                               
               Excited State   S54:      0.126541     0.336451    -0.053258                                               
               Excited State   S55:      0.002851    -0.012856    -0.367108                                               
               Excited State   S56:     -0.008998    -0.019777    -0.027480                                               
               Excited State   S57:     -0.019478     0.010756     0.009733                                               
               Excited State   S58:     -0.097460    -0.251991    -0.032930                                               
               Excited State   S59:     -0.135978     0.122781     0.013518                                               
               Excited State   S60:      0.075204     0.013162    -0.099888                                               
               Excited State   S61:     -0.009342    -0.010806     0.105341                                               
               Excited State   S62:      0.016243     0.021915    -0.068260                                               
               Excited State   S63:      0.006976    -0.103637     0.570357                                               
               Excited State   S64:     -0.022089     0.028115    -0.023518                                               
               Excited State   S65:      0.007493    -0.003604    -0.071444                                               
               Excited State   S66:     -0.095426     0.226676     0.074962                                               
               Excited State   S67:     -0.068604     0.243004     0.043691                                               
               Excited State   S68:      0.048968    -0.018882    -0.049375                                               
               Excited State   S69:     -0.009030     0.001286     0.000395                                               
               Excited State   S70:     -0.045207     0.055267    -0.100940                                               
               Excited State   S71:     -0.029877     0.330695     0.116467                                               
               Excited State   S72:     -0.013388    -0.018762    -0.025032                                               
               Excited State   S73:      0.197454     0.575722     0.046054                                               
               Excited State   S74:     -0.028332     0.008574    -0.115228                                               
               Excited State   S75:      0.161468     0.126954    -0.005267                                               
                                                                                                                          
               One-Photon Absorption                                                                                      
               ---------------------                                                                                      
               Excited State    S1:     10.09204730 a.u.    274.61860 eV    Osc.Str.    0.0338                            
               Excited State    S2:     10.09573355 a.u.    274.71890 eV    Osc.Str.    0.0284                            
               Excited State    S3:     10.09672518 a.u.    274.74589 eV    Osc.Str.    0.0528                            
               Excited State    S4:     10.11154773 a.u.    275.14923 eV    Osc.Str.    0.0379                            
               Excited State    S5:     10.11680718 a.u.    275.29235 eV    Osc.Str.    0.0005                            
               Excited State    S6:     10.11895100 a.u.    275.35068 eV    Osc.Str.    0.0399                            
               Excited State    S7:     10.12130984 a.u.    275.41487 eV    Osc.Str.    0.0000                            
               Excited State    S8:     10.12561028 a.u.    275.53189 eV    Osc.Str.    0.0424                            
               Excited State    S9:     10.12659262 a.u.    275.55862 eV    Osc.Str.    0.0002                            
               Excited State   S10:     10.12774075 a.u.    275.58987 eV    Osc.Str.    0.0413                            
               Excited State   S11:     10.13323971 a.u.    275.73950 eV    Osc.Str.    0.0006                            
               Excited State   S12:     10.14935003 a.u.    276.17788 eV    Osc.Str.    0.0010                            
               Excited State   S13:     10.15599678 a.u.    276.35875 eV    Osc.Str.    0.0002                            
               Excited State   S14:     10.16344835 a.u.    276.56152 eV    Osc.Str.    0.0139                            
               Excited State   S15:     10.16550383 a.u.    276.61745 eV    Osc.Str.    0.0090                            
               Excited State   S16:     10.17399248 a.u.    276.84844 eV    Osc.Str.    0.0195                            
               Excited State   S17:     10.17474009 a.u.    276.86878 eV    Osc.Str.    0.0053                            
               Excited State   S18:     10.17632236 a.u.    276.91184 eV    Osc.Str.    0.0081                            
               Excited State   S19:     10.19453648 a.u.    277.40747 eV    Osc.Str.    0.0063                            
               Excited State   S20:     10.19736614 a.u.    277.48447 eV    Osc.Str.    0.0098                            
               Excited State   S21:     10.20175336 a.u.    277.60385 eV    Osc.Str.    0.0003                            
               Excited State   S22:     10.20182055 a.u.    277.60568 eV    Osc.Str.    0.0011                            
               Excited State   S23:     10.20525499 a.u.    277.69914 eV    Osc.Str.    0.0009                            
               Excited State   S24:     10.20705471 a.u.    277.74811 eV    Osc.Str.    0.0009                            
               Excited State   S25:     10.20733280 a.u.    277.75568 eV    Osc.Str.    0.0042                            
               Excited State   S26:     10.20841569 a.u.    277.78514 eV    Osc.Str.    0.0028                            
               Excited State   S27:     10.21136685 a.u.    277.86545 eV    Osc.Str.    0.0032                            
               Excited State   S28:     10.21246126 a.u.    277.89523 eV    Osc.Str.    0.0033                            
               Excited State   S29:     10.21290679 a.u.    277.90735 eV    Osc.Str.    0.0028                            
               Excited State   S30:     10.21519982 a.u.    277.96975 eV    Osc.Str.    0.0001                            
               Excited State   S31:     10.21593605 a.u.    277.98978 eV    Osc.Str.    0.0014                            
               Excited State   S32:     10.21648079 a.u.    278.00460 eV    Osc.Str.    0.0021                            
               Excited State   S33:     10.21994955 a.u.    278.09899 eV    Osc.Str.    0.0113                            
               Excited State   S34:     10.22007898 a.u.    278.10252 eV    Osc.Str.    0.0022                            
               Excited State   S35:     10.22041922 a.u.    278.11177 eV    Osc.Str.    0.0018                            
               Excited State   S36:     10.22118978 a.u.    278.13274 eV    Osc.Str.    0.0003                            
               Excited State   S37:     10.22321965 a.u.    278.18798 eV    Osc.Str.    0.0012                            
               Excited State   S38:     10.22375082 a.u.    278.20243 eV    Osc.Str.    0.0005                            
               Excited State   S39:     10.22517312 a.u.    278.24114 eV    Osc.Str.    0.0028                            
               Excited State   S40:     10.22894651 a.u.    278.34381 eV    Osc.Str.    0.0005                            
               Excited State   S41:     10.22940210 a.u.    278.35621 eV    Osc.Str.    0.0010                            
               Excited State   S42:     10.23024983 a.u.    278.37928 eV    Osc.Str.    0.0017                            
               Excited State   S43:     10.23334063 a.u.    278.46338 eV    Osc.Str.    0.0012                            
               Excited State   S44:     10.23403189 a.u.    278.48219 eV    Osc.Str.    0.0010                            
               Excited State   S45:     10.23729802 a.u.    278.57107 eV    Osc.Str.    0.0012                            
               Excited State   S46:     10.23874918 a.u.    278.61056 eV    Osc.Str.    0.0041                            
               Excited State   S47:     10.24071016 a.u.    278.66392 eV    Osc.Str.    0.0004                            
               Excited State   S48:     10.24113194 a.u.    278.67540 eV    Osc.Str.    0.0029                            
               Excited State   S49:     10.24205233 a.u.    278.70044 eV    Osc.Str.    0.0007                            
               Excited State   S50:     10.24591392 a.u.    278.80552 eV    Osc.Str.    0.0006                            
               Excited State   S51:     10.24660255 a.u.    278.82426 eV    Osc.Str.    0.0047                            
               Excited State   S52:     10.24760578 a.u.    278.85156 eV    Osc.Str.    0.0015                            
               Excited State   S53:     10.24798146 a.u.    278.86178 eV    Osc.Str.    0.0007                            
               Excited State   S54:     10.24819678 a.u.    278.86764 eV    Osc.Str.    0.0020                            
               Excited State   S55:     10.24942104 a.u.    278.90095 eV    Osc.Str.    0.0029                            
               Excited State   S56:     10.25225368 a.u.    278.97803 eV    Osc.Str.    0.0010                            
               Excited State   S57:     10.25251035 a.u.    278.98502 eV    Osc.Str.    0.0013                            
               Excited State   S58:     10.25331722 a.u.    279.00698 eV    Osc.Str.    0.0011                            
               Excited State   S59:     10.25342099 a.u.    279.00980 eV    Osc.Str.    0.0010                            
               Excited State   S60:     10.25443318 a.u.    279.03734 eV    Osc.Str.    0.0028                            
               Excited State   S61:     10.25522184 a.u.    279.05880 eV    Osc.Str.    0.0001                            
               Excited State   S62:     10.25655241 a.u.    279.09501 eV    Osc.Str.    0.0027                            
               Excited State   S63:     10.25827965 a.u.    279.14201 eV    Osc.Str.    0.0074                            
               Excited State   S64:     10.25913323 a.u.    279.16524 eV    Osc.Str.    0.0023                            
               Excited State   S65:     10.26059329 a.u.    279.20497 eV    Osc.Str.    0.0006                            
               Excited State   S66:     10.26292767 a.u.    279.26849 eV    Osc.Str.    0.0009                            
               Excited State   S67:     10.26295215 a.u.    279.26915 eV    Osc.Str.    0.0010                            
               Excited State   S68:     10.26321131 a.u.    279.27621 eV    Osc.Str.    0.0022                            
               Excited State   S69:     10.26475323 a.u.    279.31816 eV    Osc.Str.    0.0004                            
               Excited State   S70:     10.26719346 a.u.    279.38457 eV    Osc.Str.    0.0005                            
               Excited State   S71:     10.26788193 a.u.    279.40330 eV    Osc.Str.    0.0021                            
               Excited State   S72:     10.26843041 a.u.    279.41823 eV    Osc.Str.    0.0002                            
               Excited State   S73:     10.26890235 a.u.    279.43107 eV    Osc.Str.    0.0055                            
               Excited State   S74:     10.26952938 a.u.    279.44813 eV    Osc.Str.    0.0017                            
               Excited State   S75:     10.27161711 a.u.    279.50494 eV    Osc.Str.    0.0012                            
                                                                                                                          
               Electronic Circular Dichroism                                                                              
               -----------------------------                                                                              
               Excited State    S1:     Rot.Str.     -0.000080 a.u.    -0.0375 [10**(-40) cgs]                            
               Excited State    S2:     Rot.Str.     -0.000559 a.u.    -0.2634 [10**(-40) cgs]                            
               Excited State    S3:     Rot.Str.      0.000796 a.u.     0.3752 [10**(-40) cgs]                            
               Excited State    S4:     Rot.Str.     -0.000218 a.u.    -0.1029 [10**(-40) cgs]                            
               Excited State    S5:     Rot.Str.     -0.000069 a.u.    -0.0326 [10**(-40) cgs]                            
               Excited State    S6:     Rot.Str.     -0.000286 a.u.    -0.1349 [10**(-40) cgs]                            
               Excited State    S7:     Rot.Str.     -0.000010 a.u.    -0.0049 [10**(-40) cgs]                            
               Excited State    S8:     Rot.Str.      0.000092 a.u.     0.0436 [10**(-40) cgs]                            
               Excited State    S9:     Rot.Str.      0.000059 a.u.     0.0277 [10**(-40) cgs]                            
               Excited State   S10:     Rot.Str.      0.000248 a.u.     0.1169 [10**(-40) cgs]                            
               Excited State   S11:     Rot.Str.      0.000013 a.u.     0.0062 [10**(-40) cgs]                            
               Excited State   S12:     Rot.Str.      0.000016 a.u.     0.0078 [10**(-40) cgs]                            
               Excited State   S13:     Rot.Str.     -0.000018 a.u.    -0.0083 [10**(-40) cgs]                            
               Excited State   S14:     Rot.Str.      0.000437 a.u.     0.2059 [10**(-40) cgs]                            
               Excited State   S15:     Rot.Str.     -0.000109 a.u.    -0.0514 [10**(-40) cgs]                            
               Excited State   S16:     Rot.Str.     -0.000444 a.u.    -0.2092 [10**(-40) cgs]                            
               Excited State   S17:     Rot.Str.     -0.000330 a.u.    -0.1557 [10**(-40) cgs]                            
               Excited State   S18:     Rot.Str.      0.000438 a.u.     0.2065 [10**(-40) cgs]                            
               Excited State   S19:     Rot.Str.     -0.000053 a.u.    -0.0249 [10**(-40) cgs]                            
               Excited State   S20:     Rot.Str.      0.000197 a.u.     0.0927 [10**(-40) cgs]                            
               Excited State   S21:     Rot.Str.      0.000015 a.u.     0.0069 [10**(-40) cgs]                            
               Excited State   S22:     Rot.Str.     -0.000202 a.u.    -0.0951 [10**(-40) cgs]                            
               Excited State   S23:     Rot.Str.     -0.000044 a.u.    -0.0207 [10**(-40) cgs]                            
               Excited State   S24:     Rot.Str.      0.000049 a.u.     0.0232 [10**(-40) cgs]                            
               Excited State   S25:     Rot.Str.     -0.000021 a.u.    -0.0098 [10**(-40) cgs]                            
               Excited State   S26:     Rot.Str.      0.000232 a.u.     0.1094 [10**(-40) cgs]                            
               Excited State   S27:     Rot.Str.     -0.000395 a.u.    -0.1862 [10**(-40) cgs]                            
               Excited State   S28:     Rot.Str.      0.000077 a.u.     0.0364 [10**(-40) cgs]                            
               Excited State   S29:     Rot.Str.      0.000001 a.u.     0.0004 [10**(-40) cgs]                            
               Excited State   S30:     Rot.Str.      0.000107 a.u.     0.0503 [10**(-40) cgs]                            
               Excited State   S31:     Rot.Str.      0.000137 a.u.     0.0646 [10**(-40) cgs]                            
               Excited State   S32:     Rot.Str.     -0.000125 a.u.    -0.0591 [10**(-40) cgs]                            
               Excited State   S33:     Rot.Str.      0.000032 a.u.     0.0149 [10**(-40) cgs]                            
               Excited State   S34:     Rot.Str.      0.000153 a.u.     0.0721 [10**(-40) cgs]                            
               Excited State   S35:     Rot.Str.     -0.000545 a.u.    -0.2568 [10**(-40) cgs]                            
               Excited State   S36:     Rot.Str.      0.000418 a.u.     0.1971 [10**(-40) cgs]                            
               Excited State   S37:     Rot.Str.     -0.000109 a.u.    -0.0514 [10**(-40) cgs]                            
               Excited State   S38:     Rot.Str.      0.000077 a.u.     0.0361 [10**(-40) cgs]                            
               Excited State   S39:     Rot.Str.     -0.000066 a.u.    -0.0313 [10**(-40) cgs]                            
               Excited State   S40:     Rot.Str.     -0.000061 a.u.    -0.0287 [10**(-40) cgs]                            
               Excited State   S41:     Rot.Str.      0.000054 a.u.     0.0257 [10**(-40) cgs]                            
               Excited State   S42:     Rot.Str.     -0.000070 a.u.    -0.0328 [10**(-40) cgs]                            
               Excited State   S43:     Rot.Str.     -0.000029 a.u.    -0.0138 [10**(-40) cgs]                            
               Excited State   S44:     Rot.Str.      0.000170 a.u.     0.0800 [10**(-40) cgs]                            
               Excited State   S45:     Rot.Str.      0.000010 a.u.     0.0046 [10**(-40) cgs]                            
               Excited State   S46:     Rot.Str.      0.000058 a.u.     0.0271 [10**(-40) cgs]                            
               Excited State   S47:     Rot.Str.     -0.000066 a.u.    -0.0313 [10**(-40) cgs]                            
               Excited State   S48:     Rot.Str.     -0.000047 a.u.    -0.0219 [10**(-40) cgs]                            
               Excited State   S49:     Rot.Str.      0.000029 a.u.     0.0139 [10**(-40) cgs]                            
               Excited State   S50:     Rot.Str.      0.000126 a.u.     0.0594 [10**(-40) cgs]                            
               Excited State   S51:     Rot.Str.     -0.000387 a.u.    -0.1823 [10**(-40) cgs]                            
               Excited State   S52:     Rot.Str.      0.000210 a.u.     0.0992 [10**(-40) cgs]                            
               Excited State   S53:     Rot.Str.      0.000137 a.u.     0.0647 [10**(-40) cgs]                            
               Excited State   S54:     Rot.Str.     -0.000051 a.u.    -0.0239 [10**(-40) cgs]                            
               Excited State   S55:     Rot.Str.     -0.000007 a.u.    -0.0033 [10**(-40) cgs]                            
               Excited State   S56:     Rot.Str.     -0.000184 a.u.    -0.0866 [10**(-40) cgs]                            
               Excited State   S57:     Rot.Str.      0.000011 a.u.     0.0053 [10**(-40) cgs]                            
               Excited State   S58:     Rot.Str.      0.000121 a.u.     0.0570 [10**(-40) cgs]                            
               Excited State   S59:     Rot.Str.     -0.000129 a.u.    -0.0609 [10**(-40) cgs]                            
               Excited State   S60:     Rot.Str.      0.000404 a.u.     0.1903 [10**(-40) cgs]                            
               Excited State   S61:     Rot.Str.     -0.000013 a.u.    -0.0062 [10**(-40) cgs]                            
               Excited State   S62:     Rot.Str.     -0.000088 a.u.    -0.0417 [10**(-40) cgs]                            
               Excited State   S63:     Rot.Str.      0.000017 a.u.     0.0080 [10**(-40) cgs]                            
               Excited State   S64:     Rot.Str.     -0.000238 a.u.    -0.1124 [10**(-40) cgs]                            
               Excited State   S65:     Rot.Str.      0.000007 a.u.     0.0035 [10**(-40) cgs]                            
               Excited State   S66:     Rot.Str.      0.000031 a.u.     0.0147 [10**(-40) cgs]                            
               Excited State   S67:     Rot.Str.      0.000092 a.u.     0.0433 [10**(-40) cgs]                            
               Excited State   S68:     Rot.Str.     -0.000038 a.u.    -0.0180 [10**(-40) cgs]                            
               Excited State   S69:     Rot.Str.      0.000024 a.u.     0.0114 [10**(-40) cgs]                            
               Excited State   S70:     Rot.Str.     -0.000369 a.u.    -0.1742 [10**(-40) cgs]                            
               Excited State   S71:     Rot.Str.     -0.000017 a.u.    -0.0081 [10**(-40) cgs]                            
               Excited State   S72:     Rot.Str.      0.000040 a.u.     0.0189 [10**(-40) cgs]                            
               Excited State   S73:     Rot.Str.      0.000315 a.u.     0.1486 [10**(-40) cgs]                            
               Excited State   S74:     Rot.Str.      0.000105 a.u.     0.0493 [10**(-40) cgs]                            
               Excited State   S75:     Rot.Str.     -0.000244 a.u.    -0.1153 [10**(-40) cgs]                            
                                                                                                                          
               Character of excitations:                                                                                  
                                                                                                                          
               Excited state 1                                                                                            
               ---------------                                                                                            
               core_8   -> LUMO         0.8770                                                                            
               core_8   -> LUMO+8       0.2617                                                                            
               core_8   -> LUMO+5       0.2450                                                                            
                                                                                                                          
               Excited state 2                                                                                            
               ---------------                                                                                            
               core_9   -> LUMO+1      -0.8312                                                                            
               core_9   -> LUMO         0.3560                                                                            
                                                                                                                          
               Excited state 3                                                                                            
               ---------------                                                                                            
               core_7   -> LUMO+1       0.7611                                                                            
               core_7   -> LUMO         0.4599                                                                            
               core_7   -> LUMO+5       0.2060                                                                            
                                                                                                                          
               Excited state 4                                                                                            
               ---------------                                                                                            
               core_6   -> LUMO+1      -0.7710                                                                            
               core_6   -> LUMO         0.4444                                                                            
               core_6   -> LUMO+8       0.2870                                                                            
                                                                                                                          
               Excited state 5                                                                                            
               ---------------                                                                                            
               core_9   -> LUMO        -0.8720                                                                            
               core_9   -> LUMO+1      -0.3698                                                                            
               core_9   -> LUMO+5      -0.2028                                                                            
                                                                                                                          
               Excited state 6                                                                                            
               ---------------                                                                                            
               core_5   -> LUMO         0.6890                                                                            
               core_5   -> LUMO+1       0.6587                                                                            
                                                                                                                          
               Excited state 7                                                                                            
               ---------------                                                                                            
               core_8   -> LUMO+1      -0.9537                                                                            
                                                                                                                          
               Excited state 8                                                                                            
               ---------------                                                                                            
               core_3   -> LUMO        -0.7572                                                                            
               core_3   -> LUMO+8       0.3850                                                                            
               core_3   -> LUMO+5       0.3138                                                                            
               core_3   -> LUMO+1       0.2657                                                                            
                                                                                                                          
               Excited state 9                                                                                            
               ---------------                                                                                            
               core_7   -> LUMO         0.7922                                                                            
               core_7   -> LUMO+1      -0.5084                                                                            
               core_7   -> LUMO+8       0.2309                                                                            
                                                                                                                          
               Excited state 10                                                                                           
               ----------------                                                                                           
               core_4   -> LUMO        -0.9372                                                                            
                                                                                                                          
               Excited state 11                                                                                           
               ----------------                                                                                           
               core_6   -> LUMO         0.8318                                                                            
               core_6   -> LUMO+1       0.5002                                                                            
                                                                                                                          
               Excited state 12                                                                                           
               ----------------                                                                                           
               core_5   -> LUMO        -0.6973                                                                            
               core_5   -> LUMO+1       0.6729                                                                            
                                                                                                                          
               Excited state 13                                                                                           
               ----------------                                                                                           
               core_4   -> LUMO+1       0.9629                                                                            
                                                                                                                          
               Excited state 14                                                                                           
               ----------------                                                                                           
               core_6   -> LUMO+2      -0.8576                                                                            
               core_6   -> LUMO+9      -0.2011                                                                            
                                                                                                                          
               Excited state 15                                                                                           
               ----------------                                                                                           
               core_8   -> LUMO+2      -0.7930                                                                            
               core_8   -> LUMO+6      -0.3344                                                                            
               core_8   -> LUMO+4       0.3027                                                                            
                                                                                                                          
               Excited state 16                                                                                           
               ----------------                                                                                           
               core_5   -> LUMO+2       0.7955                                                                            
               core_5   -> LUMO+9       0.3016                                                                            
               core_5   -> LUMO+6      -0.2866                                                                            
               core_5   -> LUMO+10      0.2093                                                                            
                                                                                                                          
               Excited state 17                                                                                           
               ----------------                                                                                           
               core_9   -> LUMO+4       0.6534                                                                            
               core_9   -> LUMO+2      -0.5101                                                                            
               core_9   -> LUMO+6       0.3275                                                                            
               core_9   -> LUMO+7      -0.2735                                                                            
                                                                                                                          
               Excited state 18                                                                                           
               ----------------                                                                                           
               core_7   -> LUMO+4       0.6852                                                                            
               core_7   -> LUMO+2      -0.5604                                                                            
               core_7   -> LUMO+7      -0.3345                                                                            
                                                                                                                          
               Excited state 19                                                                                           
               ----------------                                                                                           
               core_3   -> LUMO+2       0.5893                                                                            
               core_3   -> LUMO+1      -0.4468                                                                            
               core_3   -> LUMO        -0.3782                                                                            
               core_3   -> LUMO+6      -0.2872                                                                            
               core_3   -> LUMO+3      -0.2263                                                                            
               core_3   -> LUMO+9       0.2165                                                                            
                                                                                                                          
               Excited state 20                                                                                           
               ----------------                                                                                           
               core_4   -> LUMO+8       0.6338                                                                            
               core_4   -> LUMO+5       0.5373                                                                            
               core_4   -> LUMO+9      -0.2745                                                                            
               core_4   -> LUMO+7       0.2683                                                                            
               core_4   -> LUMO        -0.2088                                                                            
                                                                                                                          
               Excited state 21                                                                                           
               ----------------                                                                                           
               core_8   -> LUMO+4      -0.7332                                                                            
               core_8   -> LUMO+6       0.3316                                                                            
               core_8   -> LUMO+2      -0.3245                                                                            
               core_8   -> LUMO+9      -0.2945                                                                            
                                                                                                                          
               Excited state 22                                                                                           
               ----------------                                                                                           
               core_9   -> LUMO+8      -0.5565                                                                            
               core_9   -> LUMO+5      -0.5460                                                                            
               core_9   -> LUMO+7      -0.4424                                                                            
               core_9   -> LUMO+2       0.2958                                                                            
               core_9   -> LUMO         0.2209                                                                            
                                                                                                                          
               Excited state 23                                                                                           
               ----------------                                                                                           
               core_9   -> LUMO+9      -0.5874                                                                            
               core_9   -> LUMO+3       0.4215                                                                            
               core_9   -> LUMO+2      -0.3797                                                                            
               core_9   -> LUMO+4      -0.3696                                                                            
               core_9   -> LUMO+7      -0.2241                                                                            
               core_9   -> LUMO+1       0.2108                                                                            
                                                                                                                          
               Excited state 24                                                                                           
               ----------------                                                                                           
               core_5   -> LUMO+5      -0.6407                                                                            
               core_5   -> LUMO+8      -0.6022                                                                            
               core_5   -> LUMO+7      -0.2705                                                                            
               core_5   -> LUMO+9       0.2289                                                                            
                                                                                                                          
               Excited state 25                                                                                           
               ----------------                                                                                           
               core_3   -> LUMO+1       0.6853                                                                            
               core_3   -> LUMO+2       0.4332                                                                            
               core_3   -> LUMO         0.3128                                                                            
               core_3   -> LUMO+6      -0.2352                                                                            
               core_3   -> LUMO+5       0.2063                                                                            
                                                                                                                          
               Excited state 26                                                                                           
               ----------------                                                                                           
               core_9   -> LUMO+2       0.6508                                                                            
               core_9   -> LUMO+10      0.2933                                                                            
               core_9   -> LUMO+7      -0.2873                                                                            
               core_9   -> LUMO+4       0.2770                                                                            
               core_9   -> LUMO+8       0.2671                                                                            
               core_9   -> LUMO+5       0.2457                                                                            
               core_9   -> LUMO+9      -0.2239                                                                            
                                                                                                                          
               Excited state 27                                                                                           
               ----------------                                                                                           
               core_7   -> LUMO+2       0.6624                                                                            
               core_7   -> LUMO+7      -0.5198                                                                            
               core_7   -> LUMO+6       0.2941                                                                            
               core_7   -> LUMO+4       0.2798                                                                            
                                                                                                                          
               Excited state 28                                                                                           
               ----------------                                                                                           
               core_4   -> LUMO+2       0.8252                                                                            
               core_4   -> LUMO+6      -0.3553                                                                            
                                                                                                                          
               Excited state 29                                                                                           
               ----------------                                                                                           
               core_8   -> LUMO+8       0.4291                                                                            
               core_8   -> LUMO+9       0.4137                                                                            
               core_8   -> LUMO+6       0.3927                                                                            
               core_8   -> LUMO+7       0.3320                                                                            
               core_8   -> LUMO+3      -0.3281                                                                            
               core_8   -> LUMO+2      -0.2685                                                                            
               core_8   -> LUMO+14     -0.2473                                                                            
               core_8   -> LUMO        -0.2035                                                                            
                                                                                                                          
               Excited state 30                                                                                           
               ----------------                                                                                           
               core_6   -> LUMO+4      -0.4850                                                                            
               core_6   -> LUMO+3       0.4445                                                                            
               core_6   -> LUMO+6       0.4401                                                                            
               core_6   -> LUMO+9      -0.4136                                                                            
               core_6   -> LUMO+7      -0.2195                                                                            
                                                                                                                          
               Excited state 31                                                                                           
               ----------------                                                                                           
               core_7   -> LUMO+9       0.5085                                                                            
               core_7   -> LUMO+4       0.4160                                                                            
               core_7   -> LUMO+8       0.3337                                                                            
               core_7   -> LUMO+2       0.3103                                                                            
               core_7   -> LUMO+7       0.2737                                                                            
               core_7   -> LUMO+3      -0.2549                                                                            
               core_7   -> LUMO+14     -0.2308                                                                            
                                                                                                                          
               Excited state 32                                                                                           
               ----------------                                                                                           
               core_8   -> LUMO+6      -0.5203                                                                            
               core_8   -> LUMO+7       0.4532                                                                            
               core_8   -> LUMO+5       0.4441                                                                            
               core_8   -> LUMO+4      -0.2690                                                                            
               core_8   -> LUMO        -0.2546                                                                            
               core_8   -> LUMO+10      0.2488                                                                            
                                                                                                                          
               Excited state 33                                                                                           
               ----------------                                                                                           
               core_3   -> LUMO+3      -0.6482                                                                            
               core_3   -> LUMO+7       0.4481                                                                            
               core_3   -> LUMO+4       0.3172                                                                            
               core_3   -> LUMO+9      -0.2616                                                                            
               core_3   -> LUMO+6       0.2545                                                                            
                                                                                                                          
               Excited state 34                                                                                           
               ----------------                                                                                           
               core_5   -> LUMO+3       0.6653                                                                            
               core_5   -> LUMO+9      -0.4215                                                                            
               core_5   -> LUMO+2       0.3369                                                                            
               core_5   -> LUMO+7      -0.2701                                                                            
               core_5   -> LUMO+4      -0.2257                                                                            
               core_5   -> LUMO+8      -0.2042                                                                            
                                                                                                                          
               Excited state 35                                                                                           
               ----------------                                                                                           
               core_8   -> LUMO+5      -0.5175                                                                            
               core_8   -> LUMO+3      -0.3646                                                                            
               core_8   -> LUMO+9       0.3288                                                                            
               core_6   -> LUMO+5      -0.2837                                                                            
               core_8   -> LUMO+8      -0.2474                                                                            
               core_8   -> LUMO+6      -0.2425                                                                            
               core_8   -> LUMO         0.2139                                                                            
               core_8   -> LUMO+4      -0.2036                                                                            
                                                                                                                          
               Excited state 36                                                                                           
               ----------------                                                                                           
               core_6   -> LUMO+5      -0.6178                                                                            
               core_6   -> LUMO+8      -0.3437                                                                            
               core_6   -> LUMO+9       0.2757                                                                            
               core_6   -> LUMO+3      -0.2726                                                                            
               core_8   -> LUMO+5       0.2538                                                                            
               core_6   -> LUMO         0.2195                                                                            
               core_6   -> LUMO+1      -0.2092                                                                            
                                                                                                                          
               Excited state 37                                                                                           
               ----------------                                                                                           
               core_9   -> LUMO+6      -0.6483                                                                            
               core_7   -> LUMO+6      -0.4309                                                                            
               core_9   -> LUMO+7      -0.3223                                                                            
               core_9   -> LUMO+4       0.2526                                                                            
               core_9   -> LUMO+10     -0.2512                                                                            
                                                                                                                          
               Excited state 38                                                                                           
               ----------------                                                                                           
               core_7   -> LUMO+6      -0.7072                                                                            
               core_9   -> LUMO+6       0.3835                                                                            
               core_7   -> LUMO+10     -0.2662                                                                            
               core_9   -> LUMO+7       0.2133                                                                            
                                                                                                                          
               Excited state 39                                                                                           
               ----------------                                                                                           
               core_6   -> LUMO+6       0.6287                                                                            
               core_6   -> LUMO+8       0.4072                                                                            
               core_6   -> LUMO+10     -0.3550                                                                            
               core_6   -> LUMO+9       0.3327                                                                            
               core_6   -> LUMO+2      -0.2268                                                                            
                                                                                                                          
               Excited state 40                                                                                           
               ----------------                                                                                           
               core_7   -> LUMO+5      -0.6805                                                                            
               core_7   -> LUMO+8      -0.4419                                                                            
               core_7   -> LUMO+9       0.3313                                                                            
               core_7   -> LUMO         0.3001                                                                            
               core_7   -> LUMO+3      -0.2602                                                                            
                                                                                                                          
               Excited state 41                                                                                           
               ----------------                                                                                           
               core_4   -> LUMO+4      -0.5316                                                                            
               core_4   -> LUMO+3       0.5108                                                                            
               core_4   -> LUMO+9      -0.4812                                                                            
               core_4   -> LUMO+7      -0.3182                                                                            
                                                                                                                          
               Excited state 42                                                                                           
               ----------------                                                                                           
               core_6   -> LUMO+4      -0.6352                                                                            
               core_6   -> LUMO+3      -0.5621                                                                            
               core_6   -> LUMO+11      0.2357                                                                            
               core_6   -> LUMO+10      0.2089                                                                            
               core_6   -> LUMO+5       0.2026                                                                            
                                                                                                                          
               Excited state 43                                                                                           
               ----------------                                                                                           
               core_9   -> LUMO+3      -0.7984                                                                            
               core_9   -> LUMO+9      -0.2851                                                                            
               core_9   -> LUMO+5       0.2556                                                                            
               core_9   -> LUMO+14      0.2027                                                                            
                                                                                                                          
               Excited state 44                                                                                           
               ----------------                                                                                           
               core_8   -> LUMO+3       0.6707                                                                            
               core_8   -> LUMO+7       0.3560                                                                            
               core_8   -> LUMO+11     -0.3270                                                                            
               core_8   -> LUMO+8       0.2408                                                                            
               core_8   -> LUMO+5      -0.2299                                                                            
               core_8   -> LUMO+10     -0.2051                                                                            
                                                                                                                          
               Excited state 45                                                                                           
               ----------------                                                                                           
               core_3   -> LUMO+5      -0.5167                                                                            
               core_3   -> LUMO+1       0.4835                                                                            
               core_3   -> LUMO+8      -0.4713                                                                            
               core_3   -> LUMO        -0.3826                                                                            
               core_3   -> LUMO+7      -0.2244                                                                            
                                                                                                                          
               Excited state 46                                                                                           
               ----------------                                                                                           
               core_5   -> LUMO+4      -0.4800                                                                            
               core_5   -> LUMO+7      -0.4124                                                                            
               core_5   -> LUMO+5       0.3071                                                                            
               core_5   -> LUMO+6      -0.3044                                                                            
               core_5   -> LUMO+10      0.2879                                                                            
               core_5   -> LUMO+3      -0.2847                                                                            
               core_5   -> LUMO+2      -0.2559                                                                            
               core_5   -> LUMO+15      0.2298                                                                            
               core_5   -> LUMO+16     -0.2046                                                                            
                                                                                                                          
               Excited state 47                                                                                           
               ----------------                                                                                           
               core_8   -> LUMO+8       0.5019                                                                            
               core_8   -> LUMO+13      0.3756                                                                            
               core_8   -> LUMO+9      -0.3296                                                                            
               core_8   -> LUMO+3      -0.3235                                                                            
               core_8   -> LUMO+7      -0.2785                                                                            
               core_8   -> LUMO+6      -0.2417                                                                            
               core_8   -> LUMO+10     -0.2280                                                                            
               core_8   -> LUMO+4      -0.2045                                                                            
                                                                                                                          
               Excited state 48                                                                                           
               ----------------                                                                                           
               core_9   -> LUMO+5      -0.6174                                                                            
               core_9   -> LUMO+8       0.4936                                                                            
               core_9   -> LUMO+9      -0.3389                                                                            
               core_9   -> LUMO+3      -0.2365                                                                            
                                                                                                                          
               Excited state 49                                                                                           
               ----------------                                                                                           
               core_7   -> LUMO+3       0.8266                                                                            
               core_7   -> LUMO+14     -0.2243                                                                            
               core_7   -> LUMO+11     -0.2147                                                                            
               core_7   -> LUMO+5      -0.2143                                                                            
                                                                                                                          
               Excited state 50                                                                                           
               ----------------                                                                                           
               core_9   -> LUMO+7      -0.4536                                                                            
               core_9   -> LUMO+8       0.4478                                                                            
               core_9   -> LUMO+6       0.3419                                                                            
               core_9   -> LUMO+4      -0.3371                                                                            
               core_9   -> LUMO+11      0.3052                                                                            
               core_9   -> LUMO+10     -0.2826                                                                            
               core_9   -> LUMO+9       0.2299                                                                            
                                                                                                                          
               Excited state 51                                                                                           
               ----------------                                                                                           
               core_6   -> LUMO+8      -0.4840                                                                            
               core_6   -> LUMO+5       0.4545                                                                            
               core_6   -> LUMO+6       0.3618                                                                            
               core_6   -> LUMO+13     -0.3163                                                                            
               core_6   -> LUMO+7      -0.2985                                                                            
               core_6   -> LUMO+1      -0.2392                                                                            
               core_6   -> LUMO+4       0.2163                                                                            
                                                                                                                          
               Excited state 52                                                                                           
               ----------------                                                                                           
               core_5   -> LUMO+6      -0.5261                                                                            
               core_5   -> LUMO+8      -0.4733                                                                            
               core_5   -> LUMO+4       0.3738                                                                            
               core_5   -> LUMO+16      0.3299                                                                            
                                                                                                                          
               Excited state 53                                                                                           
               ----------------                                                                                           
               core_8   -> LUMO+10      0.6109                                                                            
               core_8   -> LUMO+4       0.3438                                                                            
               core_8   -> LUMO+9      -0.3001                                                                            
               core_8   -> LUMO+5      -0.2682                                                                            
               core_8   -> LUMO+13      0.2363                                                                            
               core_8   -> LUMO+7       0.2252                                                                            
                                                                                                                          
               Excited state 54                                                                                           
               ----------------                                                                                           
               core_7   -> LUMO+8      -0.5517                                                                            
               core_7   -> LUMO+10      0.4732                                                                            
               core_7   -> LUMO+13     -0.2900                                                                            
               core_7   -> LUMO+4       0.2895                                                                            
               core_7   -> LUMO+5       0.2661                                                                            
               core_7   -> LUMO+15     -0.2416                                                                            
                                                                                                                          
               Excited state 55                                                                                           
               ----------------                                                                                           
               core_3   -> LUMO+3      -0.5863                                                                            
               core_3   -> LUMO+12     -0.3678                                                                            
               core_3   -> LUMO+9       0.3400                                                                            
               core_3   -> LUMO+8       0.3295                                                                            
               core_3   -> LUMO+16     -0.2267                                                                            
               core_3   -> LUMO+14      0.2119                                                                            
               core_3   -> LUMO+2      -0.2100                                                                            
               core_3   -> LUMO+7      -0.2011                                                                            
                                                                                                                          
               Excited state 56                                                                                           
               ----------------                                                                                           
               core_9   -> LUMO+10      0.6990                                                                            
               core_9   -> LUMO+9       0.3974                                                                            
               core_9   -> LUMO+6      -0.3159                                                                            
               core_9   -> LUMO+4      -0.2420                                                                            
               core_9   -> LUMO+7      -0.2355                                                                            
                                                                                                                          
               Excited state 57                                                                                           
               ----------------                                                                                           
               core_4   -> LUMO+4       0.6648                                                                            
               core_4   -> LUMO+7      -0.4123                                                                            
               core_4   -> LUMO+3       0.3488                                                                            
               core_4   -> LUMO+6       0.2960                                                                            
               core_4   -> LUMO+10      0.2335                                                                            
               core_4   -> LUMO+2       0.2143                                                                            
                                                                                                                          
               Excited state 58                                                                                           
               ----------------                                                                                           
               core_7   -> LUMO+10      0.4633                                                                            
               core_7   -> LUMO+11     -0.4242                                                                            
               core_7   -> LUMO+9      -0.3666                                                                            
               core_7   -> LUMO+5      -0.3110                                                                            
               core_7   -> LUMO+13      0.2708                                                                            
               core_7   -> LUMO+7       0.2522                                                                            
               core_7   -> LUMO+8       0.2296                                                                            
               core_7   -> LUMO+4       0.2042                                                                            
                                                                                                                          
               Excited state 59                                                                                           
               ----------------                                                                                           
               core_6   -> LUMO+7      -0.6631                                                                            
               core_6   -> LUMO+9      -0.3502                                                                            
               core_6   -> LUMO+8       0.3480                                                                            
               core_6   -> LUMO+4       0.3303                                                                            
               core_6   -> LUMO+3      -0.2546                                                                            
                                                                                                                          
               Excited state 60                                                                                           
               ----------------                                                                                           
               core_5   -> LUMO+3      -0.4420                                                                            
               core_5   -> LUMO+6       0.4346                                                                            
               core_5   -> LUMO+8      -0.3999                                                                            
               core_5   -> LUMO+5       0.3674                                                                            
               core_5   -> LUMO+2       0.2681                                                                            
                                                                                                                          
               Excited state 61                                                                                           
               ----------------                                                                                           
               core_8   -> LUMO+7       0.4840                                                                            
               core_8   -> LUMO+10     -0.4699                                                                            
               core_8   -> LUMO+9      -0.3326                                                                            
               core_8   -> LUMO+11     -0.3234                                                                            
               core_8   -> LUMO+3      -0.2679                                                                            
               core_8   -> LUMO+6       0.2610                                                                            
               core_8   -> LUMO+8      -0.2144                                                                            
                                                                                                                          
               Excited state 62                                                                                           
               ----------------                                                                                           
               core_5   -> LUMO+5      -0.4753                                                                            
               core_5   -> LUMO+9      -0.4259                                                                            
               core_5   -> LUMO+4      -0.3871                                                                            
               core_5   -> LUMO+7       0.3453                                                                            
               core_5   -> LUMO+6      -0.2722                                                                            
               core_5   -> LUMO+8       0.2322                                                                            
               core_5   -> LUMO+3      -0.2097                                                                            
                                                                                                                          
               Excited state 63                                                                                           
               ----------------                                                                                           
               core_3   -> LUMO+9       0.5142                                                                            
               core_3   -> LUMO+7       0.3981                                                                            
               core_3   -> LUMO+5      -0.3887                                                                            
               core_3   -> LUMO+4       0.3357                                                                            
               core_3   -> LUMO+16      0.2819                                                                            
               core_3   -> LUMO+8       0.2477                                                                            
               core_3   -> LUMO+14      0.2154                                                                            
                                                                                                                          
               Excited state 64                                                                                           
               ----------------                                                                                           
               core_6   -> LUMO+9      -0.4684                                                                            
               core_6   -> LUMO+7       0.4312                                                                            
               core_6   -> LUMO+3      -0.3807                                                                            
               core_6   -> LUMO+4       0.2954                                                                            
               core_6   -> LUMO+6       0.2833                                                                            
               core_6   -> LUMO+2       0.2588                                                                            
               core_6   -> LUMO+16      0.2573                                                                            
               core_6   -> LUMO+5      -0.2023                                                                            
                                                                                                                          
               Excited state 65                                                                                           
               ----------------                                                                                           
               core_4   -> LUMO+3       0.6186                                                                            
               core_4   -> LUMO+7       0.4008                                                                            
               core_4   -> LUMO+5      -0.3186                                                                            
               core_4   -> LUMO+9       0.3048                                                                            
               core_4   -> LUMO+8       0.2226                                                                            
               core_4   -> LUMO+10     -0.2031                                                                            
               core_4   -> LUMO+2       0.2027                                                                            
                                                                                                                          
               Excited state 66                                                                                           
               ----------------                                                                                           
               core_8   -> LUMO+11      0.4065                                                                            
               core_7   -> LUMO+10      0.3479                                                                            
               core_8   -> LUMO+5      -0.3240                                                                            
               core_8   -> LUMO+13     -0.3235                                                                            
               core_7   -> LUMO+7      -0.2697                                                                            
               core_7   -> LUMO+6      -0.2426                                                                            
               core_7   -> LUMO+9       0.2374                                                                            
                                                                                                                          
               Excited state 67                                                                                           
               ----------------                                                                                           
               core_7   -> LUMO+10     -0.4148                                                                            
               core_8   -> LUMO+11      0.3526                                                                            
               core_7   -> LUMO+7       0.3068                                                                            
               core_8   -> LUMO+5      -0.2829                                                                            
               core_8   -> LUMO+13     -0.2796                                                                            
               core_7   -> LUMO+9      -0.2760                                                                            
               core_7   -> LUMO+6       0.2682                                                                            
                                                                                                                          
               Excited state 68                                                                                           
               ----------------                                                                                           
               core_4   -> LUMO+6      -0.6355                                                                            
               core_4   -> LUMO+9       0.3860                                                                            
               core_4   -> LUMO+2      -0.3598                                                                            
               core_4   -> LUMO+7      -0.2913                                                                            
               core_4   -> LUMO+3       0.2886                                                                            
                                                                                                                          
               Excited state 69                                                                                           
               ----------------                                                                                           
               core_5   -> LUMO+4       0.5654                                                                            
               core_5   -> LUMO+9      -0.5407                                                                            
               core_5   -> LUMO+7      -0.3640                                                                            
               core_5   -> LUMO+3      -0.3198                                                                            
               core_5   -> LUMO+5      -0.2034                                                                            
                                                                                                                          
               Excited state 70                                                                                           
               ----------------                                                                                           
               core_9   -> LUMO+11      0.5129                                                                            
               core_9   -> LUMO+17     -0.4450                                                                            
               core_9   -> LUMO+15     -0.3885                                                                            
               core_9   -> LUMO+13     -0.2667                                                                            
               core_9   -> LUMO+5      -0.2588                                                                            
               core_9   -> LUMO+10      0.2379                                                                            
                                                                                                                          
               Excited state 71                                                                                           
               ----------------                                                                                           
               core_3   -> LUMO+5       0.5699                                                                            
               core_3   -> LUMO+9       0.5064                                                                            
               core_3   -> LUMO+8      -0.4937                                                                            
               core_3   -> LUMO+6       0.2876                                                                            
                                                                                                                          
               Excited state 72                                                                                           
               ----------------                                                                                           
               core_4   -> LUMO+5       0.6813                                                                            
               core_4   -> LUMO+8      -0.4386                                                                            
               core_4   -> LUMO+9       0.4240                                                                            
               core_4   -> LUMO+6       0.2207                                                                            
               core_4   -> LUMO+3       0.2078                                                                            
                                                                                                                          
               Excited state 73                                                                                           
               ----------------                                                                                           
               core_7   -> LUMO+11      0.4683                                                                            
               core_7   -> LUMO+5      -0.3849                                                                            
               core_7   -> LUMO+13     -0.3566                                                                            
               core_7   -> LUMO+15     -0.3000                                                                            
               core_7   -> LUMO+8       0.2697                                                                            
               core_7   -> LUMO+19      0.2293                                                                            
               core_7   -> LUMO+7       0.2144                                                                            
               core_7   -> LUMO+9      -0.2100                                                                            
                                                                                                                          
               Excited state 74                                                                                           
               ----------------                                                                                           
               core_6   -> LUMO+10      0.5567                                                                            
               core_6   -> LUMO+11      0.5119                                                                            
               core_6   -> LUMO+6       0.2905                                                                            
               core_6   -> LUMO+3       0.2575                                                                            
               core_6   -> LUMO+15      0.2428                                                                            
               core_6   -> LUMO+4       0.2388                                                                            
                                                                                                                          
               Excited state 75                                                                                           
               ----------------                                                                                           
               core_9   -> LUMO+13     -0.4706                                                                            
               core_9   -> LUMO+17     -0.4242                                                                            
               core_9   -> LUMO+11     -0.4202                                                                            
               core_9   -> LUMO+7      -0.3265                                                                            
               core_9   -> LUMO+12      0.2383                                                                            
               core_9   -> LUMO+10     -0.2033                                                                            
                                                                                                                          
!========================================================================================================================!
!                               VeloxChem execution completed at Mon Jun  8 09:56:46 2026.                               !
!========================================================================================================================!
!                                          Total execution time is 284.62 sec.                                           !
!========================================================================================================================!
!                     Rinkevicius, Z.; Li, X.; Vahtras, O.; Ahmadzadeh, K.; Brand, M.; Ringholm, M.;                     !
!                              List, N. H.; Scheurer, M.; Scott, M.; Dreuw, A.; Norman, P.                               !
!                     VeloxChem: A Python-driven Density-functional Theory Program for Spectroscopy                      !
!                                Simulations in High-performance Computing Environments.                                 !
!                                       WIREs Comput Mol Sci 2020, 10 (5), e1457.                                        !
!========================================================================================================================!
