!========================================================================================================================!
!                                                                                                                        !
!                                                       VELOXCHEM                                                        !
!                                              AN ELECTRONIC STRUCTURE CODE                                              !
!                                                                                                                        !
!                                        Copyright 2018-2025 VeloxChem developers                                        !
!========================================================================================================================!
!                     VeloxChem execution started on 192 MPI processes at Mon Jun  8 09:05:10 2026.                      !
!========================================================================================================================!
                                                                                                                          
* Info * Using 1 OpenMP threads per MPI process.                                                                          
                                                                                                                          
* Info * Reading input file 0174_c1s.in...                                                                                
                                                                                                                          
* Info * @jobs                                                                                                            
* Info * task: response                                                                                                   
* Info * @end                                                                                                             
                                                                                                                          
* Info * @method_settings                                                                                                 
* Info * basis: def2-tzvpd                                                                                                
* Info * xcfun: cam-b3lyp                                                                                                 
* Info * @end                                                                                                             
                                                                                                                          
* Info * @response                                                                                                        
* Info * property: absorption                                                                                             
* Info * tamm_dancoff: no                                                                                                 
* Info * nstates: 75                                                                                                      
* Info * core_excitation: yes                                                                                             
* Info * num_core_orbitals: 9                                                                                             
* Info * @end                                                                                                             
                                                                                                                          
                                              Molecular Geometry (Angstroms)                                              
                                             ================================                                             
                                                                                                                          
                          Atom         Coordinate X          Coordinate Y          Coordinate Z                           
                                                                                                                          
                           S          -1.780761196200        1.372151700500       -0.017835465300                         
                           N          -1.509643268200       -1.150637377800        0.001114618800                         
                           C          -0.222317013400        0.797557346500        0.051012777400                         
                           C          -0.290165214300       -0.591477363300        0.018753460200                         
                           C           0.969985440300        1.373457358300        0.033409673400                         
                           C           0.922753252200       -1.384153598400        0.052524952500                         
                           C           2.124680284500        0.661331666000       -0.087213660300                         
                           C           2.186019480700       -0.745768373200       -0.006208630900                         
                           C          -2.394756174200       -0.252968899900       -0.037581017300                         
                           H           0.895284646100        2.546701830000        0.345130422700                         
                           H           0.928768003100       -2.604721642100       -0.085760168000                         
                           H           3.064140474500        1.072247237100        0.064435242600                         
                           H           3.206957888700       -1.235104671200       -0.180805587500                         
                           H          -3.469818458700       -0.359595504600        0.117092096700                         
                                                                                                                          
                          Molecular charge            : 0                                                                 
                          Spin multiplicity           : 1                                                                 
                          Number of atoms             : 14                                                                
                          Number of alpha electrons   : 35                                                                
                          Number of beta  electrons   : 35                                                                
                                                                                                                          
* Info * Reading basis set from file: /net/home/plgrid/plgiubru7/software/vlx-cpu/cpuvlxenv/lib/python3.11/site-packages/veloxchem/basis/DEF2-TZVPD
                                                                                                                          
                                              Molecular Basis (Atomic Basis)                                              
                                             ================================                                             
                                                                                                                          
                               Basis: DEF2-TZVPD                                                                          
                                                                                                                          
                               Atom Contracted GTOs           Primitive GTOs                                              
                                                                                                                          
                               S     (6S,6P,3D,1F)             (15S,10P,4D,1F)                                            
                               N     (6S,3P,3D,1F)             (12S,6P,3D,1F)                                             
                               C     (6S,3P,3D,1F)             (12S,6P,3D,1F)                                             
                               H     (3S,2P)                   (5S,2P)                                                    
                                                                                                                          
                               Contracted Basis Functions : 387                                                           
                               Primitive Basis Functions  : 543                                                           
                                                                                                                          
                                                                                                                          
                                            Self Consistent Field Driver Setup                                            
                                           ====================================                                           
                                                                                                                          
                   Wave Function Model             : Spin-Restricted Kohn-Sham                                            
                   Initial Guess Model             : Restart from Checkpoint                                              
                   Convergence Accelerator         : Direct Inversion of Iterative Subspace                               
                   Max. Number of Iterations       : 50                                                                   
                   Max. Number of Error Vectors    : 10                                                                   
                   Convergence Threshold           : 1.0e-06                                                              
                   ERI Screening Threshold         : 1.0e-12                                                              
                   Linear Dependence Threshold     : 1.0e-06                                                              
                   Exchange-Correlation Functional : CAM-B3LYP                                                            
                   Molecular Grid Level            : 4                                                                    
                                                                                                                          
* Info * Nuclear repulsion energy: 477.1115586278 a.u.                                                                    
                                                                                                                          
* Info * Using the CAM-B3LYP functional.                                                                                  
                                                                                                                          
         T. Yanai, D. P. Tew, and N. C. Handy.,  Chem. Phys. Lett. 393, 51 (2004)
                                                                                                                          
* Info * Using the Libxc library (v7.0.0).                                                                                
                                                                                                                          
         S. Lehtola, C. Steigemann, M. J.T. Oliveira, and M. A.L. Marques.,  SoftwareX 7, 1–5 (2018)
                                                                                                                          
* Info * Using the following algorithm for XC numerical integration.                                                      
                                                                                                                          
         J. Kussmann, H. Laqua and C. Ochsenfeld, J. Chem. Theory Comput. 2021, 17, 1512-1521
                                                                                                                          
* Info * Molecular grid with 210510 points generated in 0.24 sec.                                                         
                                                                                                                          
* Info * Restarting from checkpoint file: 0174_c1s_scf.h5                                                                 
                                                                                                                          
* Info * Overlap matrix computed in 0.01 sec.                                                                             
                                                                                                                          
* Info * Kinetic energy matrix computed in 0.01 sec.                                                                      
                                                                                                                          
* Info * Nuclear potential matrix computed in 0.03 sec.                                                                   
                                                                                                                          
* Info * Orthogonalization matrix computed in 0.03 sec.                                                                   
                                                                                                                          
* Info * Removed 1 linearly dependent vector.                                                                             
                                                                                                                          
* Info * ERI screening threshold tightened to 1.0e-13.                                                                    
                                                                                                                          
                                                                                                                          
               Iter. |    Kohn-Sham Energy | Energy Change | Gradient Norm | Max. Gradient | Density Change               
               --------------------------------------------------------------------------------------------               
                  1      -722.607883213266    0.0000000000      0.00000062      0.00000003      0.00000000                
                                                                                                                          
* Info * Checkpoint written to file: 0174_c1s_scf.h5                                                                      
                                                                                                                          
* Info * SCF results written to file: 0174_c1s.h5                                                                         
                                                                                                                          
               *** SCF converged in 1 iterations. Time: 2.93 sec.                                                         
                                                                                                                          
               Spin-Restricted Kohn-Sham:                                                                                 
               --------------------------                                                                                 
               Total Energy                       :     -722.6078832133 a.u.                                              
               Electronic Energy                  :    -1199.7194418411 a.u.                                              
               Nuclear Repulsion Energy           :      477.1115586278 a.u.                                              
               ------------------------------------                                                                       
               Gradient Norm                      :        0.0000006188 a.u.                                              
                                                                                                                          
                                                                                                                          
               Ground State Information                                                                                   
               ------------------------                                                                                   
               Charge of Molecule            :  0.0                                                                       
               Multiplicity (2S+1)           :  1                                                                         
               Magnetic Quantum Number (M_S) :  0.0                                                                       
                                                                                                                          
                                                                                                                          
                                                 Spin Restricted Orbitals                                                 
                                                 ------------------------                                                 
                                                                                                                          
               Molecular Orbital No.  31:                                                                                 
               --------------------------                                                                                 
               Occupation: 2.000 Energy:   -0.39739 a.u.                                                                  
               (   1 S   4p-1:    -0.19) (   3 C   5s  :     0.16) (   3 C   1p-1:     0.16)                              
               (   4 C   1p-1:    -0.15) (   6 C   1p-1:     0.15) (   7 C   1p-1:     0.15)                              
                                                                                                                          
               Molecular Orbital No.  32:                                                                                 
               --------------------------                                                                                 
               Occupation: 2.000 Energy:   -0.37904 a.u.                                                                  
               (   1 S   3p0 :    -0.16) (   1 S   4p0 :    -0.33) (   1 S   5p0 :    -0.19)                              
               (   2 N   1p0 :     0.16)                                                                                  
                                                                                                                          
               Molecular Orbital No.  33:                                                                                 
               --------------------------                                                                                 
               Occupation: 2.000 Energy:   -0.35053 a.u.                                                                  
               (   1 S   4p-1:     0.21) (   2 N   4s  :    -0.22) (   2 N   5s  :    -0.44)                              
               (   2 N   6s  :    -0.33) (   2 N   1p-1:     0.35) (   2 N   2p-1:     0.25)                              
               (   2 N   3p-1:     0.15) (   4 C   5s  :     0.25) (   4 C   3p+1:    -0.17)                              
               (   6 C   5s  :     0.18) (   9 C   5s  :     0.16)                                                        
                                                                                                                          
               Molecular Orbital No.  34:                                                                                 
               --------------------------                                                                                 
               Occupation: 2.000 Energy:   -0.30676 a.u.                                                                  
               (   1 S   4p0 :     0.19) (   3 C   1p0 :    -0.19) (   3 C   2p0 :    -0.16)                              
               (   3 C   3p+1:     0.16) (   4 C   5s  :    -0.16) (   4 C   1p0 :    -0.21)                              
               (   4 C   2p0 :    -0.18) (   4 C   3p+1:    -0.17) (   4 C   3p0 :    -0.16)                              
               (   5 C   5s  :     0.17) (   5 C   3p+1:     0.22) (   6 C   3p+1:    -0.19)                              
               (   7 C   1p0 :     0.18) (   7 C   2p0 :     0.15) (   7 C   3p+1:     0.16)                              
               (   7 C   3p-1:    -0.17) (   8 C   1p0 :     0.18) (   8 C   2p0 :     0.15)                              
               (   9 C   1p0 :     0.17) (   9 C   2p0 :     0.15) (  12 H   3s  :    -0.16)                              
                                                                                                                          
               Molecular Orbital No.  35:                                                                                 
               --------------------------                                                                                 
               Occupation: 2.000 Energy:   -0.29482 a.u.                                                                  
               (   1 S   4p0 :    -0.24) (   1 S   5p0 :    -0.17) (   5 C   1p0 :     0.21)                              
               (   5 C   2p0 :     0.18) (   5 C   3p0 :     0.16) (   6 C   5s  :    -0.18)                              
               (   6 C   1p0 :    -0.22) (   6 C   2p0 :    -0.19)                                                        
                                                                                                                          
               Molecular Orbital No.  36:                                                                                 
               --------------------------                                                                                 
               Occupation: 0.000 Energy:   -0.00925 a.u.                                                                  
               (   1 S   4p0 :     0.16) (   2 N   6s  :    -0.20) (   3 C   5s  :    -0.41)                              
               (   3 C   6s  :    -0.42) (   3 C   3p+1:     0.38) (   3 C   3d-2:    -0.22)                              
               (   4 C   6s  :     0.40) (   4 C   3p+1:    -0.30) (   4 C   3p-1:     0.19)                              
               (   4 C   3p0 :     0.17) (   4 C   3d+2:    -0.45) (   5 C   5s  :     0.45)                              
               (   5 C   6s  :     0.60) (   5 C   1p0 :    -0.15) (   5 C   3p+1:     0.39)                              
               (   5 C   3p0 :    -0.18) (   5 C   3d+2:     0.27) (   6 C   5s  :     0.44)                              
               (   6 C   6s  :    -0.49) (   6 C   1p0 :    -0.19) (   6 C   2p0 :    -0.17)                              
               (   6 C   3p+1:    -0.18) (   6 C   3p-1:     0.29) (   6 C   3p0 :    -0.17)                              
               (   6 C   3d+2:    -0.32) (   7 C   5s  :     0.27) (   7 C   6s  :    -0.73)                              
               (   7 C   1p0 :     0.17) (   7 C   2p0 :     0.16) (   7 C   3p+1:     0.30)                              
               (   7 C   3p-1:    -0.42) (   7 C   3d-2:     0.36) (   8 C   5s  :    -0.49)                              
               (   8 C   6s  :     0.45) (   8 C   3p-1:    -0.32) (   8 C   3d-2:     0.31)                              
               (   9 C   6s  :     0.18) (   9 C   1p0 :    -0.24) (   9 C   2p0 :    -0.24)                              
               (   9 C   3p+1:     0.44) (   9 C   3p0 :    -0.23) (  10 H   3s  :     0.39)                              
               (  11 H   3s  :    -0.43) (  12 H   3s  :    -0.77) (  12 H   2p+1:     0.16)                              
               (  13 H   3s  :     0.59) (  14 H   3s  :     0.48)                                                        
                                                                                                                          
               Molecular Orbital No.  37:                                                                                 
               --------------------------                                                                                 
               Occupation: 0.000 Energy:    0.01757 a.u.                                                                  
               (   1 S   6s  :     0.26) (   1 S   5p+1:     0.23) (   1 S   5p0 :     0.28)                              
               (   1 S   6p+1:     0.34) (   1 S   6p-1:     0.16) (   1 S   6p0 :     0.33)                              
               (   2 N   5s  :    -0.27) (   2 N   6s  :    -0.45) (   3 C   6s  :    -1.57)                              
               (   3 C   1p0 :    -0.23) (   3 C   2p0 :    -0.23) (   3 C   3p+1:    -0.63)                              
               (   3 C   3p-1:    -0.68) (   3 C   3d+1:     0.19) (   3 C   3d+2:    -0.27)                              
               (   3 C   3d0 :     0.19) (   4 C   5s  :     0.30) (   4 C   6s  :     0.59)                              
               (   4 C   3p-1:    -0.63) (   4 C   3d+2:     0.50) (   4 C   3d-1:    -0.15)                              
               (   5 C   5s  :     1.26) (   5 C   6s  :     0.20) (   5 C   3p+1:    -0.74)                              
               (   5 C   3d+2:    -0.20) (   6 C   5s  :     0.76) (   6 C   3p+1:     0.82)                              
               (   6 C   3d+2:     0.17) (   6 C   3d-2:     0.37) (   7 C   5s  :     0.43)                              
               (   7 C   6s  :     0.41) (   7 C   3p-1:     0.55) (   7 C   3d-2:    -0.18)                              
               (   8 C   5s  :    -0.44) (   8 C   1p0 :    -0.21) (   8 C   2p0 :    -0.20)                              
               (   8 C   3p+1:     0.87) (   8 C   3p-1:     0.27) (   8 C   3p0 :    -0.25)                              
               (   8 C   3d-2:    -0.40) (   9 C   6s  :     0.41) (   9 C   3p-1:     0.19)                              
               (  10 H   3s  :    -0.64) (  10 H   2p-1:     0.16) (  12 H   3s  :    -0.30)                              
               (  13 H   3s  :    -1.09) (  13 H   2p+1:     0.24)                                                        
                                                                                                                          
               Molecular Orbital No.  38:                                                                                 
               --------------------------                                                                                 
               Occupation: 0.000 Energy:    0.02161 a.u.                                                                  
               (   1 S   5s  :    -0.35) (   1 S   6s  :    -1.11) (   1 S   5p+1:    -0.85)                              
               (   1 S   5p-1:    -0.49) (   1 S   6p+1:    -1.26) (   1 S   6p-1:    -0.63)                              
               (   1 S   3d+2:    -0.17) (   2 N   5s  :     0.41) (   2 N   6s  :     1.40)                              
               (   3 C   5s  :    -1.36) (   3 C   6s  :     5.49) (   3 C   3p+1:    -0.89)                              
               (   3 C   3p-1:     0.61) (   3 C   3d+2:    -0.32) (   3 C   3d-2:    -0.42)                              
               (   3 C   3d0 :    -0.36) (   4 C   5s  :    -1.61) (   4 C   6s  :    -2.76)                              
               (   4 C   3p+1:    -0.22) (   4 C   3p-1:     0.30) (   4 C   3d+2:    -0.59)                              
               (   4 C   3d-2:    -0.54) (   5 C   5s  :     0.22) (   5 C   6s  :    -1.61)                              
               (   5 C   3p+1:    -1.11) (   5 C   3d+1:     0.31) (   5 C   3d+2:    -0.58)                              
               (   5 C   3d-2:     0.96) (   6 C   4s  :     0.17) (   6 C   5s  :    -1.26)                              
               (   6 C   6s  :     0.51) (   6 C   3p+1:    -0.34) (   6 C   3p-1:     0.74)                              
               (   6 C   3p0 :     0.16) (   6 C   3d-2:    -0.31) (   7 C   4s  :     0.26)                              
               (   7 C   5s  :     1.51) (   7 C   6s  :    -0.44) (   7 C   3p+1:    -0.99)                              
               (   7 C   3p-1:     0.47) (   7 C   3d-2:    -0.17) (   7 C   3d0 :     0.18)                              
               (   8 C   5s  :     0.61) (   8 C   6s  :    -0.76) (   8 C   3p+1:    -0.65)                              
               (   8 C   3p-1:     0.20) (   8 C   3d-2:     0.30) (   9 C   4s  :    -0.17)                              
               (   9 C   5s  :    -0.32) (   9 C   6s  :    -1.33) (   9 C   3p+1:    -0.16)                              
               (   9 C   3p-1:    -0.42) (   9 C   3d-2:    -0.25) (  10 H   3s  :    -0.62)                              
               (  10 H   2p+1:    -0.27) (  11 H   3s  :     1.06) (  11 H   2p-1:     0.31)                              
               (  12 H   3s  :     1.19) (  12 H   2p+1:    -0.21) (  13 H   3s  :     1.17)                              
               (  13 H   2p+1:    -0.21)                                                                                  
                                                                                                                          
               Molecular Orbital No.  39:                                                                                 
               --------------------------                                                                                 
               Occupation: 0.000 Energy:    0.02685 a.u.                                                                  
               (   1 S   5s  :     0.33) (   1 S   6s  :     4.46) (   1 S   5p+1:     0.60)                              
               (   1 S   5p-1:    -0.35) (   1 S   6p+1:     1.24) (   1 S   6p-1:    -1.27)                              
               (   1 S   3d+2:     0.25) (   1 S   3d0 :    -0.34) (   2 N   5s  :     0.68)                              
               (   2 N   6s  :     1.58) (   3 C   5s  :    -4.28) (   3 C   6s  :    -4.15)                              
               (   3 C   3p+1:    -0.61) (   3 C   3p-1:     0.47) (   3 C   3d-1:     0.16)                              
               (   3 C   3d-2:    -0.43) (   3 C   3d0 :     0.53) (   4 C   5s  :    -0.57)                              
               (   4 C   6s  :    -2.16) (   4 C   3p+1:    -1.46) (   4 C   3p-1:     2.59)                              
               (   4 C   3p0 :     0.21) (   4 C   3d+1:     0.16) (   4 C   3d+2:     0.34)                              
               (   4 C   3d-2:     1.11) (   4 C   3d0 :     0.43) (   5 C   4s  :     0.50)                              
               (   5 C   5s  :     0.56) (   5 C   6s  :    -1.35) (   5 C   3p+1:    -1.79)                              
               (   5 C   3d+2:    -0.29) (   5 C   3d-2:     0.43) (   5 C   3d0 :     0.29)                              
               (   6 C   5s  :     3.67) (   6 C   6s  :     0.24) (   6 C   3p+1:    -2.01)                              
               (   6 C   3p-1:     0.87) (   6 C   3p0 :    -0.17) (   6 C   3d+2:     0.49)                              
               (   7 C   5s  :     1.78) (   7 C   3p+1:    -1.77) (   7 C   3d+2:    -0.56)                              
               (   8 C   5s  :    -1.69) (   8 C   6s  :    -0.34) (   8 C   3p+1:    -0.18)                              
               (   8 C   3p-1:    -0.27) (   8 C   3p0 :     0.25) (   8 C   3d+2:    -0.21)                              
               (   8 C   3d-2:     0.53) (   9 C   4s  :     0.19) (   9 C   5s  :    -0.69)                              
               (   9 C   6s  :    -3.05) (   9 C   3p-1:     0.46) (   9 C   3d+2:    -0.30)                              
               (   9 C   3d-2:     0.65) (   9 C   3d0 :     0.31) (  10 H   3s  :     0.59)                              
               (  11 H   3s  :     1.02) (  11 H   2p-1:     0.17) (  12 H   3s  :     2.27)                              
               (  12 H   2p+1:    -0.26) (  12 H   2p-1:    -0.30) (  13 H   3s  :     1.26)                              
               (  13 H   2p+1:    -0.19) (  14 H   3s  :     0.81) (  14 H   2p-1:     0.27)                              
                                                                                                                          
               Molecular Orbital No.  40:                                                                                 
               --------------------------                                                                                 
               Occupation: 0.000 Energy:    0.04122 a.u.                                                                  
               (   1 S   5s  :     0.62) (   1 S   6s  :     2.15) (   1 S   5p-1:    -0.60)                              
               (   1 S   6p-1:    -1.29) (   1 S   3d+2:    -0.15) (   2 N   5s  :     0.41)                              
               (   2 N   6s  :     1.81) (   2 N   3p+1:    -0.15) (   3 C   5s  :     9.15)                              
               (   3 C   6s  :    -0.34) (   3 C   3p+1:     3.30) (   3 C   3p-1:     1.38)                              
               (   3 C   3p0 :    -0.19) (   3 C   3d+2:     0.56) (   3 C   3d-1:    -0.20)                              
               (   3 C   3d-2:     0.46) (   4 C   5s  :     6.81) (   4 C   6s  :    -2.87)                              
               (   4 C   3p+1:     2.54) (   4 C   3p-1:    -1.24) (   4 C   3p0 :     0.21)                              
               (   4 C   3d+2:     1.67) (   4 C   3d-1:    -0.18) (   4 C   3d-2:    -1.32)                              
               (   5 C   5s  :    -1.90) (   5 C   6s  :    -0.15) (   5 C   3p+1:     4.31)                              
               (   5 C   3p-1:     0.27) (   5 C   3p0 :    -0.15) (   5 C   3d+1:    -0.39)                              
               (   5 C   3d+2:    -0.48) (   5 C   3d-1:     0.17) (   5 C   3d-2:    -1.43)                              
               (   6 C   4s  :    -0.24) (   6 C   5s  :    -6.35) (   6 C   6s  :     2.24)                              
               (   6 C   3p+1:     2.45) (   6 C   3p-1:    -3.31) (   6 C   3p0 :    -0.15)                              
               (   6 C   3d+1:     0.21) (   6 C   3d+2:     0.53) (   6 C   3d-2:     1.29)                              
               (   7 C   4s  :    -0.31) (   7 C   5s  :    -1.63) (   7 C   6s  :     1.23)                              
               (   7 C   3p+1:     3.45) (   7 C   3p-1:    -0.90) (   7 C   3p0 :     0.19)                              
               (   7 C   3d+1:     0.16) (   7 C   3d+2:    -0.54) (   7 C   3d-1:     0.23)                              
               (   7 C   3d-2:     0.72) (   7 C   3d0 :    -0.16) (   8 C   4s  :    -0.51)                              
               (   8 C   5s  :    -0.58) (   8 C   6s  :     1.92) (   8 C   3p+1:     1.06)                              
               (   8 C   3p-1:    -0.76) (   8 C   3d+1:    -0.19) (   8 C   3d+2:     0.86)                              
               (   8 C   3d-1:     0.20) (   8 C   3d-2:    -0.72) (   8 C   3d0 :    -0.61)                              
               (   9 C   4s  :    -0.16) (   9 C   5s  :    -0.89) (   9 C   6s  :    -1.00)                              
               (   9 C   3p+1:    -2.14) (   9 C   3p-1:    -0.32) (   9 C   3d+2:     0.34)                              
               (  10 H   3s  :    -0.74) (  10 H   2p+1:     0.35) (  11 H   3s  :    -1.31)                              
               (  11 H   2p+1:     0.39) (  11 H   2p-1:    -0.41) (  12 H   3s  :    -3.22)                              
               (  12 H   2p+1:     0.59) (  13 H   3s  :    -4.07) (  13 H   2p+1:     0.56)                              
               (  13 H   2p-1:    -0.33) (  14 H   3s  :    -2.54) (  14 H   2p+1:    -0.46)                              
                                                                                                                          
                                                                                                                          
                                                Ground State Dipole Moment                                                
                                               ----------------------------                                               
                                                                                                                          
                                   X   :         0.125304 a.u.         0.318490 Debye                                     
                                   Y   :         0.439085 a.u.         1.116044 Debye                                     
                                   Z   :         0.050634 a.u.         0.128698 Debye                                     
                                 Total :         0.459414 a.u.         1.167713 Debye                                     
                                                                                                                          
                                                                                                                          
                                            Linear Response EigenSolver Setup                                             
                                           ===================================                                            
                                                                                                                          
                               Number of States                : 75                                                       
                               Max. Number of Iterations       : 150                                                      
                               Convergence Threshold           : 1.0e-04                                                  
                               ERI Screening Threshold         : 1.0e-13                                                  
                               Exchange-Correlation Functional : CAM-B3LYP                                                
                               Molecular Grid Level            : 4                                                        
                                                                                                                          
* Info * Using the CAM-B3LYP functional.                                                                                  
                                                                                                                          
         T. Yanai, D. P. Tew, and N. C. Handy.,  Chem. Phys. Lett. 393, 51 (2004)
                                                                                                                          
* Info * Using the Libxc library (v7.0.0).                                                                                
                                                                                                                          
         S. Lehtola, C. Steigemann, M. J.T. Oliveira, and M. A.L. Marques.,  SoftwareX 7, 1–5 (2018)
                                                                                                                          
* Info * Using the following algorithm for XC numerical integration.                                                      
                                                                                                                          
         J. Kussmann, H. Laqua and C. Ochsenfeld, J. Chem. Theory Comput. 2021, 17, 1512-1521
                                                                                                                          
* Info * Molecular grid with 210510 points generated in 0.18 sec.                                                         
                                                                                                                          
* Info * Restarting from checkpoint file: 0174_c1s_rsp.h5                                                                 
                                                                                                                          
* Info * Generating initial guesses for 25 more states...                                                                 
                                                                                                                          
* Info * Processing 25 Fock builds...                                                                                     
                                                                                                                          
* Info * 362 gerade trial vectors in reduced space                                                                        
* Info * 362 ungerade trial vectors in reduced space                                                                      
                                                                                                                          
* Info * 225.39 kB of memory used for subspace procedure on the master node                                               
* Info * 360.78 GB of memory available for the solver on the master node                                                  
                                                                                                                          
               *** Iteration:   1 * Residuals (Max,Min): 5.50e-02 and 6.24e-06                                            
                                                                                                                          
               Excitation 1   :     10.08266302 Residual Norm: 0.00002369   converged                                     
               Excitation 2   :     10.09897838 Residual Norm: 0.00003364   converged                                     
               Excitation 3   :     10.09979283 Residual Norm: 0.00004191   converged                                     
               Excitation 4   :     10.10237541 Residual Norm: 0.00006283   converged                                     
               Excitation 5   :     10.11655553 Residual Norm: 0.00005362   converged                                     
               Excitation 6   :     10.11748857 Residual Norm: 0.00001225   converged                                     
               Excitation 7   :     10.12084708 Residual Norm: 0.00003565   converged                                     
               Excitation 8   :     10.12222605 Residual Norm: 0.00000984   converged                                     
               Excitation 9   :     10.12630412 Residual Norm: 0.00004757   converged                                     
               Excitation 10  :     10.12932431 Residual Norm: 0.00006595   converged                                     
               Excitation 11  :     10.13467618 Residual Norm: 0.00002217   converged                                     
               Excitation 12  :     10.15080428 Residual Norm: 0.00000624   converged                                     
               Excitation 13  :     10.15624445 Residual Norm: 0.00003474   converged                                     
               Excitation 14  :     10.16028618 Residual Norm: 0.00002281   converged                                     
               Excitation 15  :     10.16121790 Residual Norm: 0.00002281   converged                                     
               Excitation 16  :     10.16607825 Residual Norm: 0.00002707   converged                                     
               Excitation 17  :     10.17558737 Residual Norm: 0.00002020   converged                                     
               Excitation 18  :     10.17833469 Residual Norm: 0.00001418   converged                                     
               Excitation 19  :     10.18870592 Residual Norm: 0.00002182   converged                                     
               Excitation 20  :     10.18945260 Residual Norm: 0.00001392   converged                                     
               Excitation 21  :     10.19369011 Residual Norm: 0.00001533   converged                                     
               Excitation 22  :     10.20241735 Residual Norm: 0.00005851   converged                                     
               Excitation 23  :     10.20355430 Residual Norm: 0.00006628   converged                                     
               Excitation 24  :     10.20561563 Residual Norm: 0.00003881   converged                                     
               Excitation 25  :     10.20591731 Residual Norm: 0.00000820   converged                                     
               Excitation 26  :     10.20606498 Residual Norm: 0.00002773   converged                                     
               Excitation 27  :     10.20656996 Residual Norm: 0.00003910   converged                                     
               Excitation 28  :     10.20847352 Residual Norm: 0.00000697   converged                                     
               Excitation 29  :     10.21111805 Residual Norm: 0.00001615   converged                                     
               Excitation 30  :     10.21216151 Residual Norm: 0.00001491   converged                                     
               Excitation 31  :     10.21578401 Residual Norm: 0.00002771   converged                                     
               Excitation 32  :     10.22030808 Residual Norm: 0.00002384   converged                                     
               Excitation 33  :     10.22183563 Residual Norm: 0.00002153   converged                                     
               Excitation 34  :     10.22254327 Residual Norm: 0.00002319   converged                                     
               Excitation 35  :     10.22340934 Residual Norm: 0.00003151   converged                                     
               Excitation 36  :     10.22386684 Residual Norm: 0.00002278   converged                                     
               Excitation 37  :     10.22553956 Residual Norm: 0.00002685   converged                                     
               Excitation 38  :     10.22572237 Residual Norm: 0.00002851   converged                                     
               Excitation 39  :     10.22661310 Residual Norm: 0.00003159   converged                                     
               Excitation 40  :     10.22941271 Residual Norm: 0.00002417   converged                                     
               Excitation 41  :     10.22964680 Residual Norm: 0.00004285   converged                                     
               Excitation 42  :     10.23201178 Residual Norm: 0.00003628   converged                                     
               Excitation 43  :     10.23210112 Residual Norm: 0.00001355   converged                                     
               Excitation 44  :     10.23511432 Residual Norm: 0.00001710   converged                                     
               Excitation 45  :     10.23730228 Residual Norm: 0.00001222   converged                                     
               Excitation 46  :     10.23789927 Residual Norm: 0.00006949   converged                                     
               Excitation 47  :     10.24043369 Residual Norm: 0.00003111   converged                                     
               Excitation 48  :     10.24051021 Residual Norm: 0.00004118   converged                                     
               Excitation 49  :     10.24226967 Residual Norm: 0.00003592   converged                                     
               Excitation 50  :     10.24234276 Residual Norm: 0.00003627   converged                                     
               Excitation 51  :     10.24562982 Residual Norm: 0.00100413                                                 
               Excitation 52  :     10.24675643 Residual Norm: 0.00102288                                                 
               Excitation 53  :     10.24692606 Residual Norm: 0.00487874                                                 
               Excitation 54  :     10.24810790 Residual Norm: 0.01125624                                                 
               Excitation 55  :     10.25004883 Residual Norm: 0.00409416                                                 
               Excitation 56  :     10.25056163 Residual Norm: 0.00861486                                                 
               Excitation 57  :     10.25313857 Residual Norm: 0.01649354                                                 
               Excitation 58  :     10.25362376 Residual Norm: 0.00326684                                                 
               Excitation 59  :     10.25445369 Residual Norm: 0.01131446                                                 
               Excitation 60  :     10.25449014 Residual Norm: 0.00623023                                                 
               Excitation 61  :     10.25639969 Residual Norm: 0.01097339                                                 
               Excitation 62  :     10.25805196 Residual Norm: 0.01406507                                                 
               Excitation 63  :     10.25988381 Residual Norm: 0.01197418                                                 
               Excitation 64  :     10.26031721 Residual Norm: 0.02206194                                                 
               Excitation 65  :     10.26174451 Residual Norm: 0.01222122                                                 
               Excitation 66  :     10.26273300 Residual Norm: 0.02236069                                                 
               Excitation 67  :     10.26324532 Residual Norm: 0.00884490                                                 
               Excitation 68  :     10.26572852 Residual Norm: 0.02106329                                                 
               Excitation 69  :     10.26753830 Residual Norm: 0.02368713                                                 
               Excitation 70  :     10.26985657 Residual Norm: 0.01985382                                                 
               Excitation 71  :     10.27202160 Residual Norm: 0.01695945                                                 
               Excitation 72  :     10.27281366 Residual Norm: 0.03252089                                                 
               Excitation 73  :     10.27328752 Residual Norm: 0.04773017                                                 
               Excitation 74  :     10.27574798 Residual Norm: 0.05502764                                                 
               Excitation 75  :     10.27614554 Residual Norm: 0.01855020                                                 
                                                                                                                          
* Info * Processing 25 Fock builds...                                                                                     
                                                                                                                          
* Info * 387 gerade trial vectors in reduced space                                                                        
* Info * 387 ungerade trial vectors in reduced space                                                                      
                                                                                                                          
* Info * 238.99 kB of memory used for subspace procedure on the master node                                               
* Info * 359.57 GB of memory available for the solver on the master node                                                  
                                                                                                                          
               *** Iteration:   2 * Residuals (Max,Min): 1.15e-02 and 4.52e-06                                            
                                                                                                                          
               Excitation 1   :     10.08266302 Residual Norm: 0.00002297   converged                                     
               Excitation 2   :     10.09897838 Residual Norm: 0.00002315   converged                                     
               Excitation 3   :     10.09979283 Residual Norm: 0.00003675   converged                                     
               Excitation 4   :     10.10237541 Residual Norm: 0.00006017   converged                                     
               Excitation 5   :     10.11655553 Residual Norm: 0.00005234   converged                                     
               Excitation 6   :     10.11748857 Residual Norm: 0.00001172   converged                                     
               Excitation 7   :     10.12084708 Residual Norm: 0.00002912   converged                                     
               Excitation 8   :     10.12222605 Residual Norm: 0.00000838   converged                                     
               Excitation 9   :     10.12630412 Residual Norm: 0.00004302   converged                                     
               Excitation 10  :     10.12932431 Residual Norm: 0.00006621   converged                                     
               Excitation 11  :     10.13467618 Residual Norm: 0.00001767   converged                                     
               Excitation 12  :     10.15080428 Residual Norm: 0.00000452   converged                                     
               Excitation 13  :     10.15624445 Residual Norm: 0.00003155   converged                                     
               Excitation 14  :     10.16028618 Residual Norm: 0.00002091   converged                                     
               Excitation 15  :     10.16121790 Residual Norm: 0.00002005   converged                                     
               Excitation 16  :     10.16607825 Residual Norm: 0.00002525   converged                                     
               Excitation 17  :     10.17558737 Residual Norm: 0.00001818   converged                                     
               Excitation 18  :     10.17833469 Residual Norm: 0.00001300   converged                                     
               Excitation 19  :     10.18870592 Residual Norm: 0.00001569   converged                                     
               Excitation 20  :     10.18945260 Residual Norm: 0.00001291   converged                                     
               Excitation 21  :     10.19369011 Residual Norm: 0.00001472   converged                                     
               Excitation 22  :     10.20241735 Residual Norm: 0.00005551   converged                                     
               Excitation 23  :     10.20355430 Residual Norm: 0.00005905   converged                                     
               Excitation 24  :     10.20561563 Residual Norm: 0.00003418   converged                                     
               Excitation 25  :     10.20591731 Residual Norm: 0.00000684   converged                                     
               Excitation 26  :     10.20606498 Residual Norm: 0.00002529   converged                                     
               Excitation 27  :     10.20656996 Residual Norm: 0.00003388   converged                                     
               Excitation 28  :     10.20847352 Residual Norm: 0.00000607   converged                                     
               Excitation 29  :     10.21111805 Residual Norm: 0.00001181   converged                                     
               Excitation 30  :     10.21216151 Residual Norm: 0.00001333   converged                                     
               Excitation 31  :     10.21578401 Residual Norm: 0.00002462   converged                                     
               Excitation 32  :     10.22030808 Residual Norm: 0.00002393   converged                                     
               Excitation 33  :     10.22183563 Residual Norm: 0.00002021   converged                                     
               Excitation 34  :     10.22254327 Residual Norm: 0.00001865   converged                                     
               Excitation 35  :     10.22340934 Residual Norm: 0.00002273   converged                                     
               Excitation 36  :     10.22386684 Residual Norm: 0.00002290   converged                                     
               Excitation 37  :     10.22553956 Residual Norm: 0.00002845   converged                                     
               Excitation 38  :     10.22572237 Residual Norm: 0.00002264   converged                                     
               Excitation 39  :     10.22661310 Residual Norm: 0.00003065   converged                                     
               Excitation 40  :     10.22941271 Residual Norm: 0.00001984   converged                                     
               Excitation 41  :     10.22964680 Residual Norm: 0.00004109   converged                                     
               Excitation 42  :     10.23201178 Residual Norm: 0.00003310   converged                                     
               Excitation 43  :     10.23210112 Residual Norm: 0.00001286   converged                                     
               Excitation 44  :     10.23511432 Residual Norm: 0.00001483   converged                                     
               Excitation 45  :     10.23730228 Residual Norm: 0.00001073   converged                                     
               Excitation 46  :     10.23789927 Residual Norm: 0.00006663   converged                                     
               Excitation 47  :     10.24043369 Residual Norm: 0.00002588   converged                                     
               Excitation 48  :     10.24051021 Residual Norm: 0.00002985   converged                                     
               Excitation 49  :     10.24226967 Residual Norm: 0.00003371   converged                                     
               Excitation 50  :     10.24234276 Residual Norm: 0.00003649   converged                                     
               Excitation 51  :     10.24562962 Residual Norm: 0.00020090                                                 
               Excitation 52  :     10.24675624 Residual Norm: 0.00009430   converged                                     
               Excitation 53  :     10.24692166 Residual Norm: 0.00058496                                                 
               Excitation 54  :     10.24805578 Residual Norm: 0.00205095                                                 
               Excitation 55  :     10.25004050 Residual Norm: 0.00066659                                                 
               Excitation 56  :     10.25053304 Residual Norm: 0.00115726                                                 
               Excitation 57  :     10.25304139 Residual Norm: 0.00296615                                                 
               Excitation 58  :     10.25361582 Residual Norm: 0.00111657                                                 
               Excitation 59  :     10.25442096 Residual Norm: 0.00156225                                                 
               Excitation 60  :     10.25447704 Residual Norm: 0.00084032                                                 
               Excitation 61  :     10.25634612 Residual Norm: 0.00178897                                                 
               Excitation 62  :     10.25796148 Residual Norm: 0.00162315                                                 
               Excitation 63  :     10.25982686 Residual Norm: 0.00231386                                                 
               Excitation 64  :     10.26005640 Residual Norm: 0.00403324                                                 
               Excitation 65  :     10.26168048 Residual Norm: 0.00281906                                                 
               Excitation 66  :     10.26247805 Residual Norm: 0.00615225                                                 
               Excitation 67  :     10.26321582 Residual Norm: 0.00144267                                                 
               Excitation 68  :     10.26551706 Residual Norm: 0.00257387                                                 
               Excitation 69  :     10.26731795 Residual Norm: 0.00529616                                                 
               Excitation 70  :     10.26973028 Residual Norm: 0.00413537                                                 
               Excitation 71  :     10.27198358 Residual Norm: 0.00206487                                                 
               Excitation 72  :     10.27213316 Residual Norm: 0.01153591                                                 
               Excitation 73  :     10.27251946 Residual Norm: 0.00858200                                                 
               Excitation 74  :     10.27477338 Residual Norm: 0.01099012                                                 
               Excitation 75  :     10.27603074 Residual Norm: 0.00313980                                                 
                                                                                                                          
* Info * Processing 24 Fock builds...                                                                                     
                                                                                                                          
* Info * 411 gerade trial vectors in reduced space                                                                        
* Info * 411 ungerade trial vectors in reduced space                                                                      
                                                                                                                          
* Info * 252.04 kB of memory used for subspace procedure on the master node                                               
* Info * 360.12 GB of memory available for the solver on the master node                                                  
                                                                                                                          
               *** Iteration:   3 * Residuals (Max,Min): 3.98e-03 and 4.43e-06                                            
                                                                                                                          
               Excitation 1   :     10.08266302 Residual Norm: 0.00002198   converged                                     
               Excitation 2   :     10.09897838 Residual Norm: 0.00002282   converged                                     
               Excitation 3   :     10.09979283 Residual Norm: 0.00003775   converged                                     
               Excitation 4   :     10.10237541 Residual Norm: 0.00005130   converged                                     
               Excitation 5   :     10.11655553 Residual Norm: 0.00005120   converged                                     
               Excitation 6   :     10.11748857 Residual Norm: 0.00001051   converged                                     
               Excitation 7   :     10.12084708 Residual Norm: 0.00002652   converged                                     
               Excitation 8   :     10.12222605 Residual Norm: 0.00000718   converged                                     
               Excitation 9   :     10.12630412 Residual Norm: 0.00003823   converged                                     
               Excitation 10  :     10.12932431 Residual Norm: 0.00006726   converged                                     
               Excitation 11  :     10.13467618 Residual Norm: 0.00001744   converged                                     
               Excitation 12  :     10.15080428 Residual Norm: 0.00000443   converged                                     
               Excitation 13  :     10.15624445 Residual Norm: 0.00002617   converged                                     
               Excitation 14  :     10.16028618 Residual Norm: 0.00002049   converged                                     
               Excitation 15  :     10.16121790 Residual Norm: 0.00002120   converged                                     
               Excitation 16  :     10.16607825 Residual Norm: 0.00002541   converged                                     
               Excitation 17  :     10.17558737 Residual Norm: 0.00001673   converged                                     
               Excitation 18  :     10.17833469 Residual Norm: 0.00001232   converged                                     
               Excitation 19  :     10.18870592 Residual Norm: 0.00001157   converged                                     
               Excitation 20  :     10.18945260 Residual Norm: 0.00001193   converged                                     
               Excitation 21  :     10.19369011 Residual Norm: 0.00001233   converged                                     
               Excitation 22  :     10.20241735 Residual Norm: 0.00005612   converged                                     
               Excitation 23  :     10.20355430 Residual Norm: 0.00005805   converged                                     
               Excitation 24  :     10.20561563 Residual Norm: 0.00003253   converged                                     
               Excitation 25  :     10.20591731 Residual Norm: 0.00000631   converged                                     
               Excitation 26  :     10.20606498 Residual Norm: 0.00002152   converged                                     
               Excitation 27  :     10.20656996 Residual Norm: 0.00003195   converged                                     
               Excitation 28  :     10.20847352 Residual Norm: 0.00000494   converged                                     
               Excitation 29  :     10.21111805 Residual Norm: 0.00000811   converged                                     
               Excitation 30  :     10.21216151 Residual Norm: 0.00001248   converged                                     
               Excitation 31  :     10.21578401 Residual Norm: 0.00002202   converged                                     
               Excitation 32  :     10.22030808 Residual Norm: 0.00002090   converged                                     
               Excitation 33  :     10.22183563 Residual Norm: 0.00001573   converged                                     
               Excitation 34  :     10.22254327 Residual Norm: 0.00001490   converged                                     
               Excitation 35  :     10.22340934 Residual Norm: 0.00002170   converged                                     
               Excitation 36  :     10.22386684 Residual Norm: 0.00002229   converged                                     
               Excitation 37  :     10.22553956 Residual Norm: 0.00002385   converged                                     
               Excitation 38  :     10.22572237 Residual Norm: 0.00002253   converged                                     
               Excitation 39  :     10.22661310 Residual Norm: 0.00002895   converged                                     
               Excitation 40  :     10.22941271 Residual Norm: 0.00001462   converged                                     
               Excitation 41  :     10.22964680 Residual Norm: 0.00004343   converged                                     
               Excitation 42  :     10.23201178 Residual Norm: 0.00003118   converged                                     
               Excitation 43  :     10.23210112 Residual Norm: 0.00001145   converged                                     
               Excitation 44  :     10.23511432 Residual Norm: 0.00001407   converged                                     
               Excitation 45  :     10.23730228 Residual Norm: 0.00001087   converged                                     
               Excitation 46  :     10.23789927 Residual Norm: 0.00007276   converged                                     
               Excitation 47  :     10.24043369 Residual Norm: 0.00002501   converged                                     
               Excitation 48  :     10.24051021 Residual Norm: 0.00002639   converged                                     
               Excitation 49  :     10.24226967 Residual Norm: 0.00003193   converged                                     
               Excitation 50  :     10.24234276 Residual Norm: 0.00003748   converged                                     
               Excitation 51  :     10.24562961 Residual Norm: 0.00003533   converged                                     
               Excitation 52  :     10.24675624 Residual Norm: 0.00007202   converged                                     
               Excitation 53  :     10.24692159 Residual Norm: 0.00014755                                                 
               Excitation 54  :     10.24805454 Residual Norm: 0.00045018                                                 
               Excitation 55  :     10.25004039 Residual Norm: 0.00009337   converged                                     
               Excitation 56  :     10.25053268 Residual Norm: 0.00027049                                                 
               Excitation 57  :     10.25304032 Residual Norm: 0.00038501                                                 
               Excitation 58  :     10.25361563 Residual Norm: 0.00015034                                                 
               Excitation 59  :     10.25442047 Residual Norm: 0.00023370                                                 
               Excitation 60  :     10.25447681 Residual Norm: 0.00016188                                                 
               Excitation 61  :     10.25634547 Residual Norm: 0.00037957                                                 
               Excitation 62  :     10.25796088 Residual Norm: 0.00026212                                                 
               Excitation 63  :     10.25982601 Residual Norm: 0.00061864                                                 
               Excitation 64  :     10.26005140 Residual Norm: 0.00069627                                                 
               Excitation 65  :     10.26167813 Residual Norm: 0.00066618                                                 
               Excitation 66  :     10.26247346 Residual Norm: 0.00128437                                                 
               Excitation 67  :     10.26321537 Residual Norm: 0.00025718                                                 
               Excitation 68  :     10.26551559 Residual Norm: 0.00038123                                                 
               Excitation 69  :     10.26731454 Residual Norm: 0.00084282                                                 
               Excitation 70  :     10.26972676 Residual Norm: 0.00104878                                                 
               Excitation 71  :     10.27198307 Residual Norm: 0.00031834                                                 
               Excitation 72  :     10.27209081 Residual Norm: 0.00398362                                                 
               Excitation 73  :     10.27250969 Residual Norm: 0.00224413                                                 
               Excitation 74  :     10.27475763 Residual Norm: 0.00166461                                                 
               Excitation 75  :     10.27602665 Residual Norm: 0.00080544                                                 
                                                                                                                          
* Info * Processing 22 Fock builds...                                                                                     
                                                                                                                          
* Info * 433 gerade trial vectors in reduced space                                                                        
* Info * 433 ungerade trial vectors in reduced space                                                                      
                                                                                                                          
* Info * 263.20 kB of memory used for subspace procedure on the master node                                               
* Info * 360.68 GB of memory available for the solver on the master node                                                  
                                                                                                                          
               *** Iteration:   4 * Residuals (Max,Min): 8.19e-04 and 3.44e-06                                            
                                                                                                                          
               Excitation 1   :     10.08266302 Residual Norm: 0.00002071   converged                                     
               Excitation 2   :     10.09897838 Residual Norm: 0.00002208   converged                                     
               Excitation 3   :     10.09979283 Residual Norm: 0.00003373   converged                                     
               Excitation 4   :     10.10237541 Residual Norm: 0.00004082   converged                                     
               Excitation 5   :     10.11655553 Residual Norm: 0.00004759   converged                                     
               Excitation 6   :     10.11748857 Residual Norm: 0.00000967   converged                                     
               Excitation 7   :     10.12084708 Residual Norm: 0.00001867   converged                                     
               Excitation 8   :     10.12222605 Residual Norm: 0.00000572   converged                                     
               Excitation 9   :     10.12630412 Residual Norm: 0.00002999   converged                                     
               Excitation 10  :     10.12932431 Residual Norm: 0.00005978   converged                                     
               Excitation 11  :     10.13467618 Residual Norm: 0.00001544   converged                                     
               Excitation 12  :     10.15080428 Residual Norm: 0.00000344   converged                                     
               Excitation 13  :     10.15624445 Residual Norm: 0.00002369   converged                                     
               Excitation 14  :     10.16028618 Residual Norm: 0.00001894   converged                                     
               Excitation 15  :     10.16121790 Residual Norm: 0.00001895   converged                                     
               Excitation 16  :     10.16607825 Residual Norm: 0.00002313   converged                                     
               Excitation 17  :     10.17558737 Residual Norm: 0.00001509   converged                                     
               Excitation 18  :     10.17833469 Residual Norm: 0.00001118   converged                                     
               Excitation 19  :     10.18870592 Residual Norm: 0.00000940   converged                                     
               Excitation 20  :     10.18945260 Residual Norm: 0.00001034   converged                                     
               Excitation 21  :     10.19369011 Residual Norm: 0.00001254   converged                                     
               Excitation 22  :     10.20241735 Residual Norm: 0.00005226   converged                                     
               Excitation 23  :     10.20355430 Residual Norm: 0.00005514   converged                                     
               Excitation 24  :     10.20561563 Residual Norm: 0.00002818   converged                                     
               Excitation 25  :     10.20591731 Residual Norm: 0.00000551   converged                                     
               Excitation 26  :     10.20606498 Residual Norm: 0.00001864   converged                                     
               Excitation 27  :     10.20656996 Residual Norm: 0.00002839   converged                                     
               Excitation 28  :     10.20847352 Residual Norm: 0.00000520   converged                                     
               Excitation 29  :     10.21111805 Residual Norm: 0.00000613   converged                                     
               Excitation 30  :     10.21216151 Residual Norm: 0.00001236   converged                                     
               Excitation 31  :     10.21578401 Residual Norm: 0.00002201   converged                                     
               Excitation 32  :     10.22030808 Residual Norm: 0.00002084   converged                                     
               Excitation 33  :     10.22183563 Residual Norm: 0.00001610   converged                                     
               Excitation 34  :     10.22254327 Residual Norm: 0.00001422   converged                                     
               Excitation 35  :     10.22340934 Residual Norm: 0.00002121   converged                                     
               Excitation 36  :     10.22386684 Residual Norm: 0.00002231   converged                                     
               Excitation 37  :     10.22553956 Residual Norm: 0.00002285   converged                                     
               Excitation 38  :     10.22572237 Residual Norm: 0.00001582   converged                                     
               Excitation 39  :     10.22661310 Residual Norm: 0.00002888   converged                                     
               Excitation 40  :     10.22941271 Residual Norm: 0.00001027   converged                                     
               Excitation 41  :     10.22964680 Residual Norm: 0.00003536   converged                                     
               Excitation 42  :     10.23201178 Residual Norm: 0.00003140   converged                                     
               Excitation 43  :     10.23210112 Residual Norm: 0.00001075   converged                                     
               Excitation 44  :     10.23511432 Residual Norm: 0.00001347   converged                                     
               Excitation 45  :     10.23730228 Residual Norm: 0.00000910   converged                                     
               Excitation 46  :     10.23789927 Residual Norm: 0.00005679   converged                                     
               Excitation 47  :     10.24043369 Residual Norm: 0.00002362   converged                                     
               Excitation 48  :     10.24051021 Residual Norm: 0.00002753   converged                                     
               Excitation 49  :     10.24226967 Residual Norm: 0.00003225   converged                                     
               Excitation 50  :     10.24234276 Residual Norm: 0.00003594   converged                                     
               Excitation 51  :     10.24562961 Residual Norm: 0.00002551   converged                                     
               Excitation 52  :     10.24675624 Residual Norm: 0.00007190   converged                                     
               Excitation 53  :     10.24692159 Residual Norm: 0.00001358   converged                                     
               Excitation 54  :     10.24805452 Residual Norm: 0.00007499   converged                                     
               Excitation 55  :     10.25004039 Residual Norm: 0.00009324   converged                                     
               Excitation 56  :     10.25053268 Residual Norm: 0.00003559   converged                                     
               Excitation 57  :     10.25304030 Residual Norm: 0.00005772   converged                                     
               Excitation 58  :     10.25361563 Residual Norm: 0.00001915   converged                                     
               Excitation 59  :     10.25442046 Residual Norm: 0.00003093   converged                                     
               Excitation 60  :     10.25447680 Residual Norm: 0.00002743   converged                                     
               Excitation 61  :     10.25634545 Residual Norm: 0.00005531   converged                                     
               Excitation 62  :     10.25796087 Residual Norm: 0.00003460   converged                                     
               Excitation 63  :     10.25982598 Residual Norm: 0.00010719                                                 
               Excitation 64  :     10.26005131 Residual Norm: 0.00011675                                                 
               Excitation 65  :     10.26167807 Residual Norm: 0.00012528                                                 
               Excitation 66  :     10.26247329 Residual Norm: 0.00027136                                                 
               Excitation 67  :     10.26321536 Residual Norm: 0.00003755   converged                                     
               Excitation 68  :     10.26551556 Residual Norm: 0.00004655   converged                                     
               Excitation 69  :     10.26731445 Residual Norm: 0.00014730                                                 
               Excitation 70  :     10.26972664 Residual Norm: 0.00013017                                                 
               Excitation 71  :     10.27198306 Residual Norm: 0.00004176   converged                                     
               Excitation 72  :     10.27208936 Residual Norm: 0.00081892                                                 
               Excitation 73  :     10.27250930 Residual Norm: 0.00047293                                                 
               Excitation 74  :     10.27475722 Residual Norm: 0.00030331                                                 
               Excitation 75  :     10.27602655 Residual Norm: 0.00011673                                                 
                                                                                                                          
* Info * Processing 10 Fock builds...                                                                                     
                                                                                                                          
* Info * 443 gerade trial vectors in reduced space                                                                        
* Info * 443 ungerade trial vectors in reduced space                                                                      
                                                                                                                          
* Info * 268.51 kB of memory used for subspace procedure on the master node                                               
* Info * 363.42 GB of memory available for the solver on the master node                                                  
                                                                                                                          
               *** Iteration:   5 * Residuals (Max,Min): 1.48e-04 and 3.43e-06                                            
                                                                                                                          
               Excitation 1   :     10.08266302 Residual Norm: 0.00002071   converged                                     
               Excitation 2   :     10.09897838 Residual Norm: 0.00002207   converged                                     
               Excitation 3   :     10.09979283 Residual Norm: 0.00003418   converged                                     
               Excitation 4   :     10.10237541 Residual Norm: 0.00004103   converged                                     
               Excitation 5   :     10.11655553 Residual Norm: 0.00004684   converged                                     
               Excitation 6   :     10.11748857 Residual Norm: 0.00000967   converged                                     
               Excitation 7   :     10.12084708 Residual Norm: 0.00001702   converged                                     
               Excitation 8   :     10.12222605 Residual Norm: 0.00000567   converged                                     
               Excitation 9   :     10.12630412 Residual Norm: 0.00003068   converged                                     
               Excitation 10  :     10.12932431 Residual Norm: 0.00006017   converged                                     
               Excitation 11  :     10.13467618 Residual Norm: 0.00001533   converged                                     
               Excitation 12  :     10.15080428 Residual Norm: 0.00000343   converged                                     
               Excitation 13  :     10.15624445 Residual Norm: 0.00002324   converged                                     
               Excitation 14  :     10.16028618 Residual Norm: 0.00001901   converged                                     
               Excitation 15  :     10.16121790 Residual Norm: 0.00001899   converged                                     
               Excitation 16  :     10.16607825 Residual Norm: 0.00002318   converged                                     
               Excitation 17  :     10.17558737 Residual Norm: 0.00001515   converged                                     
               Excitation 18  :     10.17833469 Residual Norm: 0.00001130   converged                                     
               Excitation 19  :     10.18870592 Residual Norm: 0.00000890   converged                                     
               Excitation 20  :     10.18945260 Residual Norm: 0.00001020   converged                                     
               Excitation 21  :     10.19369011 Residual Norm: 0.00001257   converged                                     
               Excitation 22  :     10.20241735 Residual Norm: 0.00005226   converged                                     
               Excitation 23  :     10.20355430 Residual Norm: 0.00005521   converged                                     
               Excitation 24  :     10.20561563 Residual Norm: 0.00002803   converged                                     
               Excitation 25  :     10.20591731 Residual Norm: 0.00000550   converged                                     
               Excitation 26  :     10.20606498 Residual Norm: 0.00001845   converged                                     
               Excitation 27  :     10.20656996 Residual Norm: 0.00002807   converged                                     
               Excitation 28  :     10.20847352 Residual Norm: 0.00000498   converged                                     
               Excitation 29  :     10.21111805 Residual Norm: 0.00000609   converged                                     
               Excitation 30  :     10.21216151 Residual Norm: 0.00001252   converged                                     
               Excitation 31  :     10.21578401 Residual Norm: 0.00001949   converged                                     
               Excitation 32  :     10.22030808 Residual Norm: 0.00002085   converged                                     
               Excitation 33  :     10.22183563 Residual Norm: 0.00001495   converged                                     
               Excitation 34  :     10.22254327 Residual Norm: 0.00001323   converged                                     
               Excitation 35  :     10.22340934 Residual Norm: 0.00001909   converged                                     
               Excitation 36  :     10.22386684 Residual Norm: 0.00002223   converged                                     
               Excitation 37  :     10.22553956 Residual Norm: 0.00002255   converged                                     
               Excitation 38  :     10.22572237 Residual Norm: 0.00001553   converged                                     
               Excitation 39  :     10.22661310 Residual Norm: 0.00002889   converged                                     
               Excitation 40  :     10.22941271 Residual Norm: 0.00000964   converged                                     
               Excitation 41  :     10.22964680 Residual Norm: 0.00003492   converged                                     
               Excitation 42  :     10.23201178 Residual Norm: 0.00003174   converged                                     
               Excitation 43  :     10.23210112 Residual Norm: 0.00001073   converged                                     
               Excitation 44  :     10.23511432 Residual Norm: 0.00001174   converged                                     
               Excitation 45  :     10.23730228 Residual Norm: 0.00000872   converged                                     
               Excitation 46  :     10.23789927 Residual Norm: 0.00005653   converged                                     
               Excitation 47  :     10.24043369 Residual Norm: 0.00002360   converged                                     
               Excitation 48  :     10.24051021 Residual Norm: 0.00002613   converged                                     
               Excitation 49  :     10.24226967 Residual Norm: 0.00003255   converged                                     
               Excitation 50  :     10.24234276 Residual Norm: 0.00003593   converged                                     
               Excitation 51  :     10.24562961 Residual Norm: 0.00002213   converged                                     
               Excitation 52  :     10.24675624 Residual Norm: 0.00006947   converged                                     
               Excitation 53  :     10.24692159 Residual Norm: 0.00001321   converged                                     
               Excitation 54  :     10.24805452 Residual Norm: 0.00003102   converged                                     
               Excitation 55  :     10.25004039 Residual Norm: 0.00009316   converged                                     
               Excitation 56  :     10.25053268 Residual Norm: 0.00003491   converged                                     
               Excitation 57  :     10.25304030 Residual Norm: 0.00001257   converged                                     
               Excitation 58  :     10.25361563 Residual Norm: 0.00001671   converged                                     
               Excitation 59  :     10.25442046 Residual Norm: 0.00002978   converged                                     
               Excitation 60  :     10.25447680 Residual Norm: 0.00002195   converged                                     
               Excitation 61  :     10.25634545 Residual Norm: 0.00003894   converged                                     
               Excitation 62  :     10.25796087 Residual Norm: 0.00003422   converged                                     
               Excitation 63  :     10.25982598 Residual Norm: 0.00001093   converged                                     
               Excitation 64  :     10.26005131 Residual Norm: 0.00001858   converged                                     
               Excitation 65  :     10.26167807 Residual Norm: 0.00002188   converged                                     
               Excitation 66  :     10.26247328 Residual Norm: 0.00004330   converged                                     
               Excitation 67  :     10.26321536 Residual Norm: 0.00003712   converged                                     
               Excitation 68  :     10.26551556 Residual Norm: 0.00004641   converged                                     
               Excitation 69  :     10.26731445 Residual Norm: 0.00001812   converged                                     
               Excitation 70  :     10.26972664 Residual Norm: 0.00001969   converged                                     
               Excitation 71  :     10.27198306 Residual Norm: 0.00004016   converged                                     
               Excitation 72  :     10.27208932 Residual Norm: 0.00014828                                                 
               Excitation 73  :     10.27250928 Residual Norm: 0.00007304   converged                                     
               Excitation 74  :     10.27475721 Residual Norm: 0.00003574   converged                                     
               Excitation 75  :     10.27602655 Residual Norm: 0.00001657   converged                                     
                                                                                                                          
* Info * Processing 1 Fock build...                                                                                       
                                                                                                                          
* Info * 444 gerade trial vectors in reduced space                                                                        
* Info * 444 ungerade trial vectors in reduced space                                                                      
                                                                                                                          
* Info * 268.89 kB of memory used for subspace procedure on the master node                                               
* Info * 363.55 GB of memory available for the solver on the master node                                                  
                                                                                                                          
               *** Iteration:   6 * Residuals (Max,Min): 9.32e-05 and 3.43e-06                                            
                                                                                                                          
               Excitation 1   :     10.08266302 Residual Norm: 0.00002071   converged                                     
               Excitation 2   :     10.09897838 Residual Norm: 0.00002207   converged                                     
               Excitation 3   :     10.09979283 Residual Norm: 0.00003418   converged                                     
               Excitation 4   :     10.10237541 Residual Norm: 0.00004103   converged                                     
               Excitation 5   :     10.11655553 Residual Norm: 0.00004685   converged                                     
               Excitation 6   :     10.11748857 Residual Norm: 0.00000967   converged                                     
               Excitation 7   :     10.12084708 Residual Norm: 0.00001700   converged                                     
               Excitation 8   :     10.12222605 Residual Norm: 0.00000554   converged                                     
               Excitation 9   :     10.12630412 Residual Norm: 0.00003068   converged                                     
               Excitation 10  :     10.12932431 Residual Norm: 0.00006006   converged                                     
               Excitation 11  :     10.13467618 Residual Norm: 0.00001533   converged                                     
               Excitation 12  :     10.15080428 Residual Norm: 0.00000343   converged                                     
               Excitation 13  :     10.15624445 Residual Norm: 0.00002324   converged                                     
               Excitation 14  :     10.16028618 Residual Norm: 0.00001901   converged                                     
               Excitation 15  :     10.16121790 Residual Norm: 0.00001899   converged                                     
               Excitation 16  :     10.16607825 Residual Norm: 0.00002317   converged                                     
               Excitation 17  :     10.17558737 Residual Norm: 0.00001515   converged                                     
               Excitation 18  :     10.17833469 Residual Norm: 0.00001131   converged                                     
               Excitation 19  :     10.18870592 Residual Norm: 0.00000888   converged                                     
               Excitation 20  :     10.18945260 Residual Norm: 0.00001018   converged                                     
               Excitation 21  :     10.19369011 Residual Norm: 0.00001257   converged                                     
               Excitation 22  :     10.20241735 Residual Norm: 0.00005225   converged                                     
               Excitation 23  :     10.20355430 Residual Norm: 0.00005521   converged                                     
               Excitation 24  :     10.20561563 Residual Norm: 0.00002803   converged                                     
               Excitation 25  :     10.20591731 Residual Norm: 0.00000550   converged                                     
               Excitation 26  :     10.20606498 Residual Norm: 0.00001845   converged                                     
               Excitation 27  :     10.20656996 Residual Norm: 0.00002807   converged                                     
               Excitation 28  :     10.20847352 Residual Norm: 0.00000451   converged                                     
               Excitation 29  :     10.21111805 Residual Norm: 0.00000609   converged                                     
               Excitation 30  :     10.21216151 Residual Norm: 0.00001252   converged                                     
               Excitation 31  :     10.21578401 Residual Norm: 0.00001948   converged                                     
               Excitation 32  :     10.22030808 Residual Norm: 0.00002085   converged                                     
               Excitation 33  :     10.22183563 Residual Norm: 0.00001495   converged                                     
               Excitation 34  :     10.22254327 Residual Norm: 0.00001325   converged                                     
               Excitation 35  :     10.22340934 Residual Norm: 0.00001909   converged                                     
               Excitation 36  :     10.22386684 Residual Norm: 0.00002222   converged                                     
               Excitation 37  :     10.22553956 Residual Norm: 0.00002255   converged                                     
               Excitation 38  :     10.22572237 Residual Norm: 0.00001553   converged                                     
               Excitation 39  :     10.22661310 Residual Norm: 0.00002889   converged                                     
               Excitation 40  :     10.22941271 Residual Norm: 0.00000964   converged                                     
               Excitation 41  :     10.22964680 Residual Norm: 0.00003489   converged                                     
               Excitation 42  :     10.23201178 Residual Norm: 0.00003175   converged                                     
               Excitation 43  :     10.23210112 Residual Norm: 0.00001050   converged                                     
               Excitation 44  :     10.23511432 Residual Norm: 0.00001158   converged                                     
               Excitation 45  :     10.23730228 Residual Norm: 0.00000872   converged                                     
               Excitation 46  :     10.23789927 Residual Norm: 0.00005650   converged                                     
               Excitation 47  :     10.24043369 Residual Norm: 0.00002360   converged                                     
               Excitation 48  :     10.24051021 Residual Norm: 0.00002614   converged                                     
               Excitation 49  :     10.24226967 Residual Norm: 0.00003256   converged                                     
               Excitation 50  :     10.24234276 Residual Norm: 0.00003592   converged                                     
               Excitation 51  :     10.24562961 Residual Norm: 0.00002209   converged                                     
               Excitation 52  :     10.24675624 Residual Norm: 0.00006946   converged                                     
               Excitation 53  :     10.24692159 Residual Norm: 0.00001323   converged                                     
               Excitation 54  :     10.24805452 Residual Norm: 0.00002308   converged                                     
               Excitation 55  :     10.25004039 Residual Norm: 0.00009316   converged                                     
               Excitation 56  :     10.25053268 Residual Norm: 0.00003484   converged                                     
               Excitation 57  :     10.25304030 Residual Norm: 0.00001257   converged                                     
               Excitation 58  :     10.25361563 Residual Norm: 0.00001670   converged                                     
               Excitation 59  :     10.25442046 Residual Norm: 0.00002978   converged                                     
               Excitation 60  :     10.25447680 Residual Norm: 0.00002197   converged                                     
               Excitation 61  :     10.25634545 Residual Norm: 0.00003894   converged                                     
               Excitation 62  :     10.25796087 Residual Norm: 0.00003422   converged                                     
               Excitation 63  :     10.25982598 Residual Norm: 0.00001091   converged                                     
               Excitation 64  :     10.26005131 Residual Norm: 0.00001858   converged                                     
               Excitation 65  :     10.26167807 Residual Norm: 0.00002187   converged                                     
               Excitation 66  :     10.26247328 Residual Norm: 0.00001741   converged                                     
               Excitation 67  :     10.26321536 Residual Norm: 0.00003711   converged                                     
               Excitation 68  :     10.26551556 Residual Norm: 0.00004641   converged                                     
               Excitation 69  :     10.26731445 Residual Norm: 0.00001812   converged                                     
               Excitation 70  :     10.26972664 Residual Norm: 0.00001968   converged                                     
               Excitation 71  :     10.27198306 Residual Norm: 0.00004007   converged                                     
               Excitation 72  :     10.27208932 Residual Norm: 0.00002558   converged                                     
               Excitation 73  :     10.27250928 Residual Norm: 0.00007296   converged                                     
               Excitation 74  :     10.27475721 Residual Norm: 0.00003574   converged                                     
               Excitation 75  :     10.27602655 Residual Norm: 0.00001657   converged                                     
                                                                                                                          
* Info * Checkpoint written to file: 0174_c1s_rsp.h5                                                                      
                                                                                                                          
* Info * Time spent in writing checkpoint file: 1.50 sec                                                                  
                                                                                                                          
               *** Linear response converged in 6 iterations. Time: 255.08 sec                                            
                                                                                                                          
                                                                                                                          
* Info * Response solution vectors written to file: 0174_c1s.h5                                                           
                                                                                                                          
               Electric Transition Dipole Moments (dipole length, a.u.)                                                   
               --------------------------------------------------------                                                   
                                                X            Y            Z                                               
               Excited State    S1:      0.001252     0.002991    -0.070644                                               
               Excited State    S2:     -0.000196    -0.016709     0.062180                                               
               Excited State    S3:     -0.001758     0.005055    -0.076820                                               
               Excited State    S4:      0.007762     0.000241     0.076915                                               
               Excited State    S5:      0.000642     0.000499    -0.064307                                               
               Excited State    S6:      0.000626     0.005151    -0.024124                                               
               Excited State    S7:      0.000733    -0.000086    -0.047998                                               
               Excited State    S8:     -0.006026    -0.001327    -0.084378                                               
               Excited State    S9:      0.004912    -0.005029     0.030818                                               
               Excited State   S10:      0.006974    -0.002567    -0.046144                                               
               Excited State   S11:     -0.000663     0.012266    -0.014084                                               
               Excited State   S12:      0.000536     0.001577     0.006155                                               
               Excited State   S13:     -0.002734     0.000225     0.028868                                               
               Excited State   S14:      0.019548    -0.005933    -0.005084                                               
               Excited State   S15:     -0.016747    -0.042647    -0.014446                                               
               Excited State   S16:      0.032988    -0.026974     0.004711                                               
               Excited State   S17:      0.033400    -0.015006    -0.005925                                               
               Excited State   S18:     -0.000788    -0.000559    -0.052980                                               
               Excited State   S19:     -0.005614    -0.046340    -0.003569                                               
               Excited State   S20:     -0.006561     0.006345     0.000833                                               
               Excited State   S21:     -0.006918    -0.006973     0.010871                                               
               Excited State   S22:     -0.002188     0.000164    -0.022918                                               
               Excited State   S23:      0.000899     0.001698    -0.004821                                               
               Excited State   S24:      0.002657     0.003930     0.001424                                               
               Excited State   S25:     -0.016142    -0.012083    -0.004247                                               
               Excited State   S26:     -0.011144    -0.002010    -0.006851                                               
               Excited State   S27:     -0.002325     0.009279    -0.000766                                               
               Excited State   S28:      0.001428    -0.047147    -0.001509                                               
               Excited State   S29:     -0.000955     0.007500    -0.003363                                               
               Excited State   S30:      0.013471     0.007613     0.003262                                               
               Excited State   S31:      0.015340    -0.016034     0.001089                                               
               Excited State   S32:      0.006970     0.015278     0.007345                                               
               Excited State   S33:     -0.005208     0.009216     0.001856                                               
               Excited State   S34:      0.006947     0.006895    -0.004724                                               
               Excited State   S35:      0.008436     0.002195    -0.009817                                               
               Excited State   S36:     -0.000651     0.019598     0.008223                                               
               Excited State   S37:     -0.002894    -0.017485    -0.006389                                               
               Excited State   S38:      0.002077    -0.001043    -0.004504                                               
               Excited State   S39:      0.005696     0.000870     0.006311                                               
               Excited State   S40:     -0.007521     0.018294     0.004011                                               
               Excited State   S41:      0.020790    -0.008646     0.000433                                               
               Excited State   S42:      0.000496    -0.001194    -0.012454                                               
               Excited State   S43:      0.012345     0.002654    -0.007213                                               
               Excited State   S44:      0.032718     0.022508    -0.001246                                               
               Excited State   S45:      0.002381    -0.001853     0.027788                                               
               Excited State   S46:      0.002918    -0.005985    -0.001915                                               
               Excited State   S47:     -0.000271    -0.004909     0.001061                                               
               Excited State   S48:     -0.001770    -0.008855    -0.001840                                               
               Excited State   S49:      0.000133    -0.001903     0.000795                                               
               Excited State   S50:     -0.008391     0.006481     0.002827                                               
               Excited State   S51:      0.008308     0.001451    -0.002192                                               
               Excited State   S52:      0.007226    -0.001323     0.000173                                               
               Excited State   S53:     -0.022052     0.023340    -0.003042                                               
               Excited State   S54:     -0.008678    -0.011301    -0.006780                                               
               Excited State   S55:     -0.005221    -0.004977    -0.001725                                               
               Excited State   S56:      0.014220    -0.003958     0.002937                                               
               Excited State   S57:     -0.001465     0.001736     0.017721                                               
               Excited State   S58:      0.005758    -0.011694    -0.000286                                               
               Excited State   S59:      0.007509     0.021500     0.002996                                               
               Excited State   S60:     -0.005102     0.002716     0.001754                                               
               Excited State   S61:     -0.005605     0.003699    -0.002296                                               
               Excited State   S62:     -0.000245    -0.007810    -0.011105                                               
               Excited State   S63:      0.012968     0.010899    -0.005441                                               
               Excited State   S64:      0.001301     0.002672     0.022479                                               
               Excited State   S65:     -0.000155     0.002862     0.002842                                               
               Excited State   S66:     -0.013994    -0.034153     0.001165                                               
               Excited State   S67:     -0.003767    -0.007893    -0.002702                                               
               Excited State   S68:      0.011423    -0.002077     0.013793                                               
               Excited State   S69:      0.003560    -0.003986    -0.009753                                               
               Excited State   S70:     -0.001272     0.011565     0.000373                                               
               Excited State   S71:      0.003095     0.014647     0.015023                                               
               Excited State   S72:     -0.024234    -0.006179     0.005917                                               
               Excited State   S73:      0.003387     0.004688    -0.005478                                               
               Excited State   S74:     -0.001199    -0.000607    -0.029727                                               
               Excited State   S75:      0.011997    -0.008705    -0.002108                                               
                                                                                                                          
               Electric Transition Dipole Moments (dipole velocity, a.u.)                                                 
               ----------------------------------------------------------                                                 
                                                X            Y            Z                                               
               Excited State    S1:      0.001249     0.002963    -0.069661                                               
               Excited State    S2:     -0.000219    -0.016524     0.061305                                               
               Excited State    S3:     -0.001745     0.005008    -0.075746                                               
               Excited State    S4:      0.007672     0.000220     0.075843                                               
               Excited State    S5:      0.000638     0.000491    -0.063475                                               
               Excited State    S6:      0.000609     0.005102    -0.023807                                               
               Excited State    S7:      0.000728    -0.000078    -0.047377                                               
               Excited State    S8:     -0.005958    -0.001296    -0.083179                                               
               Excited State    S9:      0.004833    -0.004997     0.030409                                               
               Excited State   S10:      0.006929    -0.002517    -0.045557                                               
               Excited State   S11:     -0.000632     0.012156    -0.013854                                               
               Excited State   S12:      0.000535     0.001560     0.006063                                               
               Excited State   S13:     -0.002715     0.000231     0.028444                                               
               Excited State   S14:      0.019420    -0.005877    -0.005053                                               
               Excited State   S15:     -0.016788    -0.042379    -0.014438                                               
               Excited State   S16:      0.032759    -0.026741     0.004646                                               
               Excited State   S17:      0.033248    -0.014927    -0.005955                                               
               Excited State   S18:     -0.000790    -0.000553    -0.052296                                               
               Excited State   S19:     -0.005501    -0.046118    -0.003633                                               
               Excited State   S20:     -0.006507     0.006288     0.000785                                               
               Excited State   S21:     -0.006941    -0.006951     0.010691                                               
               Excited State   S22:     -0.002170     0.000185    -0.022683                                               
               Excited State   S23:      0.000830     0.001634    -0.004718                                               
               Excited State   S24:      0.002629     0.003898     0.001405                                               
               Excited State   S25:     -0.016009    -0.011977    -0.004144                                               
               Excited State   S26:     -0.011087    -0.001894    -0.006697                                               
               Excited State   S27:     -0.002240     0.009096    -0.000848                                               
               Excited State   S28:      0.001447    -0.046787    -0.001554                                               
               Excited State   S29:     -0.000956     0.007438    -0.003305                                               
               Excited State   S30:      0.013491     0.007642     0.003243                                               
               Excited State   S31:      0.015248    -0.015928     0.001078                                               
               Excited State   S32:      0.007038     0.015226     0.007241                                               
               Excited State   S33:     -0.005311     0.008943     0.001963                                               
               Excited State   S34:      0.006836     0.006835    -0.004511                                               
               Excited State   S35:      0.008400     0.002145    -0.009643                                               
               Excited State   S36:     -0.000622     0.019502     0.008212                                               
               Excited State   S37:     -0.002786    -0.017405    -0.006243                                               
               Excited State   S38:      0.002086    -0.001072    -0.004426                                               
               Excited State   S39:      0.005423     0.000820     0.006238                                               
               Excited State   S40:     -0.007519     0.018359     0.003960                                               
               Excited State   S41:      0.020613    -0.008599     0.000504                                               
               Excited State   S42:      0.000559    -0.001155    -0.012465                                               
               Excited State   S43:      0.012304     0.002705    -0.007194                                               
               Excited State   S44:      0.032532     0.022509    -0.001335                                               
               Excited State   S45:      0.002432    -0.001767     0.027760                                               
               Excited State   S46:      0.002906    -0.005827    -0.002109                                               
               Excited State   S47:     -0.000606    -0.005021     0.000894                                               
               Excited State   S48:     -0.001769    -0.008925    -0.001873                                               
               Excited State   S49:      0.000033    -0.001782     0.000715                                               
               Excited State   S50:     -0.008391     0.006398     0.003891                                               
               Excited State   S51:      0.008336     0.001453    -0.002065                                               
               Excited State   S52:      0.007006    -0.001338     0.000235                                               
               Excited State   S53:     -0.021862     0.023211    -0.003349                                               
               Excited State   S54:     -0.008564    -0.011225    -0.006604                                               
               Excited State   S55:     -0.005085    -0.004858    -0.001712                                               
               Excited State   S56:      0.014137    -0.003998     0.002858                                               
               Excited State   S57:     -0.001365     0.001570     0.017638                                               
               Excited State   S58:      0.005645    -0.011347    -0.000128                                               
               Excited State   S59:      0.007045     0.021133     0.002676                                               
               Excited State   S60:     -0.005251     0.002906     0.001706                                               
               Excited State   S61:     -0.005768     0.003828    -0.002241                                               
               Excited State   S62:     -0.000025    -0.007746    -0.010870                                               
               Excited State   S63:      0.012913     0.010801    -0.005292                                               
               Excited State   S64:      0.001261     0.002533     0.022552                                               
               Excited State   S65:     -0.000029     0.002758     0.003512                                               
               Excited State   S66:     -0.013774    -0.033850     0.001174                                               
               Excited State   S67:     -0.003945    -0.007896    -0.002879                                               
               Excited State   S68:      0.011231    -0.002117     0.013696                                               
               Excited State   S69:      0.003483    -0.003859    -0.009513                                               
               Excited State   S70:     -0.001183     0.011505     0.000217                                               
               Excited State   S71:      0.002850     0.014431     0.014816                                               
               Excited State   S72:     -0.024137    -0.006263     0.005977                                               
               Excited State   S73:      0.003387     0.004560    -0.005570                                               
               Excited State   S74:     -0.001180    -0.000567    -0.029441                                               
               Excited State   S75:      0.011914    -0.008569    -0.002210                                               
                                                                                                                          
               Magnetic Transition Dipole Moments (a.u.)                                                                  
               -----------------------------------------                                                                  
                                                X            Y            Z                                               
               Excited State    S1:     -0.459142     1.417892     0.053203                                               
               Excited State    S2:      0.907390    -0.568073    -0.154200                                               
               Excited State    S3:      0.970557     0.649001     0.019280                                               
               Excited State    S4:     -0.519834    -1.556501     0.065008                                               
               Excited State    S5:     -0.492351    -0.108998    -0.000807                                               
               Excited State    S6:     -0.165052     0.434984     0.099714                                               
               Excited State    S7:      0.310575    -0.039421     0.005412                                               
               Excited State    S8:      0.208641    -1.839141     0.016815                                               
               Excited State    S9:     -0.228671    -0.624786    -0.069548                                               
               Excited State   S10:     -0.312206    -0.101080    -0.043050                                               
               Excited State   S11:     -0.195993     0.169309     0.120298                                               
               Excited State   S12:     -0.088211    -0.055251     0.021301                                               
               Excited State   S13:     -0.170641     0.074388    -0.017339                                               
               Excited State   S14:     -0.062479     0.004957    -0.045036                                               
               Excited State   S15:     -0.172403     0.143065    -0.358383                                               
               Excited State   S16:      0.040636     0.043985    -0.253510                                               
               Excited State   S17:      0.041622     0.125368    -0.094538                                               
               Excited State   S18:      0.293359    -0.145360    -0.004148                                               
               Excited State   S19:      0.069914     0.028949    -0.496584                                               
               Excited State   S20:      0.019952     0.002655     0.030834                                               
               Excited State   S21:      0.062253    -0.210571    -0.103126                                               
               Excited State   S22:     -0.164876     0.432073     0.012944                                               
               Excited State   S23:     -0.104353    -0.023646     0.016441                                               
               Excited State   S24:      0.009967    -0.071626     0.016243                                               
               Excited State   S25:      0.020969    -0.007601    -0.059560                                               
               Excited State   S26:     -0.053418     0.104193    -0.044345                                               
               Excited State   S27:     -0.013226    -0.044011     0.084803                                               
               Excited State   S28:     -0.013016    -0.036441     1.085459                                               
               Excited State   S29:      0.043142     0.030532     0.044022                                               
               Excited State   S30:      0.025156    -0.081225     0.079790                                               
               Excited State   S31:     -0.012267    -0.021364    -0.225851                                               
               Excited State   S32:      0.090226    -0.068253     0.058186                                               
               Excited State   S33:     -0.015828    -0.040553     0.157034                                               
               Excited State   S34:      0.027320    -0.011989     0.002587                                               
               Excited State   S35:      0.068898     0.206567     0.083008                                               
               Excited State   S36:      0.105794    -0.070933     0.183498                                               
               Excited State   S37:      0.085693     0.074864    -0.197158                                               
               Excited State   S38:      0.027447     0.099727    -0.034837                                               
               Excited State   S39:      0.044025    -0.126790    -0.038646                                               
               Excited State   S40:     -0.062201    -0.040085     0.079684                                               
               Excited State   S41:      0.010549     0.000336    -0.123215                                               
               Excited State   S42:     -0.070241     0.274538    -0.027844                                               
               Excited State   S43:      0.018665    -0.171370    -0.032094                                               
               Excited State   S44:      0.011480    -0.042993    -0.442021                                               
               Excited State   S45:      0.362923    -0.271521    -0.038636                                               
               Excited State   S46:     -0.028877     0.032463    -0.008122                                               
               Excited State   S47:      0.011928    -0.007219    -0.046017                                               
               Excited State   S48:      0.030557     0.014543    -0.100590                                               
               Excited State   S49:      0.000896    -0.014827    -0.042260                                               
               Excited State   S50:      0.040065    -0.022927     0.055816                                               
               Excited State   S51:      0.017842    -0.005465     0.010779                                               
               Excited State   S52:     -0.001166    -0.005042     0.019663                                               
               Excited State   S53:     -0.035585    -0.013427     0.130205                                               
               Excited State   S54:      0.012220    -0.150426     0.237383                                               
               Excited State   S55:     -0.011986     0.045014    -0.083719                                               
               Excited State   S56:      0.025240     0.008788    -0.081149                                               
               Excited State   S57:     -0.121127    -0.382860     0.026290                                               
               Excited State   S58:      0.004074     0.003228    -0.046907                                               
               Excited State   S59:      0.037653    -0.028649     0.108341                                               
               Excited State   S60:      0.003741    -0.005406    -0.026409                                               
               Excited State   S61:      0.024133     0.048429     0.038965                                               
               Excited State   S62:     -0.077174     0.227837    -0.156040                                               
               Excited State   S63:      0.032374    -0.006220     0.039589                                               
               Excited State   S64:     -0.301491    -0.213003     0.039385                                               
               Excited State   S65:     -0.040284    -0.021903    -0.002789                                               
               Excited State   S66:     -0.015192     0.032533     0.752876                                               
               Excited State   S67:     -0.033480     0.030128    -0.022244                                               
               Excited State   S68:      0.095550    -0.293359    -0.113254                                               
               Excited State   S69:      0.060094     0.203144    -0.054264                                               
               Excited State   S70:     -0.006851    -0.010896     0.085006                                               
               Excited State   S71:      0.195258    -0.142139     0.102460                                               
               Excited State   S72:     -0.013449     0.143573     0.094137                                               
               Excited State   S73:      0.030793    -0.017784     0.000689                                               
               Excited State   S74:      0.206266     0.628043    -0.029720                                               
               Excited State   S75:      0.025083     0.049200     0.091290                                               
                                                                                                                          
               One-Photon Absorption                                                                                      
               ---------------------                                                                                      
               Excited State    S1:     10.08266302 a.u.    274.36324 eV    Osc.Str.    0.0336                            
               Excited State    S2:     10.09897838 a.u.    274.80720 eV    Osc.Str.    0.0279                            
               Excited State    S3:     10.09979283 a.u.    274.82936 eV    Osc.Str.    0.0399                            
               Excited State    S4:     10.10237541 a.u.    274.89964 eV    Osc.Str.    0.0402                            
               Excited State    S5:     10.11655553 a.u.    275.28550 eV    Osc.Str.    0.0279                            
               Excited State    S6:     10.11748857 a.u.    275.31089 eV    Osc.Str.    0.0041                            
               Excited State    S7:     10.12084708 a.u.    275.40228 eV    Osc.Str.    0.0155                            
               Excited State    S8:     10.12222605 a.u.    275.43980 eV    Osc.Str.    0.0483                            
               Excited State    S9:     10.12630412 a.u.    275.55077 eV    Osc.Str.    0.0067                            
               Excited State   S10:     10.12932431 a.u.    275.63296 eV    Osc.Str.    0.0148                            
               Excited State   S11:     10.13467618 a.u.    275.77859 eV    Osc.Str.    0.0024                            
               Excited State   S12:     10.15080428 a.u.    276.21746 eV    Osc.Str.    0.0003                            
               Excited State   S13:     10.15624445 a.u.    276.36549 eV    Osc.Str.    0.0057                            
               Excited State   S14:     10.16028618 a.u.    276.47547 eV    Osc.Str.    0.0030                            
               Excited State   S15:     10.16121790 a.u.    276.50082 eV    Osc.Str.    0.0156                            
               Excited State   S16:     10.16607825 a.u.    276.63308 eV    Osc.Str.    0.0125                            
               Excited State   S17:     10.17558737 a.u.    276.89184 eV    Osc.Str.    0.0093                            
               Excited State   S18:     10.17833469 a.u.    276.96660 eV    Osc.Str.    0.0191                            
               Excited State   S19:     10.18870592 a.u.    277.24881 eV    Osc.Str.    0.0149                            
               Excited State   S20:     10.18945260 a.u.    277.26913 eV    Osc.Str.    0.0006                            
               Excited State   S21:     10.19369011 a.u.    277.38444 eV    Osc.Str.    0.0015                            
               Excited State   S22:     10.20241735 a.u.    277.62192 eV    Osc.Str.    0.0036                            
               Excited State   S23:     10.20355430 a.u.    277.65286 eV    Osc.Str.    0.0002                            
               Excited State   S24:     10.20561563 a.u.    277.70895 eV    Osc.Str.    0.0002                            
               Excited State   S25:     10.20591731 a.u.    277.71716 eV    Osc.Str.    0.0029                            
               Excited State   S26:     10.20606498 a.u.    277.72118 eV    Osc.Str.    0.0012                            
               Excited State   S27:     10.20656996 a.u.    277.73492 eV    Osc.Str.    0.0006                            
               Excited State   S28:     10.20847352 a.u.    277.78672 eV    Osc.Str.    0.0152                            
               Excited State   S29:     10.21111805 a.u.    277.85868 eV    Osc.Str.    0.0005                            
               Excited State   S30:     10.21216151 a.u.    277.88707 eV    Osc.Str.    0.0017                            
               Excited State   S31:     10.21578401 a.u.    277.98564 eV    Osc.Str.    0.0034                            
               Excited State   S32:     10.22030808 a.u.    278.10875 eV    Osc.Str.    0.0023                            
               Excited State   S33:     10.22183563 a.u.    278.15032 eV    Osc.Str.    0.0008                            
               Excited State   S34:     10.22254327 a.u.    278.16957 eV    Osc.Str.    0.0008                            
               Excited State   S35:     10.22340934 a.u.    278.19314 eV    Osc.Str.    0.0012                            
               Excited State   S36:     10.22386684 a.u.    278.20559 eV    Osc.Str.    0.0031                            
               Excited State   S37:     10.22553956 a.u.    278.25111 eV    Osc.Str.    0.0024                            
               Excited State   S38:     10.22572237 a.u.    278.25608 eV    Osc.Str.    0.0002                            
               Excited State   S39:     10.22661310 a.u.    278.28032 eV    Osc.Str.    0.0005                            
               Excited State   S40:     10.22941271 a.u.    278.35650 eV    Osc.Str.    0.0028                            
               Excited State   S41:     10.22964680 a.u.    278.36287 eV    Osc.Str.    0.0035                            
               Excited State   S42:     10.23201178 a.u.    278.42722 eV    Osc.Str.    0.0011                            
               Excited State   S43:     10.23210112 a.u.    278.42966 eV    Osc.Str.    0.0014                            
               Excited State   S44:     10.23511432 a.u.    278.51165 eV    Osc.Str.    0.0108                            
               Excited State   S45:     10.23730228 a.u.    278.57119 eV    Osc.Str.    0.0053                            
               Excited State   S46:     10.23789927 a.u.    278.58743 eV    Osc.Str.    0.0003                            
               Excited State   S47:     10.24043369 a.u.    278.65640 eV    Osc.Str.    0.0002                            
               Excited State   S48:     10.24051021 a.u.    278.65848 eV    Osc.Str.    0.0006                            
               Excited State   S49:     10.24226967 a.u.    278.70636 eV    Osc.Str.    0.0000                            
               Excited State   S50:     10.24234276 a.u.    278.70834 eV    Osc.Str.    0.0008                            
               Excited State   S51:     10.24562961 a.u.    278.79778 eV    Osc.Str.    0.0005                            
               Excited State   S52:     10.24675624 a.u.    278.82844 eV    Osc.Str.    0.0004                            
               Excited State   S53:     10.24692159 a.u.    278.83294 eV    Osc.Str.    0.0071                            
               Excited State   S54:     10.24805452 a.u.    278.86377 eV    Osc.Str.    0.0017                            
               Excited State   S55:     10.25004039 a.u.    278.91781 eV    Osc.Str.    0.0004                            
               Excited State   S56:     10.25053268 a.u.    278.93120 eV    Osc.Str.    0.0015                            
               Excited State   S57:     10.25304030 a.u.    278.99944 eV    Osc.Str.    0.0022                            
               Excited State   S58:     10.25361563 a.u.    279.01510 eV    Osc.Str.    0.0012                            
               Excited State   S59:     10.25442046 a.u.    279.03700 eV    Osc.Str.    0.0036                            
               Excited State   S60:     10.25447680 a.u.    279.03853 eV    Osc.Str.    0.0002                            
               Excited State   S61:     10.25634545 a.u.    279.08938 eV    Osc.Str.    0.0003                            
               Excited State   S62:     10.25796087 a.u.    279.13334 eV    Osc.Str.    0.0013                            
               Excited State   S63:     10.25982598 a.u.    279.18409 eV    Osc.Str.    0.0022                            
               Excited State   S64:     10.26005131 a.u.    279.19022 eV    Osc.Str.    0.0035                            
               Excited State   S65:     10.26167807 a.u.    279.23449 eV    Osc.Str.    0.0001                            
               Excited State   S66:     10.26247328 a.u.    279.25612 eV    Osc.Str.    0.0093                            
               Excited State   S67:     10.26321536 a.u.    279.27632 eV    Osc.Str.    0.0006                            
               Excited State   S68:     10.26551556 a.u.    279.33891 eV    Osc.Str.    0.0022                            
               Excited State   S69:     10.26731445 a.u.    279.38786 eV    Osc.Str.    0.0008                            
               Excited State   S70:     10.26972664 a.u.    279.45350 eV    Osc.Str.    0.0009                            
               Excited State   S71:     10.27198306 a.u.    279.51490 eV    Osc.Str.    0.0031                            
               Excited State   S72:     10.27208932 a.u.    279.51779 eV    Osc.Str.    0.0045                            
               Excited State   S73:     10.27250928 a.u.    279.52922 eV    Osc.Str.    0.0004                            
               Excited State   S74:     10.27475721 a.u.    279.59039 eV    Osc.Str.    0.0061                            
               Excited State   S75:     10.27602655 a.u.    279.62493 eV    Osc.Str.    0.0015                            
                                                                                                                          
               Electronic Circular Dichroism                                                                              
               -----------------------------                                                                              
               Excited State    S1:     Rot.Str.     -0.000079 a.u.    -0.0372 [10**(-40) cgs]                            
               Excited State    S2:     Rot.Str.     -0.000264 a.u.    -0.1247 [10**(-40) cgs]                            
               Excited State    S3:     Rot.Str.      0.000096 a.u.     0.0453 [10**(-40) cgs]                            
               Excited State    S4:     Rot.Str.      0.000600 a.u.     0.2829 [10**(-40) cgs]                            
               Excited State    S5:     Rot.Str.     -0.000316 a.u.    -0.1491 [10**(-40) cgs]                            
               Excited State    S6:     Rot.Str.     -0.000255 a.u.    -0.1202 [10**(-40) cgs]                            
               Excited State    S7:     Rot.Str.     -0.000027 a.u.    -0.0129 [10**(-40) cgs]                            
               Excited State    S8:     Rot.Str.     -0.000259 a.u.    -0.1219 [10**(-40) cgs]                            
               Excited State    S9:     Rot.Str.     -0.000098 a.u.    -0.0461 [10**(-40) cgs]                            
               Excited State   S10:     Rot.Str.      0.000052 a.u.     0.0247 [10**(-40) cgs]                            
               Excited State   S11:     Rot.Str.      0.000515 a.u.     0.2429 [10**(-40) cgs]                            
               Excited State   S12:     Rot.Str.     -0.000004 a.u.    -0.0020 [10**(-40) cgs]                            
               Excited State   S13:     Rot.Str.     -0.000013 a.u.    -0.0060 [10**(-40) cgs]                            
               Excited State   S14:     Rot.Str.     -0.001015 a.u.    -0.4785 [10**(-40) cgs]                            
               Excited State   S15:     Rot.Str.      0.002006 a.u.     0.9456 [10**(-40) cgs]                            
               Excited State   S16:     Rot.Str.     -0.001023 a.u.    -0.4821 [10**(-40) cgs]                            
               Excited State   S17:     Rot.Str.      0.000075 a.u.     0.0356 [10**(-40) cgs]                            
               Excited State   S18:     Rot.Str.      0.000065 a.u.     0.0309 [10**(-40) cgs]                            
               Excited State   S19:     Rot.Str.      0.000084 a.u.     0.0398 [10**(-40) cgs]                            
               Excited State   S20:     Rot.Str.     -0.000089 a.u.    -0.0419 [10**(-40) cgs]                            
               Excited State   S21:     Rot.Str.     -0.000071 a.u.    -0.0334 [10**(-40) cgs]                            
               Excited State   S22:     Rot.Str.      0.000144 a.u.     0.0679 [10**(-40) cgs]                            
               Excited State   S23:     Rot.Str.     -0.000203 a.u.    -0.0956 [10**(-40) cgs]                            
               Excited State   S24:     Rot.Str.     -0.000230 a.u.    -0.1085 [10**(-40) cgs]                            
               Excited State   S25:     Rot.Str.      0.000002 a.u.     0.0010 [10**(-40) cgs]                            
               Excited State   S26:     Rot.Str.      0.000692 a.u.     0.3262 [10**(-40) cgs]                            
               Excited State   S27:     Rot.Str.     -0.000443 a.u.    -0.2087 [10**(-40) cgs]                            
               Excited State   S28:     Rot.Str.     -0.000001 a.u.    -0.0003 [10**(-40) cgs]                            
               Excited State   S29:     Rot.Str.      0.000040 a.u.     0.0190 [10**(-40) cgs]                            
               Excited State   S30:     Rot.Str.     -0.000023 a.u.    -0.0106 [10**(-40) cgs]                            
               Excited State   S31:     Rot.Str.     -0.000090 a.u.    -0.0425 [10**(-40) cgs]                            
               Excited State   S32:     Rot.Str.      0.000017 a.u.     0.0081 [10**(-40) cgs]                            
               Excited State   S33:     Rot.Str.      0.000030 a.u.     0.0140 [10**(-40) cgs]                            
               Excited State   S34:     Rot.Str.      0.000093 a.u.     0.0439 [10**(-40) cgs]                            
               Excited State   S35:     Rot.Str.      0.000221 a.u.     0.1044 [10**(-40) cgs]                            
               Excited State   S36:     Rot.Str.      0.000058 a.u.     0.0273 [10**(-40) cgs]                            
               Excited State   S37:     Rot.Str.     -0.000311 a.u.    -0.1466 [10**(-40) cgs]                            
               Excited State   S38:     Rot.Str.      0.000105 a.u.     0.0493 [10**(-40) cgs]                            
               Excited State   S39:     Rot.Str.     -0.000106 a.u.    -0.0501 [10**(-40) cgs]                            
               Excited State   S40:     Rot.Str.      0.000047 a.u.     0.0223 [10**(-40) cgs]                            
               Excited State   S41:     Rot.Str.      0.000152 a.u.     0.0719 [10**(-40) cgs]                            
               Excited State   S42:     Rot.Str.     -0.000009 a.u.    -0.0044 [10**(-40) cgs]                            
               Excited State   S43:     Rot.Str.     -0.000003 a.u.    -0.0014 [10**(-40) cgs]                            
               Excited State   S44:     Rot.Str.     -0.000004 a.u.    -0.0019 [10**(-40) cgs]                            
               Excited State   S45:     Rot.Str.      0.000290 a.u.     0.1368 [10**(-40) cgs]                            
               Excited State   S46:     Rot.Str.     -0.000256 a.u.    -0.1207 [10**(-40) cgs]                            
               Excited State   S47:     Rot.Str.     -0.000012 a.u.    -0.0057 [10**(-40) cgs]                            
               Excited State   S48:     Rot.Str.      0.000005 a.u.     0.0022 [10**(-40) cgs]                            
               Excited State   S49:     Rot.Str.     -0.000004 a.u.    -0.0018 [10**(-40) cgs]                            
               Excited State   S50:     Rot.Str.     -0.000266 a.u.    -0.1253 [10**(-40) cgs]                            
               Excited State   S51:     Rot.Str.      0.000119 a.u.     0.0559 [10**(-40) cgs]                            
               Excited State   S52:     Rot.Str.      0.000003 a.u.     0.0015 [10**(-40) cgs]                            
               Excited State   S53:     Rot.Str.      0.000030 a.u.     0.0143 [10**(-40) cgs]                            
               Excited State   S54:     Rot.Str.      0.000016 a.u.     0.0077 [10**(-40) cgs]                            
               Excited State   S55:     Rot.Str.     -0.000014 a.u.    -0.0068 [10**(-40) cgs]                            
               Excited State   S56:     Rot.Str.      0.000090 a.u.     0.0423 [10**(-40) cgs]                            
               Excited State   S57:     Rot.Str.      0.000028 a.u.     0.0132 [10**(-40) cgs]                            
               Excited State   S58:     Rot.Str.     -0.000008 a.u.    -0.0036 [10**(-40) cgs]                            
               Excited State   S59:     Rot.Str.     -0.000050 a.u.    -0.0237 [10**(-40) cgs]                            
               Excited State   S60:     Rot.Str.     -0.000080 a.u.    -0.0379 [10**(-40) cgs]                            
               Excited State   S61:     Rot.Str.     -0.000041 a.u.    -0.0194 [10**(-40) cgs]                            
               Excited State   S62:     Rot.Str.     -0.000067 a.u.    -0.0314 [10**(-40) cgs]                            
               Excited State   S63:     Rot.Str.      0.000141 a.u.     0.0666 [10**(-40) cgs]                            
               Excited State   S64:     Rot.Str.     -0.000032 a.u.    -0.0149 [10**(-40) cgs]                            
               Excited State   S65:     Rot.Str.     -0.000069 a.u.    -0.0325 [10**(-40) cgs]                            
               Excited State   S66:     Rot.Str.     -0.000008 a.u.    -0.0038 [10**(-40) cgs]                            
               Excited State   S67:     Rot.Str.     -0.000042 a.u.    -0.0197 [10**(-40) cgs]                            
               Excited State   S68:     Rot.Str.      0.000143 a.u.     0.0675 [10**(-40) cgs]                            
               Excited State   S69:     Rot.Str.     -0.000058 a.u.    -0.0276 [10**(-40) cgs]                            
               Excited State   S70:     Rot.Str.     -0.000099 a.u.    -0.0466 [10**(-40) cgs]                            
               Excited State   S71:     Rot.Str.      0.000023 a.u.     0.0109 [10**(-40) cgs]                            
               Excited State   S72:     Rot.Str.     -0.000012 a.u.    -0.0056 [10**(-40) cgs]                            
               Excited State   S73:     Rot.Str.      0.000019 a.u.     0.0091 [10**(-40) cgs]                            
               Excited State   S74:     Rot.Str.      0.000275 a.u.     0.1298 [10**(-40) cgs]                            
               Excited State   S75:     Rot.Str.     -0.000325 a.u.    -0.1530 [10**(-40) cgs]                            
                                                                                                                          
               Character of excitations:                                                                                  
                                                                                                                          
               Excited state 1                                                                                            
               ---------------                                                                                            
               core_9   -> LUMO         0.8629                                                                            
               core_9   -> LUMO+5      -0.3045                                                                            
               core_9   -> LUMO+8      -0.2846                                                                            
                                                                                                                          
               Excited state 2                                                                                            
               ---------------                                                                                            
               core_8   -> LUMO        -0.8323                                                                            
               core_8   -> LUMO+1       0.3384                                                                            
               core_8   -> LUMO+8       0.2798                                                                            
                                                                                                                          
               Excited state 3                                                                                            
               ---------------                                                                                            
               core_6   -> LUMO         0.7778                                                                            
               core_6   -> LUMO+1      -0.5078                                                                            
                                                                                                                          
               Excited state 4                                                                                            
               ---------------                                                                                            
               core_7   -> LUMO+1      -0.7922                                                                            
               core_7   -> LUMO         0.3937                                                                            
               core_7   -> LUMO+2      -0.2794                                                                            
               core_7   -> LUMO+5       0.2423                                                                            
                                                                                                                          
               Excited state 5                                                                                            
               ---------------                                                                                            
               core_5   -> LUMO        -0.7308                                                                            
               core_5   -> LUMO+1      -0.6123                                                                            
                                                                                                                          
               Excited state 6                                                                                            
               ---------------                                                                                            
               core_9   -> LUMO+1       0.8920                                                                            
               core_9   -> LUMO+2       0.2777                                                                            
               core_9   -> LUMO+5      -0.2451                                                                            
                                                                                                                          
               Excited state 7                                                                                            
               ---------------                                                                                            
               core_4   -> LUMO        -0.9636                                                                            
                                                                                                                          
               Excited state 8                                                                                            
               ---------------                                                                                            
               core_3   -> LUMO        -0.8693                                                                            
               core_3   -> LUMO+8      -0.2709                                                                            
               core_3   -> LUMO+5      -0.2687                                                                            
               core_3   -> LUMO+1      -0.2047                                                                            
                                                                                                                          
               Excited state 9                                                                                            
               ---------------                                                                                            
               core_7   -> LUMO        -0.8473                                                                            
               core_7   -> LUMO+5       0.3116                                                                            
               core_7   -> LUMO+8       0.2582                                                                            
               core_7   -> LUMO+1      -0.2558                                                                            
                                                                                                                          
               Excited state 10                                                                                           
               ----------------                                                                                           
               core_5   -> LUMO+1      -0.6833                                                                            
               core_5   -> LUMO         0.6519                                                                            
                                                                                                                          
               Excited state 11                                                                                           
               ----------------                                                                                           
               core_8   -> LUMO+1      -0.8754                                                                            
               core_8   -> LUMO        -0.3529                                                                            
                                                                                                                          
               Excited state 12                                                                                           
               ----------------                                                                                           
               core_6   -> LUMO+1       0.7139                                                                            
               core_6   -> LUMO         0.5255                                                                            
               core_6   -> LUMO+5      -0.3221                                                                            
               core_6   -> LUMO+2       0.2529                                                                            
                                                                                                                          
               Excited state 13                                                                                           
               ----------------                                                                                           
               core_4   -> LUMO+1       0.8958                                                                            
               core_4   -> LUMO+2       0.2900                                                                            
               core_4   -> LUMO+5      -0.2544                                                                            
                                                                                                                          
               Excited state 14                                                                                           
               ----------------                                                                                           
               core_9   -> LUMO+2      -0.6252                                                                            
               core_9   -> LUMO+4       0.3607                                                                            
               core_8   -> LUMO+2      -0.3599                                                                            
               core_9   -> LUMO+3      -0.3000                                                                            
               core_9   -> LUMO+6      -0.2841                                                                            
               core_9   -> LUMO+1       0.2109                                                                            
                                                                                                                          
               Excited state 15                                                                                           
               ----------------                                                                                           
               core_8   -> LUMO+2      -0.7496                                                                            
               core_9   -> LUMO+2       0.2909                                                                            
               core_8   -> LUMO+3      -0.2545                                                                            
               core_8   -> LUMO+9       0.2337                                                                            
                                                                                                                          
               Excited state 16                                                                                           
               ----------------                                                                                           
               core_5   -> LUMO+2       0.8076                                                                            
               core_5   -> LUMO+9      -0.2947                                                                            
               core_5   -> LUMO+6      -0.2472                                                                            
               core_5   -> LUMO+10     -0.2176                                                                            
                                                                                                                          
               Excited state 17                                                                                           
               ----------------                                                                                           
               core_7   -> LUMO+4      -0.7018                                                                            
               core_7   -> LUMO+2       0.4689                                                                            
               core_7   -> LUMO+7      -0.2551                                                                            
               core_7   -> LUMO+3       0.2336                                                                            
                                                                                                                          
               Excited state 18                                                                                           
               ----------------                                                                                           
               core_4   -> LUMO+8       0.6228                                                                            
               core_4   -> LUMO+5       0.6061                                                                            
               core_4   -> LUMO+1       0.2570                                                                            
               core_4   -> LUMO+7      -0.2084                                                                            
                                                                                                                          
               Excited state 19                                                                                           
               ----------------                                                                                           
               core_6   -> LUMO+4      -0.5933                                                                            
               core_6   -> LUMO+2       0.4399                                                                            
               core_6   -> LUMO+7      -0.3584                                                                            
               core_6   -> LUMO+6      -0.3073                                                                            
                                                                                                                          
               Excited state 20                                                                                           
               ----------------                                                                                           
               core_5   -> LUMO+5      -0.6929                                                                            
               core_5   -> LUMO+8      -0.5707                                                                            
               core_5   -> LUMO+6       0.2226                                                                            
                                                                                                                          
               Excited state 21                                                                                           
               ----------------                                                                                           
               core_9   -> LUMO+4      -0.6269                                                                            
               core_9   -> LUMO+5       0.3909                                                                            
               core_9   -> LUMO+2      -0.3715                                                                            
               core_9   -> LUMO+1       0.2489                                                                            
               core_9   -> LUMO+6       0.2442                                                                            
               core_9   -> LUMO+9       0.2111                                                                            
               core_9   -> LUMO         0.2068                                                                            
                                                                                                                          
               Excited state 22                                                                                           
               ----------------                                                                                           
               core_9   -> LUMO+5      -0.5264                                                                            
               core_9   -> LUMO+8      -0.4306                                                                            
               core_9   -> LUMO        -0.3686                                                                            
               core_9   -> LUMO+4      -0.3081                                                                            
               core_9   -> LUMO+2      -0.2932                                                                            
               core_9   -> LUMO+6       0.2861                                                                            
                                                                                                                          
               Excited state 23                                                                                           
               ----------------                                                                                           
               core_8   -> LUMO+5      -0.6859                                                                            
               core_8   -> LUMO+8      -0.4793                                                                            
               core_8   -> LUMO        -0.3645                                                                            
               core_8   -> LUMO+6       0.2087                                                                            
                                                                                                                          
               Excited state 24                                                                                           
               ----------------                                                                                           
               core_8   -> LUMO+3       0.4209                                                                            
               core_5   -> LUMO+3       0.3433                                                                            
               core_8   -> LUMO+4      -0.3322                                                                            
               core_8   -> LUMO+9       0.3021                                                                            
               core_9   -> LUMO+9       0.2559                                                                            
               core_8   -> LUMO+7       0.2478                                                                            
               core_9   -> LUMO+3       0.2422                                                                            
               core_9   -> LUMO+7       0.2269                                                                            
                                                                                                                          
               Excited state 25                                                                                           
               ----------------                                                                                           
               core_4   -> LUMO+2       0.8231                                                                            
               core_4   -> LUMO+6      -0.3433                                                                            
               core_4   -> LUMO+1      -0.2443                                                                            
                                                                                                                          
               Excited state 26                                                                                           
               ----------------                                                                                           
               core_9   -> LUMO+9      -0.4280                                                                            
               core_5   -> LUMO+3       0.3903                                                                            
               core_9   -> LUMO+3      -0.3902                                                                            
               core_9   -> LUMO+7      -0.3702                                                                            
               core_9   -> LUMO+6       0.2240                                                                            
               core_5   -> LUMO+9       0.2104                                                                            
               core_9   -> LUMO+13     -0.2017                                                                            
                                                                                                                          
               Excited state 27                                                                                           
               ----------------                                                                                           
               core_5   -> LUMO+3       0.5013                                                                            
               core_8   -> LUMO+3      -0.3581                                                                            
               core_8   -> LUMO+4       0.3144                                                                            
               core_5   -> LUMO+9       0.2749                                                                            
               core_8   -> LUMO+9      -0.2622                                                                            
               core_5   -> LUMO+8       0.2260                                                                            
               core_8   -> LUMO+7      -0.2248                                                                            
                                                                                                                          
               Excited state 28                                                                                           
               ----------------                                                                                           
               core_3   -> LUMO+2      -0.7418                                                                            
               core_3   -> LUMO+1       0.2732                                                                            
               core_3   -> LUMO+6       0.2678                                                                            
               core_3   -> LUMO+10      0.2440                                                                            
               core_3   -> LUMO+11     -0.2424                                                                            
               core_3   -> LUMO+4      -0.2110                                                                            
               core_3   -> LUMO+3       0.2063                                                                            
                                                                                                                          
               Excited state 29                                                                                           
               ----------------                                                                                           
               core_6   -> LUMO+5      -0.6346                                                                            
               core_6   -> LUMO+8      -0.5263                                                                            
               core_6   -> LUMO+1      -0.2749                                                                            
               core_6   -> LUMO        -0.2671                                                                            
               core_6   -> LUMO+7       0.2317                                                                            
                                                                                                                          
               Excited state 30                                                                                           
               ----------------                                                                                           
               core_9   -> LUMO+6      -0.6116                                                                            
               core_9   -> LUMO+7      -0.4155                                                                            
               core_9   -> LUMO+8      -0.3446                                                                            
               core_9   -> LUMO+4      -0.3425                                                                            
               core_9   -> LUMO+2       0.2320                                                                            
               core_9   -> LUMO+10     -0.2188                                                                            
                                                                                                                          
               Excited state 31                                                                                           
               ----------------                                                                                           
               core_7   -> LUMO+2      -0.4743                                                                            
               core_7   -> LUMO+5       0.4480                                                                            
               core_7   -> LUMO+7      -0.4417                                                                            
               core_7   -> LUMO+1       0.3513                                                                            
               core_7   -> LUMO+3      -0.3080                                                                            
                                                                                                                          
               Excited state 32                                                                                           
               ----------------                                                                                           
               core_8   -> LUMO+6       0.6894                                                                            
               core_8   -> LUMO+9      -0.3986                                                                            
               core_8   -> LUMO+4      -0.3173                                                                            
               core_8   -> LUMO+3      -0.2801                                                                            
               core_8   -> LUMO+10      0.2616                                                                            
                                                                                                                          
               Excited state 33                                                                                           
               ----------------                                                                                           
               core_7   -> LUMO+6      -0.7976                                                                            
               core_7   -> LUMO+10      0.3477                                                                            
               core_7   -> LUMO+7      -0.2727                                                                            
                                                                                                                          
               Excited state 34                                                                                           
               ----------------                                                                                           
               core_4   -> LUMO+3       0.6005                                                                            
               core_4   -> LUMO+4      -0.4315                                                                            
               core_4   -> LUMO+9       0.3838                                                                            
               core_4   -> LUMO+6      -0.3308                                                                            
               core_4   -> LUMO+7       0.2898                                                                            
               core_4   -> LUMO+8       0.2106                                                                            
                                                                                                                          
               Excited state 35                                                                                           
               ----------------                                                                                           
               core_7   -> LUMO+9      -0.4634                                                                            
               core_7   -> LUMO+8      -0.4432                                                                            
               core_7   -> LUMO+3      -0.3227                                                                            
               core_7   -> LUMO+7      -0.2988                                                                            
               core_7   -> LUMO+4       0.2886                                                                            
               core_7   -> LUMO+1      -0.2633                                                                            
               core_7   -> LUMO+13     -0.2599                                                                            
                                                                                                                          
               Excited state 36                                                                                           
               ----------------                                                                                           
               core_8   -> LUMO+4       0.6411                                                                            
               core_8   -> LUMO+3       0.4478                                                                            
               core_8   -> LUMO+2      -0.3024                                                                            
               core_8   -> LUMO+11     -0.2589                                                                            
               core_8   -> LUMO+10      0.2418                                                                            
               core_8   -> LUMO+6       0.2041                                                                            
                                                                                                                          
               Excited state 37                                                                                           
               ----------------                                                                                           
               core_6   -> LUMO+3      -0.5037                                                                            
               core_6   -> LUMO+9      -0.4489                                                                            
               core_6   -> LUMO+8      -0.3852                                                                            
               core_6   -> LUMO+7      -0.3751                                                                            
               core_6   -> LUMO+4       0.2849                                                                            
               core_6   -> LUMO+13     -0.2156                                                                            
                                                                                                                          
               Excited state 38                                                                                           
               ----------------                                                                                           
               core_7   -> LUMO+2      -0.5484                                                                            
               core_7   -> LUMO+5      -0.4570                                                                            
               core_7   -> LUMO+8      -0.4283                                                                            
               core_7   -> LUMO+4      -0.3704                                                                            
               core_7   -> LUMO+9       0.2397                                                                            
               core_7   -> LUMO        -0.2205                                                                            
                                                                                                                          
               Excited state 39                                                                                           
               ----------------                                                                                           
               core_9   -> LUMO+3      -0.7278                                                                            
               core_9   -> LUMO+7       0.4494                                                                            
               core_9   -> LUMO+2       0.2668                                                                            
               core_9   -> LUMO+11      0.2414                                                                            
                                                                                                                          
               Excited state 40                                                                                           
               ----------------                                                                                           
               core_6   -> LUMO+2       0.7726                                                                            
               core_6   -> LUMO+4       0.3732                                                                            
               core_6   -> LUMO+10     -0.2530                                                                            
               core_6   -> LUMO+1      -0.2393                                                                            
               core_6   -> LUMO+8       0.2204                                                                            
                                                                                                                          
               Excited state 41                                                                                           
               ----------------                                                                                           
               core_5   -> LUMO+4      -0.5155                                                                            
               core_5   -> LUMO+3      -0.4717                                                                            
               core_5   -> LUMO+6      -0.3863                                                                            
               core_5   -> LUMO+7       0.3287                                                                            
               core_5   -> LUMO+15     -0.2504                                                                            
               core_5   -> LUMO+10     -0.2095                                                                            
                                                                                                                          
               Excited state 42                                                                                           
               ----------------                                                                                           
               core_9   -> LUMO+8       0.5896                                                                            
               core_9   -> LUMO+5      -0.4124                                                                            
               core_9   -> LUMO+7      -0.3311                                                                            
               core_9   -> LUMO+14      0.2764                                                                            
               core_9   -> LUMO+3      -0.2627                                                                            
               core_9   -> LUMO+12      0.2092                                                                            
                                                                                                                          
               Excited state 43                                                                                           
               ----------------                                                                                           
               core_3   -> LUMO+1      -0.8664                                                                            
               core_3   -> LUMO+2      -0.3171                                                                            
                                                                                                                          
               Excited state 44                                                                                           
               ----------------                                                                                           
               core_3   -> LUMO+3       0.7418                                                                            
               core_3   -> LUMO+6      -0.3572                                                                            
               core_3   -> LUMO+9      -0.2782                                                                            
               core_3   -> LUMO+1       0.2276                                                                            
               core_3   -> LUMO+5      -0.2116                                                                            
                                                                                                                          
               Excited state 45                                                                                           
               ----------------                                                                                           
               core_8   -> LUMO+8       0.5284                                                                            
               core_8   -> LUMO+5      -0.5014                                                                            
               core_8   -> LUMO+7      -0.4897                                                                            
                                                                                                                          
               Excited state 46                                                                                           
               ----------------                                                                                           
               core_5   -> LUMO+6       0.6001                                                                            
               core_5   -> LUMO+4      -0.4113                                                                            
               core_5   -> LUMO+8       0.2948                                                                            
               core_5   -> LUMO+2       0.2690                                                                            
               core_5   -> LUMO+10      0.2677                                                                            
               core_5   -> LUMO+9      -0.2116                                                                            
                                                                                                                          
               Excited state 47                                                                                           
               ----------------                                                                                           
               core_8   -> LUMO+7      -0.6043                                                                            
               core_8   -> LUMO+3       0.4517                                                                            
               core_8   -> LUMO+8      -0.3656                                                                            
               core_8   -> LUMO+4      -0.3260                                                                            
               core_8   -> LUMO+5       0.2533                                                                            
                                                                                                                          
               Excited state 48                                                                                           
               ----------------                                                                                           
               core_6   -> LUMO+6      -0.7916                                                                            
               core_6   -> LUMO+4       0.3942                                                                            
               core_6   -> LUMO+10      0.2648                                                                            
               core_6   -> LUMO+5      -0.2445                                                                            
               core_6   -> LUMO+11      0.2084                                                                            
                                                                                                                          
               Excited state 49                                                                                           
               ----------------                                                                                           
               core_9   -> LUMO+10     -0.7804                                                                            
               core_9   -> LUMO+9       0.3220                                                                            
               core_9   -> LUMO+4       0.2805                                                                            
               core_9   -> LUMO+6       0.2261                                                                            
                                                                                                                          
               Excited state 50                                                                                           
               ----------------                                                                                           
               core_5   -> LUMO+5       0.6309                                                                            
               core_5   -> LUMO+8      -0.5196                                                                            
               core_5   -> LUMO+7       0.4300                                                                            
                                                                                                                          
               Excited state 51                                                                                           
               ----------------                                                                                           
               core_4   -> LUMO+4       0.7271                                                                            
               core_4   -> LUMO+7       0.3877                                                                            
               core_4   -> LUMO+10     -0.2930                                                                            
               core_4   -> LUMO+8       0.2740                                                                            
                                                                                                                          
               Excited state 52                                                                                           
               ----------------                                                                                           
               core_7   -> LUMO+3       0.8309                                                                            
               core_7   -> LUMO+4       0.2745                                                                            
               core_7   -> LUMO+7      -0.2353                                                                            
               core_7   -> LUMO+13     -0.2273                                                                            
                                                                                                                          
               Excited state 53                                                                                           
               ----------------                                                                                           
               core_5   -> LUMO+7      -0.5516                                                                            
               core_5   -> LUMO+4      -0.4767                                                                            
               core_5   -> LUMO+9       0.3224                                                                            
               core_5   -> LUMO+15      0.2887                                                                            
                                                                                                                          
               Excited state 54                                                                                           
               ----------------                                                                                           
               core_3   -> LUMO+5      -0.6147                                                                            
               core_3   -> LUMO+8      -0.5133                                                                            
               core_3   -> LUMO         0.4422                                                                            
               core_3   -> LUMO+7       0.2078                                                                            
                                                                                                                          
               Excited state 55                                                                                           
               ----------------                                                                                           
               core_9   -> LUMO+9      -0.4559                                                                            
               core_9   -> LUMO+6      -0.4428                                                                            
               core_9   -> LUMO+10     -0.3533                                                                            
               core_9   -> LUMO+11      0.3297                                                                            
               core_9   -> LUMO+7       0.3162                                                                            
               core_9   -> LUMO+13     -0.2278                                                                            
                                                                                                                          
               Excited state 56                                                                                           
               ----------------                                                                                           
               core_5   -> LUMO+9      -0.5965                                                                            
               core_5   -> LUMO+4      -0.4277                                                                            
               core_5   -> LUMO+3       0.3982                                                                            
               core_5   -> LUMO+2      -0.2562                                                                            
               core_5   -> LUMO+7      -0.2403                                                                            
               core_5   -> LUMO+6      -0.2103                                                                            
                                                                                                                          
               Excited state 57                                                                                           
               ----------------                                                                                           
               core_7   -> LUMO+8       0.5185                                                                            
               core_7   -> LUMO+7      -0.4743                                                                            
               core_7   -> LUMO+5      -0.3837                                                                            
               core_7   -> LUMO+14      0.3028                                                                            
               core_7   -> LUMO+15     -0.2137                                                                            
               core_7   -> LUMO+16      0.2010                                                                            
                                                                                                                          
               Excited state 58                                                                                           
               ----------------                                                                                           
               core_6   -> LUMO+3       0.7796                                                                            
               core_6   -> LUMO+9      -0.3521                                                                            
               core_6   -> LUMO+4       0.2878                                                                            
               core_6   -> LUMO+13     -0.2301                                                                            
                                                                                                                          
               Excited state 59                                                                                           
               ----------------                                                                                           
               core_8   -> LUMO+9      -0.5185                                                                            
               core_8   -> LUMO+6      -0.4315                                                                            
               core_8   -> LUMO+7       0.3132                                                                            
               core_8   -> LUMO+2      -0.2878                                                                            
               core_8   -> LUMO+4      -0.2370                                                                            
                                                                                                                          
               Excited state 60                                                                                           
               ----------------                                                                                           
               core_4   -> LUMO+3       0.7025                                                                            
               core_4   -> LUMO+7      -0.3472                                                                            
               core_4   -> LUMO+9      -0.3288                                                                            
               core_4   -> LUMO+6       0.2858                                                                            
                                                                                                                          
               Excited state 61                                                                                           
               ----------------                                                                                           
               core_7   -> LUMO+10      0.6187                                                                            
               core_7   -> LUMO+9      -0.4364                                                                            
               core_7   -> LUMO+11      0.4219                                                                            
               core_7   -> LUMO+4      -0.2612                                                                            
               core_7   -> LUMO+13     -0.2007                                                                            
                                                                                                                          
               Excited state 62                                                                                           
               ----------------                                                                                           
               core_9   -> LUMO+11     -0.5888                                                                            
               core_9   -> LUMO+14      0.4284                                                                            
               core_9   -> LUMO+7       0.3660                                                                            
               core_9   -> LUMO+12      0.3042                                                                            
                                                                                                                          
               Excited state 63                                                                                           
               ----------------                                                                                           
               core_4   -> LUMO+6       0.7250                                                                            
               core_4   -> LUMO+2       0.3933                                                                            
               core_4   -> LUMO+9       0.2925                                                                            
               core_4   -> LUMO+4      -0.2770                                                                            
                                                                                                                          
               Excited state 64                                                                                           
               ----------------                                                                                           
               core_6   -> LUMO+7      -0.5424                                                                            
               core_6   -> LUMO+5      -0.5386                                                                            
               core_6   -> LUMO+8       0.4696                                                                            
               core_6   -> LUMO+1      -0.2083                                                                            
                                                                                                                          
               Excited state 65                                                                                           
               ----------------                                                                                           
               core_4   -> LUMO+5      -0.6407                                                                            
               core_4   -> LUMO+8       0.5100                                                                            
               core_4   -> LUMO+7      -0.4850                                                                            
                                                                                                                          
               Excited state 66                                                                                           
               ----------------                                                                                           
               core_3   -> LUMO+7       0.4025                                                                            
               core_3   -> LUMO+15     -0.3719                                                                            
               core_3   -> LUMO+4      -0.3663                                                                            
               core_3   -> LUMO+8       0.3384                                                                            
               core_3   -> LUMO+6      -0.3354                                                                            
               core_3   -> LUMO+3      -0.2570                                                                            
               core_3   -> LUMO+16     -0.2253                                                                            
               core_3   -> LUMO+12     -0.2149                                                                            
                                                                                                                          
               Excited state 67                                                                                           
               ----------------                                                                                           
               core_8   -> LUMO+10     -0.6712                                                                            
               core_8   -> LUMO+11      0.4430                                                                            
               core_8   -> LUMO+6       0.3238                                                                            
                                                                                                                          
               Excited state 68                                                                                           
               ----------------                                                                                           
               core_9   -> LUMO+11     -0.5236                                                                            
               core_9   -> LUMO+14     -0.4111                                                                            
               core_9   -> LUMO+16     -0.3504                                                                            
               core_9   -> LUMO+8       0.2737                                                                            
               core_9   -> LUMO+17     -0.2713                                                                            
               core_9   -> LUMO+15      0.2389                                                                            
                                                                                                                          
               Excited state 69                                                                                           
               ----------------                                                                                           
               core_7   -> LUMO+10     -0.5359                                                                            
               core_7   -> LUMO+6      -0.4264                                                                            
               core_7   -> LUMO+5      -0.3331                                                                            
               core_7   -> LUMO+11      0.2549                                                                            
               core_7   -> LUMO+8       0.2498                                                                            
               core_7   -> LUMO+12     -0.2372                                                                            
               core_7   -> LUMO+13     -0.2361                                                                            
                                                                                                                          
               Excited state 70                                                                                           
               ----------------                                                                                           
               core_6   -> LUMO+9       0.4588                                                                            
               core_6   -> LUMO+7      -0.3774                                                                            
               core_6   -> LUMO+11     -0.3715                                                                            
               core_6   -> LUMO+8      -0.3682                                                                            
               core_6   -> LUMO+4       0.2797                                                                            
               core_6   -> LUMO+12      0.2437                                                                            
                                                                                                                          
               Excited state 71                                                                                           
               ----------------                                                                                           
               core_8   -> LUMO+11     -0.5601                                                                            
               core_8   -> LUMO+10     -0.4865                                                                            
               core_8   -> LUMO+9       0.2846                                                                            
               core_8   -> LUMO+17      0.2501                                                                            
                                                                                                                          
               Excited state 72                                                                                           
               ----------------                                                                                           
               core_3   -> LUMO+9       0.7647                                                                            
               core_3   -> LUMO+3       0.3542                                                                            
               core_3   -> LUMO+13     -0.2898                                                                            
               core_3   -> LUMO+12      0.2243                                                                            
                                                                                                                          
               Excited state 73                                                                                           
               ----------------                                                                                           
               core_4   -> LUMO+9      -0.7077                                                                            
               core_4   -> LUMO+7       0.4104                                                                            
               core_4   -> LUMO+4      -0.2896                                                                            
               core_4   -> LUMO+8       0.2208                                                                            
                                                                                                                          
               Excited state 74                                                                                           
               ----------------                                                                                           
               core_7   -> LUMO+14     -0.5039                                                                            
               core_7   -> LUMO+16     -0.4168                                                                            
               core_7   -> LUMO+7      -0.3410                                                                            
               core_7   -> LUMO+9       0.2943                                                                            
               core_7   -> LUMO+15      0.2710                                                                            
               core_7   -> LUMO+8       0.2006                                                                            
                                                                                                                          
               Excited state 75                                                                                           
               ----------------                                                                                           
               core_6   -> LUMO+10      0.7746                                                                            
               core_6   -> LUMO+6       0.3695                                                                            
               core_6   -> LUMO+9       0.3407                                                                            
                                                                                                                          
!========================================================================================================================!
!                               VeloxChem execution completed at Mon Jun  8 09:09:29 2026.                               !
!========================================================================================================================!
!                                          Total execution time is 258.77 sec.                                           !
!========================================================================================================================!
!                     Rinkevicius, Z.; Li, X.; Vahtras, O.; Ahmadzadeh, K.; Brand, M.; Ringholm, M.;                     !
!                              List, N. H.; Scheurer, M.; Scott, M.; Dreuw, A.; Norman, P.                               !
!                     VeloxChem: A Python-driven Density-functional Theory Program for Spectroscopy                      !
!                                Simulations in High-performance Computing Environments.                                 !
!                                       WIREs Comput Mol Sci 2020, 10 (5), e1457.                                        !
!========================================================================================================================!
