!========================================================================================================================!
!                                                                                                                        !
!                                                       VELOXCHEM                                                        !
!                                              AN ELECTRONIC STRUCTURE CODE                                              !
!                                                                                                                        !
!                                        Copyright 2018-2025 VeloxChem developers                                        !
!========================================================================================================================!
!                     VeloxChem execution started on 192 MPI processes at Mon Jun  8 09:19:04 2026.                      !
!========================================================================================================================!
                                                                                                                          
* Info * Using 1 OpenMP threads per MPI process.                                                                          
                                                                                                                          
* Info * Reading input file 0293_c1s.in...                                                                                
                                                                                                                          
* Info * @jobs                                                                                                            
* Info * task: response                                                                                                   
* Info * @end                                                                                                             
                                                                                                                          
* Info * @method_settings                                                                                                 
* Info * basis: def2-tzvpd                                                                                                
* Info * xcfun: cam-b3lyp                                                                                                 
* Info * @end                                                                                                             
                                                                                                                          
* Info * @response                                                                                                        
* Info * property: absorption                                                                                             
* Info * tamm_dancoff: no                                                                                                 
* Info * nstates: 75                                                                                                      
* Info * core_excitation: yes                                                                                             
* Info * num_core_orbitals: 9                                                                                             
* Info * @end                                                                                                             
                                                                                                                          
                                              Molecular Geometry (Angstroms)                                              
                                             ================================                                             
                                                                                                                          
                          Atom         Coordinate X          Coordinate Y          Coordinate Z                           
                                                                                                                          
                           S          -1.803715642400        1.372808849900        0.069293970900                         
                           N          -1.494533542200       -1.199083770000       -0.029224560600                         
                           C          -0.267474903800        0.755964813400       -0.094675342700                         
                           C          -0.261012684700       -0.659671432300       -0.148674388900                         
                           C           1.043915141200        1.382251813000       -0.093764815000                         
                           C           0.919145774200       -1.327445213100        0.024943305600                         
                           C           2.124028888300        0.689520691800        0.035375235800                         
                           C           2.202858644600       -0.755403078600        0.111937064200                         
                           C          -2.426100696000       -0.179781007500        0.002946573300                         
                           H           1.137086224800        2.497874166800       -0.220191025300                         
                           H           0.829952124400       -2.433848443600        0.138833425800                         
                           H           3.110203302400        1.072466272500       -0.023591422700                         
                           H           3.104254151100       -1.269326088700        0.133668479400                         
                           H          -3.502475837300       -0.360826997100        0.104613881400                         
                                                                                                                          
                          Molecular charge            : 0                                                                 
                          Spin multiplicity           : 1                                                                 
                          Number of atoms             : 14                                                                
                          Number of alpha electrons   : 35                                                                
                          Number of beta  electrons   : 35                                                                
                                                                                                                          
* Info * Reading basis set from file: /net/home/plgrid/plgiubru7/software/vlx-cpu/cpuvlxenv/lib/python3.11/site-packages/veloxchem/basis/DEF2-TZVPD
                                                                                                                          
                                              Molecular Basis (Atomic Basis)                                              
                                             ================================                                             
                                                                                                                          
                               Basis: DEF2-TZVPD                                                                          
                                                                                                                          
                               Atom Contracted GTOs           Primitive GTOs                                              
                                                                                                                          
                               S     (6S,6P,3D,1F)             (15S,10P,4D,1F)                                            
                               N     (6S,3P,3D,1F)             (12S,6P,3D,1F)                                             
                               C     (6S,3P,3D,1F)             (12S,6P,3D,1F)                                             
                               H     (3S,2P)                   (5S,2P)                                                    
                                                                                                                          
                               Contracted Basis Functions : 387                                                           
                               Primitive Basis Functions  : 543                                                           
                                                                                                                          
                                                                                                                          
                                            Self Consistent Field Driver Setup                                            
                                           ====================================                                           
                                                                                                                          
                   Wave Function Model             : Spin-Restricted Kohn-Sham                                            
                   Initial Guess Model             : Restart from Checkpoint                                              
                   Convergence Accelerator         : Direct Inversion of Iterative Subspace                               
                   Max. Number of Iterations       : 50                                                                   
                   Max. Number of Error Vectors    : 10                                                                   
                   Convergence Threshold           : 1.0e-06                                                              
                   ERI Screening Threshold         : 1.0e-12                                                              
                   Linear Dependence Threshold     : 1.0e-06                                                              
                   Exchange-Correlation Functional : CAM-B3LYP                                                            
                   Molecular Grid Level            : 4                                                                    
                                                                                                                          
* Info * Nuclear repulsion energy: 474.8774230861 a.u.                                                                    
                                                                                                                          
* Info * Using the CAM-B3LYP functional.                                                                                  
                                                                                                                          
         T. Yanai, D. P. Tew, and N. C. Handy.,  Chem. Phys. Lett. 393, 51 (2004)
                                                                                                                          
* Info * Using the Libxc library (v7.0.0).                                                                                
                                                                                                                          
         S. Lehtola, C. Steigemann, M. J.T. Oliveira, and M. A.L. Marques.,  SoftwareX 7, 1–5 (2018)
                                                                                                                          
* Info * Using the following algorithm for XC numerical integration.                                                      
                                                                                                                          
         J. Kussmann, H. Laqua and C. Ochsenfeld, J. Chem. Theory Comput. 2021, 17, 1512-1521
                                                                                                                          
* Info * Molecular grid with 210375 points generated in 0.48 sec.                                                         
                                                                                                                          
* Info * Restarting from checkpoint file: 0293_c1s_scf.h5                                                                 
                                                                                                                          
* Info * Overlap matrix computed in 0.00 sec.                                                                             
                                                                                                                          
* Info * Kinetic energy matrix computed in 0.00 sec.                                                                      
                                                                                                                          
* Info * Nuclear potential matrix computed in 0.01 sec.                                                                   
                                                                                                                          
* Info * Orthogonalization matrix computed in 0.01 sec.                                                                   
                                                                                                                          
* Info * Removed 1 linearly dependent vector.                                                                             
                                                                                                                          
* Info * ERI screening threshold tightened to 1.0e-13.                                                                    
                                                                                                                          
                                                                                                                          
               Iter. |    Kohn-Sham Energy | Energy Change | Gradient Norm | Max. Gradient | Density Change               
               --------------------------------------------------------------------------------------------               
                  1      -722.620685163696    0.0000000000      0.00000070      0.00000002      0.00000000                
                                                                                                                          
* Info * Checkpoint written to file: 0293_c1s_scf.h5                                                                      
                                                                                                                          
* Info * SCF results written to file: 0293_c1s.h5                                                                         
                                                                                                                          
               *** SCF converged in 1 iterations. Time: 2.96 sec.                                                         
                                                                                                                          
               Spin-Restricted Kohn-Sham:                                                                                 
               --------------------------                                                                                 
               Total Energy                       :     -722.6206851637 a.u.                                              
               Electronic Energy                  :    -1197.4981082498 a.u.                                              
               Nuclear Repulsion Energy           :      474.8774230861 a.u.                                              
               ------------------------------------                                                                       
               Gradient Norm                      :        0.0000006994 a.u.                                              
                                                                                                                          
                                                                                                                          
               Ground State Information                                                                                   
               ------------------------                                                                                   
               Charge of Molecule            :  0.0                                                                       
               Multiplicity (2S+1)           :  1                                                                         
               Magnetic Quantum Number (M_S) :  0.0                                                                       
                                                                                                                          
                                                                                                                          
                                                 Spin Restricted Orbitals                                                 
                                                 ------------------------                                                 
                                                                                                                          
               Molecular Orbital No.  31:                                                                                 
               --------------------------                                                                                 
               Occupation: 2.000 Energy:   -0.39539 a.u.                                                                  
               (   1 S   4p-1:     0.16) (   6 C   1p-1:    -0.17) (   7 C   1p-1:    -0.19)                              
               (   8 C   1p-1:     0.19) (   8 C   3p-1:     0.20)                                                        
                                                                                                                          
               Molecular Orbital No.  32:                                                                                 
               --------------------------                                                                                 
               Occupation: 2.000 Energy:   -0.38053 a.u.                                                                  
               (   1 S   4p0 :     0.31) (   1 S   5p0 :     0.19) (   2 N   1p0 :    -0.20)                              
               (   2 N   2p0 :    -0.17) (   3 C   6s  :    -0.18) (   4 C   5s  :     0.16)                              
               (   4 C   6s  :     0.18) (   4 C   1p0 :    -0.16)                                                        
                                                                                                                          
               Molecular Orbital No.  33:                                                                                 
               --------------------------                                                                                 
               Occupation: 2.000 Energy:   -0.34835 a.u.                                                                  
               (   1 S   4p-1:     0.16) (   2 N   4s  :    -0.20) (   2 N   5s  :    -0.41)                              
               (   2 N   6s  :    -0.32) (   2 N   1p-1:     0.35) (   2 N   2p-1:     0.26)                              
               (   2 N   3p-1:     0.17) (   4 C   5s  :     0.24) (   4 C   3p-1:    -0.21)                              
                                                                                                                          
               Molecular Orbital No.  34:                                                                                 
               --------------------------                                                                                 
               Occupation: 2.000 Energy:   -0.30238 a.u.                                                                  
               (   3 C   1p0 :    -0.20) (   3 C   2p0 :    -0.18) (   4 C   1p0 :    -0.18)                              
               (   4 C   2p0 :    -0.16) (   7 C   1p0 :     0.19) (   7 C   2p0 :     0.17)                              
               (   9 C   1p0 :     0.22) (   9 C   2p0 :     0.20)                                                        
                                                                                                                          
               Molecular Orbital No.  35:                                                                                 
               --------------------------                                                                                 
               Occupation: 2.000 Energy:   -0.29466 a.u.                                                                  
               (   1 S   4p0 :     0.25) (   1 S   5p0 :     0.17) (   4 C   5s  :     0.25)                              
               (   5 C   1p0 :    -0.19) (   5 C   2p0 :    -0.16) (   5 C   3p0 :    -0.15)                              
               (   6 C   1p0 :     0.20) (   6 C   2p0 :     0.17) (   7 C   3p-1:     0.15)                              
               (   8 C   1p0 :     0.21) (   8 C   2p0 :     0.18)                                                        
                                                                                                                          
               Molecular Orbital No.  36:                                                                                 
               --------------------------                                                                                 
               Occupation: 0.000 Energy:   -0.00739 a.u.                                                                  
               (   1 S   4p0 :    -0.21) (   1 S   5p0 :    -0.20) (   2 N   6s  :     0.18)                              
               (   2 N   1p0 :    -0.21) (   2 N   2p0 :    -0.18) (   2 N   3p0 :    -0.15)                              
               (   3 C   5s  :    -0.18) (   3 C   3p+1:     0.31) (   3 C   3p-1:     0.25)                              
               (   3 C   3d+2:     0.21) (   4 C   3p+1:    -0.33) (   4 C   3p-1:     0.47)                              
               (   5 C   5s  :     0.36) (   5 C   3p+1:     0.33) (   5 C   3p-1:     0.16)                              
               (   6 C   5s  :     0.63) (   6 C   3p+1:    -0.29) (   6 C   3p-1:     0.23)                              
               (   7 C   6s  :    -0.19) (   7 C   3p+1:     0.17) (   7 C   3p-1:    -0.39)                              
               (   7 C   3d-2:     0.24) (   8 C   5s  :    -0.63) (   8 C   3p+1:     0.21)                              
               (   8 C   3p-1:    -0.31) (   8 C   3d-2:     0.17) (   9 C   6s  :    -0.20)                              
               (   9 C   1p0 :     0.29) (   9 C   2p0 :     0.28) (   9 C   3p0 :     0.22)                              
               (  12 H   3s  :    -0.32)                                                                                  
                                                                                                                          
               Molecular Orbital No.  37:                                                                                 
               --------------------------                                                                                 
               Occupation: 0.000 Energy:    0.00617 a.u.                                                                  
               (   1 S   6s  :     0.35) (   1 S   5p0 :    -0.21) (   1 S   6p0 :    -0.21)                              
               (   3 C   6s  :    -0.56) (   3 C   1p0 :     0.25) (   3 C   2p0 :     0.24)                              
               (   3 C   3p+1:    -0.27) (   3 C   3p0 :     0.21) (   4 C   5s  :     0.68)                              
               (   4 C   3p+1:     0.41) (   4 C   3p-1:     0.30) (   4 C   3d+2:     0.40)                              
               (   4 C   3d-2:     0.21) (   5 C   5s  :    -0.24) (   5 C   3p+1:    -0.29)                              
               (   5 C   3d+2:    -0.18) (   6 C   5s  :    -0.41) (   6 C   6s  :     0.44)                              
               (   6 C   1p0 :    -0.17) (   6 C   2p0 :    -0.16) (   6 C   3p-1:    -0.42)                              
               (   6 C   3d+2:     0.33) (   6 C   3d-2:     0.20) (   7 C   5s  :     0.15)                              
               (   7 C   6s  :     0.27) (   7 C   3p-1:     0.33) (   7 C   3d-2:    -0.20)                              
               (   8 C   5s  :    -0.16) (   8 C   1p0 :     0.23) (   8 C   2p0 :     0.22)                              
               (   8 C   3p-1:     0.25) (   8 C   3d-2:    -0.17) (  10 H   3s  :    -0.25)                              
               (  11 H   3s  :     0.33) (  12 H   3s  :     0.17) (  13 H   3s  :    -0.20)                              
               (  14 H   3s  :    -0.23)                                                                                  
                                                                                                                          
               Molecular Orbital No.  38:                                                                                 
               --------------------------                                                                                 
               Occupation: 0.000 Energy:    0.02233 a.u.                                                                  
               (   1 S   5s  :    -0.44) (   1 S   6s  :    -2.14) (   1 S   5p+1:    -1.15)                              
               (   1 S   5p-1:    -0.40) (   1 S   6p+1:    -1.68) (   1 S   6p-1:    -0.27)                              
               (   1 S   3d+2:    -0.24) (   2 N   5s  :     0.42) (   2 N   6s  :     1.07)                              
               (   2 N   3p+1:     0.24) (   3 C   5s  :    -0.92) (   3 C   6s  :     6.22)                              
               (   3 C   3p+1:    -0.92) (   3 C   3p-1:     0.74) (   3 C   3d-1:     0.16)                              
               (   3 C   3d-2:    -0.25) (   3 C   3d0 :    -0.53) (   4 C   5s  :    -1.82)                              
               (   4 C   6s  :    -2.04) (   4 C   3p+1:     0.25) (   4 C   3d+2:    -0.90)                              
               (   4 C   3d-1:     0.21) (   4 C   3d-2:    -0.62) (   5 C   5s  :     0.61)                              
               (   5 C   6s  :    -0.49) (   5 C   3d-2:     0.80) (   6 C   5s  :    -1.84)                              
               (   6 C   6s  :     0.21) (   6 C   3p+1:    -0.46) (   6 C   3p-1:     0.64)                              
               (   6 C   3d+1:    -0.18) (   6 C   3d+2:    -0.20) (   6 C   3d-2:    -0.48)                              
               (   7 C   4s  :     0.28) (   7 C   5s  :     1.69) (   7 C   6s  :    -1.10)                              
               (   7 C   3p+1:    -0.38) (   7 C   3p-1:    -0.52) (   7 C   3d+2:     0.17)                              
               (   7 C   3d-2:     0.37) (   8 C   4s  :     0.16) (   8 C   5s  :     0.17)                              
               (   8 C   6s  :    -0.23) (   8 C   3p+1:    -0.69) (   8 C   3p-1:    -0.30)                              
               (   8 C   3d+2:     0.23) (   8 C   3d-2:     0.63) (   8 C   3d0 :     0.18)                              
               (   9 C   4s  :    -0.17) (   9 C   6s  :    -0.79) (   9 C   3p-1:    -0.66)                              
               (   9 C   3d+2:     0.21) (   9 C   3d-2:    -0.50) (  10 H   3s  :    -0.29)                              
               (  10 H   2p+1:    -0.29) (  11 H   3s  :     0.42) (  11 H   2p-1:     0.17)                              
               (  13 H   3s  :     1.48) (  13 H   2p+1:    -0.24) (  14 H   3s  :    -0.15)                              
               (  14 H   2p-1:    -0.25)                                                                                  
                                                                                                                          
               Molecular Orbital No.  39:                                                                                 
               --------------------------                                                                                 
               Occupation: 0.000 Energy:    0.02557 a.u.                                                                  
               (   1 S   5s  :    -0.39) (   1 S   6s  :    -3.83) (   1 S   5p+1:    -0.36)                              
               (   1 S   5p-1:     0.57) (   1 S   6p+1:    -0.71) (   1 S   6p-1:     1.50)                              
               (   1 S   6p0 :     0.15) (   1 S   3d0 :     0.31) (   2 N   5s  :    -0.45)                              
               (   2 N   6s  :    -1.41) (   3 C   5s  :     1.81) (   3 C   6s  :     2.87)                              
               (   3 C   3p+1:    -0.84) (   3 C   3p-1:    -0.72) (   3 C   3d+2:    -0.18)                              
               (   3 C   3d-2:     0.57) (   3 C   3d0 :    -0.32) (   4 C   5s  :     3.29)                              
               (   4 C   6s  :     2.08) (   4 C   3p+1:     3.23) (   4 C   3p-1:    -2.17)                              
               (   4 C   3p0 :     0.26) (   4 C   3d+1:     0.18) (   4 C   3d+2:     0.56)                              
               (   4 C   3d-1:    -0.18) (   4 C   3d-2:    -0.25) (   4 C   3d0 :    -0.48)                              
               (   5 C   4s  :    -0.47) (   5 C   5s  :    -2.51) (   5 C   6s  :     1.14)                              
               (   5 C   3p+1:    -0.31) (   5 C   3p-1:     0.62) (   5 C   3p0 :    -0.24)                              
               (   5 C   3d-2:     0.26) (   5 C   3d0 :    -0.34) (   6 C   5s  :    -4.01)                              
               (   6 C   3p+1:     2.98) (   6 C   3p-1:    -2.07) (   6 C   3p0 :     0.50)                              
               (   6 C   3d+2:     0.29) (   6 C   3d-2:     0.40) (   7 C   5s  :    -0.27)                              
               (   7 C   6s  :     0.82) (   7 C   3p+1:     0.41) (   7 C   3p-1:     1.78)                              
               (   7 C   3d+2:     1.07) (   7 C   3d-2:    -0.86) (   7 C   3d0 :    -0.17)                              
               (   8 C   5s  :     2.61) (   8 C   3p+1:     0.19) (   8 C   3p-1:     1.62)                              
               (   8 C   3d-2:    -1.31) (   8 C   3d0 :    -0.19) (   9 C   5s  :     0.26)                              
               (   9 C   6s  :     3.16) (   9 C   3d+2:     0.33) (   9 C   3d-2:    -0.25)                              
               (   9 C   3d0 :    -0.27) (  10 H   3s  :    -1.08) (  10 H   2p-1:     0.22)                              
               (  11 H   3s  :    -0.69) (  11 H   2p-1:    -0.25) (  12 H   3s  :    -1.54)                              
               (  12 H   2p-1:     0.51) (  13 H   3s  :    -2.05) (  13 H   2p+1:     0.28)                              
               (  14 H   3s  :    -0.70) (  14 H   2p+1:     0.15)                                                        
                                                                                                                          
               Molecular Orbital No.  40:                                                                                 
               --------------------------                                                                                 
               Occupation: 0.000 Energy:    0.04237 a.u.                                                                  
               (   1 S   5s  :    -0.58) (   1 S   6s  :    -2.57) (   1 S   5p-1:     0.55)                              
               (   1 S   6p-1:     1.29) (   2 N   5s  :    -0.24) (   2 N   6s  :    -0.89)                              
               (   2 N   3p+1:     0.21) (   3 C   5s  :    -6.69) (   3 C   6s  :     2.17)                              
               (   3 C   3p+1:    -2.81) (   3 C   3p-1:    -0.77) (   3 C   3p0 :     0.23)                              
               (   3 C   3d+2:    -0.77) (   3 C   3d-1:    -0.15) (   3 C   3d-2:    -0.26)                              
               (   4 C   5s  :   -11.55) (   4 C   6s  :     0.63) (   4 C   3p+1:    -3.64)                              
               (   4 C   3p-1:     1.24) (   4 C   3p0 :    -0.71) (   4 C   3d+1:    -0.17)                              
               (   4 C   3d+2:    -2.39) (   4 C   3d-2:     1.07) (   4 C   3d0 :     0.24)                              
               (   5 C   5s  :     2.68) (   5 C   6s  :    -0.99) (   5 C   3p+1:    -2.81)                              
               (   5 C   3p-1:    -0.98) (   5 C   3p0 :    -0.19) (   5 C   3d-2:     1.13)                              
               (   6 C   4s  :     0.28) (   6 C   5s  :     4.51) (   6 C   6s  :    -0.99)                              
               (   6 C   3p+1:    -4.87) (   6 C   3p-1:     3.03) (   6 C   3p0 :    -0.94)                              
               (   6 C   3d+2:    -0.60) (   6 C   3d-1:    -0.29) (   6 C   3d-2:    -2.77)                              
               (   7 C   4s  :     0.43) (   7 C   5s  :     2.48) (   7 C   6s  :    -0.97)                              
               (   7 C   3p+1:    -2.25) (   7 C   3p-1:    -0.57) (   7 C   3d+2:    -0.32)                              
               (   7 C   3d-2:    -0.39) (   7 C   3d0 :     0.37) (   8 C   4s  :     0.57)                              
               (   8 C   5s  :     2.75) (   8 C   6s  :    -2.64) (   8 C   3p+1:    -2.95)                              
               (   8 C   3p-1:    -0.48) (   8 C   3d+2:     0.61) (   8 C   3d-2:     1.05)                              
               (   8 C   3d0 :     0.54) (   9 C   4s  :     0.25) (   9 C   5s  :     0.55)                              
               (   9 C   6s  :     1.14) (   9 C   3p+1:     2.52) (   9 C   3p-1:     0.31)                              
               (   9 C   3p0 :    -0.18) (   9 C   3d+2:    -0.26) (   9 C   3d-2:    -0.31)                              
               (   9 C   3d0 :     0.16) (  10 H   3s  :     0.40) (  10 H   2p+1:    -0.32)                              
               (  11 H   3s  :     1.64) (  11 H   2p+1:    -0.80) (  11 H   2p-1:     0.45)                              
               (  12 H   3s  :     3.55) (  12 H   2p+1:    -0.56) (  12 H   2p-1:    -0.24)                              
               (  13 H   3s  :     3.95) (  13 H   2p+1:    -0.63) (  14 H   3s  :     3.04)                              
               (  14 H   2p+1:     0.62)                                                                                  
                                                                                                                          
                                                                                                                          
                                                Ground State Dipole Moment                                                
                                               ----------------------------                                               
                                                                                                                          
                                   X   :         0.135911 a.u.         0.345451 Debye                                     
                                   Y   :         0.698377 a.u.         1.775099 Debye                                     
                                   Z   :         0.043244 a.u.         0.109914 Debye                                     
                                 Total :         0.712792 a.u.         1.811737 Debye                                     
                                                                                                                          
                                                                                                                          
                                            Linear Response EigenSolver Setup                                             
                                           ===================================                                            
                                                                                                                          
                               Number of States                : 75                                                       
                               Max. Number of Iterations       : 150                                                      
                               Convergence Threshold           : 1.0e-04                                                  
                               ERI Screening Threshold         : 1.0e-13                                                  
                               Exchange-Correlation Functional : CAM-B3LYP                                                
                               Molecular Grid Level            : 4                                                        
                                                                                                                          
* Info * Using the CAM-B3LYP functional.                                                                                  
                                                                                                                          
         T. Yanai, D. P. Tew, and N. C. Handy.,  Chem. Phys. Lett. 393, 51 (2004)
                                                                                                                          
* Info * Using the Libxc library (v7.0.0).                                                                                
                                                                                                                          
         S. Lehtola, C. Steigemann, M. J.T. Oliveira, and M. A.L. Marques.,  SoftwareX 7, 1–5 (2018)
                                                                                                                          
* Info * Using the following algorithm for XC numerical integration.                                                      
                                                                                                                          
         J. Kussmann, H. Laqua and C. Ochsenfeld, J. Chem. Theory Comput. 2021, 17, 1512-1521
                                                                                                                          
* Info * Molecular grid with 210375 points generated in 0.22 sec.                                                         
                                                                                                                          
* Info * Restarting from checkpoint file: 0293_c1s_rsp.h5                                                                 
                                                                                                                          
* Info * Generating initial guesses for 25 more states...                                                                 
                                                                                                                          
* Info * Processing 25 Fock builds...                                                                                     
                                                                                                                          
* Info * 354 gerade trial vectors in reduced space                                                                        
* Info * 354 ungerade trial vectors in reduced space                                                                      
                                                                                                                          
* Info * 221.04 kB of memory used for subspace procedure on the master node                                               
* Info * 361.10 GB of memory available for the solver on the master node                                                  
                                                                                                                          
               *** Iteration:   1 * Residuals (Max,Min): 4.93e-02 and 6.08e-06                                            
                                                                                                                          
               Excitation 1   :     10.08121215 Residual Norm: 0.00001450   converged                                     
               Excitation 2   :     10.08375124 Residual Norm: 0.00002671   converged                                     
               Excitation 3   :     10.09353498 Residual Norm: 0.00002885   converged                                     
               Excitation 4   :     10.10294220 Residual Norm: 0.00002649   converged                                     
               Excitation 5   :     10.10449744 Residual Norm: 0.00001715   converged                                     
               Excitation 6   :     10.11421518 Residual Norm: 0.00000894   converged                                     
               Excitation 7   :     10.11646641 Residual Norm: 0.00002930   converged                                     
               Excitation 8   :     10.12364898 Residual Norm: 0.00000608   converged                                     
               Excitation 9   :     10.12541208 Residual Norm: 0.00000926   converged                                     
               Excitation 10  :     10.12823181 Residual Norm: 0.00001333   converged                                     
               Excitation 11  :     10.13160952 Residual Norm: 0.00001206   converged                                     
               Excitation 12  :     10.13722339 Residual Norm: 0.00002024   converged                                     
               Excitation 13  :     10.14528690 Residual Norm: 0.00001032   converged                                     
               Excitation 14  :     10.15647163 Residual Norm: 0.00005014   converged                                     
               Excitation 15  :     10.16490420 Residual Norm: 0.00002834   converged                                     
               Excitation 16  :     10.16946282 Residual Norm: 0.00001952   converged                                     
               Excitation 17  :     10.17435195 Residual Norm: 0.00001740   converged                                     
               Excitation 18  :     10.17570021 Residual Norm: 0.00001159   converged                                     
               Excitation 19  :     10.17822868 Residual Norm: 0.00002003   converged                                     
               Excitation 20  :     10.17964278 Residual Norm: 0.00005178   converged                                     
               Excitation 21  :     10.18311527 Residual Norm: 0.00001366   converged                                     
               Excitation 22  :     10.18442261 Residual Norm: 0.00001844   converged                                     
               Excitation 23  :     10.19396170 Residual Norm: 0.00003634   converged                                     
               Excitation 24  :     10.19948210 Residual Norm: 0.00008805   converged                                     
               Excitation 25  :     10.20021002 Residual Norm: 0.00001675   converged                                     
               Excitation 26  :     10.20097345 Residual Norm: 0.00003930   converged                                     
               Excitation 27  :     10.20184482 Residual Norm: 0.00003266   converged                                     
               Excitation 28  :     10.20391287 Residual Norm: 0.00004454   converged                                     
               Excitation 29  :     10.20778891 Residual Norm: 0.00002110   converged                                     
               Excitation 30  :     10.20829139 Residual Norm: 0.00004338   converged                                     
               Excitation 31  :     10.21133066 Residual Norm: 0.00002609   converged                                     
               Excitation 32  :     10.21170723 Residual Norm: 0.00001210   converged                                     
               Excitation 33  :     10.21252457 Residual Norm: 0.00002340   converged                                     
               Excitation 34  :     10.21267439 Residual Norm: 0.00004536   converged                                     
               Excitation 35  :     10.21574823 Residual Norm: 0.00005421   converged                                     
               Excitation 36  :     10.21655545 Residual Norm: 0.00004240   converged                                     
               Excitation 37  :     10.21668773 Residual Norm: 0.00005445   converged                                     
               Excitation 38  :     10.21832716 Residual Norm: 0.00002685   converged                                     
               Excitation 39  :     10.21945679 Residual Norm: 0.00005344   converged                                     
               Excitation 40  :     10.21979066 Residual Norm: 0.00001497   converged                                     
               Excitation 41  :     10.22181558 Residual Norm: 0.00006205   converged                                     
               Excitation 42  :     10.22342761 Residual Norm: 0.00003266   converged                                     
               Excitation 43  :     10.22675966 Residual Norm: 0.00001499   converged                                     
               Excitation 44  :     10.23216038 Residual Norm: 0.00003993   converged                                     
               Excitation 45  :     10.23226250 Residual Norm: 0.00001726   converged                                     
               Excitation 46  :     10.23684933 Residual Norm: 0.00007380   converged                                     
               Excitation 47  :     10.23797103 Residual Norm: 0.00005683   converged                                     
               Excitation 48  :     10.23816196 Residual Norm: 0.00005275   converged                                     
               Excitation 49  :     10.23865400 Residual Norm: 0.00005582   converged                                     
               Excitation 50  :     10.23921136 Residual Norm: 0.00005780   converged                                     
               Excitation 51  :     10.23946223 Residual Norm: 0.00027621                                                 
               Excitation 52  :     10.24235525 Residual Norm: 0.00107237                                                 
               Excitation 53  :     10.24277322 Residual Norm: 0.00965144                                                 
               Excitation 54  :     10.24529946 Residual Norm: 0.00998549                                                 
               Excitation 55  :     10.24810914 Residual Norm: 0.01134837                                                 
               Excitation 56  :     10.24887721 Residual Norm: 0.00518050                                                 
               Excitation 57  :     10.24902044 Residual Norm: 0.00614959                                                 
               Excitation 58  :     10.25078386 Residual Norm: 0.01452057                                                 
               Excitation 59  :     10.25127177 Residual Norm: 0.00600722                                                 
               Excitation 60  :     10.25335283 Residual Norm: 0.01920591                                                 
               Excitation 61  :     10.25388274 Residual Norm: 0.03230042                                                 
               Excitation 62  :     10.25472201 Residual Norm: 0.00973588                                                 
               Excitation 63  :     10.25545070 Residual Norm: 0.01898175                                                 
               Excitation 64  :     10.25792367 Residual Norm: 0.01252266                                                 
               Excitation 65  :     10.25851053 Residual Norm: 0.01716927                                                 
               Excitation 66  :     10.25957068 Residual Norm: 0.04930783                                                 
               Excitation 67  :     10.26016353 Residual Norm: 0.01905612                                                 
               Excitation 68  :     10.26327755 Residual Norm: 0.02953806                                                 
               Excitation 69  :     10.26455196 Residual Norm: 0.03067954                                                 
               Excitation 70  :     10.26614657 Residual Norm: 0.04380658                                                 
               Excitation 71  :     10.26720270 Residual Norm: 0.02522444                                                 
               Excitation 72  :     10.26848597 Residual Norm: 0.04465643                                                 
               Excitation 73  :     10.26947880 Residual Norm: 0.03274237                                                 
               Excitation 74  :     10.27133143 Residual Norm: 0.04238580                                                 
               Excitation 75  :     10.27313153 Residual Norm: 0.02576848                                                 
                                                                                                                          
* Info * Processing 25 Fock builds...                                                                                     
                                                                                                                          
* Info * 379 gerade trial vectors in reduced space                                                                        
* Info * 379 ungerade trial vectors in reduced space                                                                      
                                                                                                                          
* Info * 234.64 kB of memory used for subspace procedure on the master node                                               
* Info * 360.38 GB of memory available for the solver on the master node                                                  
                                                                                                                          
               *** Iteration:   2 * Residuals (Max,Min): 1.28e-02 and 5.75e-06                                            
                                                                                                                          
               Excitation 1   :     10.08121215 Residual Norm: 0.00001294   converged                                     
               Excitation 2   :     10.08375124 Residual Norm: 0.00002575   converged                                     
               Excitation 3   :     10.09353498 Residual Norm: 0.00002696   converged                                     
               Excitation 4   :     10.10294220 Residual Norm: 0.00002225   converged                                     
               Excitation 5   :     10.10449744 Residual Norm: 0.00001573   converged                                     
               Excitation 6   :     10.11421518 Residual Norm: 0.00000575   converged                                     
               Excitation 7   :     10.11646641 Residual Norm: 0.00003024   converged                                     
               Excitation 8   :     10.12364898 Residual Norm: 0.00000585   converged                                     
               Excitation 9   :     10.12541208 Residual Norm: 0.00000917   converged                                     
               Excitation 10  :     10.12823181 Residual Norm: 0.00001295   converged                                     
               Excitation 11  :     10.13160952 Residual Norm: 0.00001205   converged                                     
               Excitation 12  :     10.13722339 Residual Norm: 0.00001570   converged                                     
               Excitation 13  :     10.14528690 Residual Norm: 0.00000757   converged                                     
               Excitation 14  :     10.15647163 Residual Norm: 0.00004212   converged                                     
               Excitation 15  :     10.16490420 Residual Norm: 0.00002382   converged                                     
               Excitation 16  :     10.16946282 Residual Norm: 0.00001738   converged                                     
               Excitation 17  :     10.17435195 Residual Norm: 0.00001665   converged                                     
               Excitation 18  :     10.17570021 Residual Norm: 0.00000987   converged                                     
               Excitation 19  :     10.17822868 Residual Norm: 0.00001661   converged                                     
               Excitation 20  :     10.17964278 Residual Norm: 0.00004724   converged                                     
               Excitation 21  :     10.18311527 Residual Norm: 0.00001191   converged                                     
               Excitation 22  :     10.18442261 Residual Norm: 0.00001583   converged                                     
               Excitation 23  :     10.19396170 Residual Norm: 0.00003690   converged                                     
               Excitation 24  :     10.19948210 Residual Norm: 0.00006832   converged                                     
               Excitation 25  :     10.20021002 Residual Norm: 0.00001411   converged                                     
               Excitation 26  :     10.20097345 Residual Norm: 0.00003477   converged                                     
               Excitation 27  :     10.20184482 Residual Norm: 0.00003091   converged                                     
               Excitation 28  :     10.20391287 Residual Norm: 0.00003572   converged                                     
               Excitation 29  :     10.20778891 Residual Norm: 0.00001675   converged                                     
               Excitation 30  :     10.20829139 Residual Norm: 0.00004025   converged                                     
               Excitation 31  :     10.21133066 Residual Norm: 0.00002142   converged                                     
               Excitation 32  :     10.21170723 Residual Norm: 0.00000909   converged                                     
               Excitation 33  :     10.21252457 Residual Norm: 0.00001437   converged                                     
               Excitation 34  :     10.21267439 Residual Norm: 0.00004169   converged                                     
               Excitation 35  :     10.21574823 Residual Norm: 0.00004198   converged                                     
               Excitation 36  :     10.21655545 Residual Norm: 0.00003196   converged                                     
               Excitation 37  :     10.21668773 Residual Norm: 0.00003973   converged                                     
               Excitation 38  :     10.21832716 Residual Norm: 0.00002478   converged                                     
               Excitation 39  :     10.21945679 Residual Norm: 0.00004432   converged                                     
               Excitation 40  :     10.21979066 Residual Norm: 0.00001203   converged                                     
               Excitation 41  :     10.22181558 Residual Norm: 0.00005076   converged                                     
               Excitation 42  :     10.22342761 Residual Norm: 0.00002284   converged                                     
               Excitation 43  :     10.22675966 Residual Norm: 0.00001484   converged                                     
               Excitation 44  :     10.23216038 Residual Norm: 0.00003016   converged                                     
               Excitation 45  :     10.23226250 Residual Norm: 0.00001638   converged                                     
               Excitation 46  :     10.23684932 Residual Norm: 0.00005503   converged                                     
               Excitation 47  :     10.23797103 Residual Norm: 0.00005142   converged                                     
               Excitation 48  :     10.23816196 Residual Norm: 0.00004378   converged                                     
               Excitation 49  :     10.23865400 Residual Norm: 0.00004085   converged                                     
               Excitation 50  :     10.23921136 Residual Norm: 0.00001488   converged                                     
               Excitation 51  :     10.23946222 Residual Norm: 0.00005170   converged                                     
               Excitation 52  :     10.24235492 Residual Norm: 0.00018762                                                 
               Excitation 53  :     10.24274790 Residual Norm: 0.00187590                                                 
               Excitation 54  :     10.24526158 Residual Norm: 0.00136261                                                 
               Excitation 55  :     10.24805358 Residual Norm: 0.00183994                                                 
               Excitation 56  :     10.24886658 Residual Norm: 0.00081538                                                 
               Excitation 57  :     10.24900887 Residual Norm: 0.00089378                                                 
               Excitation 58  :     10.25068653 Residual Norm: 0.00246627                                                 
               Excitation 59  :     10.25125391 Residual Norm: 0.00130361                                                 
               Excitation 60  :     10.25324251 Residual Norm: 0.00445504                                                 
               Excitation 61  :     10.25366974 Residual Norm: 0.00568453                                                 
               Excitation 62  :     10.25468043 Residual Norm: 0.00177660                                                 
               Excitation 63  :     10.25532087 Residual Norm: 0.00351706                                                 
               Excitation 64  :     10.25785301 Residual Norm: 0.00225417                                                 
               Excitation 65  :     10.25840787 Residual Norm: 0.00363529                                                 
               Excitation 66  :     10.25869732 Residual Norm: 0.00862929                                                 
               Excitation 67  :     10.26003101 Residual Norm: 0.00335602                                                 
               Excitation 68  :     10.26302063 Residual Norm: 0.00450380                                                 
               Excitation 69  :     10.26428347 Residual Norm: 0.00661609                                                 
               Excitation 70  :     10.26533088 Residual Norm: 0.01097777                                                 
               Excitation 71  :     10.26688894 Residual Norm: 0.00367920                                                 
               Excitation 72  :     10.26743588 Residual Norm: 0.01276376                                                 
               Excitation 73  :     10.26910890 Residual Norm: 0.00616056                                                 
               Excitation 74  :     10.27035066 Residual Norm: 0.00749101                                                 
               Excitation 75  :     10.27284763 Residual Norm: 0.00721382                                                 
                                                                                                                          
* Info * Processing 24 Fock builds...                                                                                     
                                                                                                                          
* Info * 403 gerade trial vectors in reduced space                                                                        
* Info * 403 ungerade trial vectors in reduced space                                                                      
                                                                                                                          
* Info * 247.69 kB of memory used for subspace procedure on the master node                                               
* Info * 360.54 GB of memory available for the solver on the master node                                                  
                                                                                                                          
               *** Iteration:   3 * Residuals (Max,Min): 3.83e-03 and 5.09e-06                                            
                                                                                                                          
               Excitation 1   :     10.08121215 Residual Norm: 0.00001133   converged                                     
               Excitation 2   :     10.08375124 Residual Norm: 0.00002344   converged                                     
               Excitation 3   :     10.09353498 Residual Norm: 0.00002074   converged                                     
               Excitation 4   :     10.10294220 Residual Norm: 0.00001979   converged                                     
               Excitation 5   :     10.10449744 Residual Norm: 0.00001269   converged                                     
               Excitation 6   :     10.11421518 Residual Norm: 0.00000509   converged                                     
               Excitation 7   :     10.11646641 Residual Norm: 0.00002512   converged                                     
               Excitation 8   :     10.12364898 Residual Norm: 0.00000536   converged                                     
               Excitation 9   :     10.12541208 Residual Norm: 0.00000867   converged                                     
               Excitation 10  :     10.12823181 Residual Norm: 0.00001255   converged                                     
               Excitation 11  :     10.13160952 Residual Norm: 0.00001173   converged                                     
               Excitation 12  :     10.13722339 Residual Norm: 0.00001355   converged                                     
               Excitation 13  :     10.14528690 Residual Norm: 0.00000731   converged                                     
               Excitation 14  :     10.15647163 Residual Norm: 0.00003514   converged                                     
               Excitation 15  :     10.16490420 Residual Norm: 0.00002304   converged                                     
               Excitation 16  :     10.16946282 Residual Norm: 0.00001481   converged                                     
               Excitation 17  :     10.17435195 Residual Norm: 0.00001145   converged                                     
               Excitation 18  :     10.17570021 Residual Norm: 0.00000982   converged                                     
               Excitation 19  :     10.17822868 Residual Norm: 0.00001375   converged                                     
               Excitation 20  :     10.17964278 Residual Norm: 0.00003447   converged                                     
               Excitation 21  :     10.18311527 Residual Norm: 0.00001202   converged                                     
               Excitation 22  :     10.18442261 Residual Norm: 0.00001393   converged                                     
               Excitation 23  :     10.19396170 Residual Norm: 0.00002839   converged                                     
               Excitation 24  :     10.19948210 Residual Norm: 0.00005814   converged                                     
               Excitation 25  :     10.20021002 Residual Norm: 0.00000856   converged                                     
               Excitation 26  :     10.20097345 Residual Norm: 0.00002886   converged                                     
               Excitation 27  :     10.20184482 Residual Norm: 0.00002775   converged                                     
               Excitation 28  :     10.20391287 Residual Norm: 0.00003318   converged                                     
               Excitation 29  :     10.20778891 Residual Norm: 0.00001658   converged                                     
               Excitation 30  :     10.20829139 Residual Norm: 0.00003762   converged                                     
               Excitation 31  :     10.21133066 Residual Norm: 0.00001892   converged                                     
               Excitation 32  :     10.21170723 Residual Norm: 0.00000867   converged                                     
               Excitation 33  :     10.21252457 Residual Norm: 0.00001339   converged                                     
               Excitation 34  :     10.21267439 Residual Norm: 0.00004263   converged                                     
               Excitation 35  :     10.21574823 Residual Norm: 0.00003888   converged                                     
               Excitation 36  :     10.21655545 Residual Norm: 0.00003009   converged                                     
               Excitation 37  :     10.21668773 Residual Norm: 0.00003460   converged                                     
               Excitation 38  :     10.21832716 Residual Norm: 0.00002532   converged                                     
               Excitation 39  :     10.21945679 Residual Norm: 0.00004075   converged                                     
               Excitation 40  :     10.21979066 Residual Norm: 0.00000786   converged                                     
               Excitation 41  :     10.22181558 Residual Norm: 0.00005465   converged                                     
               Excitation 42  :     10.22342761 Residual Norm: 0.00002460   converged                                     
               Excitation 43  :     10.22675966 Residual Norm: 0.00001616   converged                                     
               Excitation 44  :     10.23216038 Residual Norm: 0.00003068   converged                                     
               Excitation 45  :     10.23226250 Residual Norm: 0.00001716   converged                                     
               Excitation 46  :     10.23684932 Residual Norm: 0.00004924   converged                                     
               Excitation 47  :     10.23797103 Residual Norm: 0.00004662   converged                                     
               Excitation 48  :     10.23816196 Residual Norm: 0.00004197   converged                                     
               Excitation 49  :     10.23865400 Residual Norm: 0.00003364   converged                                     
               Excitation 50  :     10.23921136 Residual Norm: 0.00001236   converged                                     
               Excitation 51  :     10.23946222 Residual Norm: 0.00003090   converged                                     
               Excitation 52  :     10.24235491 Residual Norm: 0.00003344   converged                                     
               Excitation 53  :     10.24274730 Residual Norm: 0.00032538                                                 
               Excitation 54  :     10.24526110 Residual Norm: 0.00016766                                                 
               Excitation 55  :     10.24805274 Residual Norm: 0.00035620                                                 
               Excitation 56  :     10.24886643 Residual Norm: 0.00012967                                                 
               Excitation 57  :     10.24900870 Residual Norm: 0.00009562   converged                                     
               Excitation 58  :     10.25068466 Residual Norm: 0.00040062                                                 
               Excitation 59  :     10.25125342 Residual Norm: 0.00018197                                                 
               Excitation 60  :     10.25323830 Residual Norm: 0.00105553                                                 
               Excitation 61  :     10.25366346 Residual Norm: 0.00121304                                                 
               Excitation 62  :     10.25467981 Residual Norm: 0.00029785                                                 
               Excitation 63  :     10.25531764 Residual Norm: 0.00083161                                                 
               Excitation 64  :     10.25785147 Residual Norm: 0.00039502                                                 
               Excitation 65  :     10.25840623 Residual Norm: 0.00041805                                                 
               Excitation 66  :     10.25868568 Residual Norm: 0.00194624                                                 
               Excitation 67  :     10.26002953 Residual Norm: 0.00062530                                                 
               Excitation 68  :     10.26301836 Residual Norm: 0.00104256                                                 
               Excitation 69  :     10.26427468 Residual Norm: 0.00143451                                                 
               Excitation 70  :     10.26530923 Residual Norm: 0.00382988                                                 
               Excitation 71  :     10.26688436 Residual Norm: 0.00092039                                                 
               Excitation 72  :     10.26740589 Residual Norm: 0.00355546                                                 
               Excitation 73  :     10.26910375 Residual Norm: 0.00107273                                                 
               Excitation 74  :     10.27033296 Residual Norm: 0.00113263                                                 
               Excitation 75  :     10.27283868 Residual Norm: 0.00119534                                                 
                                                                                                                          
* Info * Processing 22 Fock builds...                                                                                     
                                                                                                                          
* Info * 425 gerade trial vectors in reduced space                                                                        
* Info * 425 ungerade trial vectors in reduced space                                                                      
                                                                                                                          
* Info * 259.12 kB of memory used for subspace procedure on the master node                                               
* Info * 361.76 GB of memory available for the solver on the master node                                                  
                                                                                                                          
               *** Iteration:   4 * Residuals (Max,Min): 1.09e-03 and 4.63e-06                                            
                                                                                                                          
               Excitation 1   :     10.08121215 Residual Norm: 0.00001086   converged                                     
               Excitation 2   :     10.08375124 Residual Norm: 0.00002190   converged                                     
               Excitation 3   :     10.09353498 Residual Norm: 0.00002101   converged                                     
               Excitation 4   :     10.10294220 Residual Norm: 0.00001908   converged                                     
               Excitation 5   :     10.10449744 Residual Norm: 0.00001124   converged                                     
               Excitation 6   :     10.11421518 Residual Norm: 0.00000463   converged                                     
               Excitation 7   :     10.11646641 Residual Norm: 0.00002651   converged                                     
               Excitation 8   :     10.12364898 Residual Norm: 0.00000516   converged                                     
               Excitation 9   :     10.12541208 Residual Norm: 0.00000878   converged                                     
               Excitation 10  :     10.12823181 Residual Norm: 0.00001277   converged                                     
               Excitation 11  :     10.13160952 Residual Norm: 0.00001114   converged                                     
               Excitation 12  :     10.13722339 Residual Norm: 0.00001318   converged                                     
               Excitation 13  :     10.14528690 Residual Norm: 0.00000658   converged                                     
               Excitation 14  :     10.15647163 Residual Norm: 0.00003405   converged                                     
               Excitation 15  :     10.16490420 Residual Norm: 0.00002220   converged                                     
               Excitation 16  :     10.16946282 Residual Norm: 0.00001372   converged                                     
               Excitation 17  :     10.17435195 Residual Norm: 0.00001272   converged                                     
               Excitation 18  :     10.17570021 Residual Norm: 0.00000866   converged                                     
               Excitation 19  :     10.17822868 Residual Norm: 0.00001287   converged                                     
               Excitation 20  :     10.17964278 Residual Norm: 0.00003476   converged                                     
               Excitation 21  :     10.18311527 Residual Norm: 0.00001063   converged                                     
               Excitation 22  :     10.18442261 Residual Norm: 0.00001297   converged                                     
               Excitation 23  :     10.19396170 Residual Norm: 0.00002916   converged                                     
               Excitation 24  :     10.19948210 Residual Norm: 0.00005575   converged                                     
               Excitation 25  :     10.20021002 Residual Norm: 0.00000988   converged                                     
               Excitation 26  :     10.20097345 Residual Norm: 0.00002852   converged                                     
               Excitation 27  :     10.20184482 Residual Norm: 0.00002750   converged                                     
               Excitation 28  :     10.20391287 Residual Norm: 0.00003217   converged                                     
               Excitation 29  :     10.20778891 Residual Norm: 0.00001481   converged                                     
               Excitation 30  :     10.20829139 Residual Norm: 0.00003285   converged                                     
               Excitation 31  :     10.21133066 Residual Norm: 0.00001658   converged                                     
               Excitation 32  :     10.21170723 Residual Norm: 0.00000832   converged                                     
               Excitation 33  :     10.21252457 Residual Norm: 0.00001142   converged                                     
               Excitation 34  :     10.21267439 Residual Norm: 0.00004058   converged                                     
               Excitation 35  :     10.21574823 Residual Norm: 0.00003477   converged                                     
               Excitation 36  :     10.21655545 Residual Norm: 0.00002825   converged                                     
               Excitation 37  :     10.21668773 Residual Norm: 0.00002971   converged                                     
               Excitation 38  :     10.21832716 Residual Norm: 0.00002302   converged                                     
               Excitation 39  :     10.21945679 Residual Norm: 0.00003718   converged                                     
               Excitation 40  :     10.21979066 Residual Norm: 0.00000922   converged                                     
               Excitation 41  :     10.22181558 Residual Norm: 0.00003254   converged                                     
               Excitation 42  :     10.22342761 Residual Norm: 0.00001804   converged                                     
               Excitation 43  :     10.22675966 Residual Norm: 0.00001532   converged                                     
               Excitation 44  :     10.23216038 Residual Norm: 0.00002288   converged                                     
               Excitation 45  :     10.23226250 Residual Norm: 0.00001538   converged                                     
               Excitation 46  :     10.23684932 Residual Norm: 0.00004907   converged                                     
               Excitation 47  :     10.23797103 Residual Norm: 0.00004275   converged                                     
               Excitation 48  :     10.23816196 Residual Norm: 0.00003855   converged                                     
               Excitation 49  :     10.23865400 Residual Norm: 0.00002433   converged                                     
               Excitation 50  :     10.23921136 Residual Norm: 0.00001083   converged                                     
               Excitation 51  :     10.23946222 Residual Norm: 0.00003269   converged                                     
               Excitation 52  :     10.24235491 Residual Norm: 0.00002762   converged                                     
               Excitation 53  :     10.24274729 Residual Norm: 0.00005544   converged                                     
               Excitation 54  :     10.24526110 Residual Norm: 0.00001953   converged                                     
               Excitation 55  :     10.24805272 Residual Norm: 0.00005564   converged                                     
               Excitation 56  :     10.24886642 Residual Norm: 0.00001752   converged                                     
               Excitation 57  :     10.24900870 Residual Norm: 0.00008413   converged                                     
               Excitation 58  :     10.25068462 Residual Norm: 0.00007124   converged                                     
               Excitation 59  :     10.25125342 Residual Norm: 0.00002650   converged                                     
               Excitation 60  :     10.25323815 Residual Norm: 0.00019582                                                 
               Excitation 61  :     10.25366327 Residual Norm: 0.00025460                                                 
               Excitation 62  :     10.25467980 Residual Norm: 0.00004271   converged                                     
               Excitation 63  :     10.25531755 Residual Norm: 0.00013435                                                 
               Excitation 64  :     10.25785144 Residual Norm: 0.00005450   converged                                     
               Excitation 65  :     10.25840620 Residual Norm: 0.00005042   converged                                     
               Excitation 66  :     10.25868527 Residual Norm: 0.00044091                                                 
               Excitation 67  :     10.26002950 Residual Norm: 0.00006025   converged                                     
               Excitation 68  :     10.26301830 Residual Norm: 0.00010987                                                 
               Excitation 69  :     10.26427439 Residual Norm: 0.00028867                                                 
               Excitation 70  :     10.26530753 Residual Norm: 0.00109182                                                 
               Excitation 71  :     10.26688421 Residual Norm: 0.00020156                                                 
               Excitation 72  :     10.26740410 Residual Norm: 0.00082100                                                 
               Excitation 73  :     10.26910366 Residual Norm: 0.00015125                                                 
               Excitation 74  :     10.27033269 Residual Norm: 0.00014804                                                 
               Excitation 75  :     10.27283849 Residual Norm: 0.00018784                                                 
                                                                                                                          
* Info * Processing 12 Fock builds...                                                                                     
                                                                                                                          
* Info * 437 gerade trial vectors in reduced space                                                                        
* Info * 437 ungerade trial vectors in reduced space                                                                      
                                                                                                                          
* Info * 265.24 kB of memory used for subspace procedure on the master node                                               
* Info * 363.35 GB of memory available for the solver on the master node                                                  
                                                                                                                          
               *** Iteration:   5 * Residuals (Max,Min): 1.96e-04 and 4.55e-06                                            
                                                                                                                          
               Excitation 1   :     10.08121215 Residual Norm: 0.00001068   converged                                     
               Excitation 2   :     10.08375124 Residual Norm: 0.00002144   converged                                     
               Excitation 3   :     10.09353498 Residual Norm: 0.00002105   converged                                     
               Excitation 4   :     10.10294220 Residual Norm: 0.00001909   converged                                     
               Excitation 5   :     10.10449744 Residual Norm: 0.00001121   converged                                     
               Excitation 6   :     10.11421518 Residual Norm: 0.00000455   converged                                     
               Excitation 7   :     10.11646641 Residual Norm: 0.00002337   converged                                     
               Excitation 8   :     10.12364898 Residual Norm: 0.00000552   converged                                     
               Excitation 9   :     10.12541208 Residual Norm: 0.00000877   converged                                     
               Excitation 10  :     10.12823181 Residual Norm: 0.00001295   converged                                     
               Excitation 11  :     10.13160952 Residual Norm: 0.00001114   converged                                     
               Excitation 12  :     10.13722339 Residual Norm: 0.00001263   converged                                     
               Excitation 13  :     10.14528690 Residual Norm: 0.00000679   converged                                     
               Excitation 14  :     10.15647163 Residual Norm: 0.00003110   converged                                     
               Excitation 15  :     10.16490420 Residual Norm: 0.00002209   converged                                     
               Excitation 16  :     10.16946282 Residual Norm: 0.00001429   converged                                     
               Excitation 17  :     10.17435195 Residual Norm: 0.00001217   converged                                     
               Excitation 18  :     10.17570021 Residual Norm: 0.00000877   converged                                     
               Excitation 19  :     10.17822868 Residual Norm: 0.00001167   converged                                     
               Excitation 20  :     10.17964278 Residual Norm: 0.00003480   converged                                     
               Excitation 21  :     10.18311527 Residual Norm: 0.00001069   converged                                     
               Excitation 22  :     10.18442261 Residual Norm: 0.00001274   converged                                     
               Excitation 23  :     10.19396170 Residual Norm: 0.00002789   converged                                     
               Excitation 24  :     10.19948210 Residual Norm: 0.00005477   converged                                     
               Excitation 25  :     10.20021002 Residual Norm: 0.00000962   converged                                     
               Excitation 26  :     10.20097345 Residual Norm: 0.00002831   converged                                     
               Excitation 27  :     10.20184482 Residual Norm: 0.00002734   converged                                     
               Excitation 28  :     10.20391287 Residual Norm: 0.00003177   converged                                     
               Excitation 29  :     10.20778891 Residual Norm: 0.00001444   converged                                     
               Excitation 30  :     10.20829139 Residual Norm: 0.00003088   converged                                     
               Excitation 31  :     10.21133066 Residual Norm: 0.00001642   converged                                     
               Excitation 32  :     10.21170723 Residual Norm: 0.00000920   converged                                     
               Excitation 33  :     10.21252457 Residual Norm: 0.00001112   converged                                     
               Excitation 34  :     10.21267439 Residual Norm: 0.00004071   converged                                     
               Excitation 35  :     10.21574823 Residual Norm: 0.00003417   converged                                     
               Excitation 36  :     10.21655545 Residual Norm: 0.00002687   converged                                     
               Excitation 37  :     10.21668773 Residual Norm: 0.00002772   converged                                     
               Excitation 38  :     10.21832716 Residual Norm: 0.00002312   converged                                     
               Excitation 39  :     10.21945679 Residual Norm: 0.00003644   converged                                     
               Excitation 40  :     10.21979066 Residual Norm: 0.00000743   converged                                     
               Excitation 41  :     10.22181558 Residual Norm: 0.00003806   converged                                     
               Excitation 42  :     10.22342761 Residual Norm: 0.00001785   converged                                     
               Excitation 43  :     10.22675966 Residual Norm: 0.00001506   converged                                     
               Excitation 44  :     10.23216038 Residual Norm: 0.00002203   converged                                     
               Excitation 45  :     10.23226250 Residual Norm: 0.00001542   converged                                     
               Excitation 46  :     10.23684932 Residual Norm: 0.00004733   converged                                     
               Excitation 47  :     10.23797103 Residual Norm: 0.00004260   converged                                     
               Excitation 48  :     10.23816196 Residual Norm: 0.00004004   converged                                     
               Excitation 49  :     10.23865400 Residual Norm: 0.00002035   converged                                     
               Excitation 50  :     10.23921136 Residual Norm: 0.00001098   converged                                     
               Excitation 51  :     10.23946222 Residual Norm: 0.00002924   converged                                     
               Excitation 52  :     10.24235491 Residual Norm: 0.00002701   converged                                     
               Excitation 53  :     10.24274729 Residual Norm: 0.00001827   converged                                     
               Excitation 54  :     10.24526110 Residual Norm: 0.00001192   converged                                     
               Excitation 55  :     10.24805272 Residual Norm: 0.00004062   converged                                     
               Excitation 56  :     10.24886642 Residual Norm: 0.00001677   converged                                     
               Excitation 57  :     10.24900870 Residual Norm: 0.00008453   converged                                     
               Excitation 58  :     10.25068462 Residual Norm: 0.00005230   converged                                     
               Excitation 59  :     10.25125342 Residual Norm: 0.00002622   converged                                     
               Excitation 60  :     10.25323815 Residual Norm: 0.00003369   converged                                     
               Excitation 61  :     10.25366327 Residual Norm: 0.00004594   converged                                     
               Excitation 62  :     10.25467980 Residual Norm: 0.00003318   converged                                     
               Excitation 63  :     10.25531755 Residual Norm: 0.00002319   converged                                     
               Excitation 64  :     10.25785144 Residual Norm: 0.00005104   converged                                     
               Excitation 65  :     10.25840620 Residual Norm: 0.00003673   converged                                     
               Excitation 66  :     10.25868525 Residual Norm: 0.00007613   converged                                     
               Excitation 67  :     10.26002950 Residual Norm: 0.00005273   converged                                     
               Excitation 68  :     10.26301830 Residual Norm: 0.00001178   converged                                     
               Excitation 69  :     10.26427438 Residual Norm: 0.00005215   converged                                     
               Excitation 70  :     10.26530746 Residual Norm: 0.00019576                                                 
               Excitation 71  :     10.26688420 Residual Norm: 0.00004149   converged                                     
               Excitation 72  :     10.26740405 Residual Norm: 0.00012805                                                 
               Excitation 73  :     10.26910366 Residual Norm: 0.00002760   converged                                     
               Excitation 74  :     10.27033269 Residual Norm: 0.00002440   converged                                     
               Excitation 75  :     10.27283849 Residual Norm: 0.00002628   converged                                     
                                                                                                                          
* Info * Processing 2 Fock builds...                                                                                      
                                                                                                                          
* Info * 439 gerade trial vectors in reduced space                                                                        
* Info * 439 ungerade trial vectors in reduced space                                                                      
                                                                                                                          
* Info * 266.17 kB of memory used for subspace procedure on the master node                                               
* Info * 363.86 GB of memory available for the solver on the master node                                                  
                                                                                                                          
               *** Iteration:   6 * Residuals (Max,Min): 8.42e-05 and 4.55e-06                                            
                                                                                                                          
               Excitation 1   :     10.08121215 Residual Norm: 0.00001068   converged                                     
               Excitation 2   :     10.08375124 Residual Norm: 0.00002144   converged                                     
               Excitation 3   :     10.09353498 Residual Norm: 0.00002105   converged                                     
               Excitation 4   :     10.10294220 Residual Norm: 0.00001910   converged                                     
               Excitation 5   :     10.10449744 Residual Norm: 0.00001121   converged                                     
               Excitation 6   :     10.11421518 Residual Norm: 0.00000455   converged                                     
               Excitation 7   :     10.11646641 Residual Norm: 0.00002086   converged                                     
               Excitation 8   :     10.12364898 Residual Norm: 0.00000550   converged                                     
               Excitation 9   :     10.12541208 Residual Norm: 0.00000878   converged                                     
               Excitation 10  :     10.12823181 Residual Norm: 0.00001294   converged                                     
               Excitation 11  :     10.13160952 Residual Norm: 0.00001114   converged                                     
               Excitation 12  :     10.13722339 Residual Norm: 0.00001263   converged                                     
               Excitation 13  :     10.14528690 Residual Norm: 0.00000674   converged                                     
               Excitation 14  :     10.15647163 Residual Norm: 0.00003109   converged                                     
               Excitation 15  :     10.16490420 Residual Norm: 0.00002194   converged                                     
               Excitation 16  :     10.16946282 Residual Norm: 0.00001428   converged                                     
               Excitation 17  :     10.17435195 Residual Norm: 0.00001217   converged                                     
               Excitation 18  :     10.17570021 Residual Norm: 0.00000876   converged                                     
               Excitation 19  :     10.17822868 Residual Norm: 0.00001172   converged                                     
               Excitation 20  :     10.17964278 Residual Norm: 0.00003480   converged                                     
               Excitation 21  :     10.18311527 Residual Norm: 0.00001070   converged                                     
               Excitation 22  :     10.18442261 Residual Norm: 0.00001273   converged                                     
               Excitation 23  :     10.19396170 Residual Norm: 0.00002789   converged                                     
               Excitation 24  :     10.19948210 Residual Norm: 0.00005473   converged                                     
               Excitation 25  :     10.20021002 Residual Norm: 0.00000962   converged                                     
               Excitation 26  :     10.20097345 Residual Norm: 0.00002828   converged                                     
               Excitation 27  :     10.20184482 Residual Norm: 0.00002732   converged                                     
               Excitation 28  :     10.20391287 Residual Norm: 0.00003178   converged                                     
               Excitation 29  :     10.20778891 Residual Norm: 0.00001443   converged                                     
               Excitation 30  :     10.20829139 Residual Norm: 0.00003088   converged                                     
               Excitation 31  :     10.21133066 Residual Norm: 0.00001642   converged                                     
               Excitation 32  :     10.21170723 Residual Norm: 0.00000843   converged                                     
               Excitation 33  :     10.21252457 Residual Norm: 0.00001112   converged                                     
               Excitation 34  :     10.21267439 Residual Norm: 0.00004059   converged                                     
               Excitation 35  :     10.21574823 Residual Norm: 0.00003406   converged                                     
               Excitation 36  :     10.21655545 Residual Norm: 0.00002687   converged                                     
               Excitation 37  :     10.21668773 Residual Norm: 0.00002769   converged                                     
               Excitation 38  :     10.21832716 Residual Norm: 0.00002311   converged                                     
               Excitation 39  :     10.21945679 Residual Norm: 0.00003643   converged                                     
               Excitation 40  :     10.21979066 Residual Norm: 0.00000790   converged                                     
               Excitation 41  :     10.22181558 Residual Norm: 0.00003807   converged                                     
               Excitation 42  :     10.22342761 Residual Norm: 0.00001786   converged                                     
               Excitation 43  :     10.22675966 Residual Norm: 0.00001506   converged                                     
               Excitation 44  :     10.23216038 Residual Norm: 0.00002204   converged                                     
               Excitation 45  :     10.23226250 Residual Norm: 0.00001541   converged                                     
               Excitation 46  :     10.23684932 Residual Norm: 0.00004732   converged                                     
               Excitation 47  :     10.23797103 Residual Norm: 0.00004260   converged                                     
               Excitation 48  :     10.23816196 Residual Norm: 0.00003629   converged                                     
               Excitation 49  :     10.23865400 Residual Norm: 0.00002024   converged                                     
               Excitation 50  :     10.23921136 Residual Norm: 0.00001022   converged                                     
               Excitation 51  :     10.23946222 Residual Norm: 0.00002893   converged                                     
               Excitation 52  :     10.24235491 Residual Norm: 0.00002699   converged                                     
               Excitation 53  :     10.24274729 Residual Norm: 0.00001834   converged                                     
               Excitation 54  :     10.24526110 Residual Norm: 0.00001192   converged                                     
               Excitation 55  :     10.24805272 Residual Norm: 0.00004068   converged                                     
               Excitation 56  :     10.24886642 Residual Norm: 0.00001677   converged                                     
               Excitation 57  :     10.24900870 Residual Norm: 0.00008417   converged                                     
               Excitation 58  :     10.25068462 Residual Norm: 0.00005208   converged                                     
               Excitation 59  :     10.25125342 Residual Norm: 0.00002621   converged                                     
               Excitation 60  :     10.25323815 Residual Norm: 0.00003377   converged                                     
               Excitation 61  :     10.25366327 Residual Norm: 0.00004558   converged                                     
               Excitation 62  :     10.25467980 Residual Norm: 0.00003313   converged                                     
               Excitation 63  :     10.25531755 Residual Norm: 0.00002304   converged                                     
               Excitation 64  :     10.25785144 Residual Norm: 0.00005105   converged                                     
               Excitation 65  :     10.25840620 Residual Norm: 0.00003673   converged                                     
               Excitation 66  :     10.25868525 Residual Norm: 0.00007520   converged                                     
               Excitation 67  :     10.26002950 Residual Norm: 0.00005265   converged                                     
               Excitation 68  :     10.26301830 Residual Norm: 0.00001157   converged                                     
               Excitation 69  :     10.26427438 Residual Norm: 0.00005190   converged                                     
               Excitation 70  :     10.26530745 Residual Norm: 0.00003003   converged                                     
               Excitation 71  :     10.26688420 Residual Norm: 0.00004049   converged                                     
               Excitation 72  :     10.26740405 Residual Norm: 0.00002081   converged                                     
               Excitation 73  :     10.26910366 Residual Norm: 0.00002757   converged                                     
               Excitation 74  :     10.27033269 Residual Norm: 0.00002424   converged                                     
               Excitation 75  :     10.27283849 Residual Norm: 0.00002624   converged                                     
                                                                                                                          
* Info * Checkpoint written to file: 0293_c1s_rsp.h5                                                                      
                                                                                                                          
* Info * Time spent in writing checkpoint file: 1.42 sec                                                                  
                                                                                                                          
               *** Linear response converged in 6 iterations. Time: 270.28 sec                                            
                                                                                                                          
                                                                                                                          
* Info * Response solution vectors written to file: 0293_c1s.h5                                                           
                                                                                                                          
               Electric Transition Dipole Moments (dipole length, a.u.)                                                   
               --------------------------------------------------------                                                   
                                                X            Y            Z                                               
               Excited State    S1:     -0.008719     0.008582     0.070644                                               
               Excited State    S2:      0.003525    -0.000788    -0.072592                                               
               Excited State    S3:      0.000427    -0.005108    -0.068486                                               
               Excited State    S4:      0.000427    -0.006689    -0.051780                                               
               Excited State    S5:      0.002596    -0.007666    -0.057067                                               
               Excited State    S6:      0.005427    -0.004166     0.075145                                               
               Excited State    S7:     -0.005051     0.003616    -0.084375                                               
               Excited State    S8:      0.001466     0.000608     0.025877                                               
               Excited State    S9:     -0.000593    -0.002330     0.006077                                               
               Excited State   S10:      0.001007    -0.002936    -0.047240                                               
               Excited State   S11:     -0.001286     0.000915    -0.011475                                               
               Excited State   S12:     -0.001132     0.002099     0.019973                                               
               Excited State   S13:     -0.005426     0.004971    -0.014349                                               
               Excited State   S14:      0.026729     0.014403    -0.002898                                               
               Excited State   S15:     -0.005618    -0.036302     0.005664                                               
               Excited State   S16:      0.000681     0.001340    -0.061990                                               
               Excited State   S17:      0.023805    -0.009815     0.003505                                               
               Excited State   S18:     -0.001439    -0.017415    -0.011829                                               
               Excited State   S19:     -0.036133     0.022998     0.006227                                               
               Excited State   S20:     -0.003191     0.000400     0.028149                                               
               Excited State   S21:      0.001473     0.027360    -0.012058                                               
               Excited State   S22:     -0.002577    -0.010970    -0.014736                                               
               Excited State   S23:     -0.008556    -0.004324    -0.005911                                               
               Excited State   S24:     -0.011178     0.013793     0.003436                                               
               Excited State   S25:      0.003005    -0.003902     0.009618                                               
               Excited State   S26:      0.013965     0.008419     0.002832                                               
               Excited State   S27:     -0.005599    -0.006053    -0.006400                                               
               Excited State   S28:     -0.007451    -0.016426    -0.012623                                               
               Excited State   S29:     -0.006657    -0.011949     0.000351                                               
               Excited State   S30:      0.009471     0.000446     0.004514                                               
               Excited State   S31:     -0.001400     0.019988    -0.004299                                               
               Excited State   S32:     -0.000961     0.033249     0.005063                                               
               Excited State   S33:      0.013473    -0.016746    -0.001093                                               
               Excited State   S34:      0.009085     0.012601    -0.006401                                               
               Excited State   S35:     -0.003988    -0.011285     0.008140                                               
               Excited State   S36:      0.008344    -0.010364    -0.006412                                               
               Excited State   S37:      0.008196    -0.002387    -0.005738                                               
               Excited State   S38:      0.002608    -0.018441     0.005508                                               
               Excited State   S39:     -0.003967    -0.003723    -0.000904                                               
               Excited State   S40:     -0.002202     0.014346     0.000297                                               
               Excited State   S41:     -0.004138    -0.003008    -0.001037                                               
               Excited State   S42:      0.002251     0.009300    -0.000551                                               
               Excited State   S43:      0.003074     0.000718    -0.009682                                               
               Excited State   S44:      0.002358    -0.013213     0.007827                                               
               Excited State   S45:     -0.000934    -0.002447     0.027824                                               
               Excited State   S46:      0.008600    -0.001506    -0.003992                                               
               Excited State   S47:     -0.003499     0.001385     0.001035                                               
               Excited State   S48:     -0.036627    -0.016344    -0.000128                                               
               Excited State   S49:     -0.000902     0.004982     0.019893                                               
               Excited State   S50:      0.001316     0.000940     0.005512                                               
               Excited State   S51:     -0.019519     0.013451     0.002436                                               
               Excited State   S52:     -0.004717    -0.006880     0.004444                                               
               Excited State   S53:      0.000943     0.004374    -0.000279                                               
               Excited State   S54:      0.003742    -0.001800    -0.016617                                               
               Excited State   S55:     -0.006766    -0.004797     0.003673                                               
               Excited State   S56:      0.014544     0.016533    -0.000946                                               
               Excited State   S57:     -0.002058    -0.011895     0.001392                                               
               Excited State   S58:      0.004039     0.000969     0.004189                                               
               Excited State   S59:      0.004041    -0.001144     0.001101                                               
               Excited State   S60:     -0.000435    -0.014898    -0.003866                                               
               Excited State   S61:      0.011961    -0.003925    -0.001602                                               
               Excited State   S62:     -0.011244     0.010386    -0.001811                                               
               Excited State   S63:      0.005811     0.008308    -0.000940                                               
               Excited State   S64:      0.001875    -0.011087     0.002033                                               
               Excited State   S65:     -0.000244    -0.001105     0.007906                                               
               Excited State   S66:     -0.016482     0.019763     0.003405                                               
               Excited State   S67:      0.003355    -0.007421     0.014423                                               
               Excited State   S68:     -0.007622     0.006939     0.019594                                               
               Excited State   S69:      0.002507     0.006593     0.006635                                               
               Excited State   S70:     -0.001734    -0.036901    -0.000130                                               
               Excited State   S71:     -0.005456     0.011776    -0.000092                                               
               Excited State   S72:     -0.022409    -0.015690    -0.000139                                               
               Excited State   S73:      0.001500     0.002329     0.001190                                               
               Excited State   S74:     -0.003252     0.002413     0.036127                                               
               Excited State   S75:     -0.007012    -0.003868    -0.007944                                               
                                                                                                                          
               Electric Transition Dipole Moments (dipole velocity, a.u.)                                                 
               ----------------------------------------------------------                                                 
                                                X            Y            Z                                               
               Excited State    S1:     -0.008610     0.008467     0.069654                                               
               Excited State    S2:      0.003466    -0.000777    -0.071559                                               
               Excited State    S3:      0.000405    -0.005032    -0.067523                                               
               Excited State    S4:      0.000406    -0.006596    -0.051050                                               
               Excited State    S5:      0.002552    -0.007578    -0.056287                                               
               Excited State    S6:      0.005372    -0.004113     0.074137                                               
               Excited State    S7:     -0.004984     0.003573    -0.083161                                               
               Excited State    S8:      0.001457     0.000611     0.025556                                               
               Excited State    S9:     -0.000592    -0.002310     0.006004                                               
               Excited State   S10:      0.001004    -0.002911    -0.046593                                               
               Excited State   S11:     -0.001288     0.000898    -0.011319                                               
               Excited State   S12:     -0.001110     0.002078     0.019707                                               
               Excited State   S13:     -0.005375     0.004924    -0.014164                                               
               Excited State   S14:      0.026615     0.014302    -0.002894                                               
               Excited State   S15:     -0.005779    -0.036109     0.005687                                               
               Excited State   S16:      0.000647     0.001343    -0.061197                                               
               Excited State   S17:      0.023702    -0.009799     0.003435                                               
               Excited State   S18:     -0.001400    -0.017357    -0.011680                                               
               Excited State   S19:     -0.035884     0.022806     0.006174                                               
               Excited State   S20:     -0.003131     0.000406     0.027812                                               
               Excited State   S21:      0.001397     0.027277    -0.011861                                               
               Excited State   S22:     -0.002600    -0.010919    -0.014504                                               
               Excited State   S23:     -0.008519    -0.004258    -0.005791                                               
               Excited State   S24:     -0.011107     0.013668     0.003291                                               
               Excited State   S25:      0.003013    -0.003831     0.009464                                               
               Excited State   S26:      0.013883     0.008324     0.002799                                               
               Excited State   S27:     -0.005644    -0.005917    -0.006297                                               
               Excited State   S28:     -0.007370    -0.016333    -0.012482                                               
               Excited State   S29:     -0.006526    -0.011853     0.000436                                               
               Excited State   S30:      0.009424     0.000591     0.004409                                               
               Excited State   S31:     -0.001501     0.019956    -0.004355                                               
               Excited State   S32:     -0.000959     0.033022     0.005018                                               
               Excited State   S33:      0.013398    -0.016806    -0.001127                                               
               Excited State   S34:      0.009118     0.012548    -0.006292                                               
               Excited State   S35:     -0.003893    -0.011179     0.008067                                               
               Excited State   S36:      0.008392    -0.010127    -0.006338                                               
               Excited State   S37:      0.008088    -0.002331    -0.005760                                               
               Excited State   S38:      0.002516    -0.018351     0.005473                                               
               Excited State   S39:     -0.003918    -0.003621    -0.000860                                               
               Excited State   S40:     -0.002201     0.014222     0.000277                                               
               Excited State   S41:     -0.003849    -0.002900    -0.001040                                               
               Excited State   S42:      0.002181     0.009391    -0.000451                                               
               Excited State   S43:      0.002881     0.000670    -0.009649                                               
               Excited State   S44:      0.002281    -0.012861     0.007904                                               
               Excited State   S45:     -0.001011    -0.002627     0.027869                                               
               Excited State   S46:      0.008425    -0.001498    -0.003980                                               
               Excited State   S47:     -0.003596     0.001471     0.001051                                               
               Excited State   S48:     -0.036438    -0.016416    -0.000135                                               
               Excited State   S49:     -0.000866     0.004958     0.020015                                               
               Excited State   S50:      0.001667     0.001070     0.005561                                               
               Excited State   S51:     -0.019245     0.013413     0.002470                                               
               Excited State   S52:     -0.004511    -0.006819     0.004449                                               
               Excited State   S53:      0.000915     0.004500    -0.000231                                               
               Excited State   S54:      0.003688    -0.001731    -0.016541                                               
               Excited State   S55:     -0.006840    -0.004536     0.003845                                               
               Excited State   S56:      0.014085     0.016316    -0.000676                                               
               Excited State   S57:     -0.002032    -0.011773     0.001278                                               
               Excited State   S58:      0.004019     0.000808     0.004579                                               
               Excited State   S59:      0.004133    -0.001248     0.000988                                               
               Excited State   S60:     -0.000398    -0.014664    -0.004169                                               
               Excited State   S61:      0.011923    -0.003935    -0.002323                                               
               Excited State   S62:     -0.011239     0.010331    -0.001771                                               
               Excited State   S63:      0.005873     0.008318    -0.000385                                               
               Excited State   S64:      0.001749    -0.011011     0.002031                                               
               Excited State   S65:     -0.000284    -0.000971     0.007905                                               
               Excited State   S66:     -0.016489     0.019654     0.002961                                               
               Excited State   S67:      0.003409    -0.007361     0.014194                                               
               Excited State   S68:     -0.007497     0.006834     0.019399                                               
               Excited State   S69:      0.002494     0.006480     0.006411                                               
               Excited State   S70:     -0.001638    -0.036579    -0.000115                                               
               Excited State   S71:     -0.005338     0.011590    -0.000133                                               
               Excited State   S72:     -0.022204    -0.015675    -0.000091                                               
               Excited State   S73:      0.001751     0.002131     0.001340                                               
               Excited State   S74:     -0.003172     0.002379     0.035738                                               
               Excited State   S75:     -0.007030    -0.003777    -0.007827                                               
                                                                                                                          
               Magnetic Transition Dipole Moments (a.u.)                                                                  
               -----------------------------------------                                                                  
                                                X            Y            Z                                               
               Excited State    S1:     -0.903794    -0.611132    -0.035623                                               
               Excited State    S2:      0.552686     1.513402     0.009423                                               
               Excited State    S3:     -0.417661     1.357836    -0.099899                                               
               Excited State    S4:     -0.779031     0.384622    -0.056658                                               
               Excited State    S5:     -0.530972     0.919202    -0.141909                                               
               Excited State    S6:      0.559519     0.115603    -0.028058                                               
               Excited State    S7:      0.120438    -1.888698    -0.088186                                               
               Excited State    S8:     -0.164877     0.067371     0.008877                                               
               Excited State    S9:      0.079100    -0.024625    -0.014187                                               
               Excited State   S10:      0.297729    -0.107343     0.013186                                               
               Excited State   S11:      0.165653     0.125253    -0.008967                                               
               Excited State   S12:     -0.153479    -0.407295     0.035788                                               
               Excited State   S13:     -0.098148    -0.036281     0.025651                                               
               Excited State   S14:     -0.024726     0.071385     0.140418                                               
               Excited State   S15:      0.042446    -0.056811    -0.318744                                               
               Excited State   S16:      0.389705    -0.149587     0.003073                                               
               Excited State   S17:     -0.021204    -0.039900    -0.069260                                               
               Excited State   S18:      0.170893     0.125248    -0.208488                                               
               Excited State   S19:      0.054835     0.051033     0.213471                                               
               Excited State   S20:      0.197195    -0.547323     0.011065                                               
               Excited State   S21:      0.146436     0.110390     0.266959                                               
               Excited State   S22:     -0.222308     0.114467    -0.084911                                               
               Excited State   S23:     -0.036822     0.113636    -0.036901                                               
               Excited State   S24:      0.038512     0.015131     0.051891                                               
               Excited State   S25:     -0.071313    -0.194980    -0.053219                                               
               Excited State   S26:     -0.002213    -0.072199     0.092072                                               
               Excited State   S27:     -0.065492     0.082226    -0.075339                                               
               Excited State   S28:      0.057534    -0.022326     0.003240                                               
               Excited State   S29:     -0.009713    -0.015984    -0.178490                                               
               Excited State   S30:      0.028981    -0.085644    -0.038602                                               
               Excited State   S31:      0.046710     0.046044     0.123897                                               
               Excited State   S32:     -0.009602     0.118117    -0.774400                                               
               Excited State   S33:      0.022000     0.051488    -0.174885                                               
               Excited State   S34:     -0.073061     0.053123     0.029021                                               
               Excited State   S35:     -0.077086     0.024382    -0.027296                                               
               Excited State   S36:      0.059187     0.146826    -0.151876                                               
               Excited State   S37:     -0.009331    -0.021830    -0.033857                                               
               Excited State   S38:      0.056813    -0.057606    -0.219680                                               
               Excited State   S39:      0.010702     0.013667    -0.106163                                               
               Excited State   S40:     -0.000783     0.006384    -0.336977                                               
               Excited State   S41:     -0.004177     0.024530    -0.021722                                               
               Excited State   S42:      0.003485     0.008002     0.107084                                               
               Excited State   S43:     -0.046647     0.230571    -0.001845                                               
               Excited State   S44:     -0.086718    -0.073864    -0.084462                                               
               Excited State   S45:      0.363326    -0.296612    -0.018002                                               
               Excited State   S46:      0.023590     0.107701     0.035459                                               
               Excited State   S47:      0.005436    -0.023270     0.060162                                               
               Excited State   S48:      0.000496    -0.005041     0.326706                                               
               Excited State   S49:     -0.260408    -0.172221     0.033249                                               
               Excited State   S50:      0.077704    -0.063444     0.048506                                               
               Excited State   S51:      0.039105     0.010038     0.116169                                               
               Excited State   S52:      0.032104    -0.094718    -0.135410                                               
               Excited State   S53:      0.008545     0.000008    -0.020783                                               
               Excited State   S54:      0.125617     0.346106    -0.008425                                               
               Excited State   S55:     -0.037261     0.015508    -0.038487                                               
               Excited State   S56:      0.007604    -0.001826    -0.008396                                               
               Excited State   S57:     -0.013772    -0.012392    -0.129087                                               
               Excited State   S58:      0.033956     0.007422    -0.046305                                               
               Excited State   S59:     -0.004037    -0.017526    -0.000666                                               
               Excited State   S60:     -0.022050    -0.008895    -0.040355                                               
               Excited State   S61:     -0.033245    -0.016223    -0.026008                                               
               Excited State   S62:      0.015184     0.014916    -0.037347                                               
               Excited State   S63:      0.017759    -0.014488     0.033985                                               
               Excited State   S64:      0.019598    -0.020339    -0.116905                                               
               Excited State   S65:     -0.059762    -0.169079    -0.034087                                               
               Excited State   S66:      0.042182     0.025350     0.062985                                               
               Excited State   S67:      0.098800    -0.296722    -0.174373                                               
               Excited State   S68:      0.134078    -0.405000     0.194885                                               
               Excited State   S69:     -0.029750     0.012727     0.000874                                               
               Excited State   S70:      0.001173    -0.003003     0.859543                                               
               Excited State   S71:      0.009992     0.003474     0.008101                                               
               Excited State   S72:      0.000612    -0.002562     0.330837                                               
               Excited State   S73:     -0.050986     0.056392     0.032716                                               
               Excited State   S74:     -0.259468    -0.761081     0.020990                                               
               Excited State   S75:      0.062627     0.150015    -0.141361                                               
                                                                                                                          
               One-Photon Absorption                                                                                      
               ---------------------                                                                                      
               Excited State    S1:     10.08121215 a.u.    274.32376 eV    Osc.Str.    0.0345                            
               Excited State    S2:     10.08375124 a.u.    274.39285 eV    Osc.Str.    0.0355                            
               Excited State    S3:     10.09353498 a.u.    274.65908 eV    Osc.Str.    0.0317                            
               Excited State    S4:     10.10294220 a.u.    274.91506 eV    Osc.Str.    0.0184                            
               Excited State    S5:     10.10449744 a.u.    274.95738 eV    Osc.Str.    0.0224                            
               Excited State    S6:     10.11421518 a.u.    275.22182 eV    Osc.Str.    0.0384                            
               Excited State    S7:     10.11646641 a.u.    275.28308 eV    Osc.Str.    0.0483                            
               Excited State    S8:     10.12364898 a.u.    275.47852 eV    Osc.Str.    0.0045                            
               Excited State    S9:     10.12541208 a.u.    275.52650 eV    Osc.Str.    0.0003                            
               Excited State   S10:     10.12823181 a.u.    275.60323 eV    Osc.Str.    0.0151                            
               Excited State   S11:     10.13160952 a.u.    275.69514 eV    Osc.Str.    0.0009                            
               Excited State   S12:     10.13722339 a.u.    275.84790 eV    Osc.Str.    0.0027                            
               Excited State   S13:     10.14528690 a.u.    276.06732 eV    Osc.Str.    0.0018                            
               Excited State   S14:     10.15647163 a.u.    276.37167 eV    Osc.Str.    0.0063                            
               Excited State   S15:     10.16490420 a.u.    276.60113 eV    Osc.Str.    0.0094                            
               Excited State   S16:     10.16946282 a.u.    276.72518 eV    Osc.Str.    0.0261                            
               Excited State   S17:     10.17435195 a.u.    276.85822 eV    Osc.Str.    0.0046                            
               Excited State   S18:     10.17570021 a.u.    276.89491 eV    Osc.Str.    0.0030                            
               Excited State   S19:     10.17822868 a.u.    276.96371 eV    Osc.Str.    0.0127                            
               Excited State   S20:     10.17964278 a.u.    277.00219 eV    Osc.Str.    0.0054                            
               Excited State   S21:     10.18311527 a.u.    277.09668 eV    Osc.Str.    0.0061                            
               Excited State   S22:     10.18442261 a.u.    277.13226 eV    Osc.Str.    0.0023                            
               Excited State   S23:     10.19396170 a.u.    277.39183 eV    Osc.Str.    0.0009                            
               Excited State   S24:     10.19948210 a.u.    277.54205 eV    Osc.Str.    0.0022                            
               Excited State   S25:     10.20021002 a.u.    277.56185 eV    Osc.Str.    0.0008                            
               Excited State   S26:     10.20097345 a.u.    277.58263 eV    Osc.Str.    0.0019                            
               Excited State   S27:     10.20184482 a.u.    277.60634 eV    Osc.Str.    0.0007                            
               Excited State   S28:     10.20391287 a.u.    277.66261 eV    Osc.Str.    0.0033                            
               Excited State   S29:     10.20778891 a.u.    277.76809 eV    Osc.Str.    0.0013                            
               Excited State   S30:     10.20829139 a.u.    277.78176 eV    Osc.Str.    0.0008                            
               Excited State   S31:     10.21133066 a.u.    277.86446 eV    Osc.Str.    0.0029                            
               Excited State   S32:     10.21170723 a.u.    277.87471 eV    Osc.Str.    0.0077                            
               Excited State   S33:     10.21252457 a.u.    277.89695 eV    Osc.Str.    0.0032                            
               Excited State   S34:     10.21267439 a.u.    277.90103 eV    Osc.Str.    0.0019                            
               Excited State   S35:     10.21574823 a.u.    277.98467 eV    Osc.Str.    0.0014                            
               Excited State   S36:     10.21655545 a.u.    278.00664 eV    Osc.Str.    0.0015                            
               Excited State   S37:     10.21668773 a.u.    278.01024 eV    Osc.Str.    0.0007                            
               Excited State   S38:     10.21832716 a.u.    278.05485 eV    Osc.Str.    0.0026                            
               Excited State   S39:     10.21945679 a.u.    278.08559 eV    Osc.Str.    0.0002                            
               Excited State   S40:     10.21979066 a.u.    278.09467 eV    Osc.Str.    0.0014                            
               Excited State   S41:     10.22181558 a.u.    278.14977 eV    Osc.Str.    0.0002                            
               Excited State   S42:     10.22342761 a.u.    278.19364 eV    Osc.Str.    0.0006                            
               Excited State   S43:     10.22675966 a.u.    278.28431 eV    Osc.Str.    0.0007                            
               Excited State   S44:     10.23216038 a.u.    278.43127 eV    Osc.Str.    0.0016                            
               Excited State   S45:     10.23226250 a.u.    278.43405 eV    Osc.Str.    0.0053                            
               Excited State   S46:     10.23684932 a.u.    278.55886 eV    Osc.Str.    0.0006                            
               Excited State   S47:     10.23797103 a.u.    278.58938 eV    Osc.Str.    0.0001                            
               Excited State   S48:     10.23816196 a.u.    278.59458 eV    Osc.Str.    0.0110                            
               Excited State   S49:     10.23865400 a.u.    278.60797 eV    Osc.Str.    0.0029                            
               Excited State   S50:     10.23921136 a.u.    278.62314 eV    Osc.Str.    0.0002                            
               Excited State   S51:     10.23946222 a.u.    278.62996 eV    Osc.Str.    0.0039                            
               Excited State   S52:     10.24235491 a.u.    278.70868 eV    Osc.Str.    0.0006                            
               Excited State   S53:     10.24274729 a.u.    278.71935 eV    Osc.Str.    0.0001                            
               Excited State   S54:     10.24526110 a.u.    278.78776 eV    Osc.Str.    0.0020                            
               Excited State   S55:     10.24805272 a.u.    278.86372 eV    Osc.Str.    0.0006                            
               Excited State   S56:     10.24886642 a.u.    278.88586 eV    Osc.Str.    0.0033                            
               Excited State   S57:     10.24900870 a.u.    278.88973 eV    Osc.Str.    0.0010                            
               Excited State   S58:     10.25068462 a.u.    278.93534 eV    Osc.Str.    0.0002                            
               Excited State   S59:     10.25125342 a.u.    278.95082 eV    Osc.Str.    0.0001                            
               Excited State   S60:     10.25323815 a.u.    279.00482 eV    Osc.Str.    0.0016                            
               Excited State   S61:     10.25366327 a.u.    279.01639 eV    Osc.Str.    0.0011                            
               Excited State   S62:     10.25467980 a.u.    279.04405 eV    Osc.Str.    0.0016                            
               Excited State   S63:     10.25531755 a.u.    279.06141 eV    Osc.Str.    0.0007                            
               Excited State   S64:     10.25785144 a.u.    279.13036 eV    Osc.Str.    0.0009                            
               Excited State   S65:     10.25840620 a.u.    279.14545 eV    Osc.Str.    0.0004                            
               Excited State   S66:     10.25868525 a.u.    279.15305 eV    Osc.Str.    0.0046                            
               Excited State   S67:     10.26002950 a.u.    279.18963 eV    Osc.Str.    0.0019                            
               Excited State   S68:     10.26301830 a.u.    279.27096 eV    Osc.Str.    0.0034                            
               Excited State   S69:     10.26427438 a.u.    279.30513 eV    Osc.Str.    0.0006                            
               Excited State   S70:     10.26530745 a.u.    279.33325 eV    Osc.Str.    0.0093                            
               Excited State   S71:     10.26688420 a.u.    279.37615 eV    Osc.Str.    0.0012                            
               Excited State   S72:     10.26740405 a.u.    279.39030 eV    Osc.Str.    0.0051                            
               Excited State   S73:     10.26910366 a.u.    279.43655 eV    Osc.Str.    0.0001                            
               Excited State   S74:     10.27033269 a.u.    279.46999 eV    Osc.Str.    0.0090                            
               Excited State   S75:     10.27283849 a.u.    279.53818 eV    Osc.Str.    0.0009                            
                                                                                                                          
               Electronic Circular Dichroism                                                                              
               -----------------------------                                                                              
               Excited State    S1:     Rot.Str.      0.000126 a.u.     0.0595 [10**(-40) cgs]                            
               Excited State    S2:     Rot.Str.      0.000065 a.u.     0.0305 [10**(-40) cgs]                            
               Excited State    S3:     Rot.Str.     -0.000257 a.u.    -0.1210 [10**(-40) cgs]                            
               Excited State    S4:     Rot.Str.      0.000039 a.u.     0.0184 [10**(-40) cgs]                            
               Excited State    S5:     Rot.Str.     -0.000333 a.u.    -0.1569 [10**(-40) cgs]                            
               Excited State    S6:     Rot.Str.      0.000450 a.u.     0.2121 [10**(-40) cgs]                            
               Excited State    S7:     Rot.Str.     -0.000015 a.u.    -0.0070 [10**(-40) cgs]                            
               Excited State    S8:     Rot.Str.      0.000028 a.u.     0.0131 [10**(-40) cgs]                            
               Excited State    S9:     Rot.Str.     -0.000075 a.u.    -0.0354 [10**(-40) cgs]                            
               Excited State   S10:     Rot.Str.     -0.000003 a.u.    -0.0014 [10**(-40) cgs]                            
               Excited State   S11:     Rot.Str.      0.000001 a.u.     0.0003 [10**(-40) cgs]                            
               Excited State   S12:     Rot.Str.      0.000029 a.u.     0.0138 [10**(-40) cgs]                            
               Excited State   S13:     Rot.Str.     -0.000014 a.u.    -0.0068 [10**(-40) cgs]                            
               Excited State   S14:     Rot.Str.     -0.000044 a.u.    -0.0205 [10**(-40) cgs]                            
               Excited State   S15:     Rot.Str.     -0.000007 a.u.    -0.0031 [10**(-40) cgs]                            
               Excited State   S16:     Rot.Str.     -0.000137 a.u.    -0.0644 [10**(-40) cgs]                            
               Excited State   S17:     Rot.Str.     -0.000349 a.u.    -0.1648 [10**(-40) cgs]                            
               Excited State   S18:     Rot.Str.      0.000022 a.u.     0.0103 [10**(-40) cgs]                            
               Excited State   S19:     Rot.Str.      0.000514 a.u.     0.2423 [10**(-40) cgs]                            
               Excited State   S20:     Rot.Str.     -0.000532 a.u.    -0.2509 [10**(-40) cgs]                            
               Excited State   S21:     Rot.Str.      0.000049 a.u.     0.0233 [10**(-40) cgs]                            
               Excited State   S22:     Rot.Str.      0.000560 a.u.     0.2639 [10**(-40) cgs]                            
               Excited State   S23:     Rot.Str.      0.000043 a.u.     0.0205 [10**(-40) cgs]                            
               Excited State   S24:     Rot.Str.     -0.000050 a.u.    -0.0236 [10**(-40) cgs]                            
               Excited State   S25:     Rot.Str.      0.000028 a.u.     0.0134 [10**(-40) cgs]                            
               Excited State   S26:     Rot.Str.     -0.000374 a.u.    -0.1763 [10**(-40) cgs]                            
               Excited State   S27:     Rot.Str.      0.000358 a.u.     0.1686 [10**(-40) cgs]                            
               Excited State   S28:     Rot.Str.     -0.000100 a.u.    -0.0471 [10**(-40) cgs]                            
               Excited State   S29:     Rot.Str.      0.000175 a.u.     0.0825 [10**(-40) cgs]                            
               Excited State   S30:     Rot.Str.      0.000052 a.u.     0.0247 [10**(-40) cgs]                            
               Excited State   S31:     Rot.Str.      0.000309 a.u.     0.1458 [10**(-40) cgs]                            
               Excited State   S32:     Rot.Str.      0.000024 a.u.     0.0112 [10**(-40) cgs]                            
               Excited State   S33:     Rot.Str.     -0.000373 a.u.    -0.1760 [10**(-40) cgs]                            
               Excited State   S34:     Rot.Str.     -0.000182 a.u.    -0.0859 [10**(-40) cgs]                            
               Excited State   S35:     Rot.Str.     -0.000193 a.u.    -0.0908 [10**(-40) cgs]                            
               Excited State   S36:     Rot.Str.     -0.000028 a.u.    -0.0130 [10**(-40) cgs]                            
               Excited State   S37:     Rot.Str.      0.000170 a.u.     0.0804 [10**(-40) cgs]                            
               Excited State   S38:     Rot.Str.     -0.000002 a.u.    -0.0011 [10**(-40) cgs]                            
               Excited State   S39:     Rot.Str.     -0.000000 a.u.    -0.0001 [10**(-40) cgs]                            
               Excited State   S40:     Rot.Str.     -0.000001 a.u.    -0.0003 [10**(-40) cgs]                            
               Excited State   S41:     Rot.Str.     -0.000032 a.u.    -0.0153 [10**(-40) cgs]                            
               Excited State   S42:     Rot.Str.      0.000034 a.u.     0.0162 [10**(-40) cgs]                            
               Excited State   S43:     Rot.Str.      0.000038 a.u.     0.0179 [10**(-40) cgs]                            
               Excited State   S44:     Rot.Str.      0.000085 a.u.     0.0399 [10**(-40) cgs]                            
               Excited State   S45:     Rot.Str.     -0.000090 a.u.    -0.0423 [10**(-40) cgs]                            
               Excited State   S46:     Rot.Str.     -0.000104 a.u.    -0.0489 [10**(-40) cgs]                            
               Excited State   S47:     Rot.Str.      0.000009 a.u.     0.0044 [10**(-40) cgs]                            
               Excited State   S48:     Rot.Str.      0.000021 a.u.     0.0097 [10**(-40) cgs]                            
               Excited State   S49:     Rot.Str.      0.000037 a.u.     0.0175 [10**(-40) cgs]                            
               Excited State   S50:     Rot.Str.      0.000331 a.u.     0.1562 [10**(-40) cgs]                            
               Excited State   S51:     Rot.Str.     -0.000331 a.u.    -0.1560 [10**(-40) cgs]                            
               Excited State   S52:     Rot.Str.     -0.000101 a.u.    -0.0478 [10**(-40) cgs]                            
               Excited State   S53:     Rot.Str.      0.000013 a.u.     0.0060 [10**(-40) cgs]                            
               Excited State   S54:     Rot.Str.      0.000004 a.u.     0.0017 [10**(-40) cgs]                            
               Excited State   S55:     Rot.Str.      0.000037 a.u.     0.0172 [10**(-40) cgs]                            
               Excited State   S56:     Rot.Str.      0.000083 a.u.     0.0391 [10**(-40) cgs]                            
               Excited State   S57:     Rot.Str.      0.000009 a.u.     0.0042 [10**(-40) cgs]                            
               Excited State   S58:     Rot.Str.     -0.000070 a.u.    -0.0328 [10**(-40) cgs]                            
               Excited State   S59:     Rot.Str.      0.000005 a.u.     0.0021 [10**(-40) cgs]                            
               Excited State   S60:     Rot.Str.      0.000307 a.u.     0.1449 [10**(-40) cgs]                            
               Excited State   S61:     Rot.Str.     -0.000272 a.u.    -0.1283 [10**(-40) cgs]                            
               Excited State   S62:     Rot.Str.      0.000050 a.u.     0.0234 [10**(-40) cgs]                            
               Excited State   S63:     Rot.Str.     -0.000029 a.u.    -0.0138 [10**(-40) cgs]                            
               Excited State   S64:     Rot.Str.      0.000021 a.u.     0.0098 [10**(-40) cgs]                            
               Excited State   S65:     Rot.Str.     -0.000088 a.u.    -0.0416 [10**(-40) cgs]                            
               Excited State   S66:     Rot.Str.     -0.000011 a.u.    -0.0051 [10**(-40) cgs]                            
               Excited State   S67:     Rot.Str.      0.000046 a.u.     0.0216 [10**(-40) cgs]                            
               Excited State   S68:     Rot.Str.      0.000008 a.u.     0.0037 [10**(-40) cgs]                            
               Excited State   S69:     Rot.Str.      0.000014 a.u.     0.0065 [10**(-40) cgs]                            
               Excited State   S70:     Rot.Str.      0.000009 a.u.     0.0043 [10**(-40) cgs]                            
               Excited State   S71:     Rot.Str.     -0.000014 a.u.    -0.0067 [10**(-40) cgs]                            
               Excited State   S72:     Rot.Str.     -0.000004 a.u.    -0.0017 [10**(-40) cgs]                            
               Excited State   S73:     Rot.Str.      0.000075 a.u.     0.0352 [10**(-40) cgs]                            
               Excited State   S74:     Rot.Str.     -0.000237 a.u.    -0.1118 [10**(-40) cgs]                            
               Excited State   S75:     Rot.Str.      0.000099 a.u.     0.0469 [10**(-40) cgs]                            
                                                                                                                          
               Character of excitations:                                                                                  
                                                                                                                          
               Excited state 1                                                                                            
               ---------------                                                                                            
               core_8   -> LUMO+1       0.7924                                                                            
               core_8   -> LUMO        -0.5020                                                                            
                                                                                                                          
               Excited state 2                                                                                            
               ---------------                                                                                            
               core_7   -> LUMO+1       0.8951                                                                            
               core_7   -> LUMO        -0.2749                                                                            
                                                                                                                          
               Excited state 3                                                                                            
               ---------------                                                                                            
               core_9   -> LUMO        -0.7523                                                                            
               core_9   -> LUMO+8      -0.4131                                                                            
               core_9   -> LUMO+5       0.3500                                                                            
               core_9   -> LUMO+1       0.2370                                                                            
                                                                                                                          
               Excited state 4                                                                                            
               ---------------                                                                                            
               core_6   -> LUMO+1       0.6327                                                                            
               core_6   -> LUMO        -0.5009                                                                            
               core_9   -> LUMO+1       0.3361                                                                            
               core_6   -> LUMO+8      -0.3305                                                                            
               core_6   -> LUMO+5       0.2001                                                                            
                                                                                                                          
               Excited state 5                                                                                            
               ---------------                                                                                            
               core_9   -> LUMO+1      -0.8801                                                                            
               core_6   -> LUMO+1       0.2474                                                                            
               core_9   -> LUMO+5       0.2225                                                                            
                                                                                                                          
               Excited state 6                                                                                            
               ---------------                                                                                            
               core_4   -> LUMO+1      -0.8355                                                                            
               core_4   -> LUMO        -0.4956                                                                            
                                                                                                                          
               Excited state 7                                                                                            
               ---------------                                                                                            
               core_3   -> LUMO         0.9499                                                                            
                                                                                                                          
               Excited state 8                                                                                            
               ---------------                                                                                            
               core_5   -> LUMO         0.9896                                                                            
                                                                                                                          
               Excited state 9                                                                                            
               ---------------                                                                                            
               core_6   -> LUMO+1       0.6922                                                                            
               core_6   -> LUMO         0.6406                                                                            
               core_6   -> LUMO+5      -0.2469                                                                            
                                                                                                                          
               Excited state 10                                                                                           
               ----------------                                                                                           
               core_5   -> LUMO+1      -0.9399                                                                            
               core_5   -> LUMO+5       0.2474                                                                            
                                                                                                                          
               Excited state 11                                                                                           
               ----------------                                                                                           
               core_8   -> LUMO         0.7483                                                                            
               core_8   -> LUMO+1       0.5231                                                                            
               core_8   -> LUMO+5      -0.2725                                                                            
               core_8   -> LUMO+8       0.2238                                                                            
                                                                                                                          
               Excited state 12                                                                                           
               ----------------                                                                                           
               core_7   -> LUMO        -0.8179                                                                            
               core_7   -> LUMO+8      -0.3480                                                                            
               core_7   -> LUMO+5       0.3419                                                                            
                                                                                                                          
               Excited state 13                                                                                           
               ----------------                                                                                           
               core_4   -> LUMO        -0.8601                                                                            
               core_4   -> LUMO+1       0.4886                                                                            
                                                                                                                          
               Excited state 14                                                                                           
               ----------------                                                                                           
               core_9   -> LUMO+2      -0.5452                                                                            
               core_9   -> LUMO+3       0.5032                                                                            
               core_9   -> LUMO+4      -0.4808                                                                            
               core_9   -> LUMO+6       0.2723                                                                            
                                                                                                                          
               Excited state 15                                                                                           
               ----------------                                                                                           
               core_6   -> LUMO+2      -0.7216                                                                            
               core_6   -> LUMO+3       0.5606                                                                            
                                                                                                                          
               Excited state 16                                                                                           
               ----------------                                                                                           
               core_5   -> LUMO+8      -0.6035                                                                            
               core_5   -> LUMO+5       0.5665                                                                            
               core_5   -> LUMO+1       0.2803                                                                            
               core_5   -> LUMO+6       0.2358                                                                            
               core_5   -> LUMO+2       0.2189                                                                            
                                                                                                                          
               Excited state 17                                                                                           
               ----------------                                                                                           
               core_7   -> LUMO+4      -0.7093                                                                            
               core_7   -> LUMO+2      -0.3778                                                                            
               core_7   -> LUMO+3       0.3473                                                                            
               core_7   -> LUMO+7       0.2855                                                                            
                                                                                                                          
               Excited state 18                                                                                           
               ----------------                                                                                           
               core_8   -> LUMO+5      -0.5101                                                                            
               core_8   -> LUMO+8       0.3871                                                                            
               core_8   -> LUMO+2      -0.3437                                                                            
               core_8   -> LUMO        -0.3309                                                                            
               core_8   -> LUMO+4      -0.3158                                                                            
               core_8   -> LUMO+6      -0.2619                                                                            
               core_8   -> LUMO+3       0.2575                                                                            
                                                                                                                          
               Excited state 19                                                                                           
               ----------------                                                                                           
               core_4   -> LUMO+2      -0.7696                                                                            
               core_4   -> LUMO+9       0.3557                                                                            
               core_4   -> LUMO+6      -0.2617                                                                            
               core_4   -> LUMO+5      -0.2385                                                                            
                                                                                                                          
               Excited state 20                                                                                           
               ----------------                                                                                           
               core_9   -> LUMO        -0.6244                                                                            
               core_9   -> LUMO+5      -0.5507                                                                            
               core_9   -> LUMO+8       0.3969                                                                            
                                                                                                                          
               Excited state 21                                                                                           
               ----------------                                                                                           
               core_8   -> LUMO+4       0.5180                                                                            
               core_8   -> LUMO+8       0.4549                                                                            
               core_8   -> LUMO+7      -0.4305                                                                            
               core_8   -> LUMO+5      -0.2858                                                                            
               core_8   -> LUMO+2       0.2438                                                                            
               core_8   -> LUMO+3      -0.2091                                                                            
                                                                                                                          
               Excited state 22                                                                                           
               ----------------                                                                                           
               core_6   -> LUMO+5       0.6455                                                                            
               core_6   -> LUMO         0.5185                                                                            
               core_6   -> LUMO+8      -0.4821                                                                            
                                                                                                                          
               Excited state 23                                                                                           
               ----------------                                                                                           
               core_9   -> LUMO+4       0.6550                                                                            
               core_9   -> LUMO+2      -0.4632                                                                            
               core_9   -> LUMO+8      -0.3000                                                                            
               core_9   -> LUMO+6      -0.2951                                                                            
               core_9   -> LUMO+3       0.2418                                                                            
                                                                                                                          
               Excited state 24                                                                                           
               ----------------                                                                                           
               core_4   -> LUMO+8      -0.6729                                                                            
               core_4   -> LUMO+5       0.6441                                                                            
                                                                                                                          
               Excited state 25                                                                                           
               ----------------                                                                                           
               core_7   -> LUMO+5       0.5951                                                                            
               core_7   -> LUMO         0.4582                                                                            
               core_7   -> LUMO+8      -0.4367                                                                            
               core_7   -> LUMO+6       0.2364                                                                            
                                                                                                                          
               Excited state 26                                                                                           
               ----------------                                                                                           
               core_9   -> LUMO+9       0.5316                                                                            
               core_9   -> LUMO+3      -0.3922                                                                            
               core_9   -> LUMO+6       0.3555                                                                            
               core_6   -> LUMO+4       0.2296                                                                            
               core_6   -> LUMO+3      -0.2129                                                                            
               core_9   -> LUMO+4       0.2099                                                                            
               core_9   -> LUMO+14     -0.2056                                                                            
                                                                                                                          
               Excited state 27                                                                                           
               ----------------                                                                                           
               core_6   -> LUMO+4       0.4670                                                                            
               core_6   -> LUMO+3      -0.4086                                                                            
               core_6   -> LUMO+9       0.3573                                                                            
               core_6   -> LUMO+2      -0.3219                                                                            
               core_6   -> LUMO+7       0.3150                                                                            
               core_9   -> LUMO+9      -0.2654                                                                            
                                                                                                                          
               Excited state 28                                                                                           
               ----------------                                                                                           
               core_5   -> LUMO+2      -0.8007                                                                            
               core_5   -> LUMO+8      -0.3026                                                                            
               core_5   -> LUMO+9       0.2228                                                                            
               core_5   -> LUMO+6      -0.2202                                                                            
                                                                                                                          
               Excited state 29                                                                                           
               ----------------                                                                                           
               core_8   -> LUMO+2      -0.5107                                                                            
               core_8   -> LUMO+9       0.4749                                                                            
               core_8   -> LUMO+3      -0.3846                                                                            
               core_8   -> LUMO+4       0.3464                                                                            
               core_8   -> LUMO+7       0.3349                                                                            
                                                                                                                          
               Excited state 30                                                                                           
               ----------------                                                                                           
               core_9   -> LUMO+7      -0.6541                                                                            
               core_9   -> LUMO+2       0.4506                                                                            
               core_9   -> LUMO+6       0.2931                                                                            
               core_9   -> LUMO+3       0.2615                                                                            
               core_9   -> LUMO+4       0.2507                                                                            
               core_9   -> LUMO+10     -0.2434                                                                            
                                                                                                                          
               Excited state 31                                                                                           
               ----------------                                                                                           
               core_8   -> LUMO+2      -0.6077                                                                            
               core_8   -> LUMO+7      -0.4321                                                                            
               core_8   -> LUMO+3       0.3986                                                                            
               core_8   -> LUMO+10      0.3088                                                                            
               core_8   -> LUMO+4       0.2359                                                                            
               core_8   -> LUMO+5       0.2171                                                                            
                                                                                                                          
               Excited state 32                                                                                           
               ----------------                                                                                           
               core_3   -> LUMO+2       0.7560                                                                            
               core_3   -> LUMO+1      -0.3832                                                                            
               core_3   -> LUMO+9      -0.2260                                                                            
               core_3   -> LUMO+4      -0.2025                                                                            
                                                                                                                          
               Excited state 33                                                                                           
               ----------------                                                                                           
               core_7   -> LUMO+7       0.6382                                                                            
               core_7   -> LUMO+3      -0.4416                                                                            
               core_7   -> LUMO+2       0.4057                                                                            
               core_7   -> LUMO+5      -0.2560                                                                            
                                                                                                                          
               Excited state 34                                                                                           
               ----------------                                                                                           
               core_6   -> LUMO+6      -0.5514                                                                            
               core_6   -> LUMO+3       0.4132                                                                            
               core_6   -> LUMO+9      -0.3812                                                                            
               core_6   -> LUMO+4       0.3680                                                                            
               core_6   -> LUMO+8      -0.2360                                                                            
               core_6   -> LUMO+10      0.2234                                                                            
                                                                                                                          
               Excited state 35                                                                                           
               ----------------                                                                                           
               core_5   -> LUMO+3      -0.5628                                                                            
               core_5   -> LUMO+4       0.4648                                                                            
               core_5   -> LUMO+9       0.3881                                                                            
               core_5   -> LUMO+6       0.3703                                                                            
                                                                                                                          
               Excited state 36                                                                                           
               ----------------                                                                                           
               core_7   -> LUMO+6       0.5912                                                                            
               core_7   -> LUMO+8       0.4450                                                                            
               core_7   -> LUMO+9       0.3853                                                                            
               core_7   -> LUMO+10      0.2420                                                                            
               core_7   -> LUMO+3      -0.2118                                                                            
                                                                                                                          
               Excited state 37                                                                                           
               ----------------                                                                                           
               core_4   -> LUMO+3       0.7514                                                                            
               core_4   -> LUMO+9      -0.3763                                                                            
               core_4   -> LUMO+6      -0.2375                                                                            
               core_4   -> LUMO+7      -0.2243                                                                            
               core_4   -> LUMO+4      -0.2174                                                                            
                                                                                                                          
               Excited state 38                                                                                           
               ----------------                                                                                           
               core_6   -> LUMO+4       0.6118                                                                            
               core_6   -> LUMO+10     -0.3632                                                                            
               core_6   -> LUMO+2       0.3347                                                                            
               core_6   -> LUMO+6       0.3166                                                                            
               core_6   -> LUMO+3       0.2910                                                                            
               core_6   -> LUMO+11      0.2053                                                                            
                                                                                                                          
               Excited state 39                                                                                           
               ----------------                                                                                           
               core_7   -> LUMO+2       0.6565                                                                            
               core_7   -> LUMO+9      -0.3906                                                                            
               core_7   -> LUMO+4      -0.3809                                                                            
               core_7   -> LUMO+7      -0.3238                                                                            
                                                                                                                          
               Excited state 40                                                                                           
               ----------------                                                                                           
               core_3   -> LUMO+1       0.8851                                                                            
               core_3   -> LUMO+2       0.3531                                                                            
                                                                                                                          
               Excited state 41                                                                                           
               ----------------                                                                                           
               core_9   -> LUMO+3      -0.6082                                                                            
               core_9   -> LUMO+7      -0.5301                                                                            
               core_9   -> LUMO+2      -0.3377                                                                            
               core_9   -> LUMO+11     -0.2294                                                                            
               core_9   -> LUMO+9      -0.2123                                                                            
                                                                                                                          
               Excited state 42                                                                                           
               ----------------                                                                                           
               core_8   -> LUMO+6       0.7072                                                                            
               core_8   -> LUMO+8       0.3896                                                                            
               core_8   -> LUMO+4      -0.3780                                                                            
               core_8   -> LUMO+11      0.2301                                                                            
               core_8   -> LUMO+10      0.2002                                                                            
                                                                                                                          
               Excited state 43                                                                                           
               ----------------                                                                                           
               core_9   -> LUMO+6      -0.5442                                                                            
               core_9   -> LUMO+5       0.4768                                                                            
               core_9   -> LUMO+8       0.4618                                                                            
               core_9   -> LUMO+14     -0.2554                                                                            
               core_9   -> LUMO+16      0.2200                                                                            
                                                                                                                          
               Excited state 44                                                                                           
               ----------------                                                                                           
               core_8   -> LUMO+3       0.7249                                                                            
               core_8   -> LUMO+9       0.3186                                                                            
               core_8   -> LUMO+4       0.3176                                                                            
               core_8   -> LUMO+2       0.2684                                                                            
               core_8   -> LUMO+13     -0.2277                                                                            
                                                                                                                          
               Excited state 45                                                                                           
               ----------------                                                                                           
               core_6   -> LUMO+6      -0.5520                                                                            
               core_6   -> LUMO+5       0.5356                                                                            
               core_6   -> LUMO+8       0.4319                                                                            
                                                                                                                          
               Excited state 46                                                                                           
               ----------------                                                                                           
               core_7   -> LUMO+3       0.7268                                                                            
               core_7   -> LUMO+2       0.3523                                                                            
               core_7   -> LUMO+4       0.2890                                                                            
               core_7   -> LUMO+7       0.2263                                                                            
               core_7   -> LUMO+9       0.2083                                                                            
               core_7   -> LUMO+11      0.2043                                                                            
                                                                                                                          
               Excited state 47                                                                                           
               ----------------                                                                                           
               core_9   -> LUMO+10     -0.8268                                                                            
               core_9   -> LUMO+4      -0.2841                                                                            
                                                                                                                          
               Excited state 48                                                                                           
               ----------------                                                                                           
               core_3   -> LUMO+3       0.6753                                                                            
               core_3   -> LUMO+6      -0.4048                                                                            
               core_3   -> LUMO+9       0.3352                                                                            
               core_3   -> LUMO+8      -0.2128                                                                            
                                                                                                                          
               Excited state 49                                                                                           
               ----------------                                                                                           
               core_8   -> LUMO+5      -0.6243                                                                            
               core_8   -> LUMO+8      -0.4750                                                                            
               core_8   -> LUMO+6       0.4145                                                                            
                                                                                                                          
               Excited state 50                                                                                           
               ----------------                                                                                           
               core_6   -> LUMO+7       0.6683                                                                            
               core_6   -> LUMO+3       0.3507                                                                            
               core_6   -> LUMO+9       0.3249                                                                            
               core_6   -> LUMO+4      -0.2595                                                                            
               core_6   -> LUMO+8       0.2175                                                                            
               core_6   -> LUMO+10      0.2054                                                                            
                                                                                                                          
               Excited state 51                                                                                           
               ----------------                                                                                           
               core_4   -> LUMO+4      -0.5709                                                                            
               core_4   -> LUMO+3      -0.4338                                                                            
               core_4   -> LUMO+6      -0.3657                                                                            
               core_4   -> LUMO+15     -0.3289                                                                            
               core_4   -> LUMO+7      -0.2509                                                                            
               core_4   -> LUMO+10      0.2174                                                                            
                                                                                                                          
               Excited state 52                                                                                           
               ----------------                                                                                           
               core_9   -> LUMO+9      -0.4737                                                                            
               core_9   -> LUMO+6       0.4091                                                                            
               core_9   -> LUMO+8       0.3463                                                                            
               core_9   -> LUMO+7       0.2841                                                                            
               core_9   -> LUMO+5       0.2752                                                                            
               core_9   -> LUMO+11      0.2390                                                                            
               core_9   -> LUMO+13      0.2211                                                                            
               core_9   -> LUMO+4       0.2189                                                                            
               core_9   -> LUMO+2      -0.2068                                                                            
                                                                                                                          
               Excited state 53                                                                                           
               ----------------                                                                                           
               core_5   -> LUMO+4       0.7129                                                                            
               core_5   -> LUMO+3       0.4906                                                                            
               core_5   -> LUMO+7      -0.3469                                                                            
               core_5   -> LUMO+10      0.2312                                                                            
                                                                                                                          
               Excited state 54                                                                                           
               ----------------                                                                                           
               core_7   -> LUMO+5       0.5203                                                                            
               core_7   -> LUMO+6      -0.5133                                                                            
               core_7   -> LUMO+8       0.4630                                                                            
               core_7   -> LUMO+14     -0.2662                                                                            
               core_7   -> LUMO+13      0.2498                                                                            
                                                                                                                          
               Excited state 55                                                                                           
               ----------------                                                                                           
               core_5   -> LUMO+3       0.5702                                                                            
               core_5   -> LUMO+6       0.5510                                                                            
               core_5   -> LUMO+7       0.3302                                                                            
               core_5   -> LUMO+9       0.2704                                                                            
               core_5   -> LUMO+10     -0.2261                                                                            
                                                                                                                          
               Excited state 56                                                                                           
               ----------------                                                                                           
               core_6   -> LUMO+9      -0.5331                                                                            
               core_6   -> LUMO+2      -0.3531                                                                            
               core_6   -> LUMO+6       0.3336                                                                            
               core_6   -> LUMO+7       0.3272                                                                            
               core_6   -> LUMO+8       0.3183                                                                            
               core_6   -> LUMO+15      0.2524                                                                            
               core_6   -> LUMO+5       0.2160                                                                            
                                                                                                                          
               Excited state 57                                                                                           
               ----------------                                                                                           
               core_8   -> LUMO+7      -0.5509                                                                            
               core_8   -> LUMO+9       0.5092                                                                            
               core_8   -> LUMO+4      -0.3260                                                                            
               core_8   -> LUMO+11     -0.3021                                                                            
               core_8   -> LUMO+12      0.2632                                                                            
                                                                                                                          
               Excited state 58                                                                                           
               ----------------                                                                                           
               core_4   -> LUMO+6       0.7171                                                                            
               core_4   -> LUMO+4      -0.4303                                                                            
               core_4   -> LUMO+2      -0.3264                                                                            
               core_4   -> LUMO+10     -0.2473                                                                            
               core_4   -> LUMO+7      -0.2121                                                                            
                                                                                                                          
               Excited state 59                                                                                           
               ----------------                                                                                           
               core_7   -> LUMO+10      0.6764                                                                            
               core_7   -> LUMO+11      0.3507                                                                            
               core_7   -> LUMO+9      -0.3462                                                                            
               core_7   -> LUMO+4       0.2964                                                                            
               core_7   -> LUMO+7       0.2573                                                                            
                                                                                                                          
               Excited state 60                                                                                           
               ----------------                                                                                           
               core_5   -> LUMO+5      -0.4237                                                                            
               core_5   -> LUMO+8      -0.4031                                                                            
               core_5   -> LUMO+6      -0.3433                                                                            
               core_5   -> LUMO+2       0.3414                                                                            
               core_4   -> LUMO+5       0.2973                                                                            
               core_5   -> LUMO+9       0.2798                                                                            
               core_4   -> LUMO+8       0.2620                                                                            
                                                                                                                          
               Excited state 61                                                                                           
               ----------------                                                                                           
               core_4   -> LUMO+5       0.5446                                                                            
               core_4   -> LUMO+8       0.4835                                                                            
               core_4   -> LUMO+2      -0.2864                                                                            
               core_5   -> LUMO+6       0.2268                                                                            
               core_4   -> LUMO+10     -0.2111                                                                            
                                                                                                                          
               Excited state 62                                                                                           
               ----------------                                                                                           
               core_8   -> LUMO+10      0.7064                                                                            
               core_8   -> LUMO+9       0.3971                                                                            
               core_8   -> LUMO+6      -0.2902                                                                            
               core_8   -> LUMO+11      0.2455                                                                            
                                                                                                                          
               Excited state 63                                                                                           
               ----------------                                                                                           
               core_5   -> LUMO+5      -0.5093                                                                            
               core_5   -> LUMO+6       0.4323                                                                            
               core_5   -> LUMO+8      -0.3881                                                                            
               core_5   -> LUMO+7      -0.3654                                                                            
               core_5   -> LUMO+9      -0.3286                                                                            
               core_5   -> LUMO+10      0.2008                                                                            
                                                                                                                          
               Excited state 64                                                                                           
               ----------------                                                                                           
               core_6   -> LUMO+10     -0.6733                                                                            
               core_6   -> LUMO+7       0.3415                                                                            
               core_6   -> LUMO+11      0.2793                                                                            
               core_6   -> LUMO+4      -0.2731                                                                            
               core_6   -> LUMO+8      -0.2508                                                                            
               core_6   -> LUMO+6      -0.2105                                                                            
               core_6   -> LUMO+5      -0.2028                                                                            
                                                                                                                          
               Excited state 65                                                                                           
               ----------------                                                                                           
               core_7   -> LUMO+10      0.5245                                                                            
               core_7   -> LUMO+6      -0.4252                                                                            
               core_7   -> LUMO+9       0.4129                                                                            
               core_7   -> LUMO+8      -0.2455                                                                            
               core_7   -> LUMO+12      0.2086                                                                            
               core_7   -> LUMO+13     -0.2010                                                                            
                                                                                                                          
               Excited state 66                                                                                           
               ----------------                                                                                           
               core_4   -> LUMO+9       0.6742                                                                            
               core_4   -> LUMO+2       0.2991                                                                            
               core_4   -> LUMO+15     -0.2852                                                                            
               core_4   -> LUMO+5       0.2519                                                                            
               core_4   -> LUMO+3       0.2459                                                                            
               core_4   -> LUMO+21      0.2455                                                                            
                                                                                                                          
               Excited state 67                                                                                           
               ----------------                                                                                           
               core_9   -> LUMO+11     -0.5527                                                                            
               core_9   -> LUMO+14      0.3413                                                                            
               core_9   -> LUMO+16     -0.2691                                                                            
               core_9   -> LUMO+12      0.2613                                                                            
               core_9   -> LUMO+15      0.2544                                                                            
               core_9   -> LUMO+13     -0.2467                                                                            
               core_9   -> LUMO+10     -0.2131                                                                            
               core_9   -> LUMO+7       0.2004                                                                            
                                                                                                                          
               Excited state 68                                                                                           
               ----------------                                                                                           
               core_9   -> LUMO+11      0.5951                                                                            
               core_9   -> LUMO+16     -0.4218                                                                            
               core_9   -> LUMO+13     -0.3500                                                                            
               core_9   -> LUMO+19     -0.2539                                                                            
               core_9   -> LUMO+14      0.2077                                                                            
                                                                                                                          
               Excited state 69                                                                                           
               ----------------                                                                                           
               core_5   -> LUMO+9       0.6403                                                                            
               core_5   -> LUMO+7      -0.5084                                                                            
               core_5   -> LUMO+4      -0.3584                                                                            
               core_5   -> LUMO+15     -0.2276                                                                            
               core_5   -> LUMO+10      0.2007                                                                            
                                                                                                                          
               Excited state 70                                                                                           
               ----------------                                                                                           
               core_3   -> LUMO+15      0.4375                                                                            
               core_3   -> LUMO+4       0.4219                                                                            
               core_3   -> LUMO+3       0.4199                                                                            
               core_3   -> LUMO+7       0.3217                                                                            
               core_3   -> LUMO+6       0.2901                                                                            
               core_3   -> LUMO+12     -0.2874                                                                            
               core_3   -> LUMO+8       0.2619                                                                            
                                                                                                                          
               Excited state 71                                                                                           
               ----------------                                                                                           
               core_4   -> LUMO+7      -0.6430                                                                            
               core_4   -> LUMO+4       0.5760                                                                            
               core_4   -> LUMO+15     -0.2346                                                                            
               core_4   -> LUMO+9      -0.2341                                                                            
                                                                                                                          
               Excited state 72                                                                                           
               ----------------                                                                                           
               core_3   -> LUMO+9       0.5224                                                                            
               core_3   -> LUMO+5       0.4956                                                                            
               core_3   -> LUMO+8      -0.4306                                                                            
               core_3   -> LUMO+7       0.2063                                                                            
                                                                                                                          
               Excited state 73                                                                                           
               ----------------                                                                                           
               core_8   -> LUMO+14      0.5002                                                                            
               core_8   -> LUMO+13     -0.4572                                                                            
               core_8   -> LUMO+12     -0.3766                                                                            
               core_8   -> LUMO+17      0.2597                                                                            
               core_8   -> LUMO+11      0.2260                                                                            
               core_8   -> LUMO+22     -0.2073                                                                            
                                                                                                                          
               Excited state 74                                                                                           
               ----------------                                                                                           
               core_7   -> LUMO+14      0.4758                                                                            
               core_7   -> LUMO+13     -0.4087                                                                            
               core_7   -> LUMO+16     -0.3285                                                                            
               core_7   -> LUMO+19     -0.3117                                                                            
               core_7   -> LUMO+8       0.3109                                                                            
               core_7   -> LUMO+5       0.2647                                                                            
                                                                                                                          
               Excited state 75                                                                                           
               ----------------                                                                                           
               core_7   -> LUMO+11     -0.6341                                                                            
               core_7   -> LUMO+7       0.3912                                                                            
               core_7   -> LUMO+12      0.3378                                                                            
                                                                                                                          
!========================================================================================================================!
!                               VeloxChem execution completed at Mon Jun  8 09:23:38 2026.                               !
!========================================================================================================================!
!                                          Total execution time is 274.22 sec.                                           !
!========================================================================================================================!
!                     Rinkevicius, Z.; Li, X.; Vahtras, O.; Ahmadzadeh, K.; Brand, M.; Ringholm, M.;                     !
!                              List, N. H.; Scheurer, M.; Scott, M.; Dreuw, A.; Norman, P.                               !
!                     VeloxChem: A Python-driven Density-functional Theory Program for Spectroscopy                      !
!                                Simulations in High-performance Computing Environments.                                 !
!                                       WIREs Comput Mol Sci 2020, 10 (5), e1457.                                        !
!========================================================================================================================!
