!========================================================================================================================!
!                                                                                                                        !
!                                                       VELOXCHEM                                                        !
!                                              AN ELECTRONIC STRUCTURE CODE                                              !
!                                                                                                                        !
!                                        Copyright 2018-2025 VeloxChem developers                                        !
!========================================================================================================================!
!                     VeloxChem execution started on 192 MPI processes at Sun Jun 14 17:15:09 2026.                      !
!========================================================================================================================!
                                                                                                                          
* Info * Using 1 OpenMP threads per MPI process.                                                                          
                                                                                                                          
* Info * Reading input file 0221_c1s.in...                                                                                
                                                                                                                          
* Info * @jobs                                                                                                            
* Info * task: response                                                                                                   
* Info * @end                                                                                                             
                                                                                                                          
* Info * @method_settings                                                                                                 
* Info * basis: def2-tzvpd                                                                                                
* Info * xcfun: cam-b3lyp                                                                                                 
* Info * @end                                                                                                             
                                                                                                                          
* Info * @response                                                                                                        
* Info * property: absorption                                                                                             
* Info * tamm_dancoff: no                                                                                                 
* Info * nstates: 75                                                                                                      
* Info * core_excitation: yes                                                                                             
* Info * num_core_orbitals: 9                                                                                             
* Info * @end                                                                                                             
                                                                                                                          
                                              Molecular Geometry (Angstroms)                                              
                                             ================================                                             
                                                                                                                          
                          Atom         Coordinate X          Coordinate Y          Coordinate Z                           
                                                                                                                          
                           O          -1.548290600600       -1.162142566000       -0.033768733300                         
                           N          -1.561747723300        1.101128117400        0.141379976400                         
                           C          -0.266626342300       -0.730862955500        0.021027783000                         
                           C          -0.256117053400        0.669347850800        0.002047763200                         
                           C           0.903822298200       -1.402490272300        0.038377108700                         
                           C           0.890046156600        1.457379427200       -0.047758525800                         
                           C           2.048612274500       -0.686111035500        0.009295201400                         
                           C           2.082186133500        0.773267307900       -0.024524896500                         
                           C          -2.250785613800       -0.066528741300       -0.097388890600                         
                           H           0.973654119700       -2.404931063000        0.392837124600                         
                           H           0.979207995600        2.476787703600        0.005721772700                         
                           H           2.930334295800       -1.329077926700       -0.206831013900                         
                           H           2.934726553800        1.375229491000       -0.148285747500                         
                           H          -3.408505623100       -0.014000544900       -0.287574375200                         
                                                                                                                          
                          Molecular charge            : 0                                                                 
                          Spin multiplicity           : 1                                                                 
                          Number of atoms             : 14                                                                
                          Number of alpha electrons   : 31                                                                
                          Number of beta  electrons   : 31                                                                
                                                                                                                          
* Info * Reading basis set from file: /net/home/plgrid/plgiubru7/software/vlx-cpu/cpuvlxenv/lib/python3.11/site-packages/veloxchem/basis/DEF2-TZVPD
                                                                                                                          
                                              Molecular Basis (Atomic Basis)                                              
                                             ================================                                             
                                                                                                                          
                               Basis: DEF2-TZVPD                                                                          
                                                                                                                          
                               Atom Contracted GTOs           Primitive GTOs                                              
                                                                                                                          
                               O     (6S,4P,3D,1F)             (12S,7P,3D,1F)                                             
                               N     (6S,3P,3D,1F)             (12S,6P,3D,1F)                                             
                               C     (6S,3P,3D,1F)             (12S,6P,3D,1F)                                             
                               H     (3S,2P)                   (5S,2P)                                                    
                                                                                                                          
                               Contracted Basis Functions : 381                                                           
                               Primitive Basis Functions  : 526                                                           
                                                                                                                          
                                                                                                                          
                                            Self Consistent Field Driver Setup                                            
                                           ====================================                                           
                                                                                                                          
                   Wave Function Model             : Spin-Restricted Kohn-Sham                                            
                   Initial Guess Model             : Restart from Checkpoint                                              
                   Convergence Accelerator         : Direct Inversion of Iterative Subspace                               
                   Max. Number of Iterations       : 50                                                                   
                   Max. Number of Error Vectors    : 10                                                                   
                   Convergence Threshold           : 1.0e-06                                                              
                   ERI Screening Threshold         : 1.0e-12                                                              
                   Linear Dependence Threshold     : 1.0e-06                                                              
                   Exchange-Correlation Functional : CAM-B3LYP                                                            
                   Molecular Grid Level            : 4                                                                    
                                                                                                                          
* Info * Nuclear repulsion energy: 408.1770064434 a.u.                                                                    
                                                                                                                          
* Info * Using the CAM-B3LYP functional.                                                                                  
                                                                                                                          
         T. Yanai, D. P. Tew, and N. C. Handy.,  Chem. Phys. Lett. 393, 51 (2004)
                                                                                                                          
* Info * Using the Libxc library (v7.0.0).                                                                                
                                                                                                                          
         S. Lehtola, C. Steigemann, M. J.T. Oliveira, and M. A.L. Marques.,  SoftwareX 7, 1–5 (2018)
                                                                                                                          
* Info * Using the following algorithm for XC numerical integration.                                                      
                                                                                                                          
         J. Kussmann, H. Laqua and C. Ochsenfeld, J. Chem. Theory Comput. 2021, 17, 1512-1521
                                                                                                                          
* Info * Molecular grid with 207863 points generated in 0.55 sec.                                                         
                                                                                                                          
* Info * Restarting from checkpoint file: 0221_c1s_scf.h5                                                                 
                                                                                                                          
* Info * Overlap matrix computed in 0.00 sec.                                                                             
                                                                                                                          
* Info * Kinetic energy matrix computed in 0.00 sec.                                                                      
                                                                                                                          
* Info * Nuclear potential matrix computed in 0.01 sec.                                                                   
                                                                                                                          
* Info * Orthogonalization matrix computed in 0.01 sec.                                                                   
                                                                                                                          
* Info * Removed 1 linearly dependent vector.                                                                             
                                                                                                                          
* Info * ERI screening threshold tightened to 1.0e-13.                                                                    
                                                                                                                          
                                                                                                                          
               Iter. |    Kohn-Sham Energy | Energy Change | Gradient Norm | Max. Gradient | Density Change               
               --------------------------------------------------------------------------------------------               
                  1      -399.623381427792    0.0000000000      0.00000051      0.00000002      0.00000000                
                                                                                                                          
* Info * Checkpoint written to file: 0221_c1s_scf.h5                                                                      
                                                                                                                          
* Info * SCF results written to file: 0221_c1s.h5                                                                         
                                                                                                                          
               *** SCF converged in 1 iterations. Time: 3.09 sec.                                                         
                                                                                                                          
               Spin-Restricted Kohn-Sham:                                                                                 
               --------------------------                                                                                 
               Total Energy                       :     -399.6233814278 a.u.                                              
               Electronic Energy                  :     -807.8003878712 a.u.                                              
               Nuclear Repulsion Energy           :      408.1770064434 a.u.                                              
               ------------------------------------                                                                       
               Gradient Norm                      :        0.0000005125 a.u.                                              
                                                                                                                          
                                                                                                                          
               Ground State Information                                                                                   
               ------------------------                                                                                   
               Charge of Molecule            :  0.0                                                                       
               Multiplicity (2S+1)           :  1                                                                         
               Magnetic Quantum Number (M_S) :  0.0                                                                       
                                                                                                                          
                                                                                                                          
                                                 Spin Restricted Orbitals                                                 
                                                 ------------------------                                                 
                                                                                                                          
               Molecular Orbital No.  27:                                                                                 
               --------------------------                                                                                 
               Occupation: 2.000 Energy:   -0.43046 a.u.                                                                  
               (   2 N   5s  :    -0.18) (   6 C   5s  :     0.20) (   7 C   1p-1:     0.15)                              
               (   8 C   1p-1:    -0.15)                                                                                  
                                                                                                                          
               Molecular Orbital No.  28:                                                                                 
               --------------------------                                                                                 
               Occupation: 2.000 Energy:   -0.39240 a.u.                                                                  
               (   2 N   1p0 :     0.24) (   2 N   2p0 :     0.21) (   3 C   3p-1:     0.24)                              
               (   4 C   3p-1:     0.16)                                                                                  
                                                                                                                          
               Molecular Orbital No.  29:                                                                                 
               --------------------------                                                                                 
               Occupation: 2.000 Energy:   -0.36388 a.u.                                                                  
               (   2 N   4s  :     0.22) (   2 N   5s  :     0.36) (   2 N   6s  :     0.29)                              
               (   2 N   1p-1:     0.33) (   2 N   2p-1:     0.25) (   2 N   3p-1:     0.18)                              
               (   3 C   5s  :    -0.20) (   3 C   3p+1:     0.21) (   3 C   3p-1:    -0.20)                              
               (   4 C   5s  :     0.15) (   4 C   3p-1:    -0.34)                                                        
                                                                                                                          
               Molecular Orbital No.  30:                                                                                 
               --------------------------                                                                                 
               Occupation: 2.000 Energy:   -0.31994 a.u.                                                                  
               (   1 O   1p0 :     0.15) (   3 C   1p0 :    -0.18) (   3 C   2p0 :    -0.15)                              
               (   3 C   3p+1:     0.18) (   3 C   3p0 :    -0.16) (   4 C   5s  :     0.42)                              
               (   5 C   5s  :    -0.36) (   5 C   1p0 :    -0.17) (   6 C   1p0 :     0.20)                              
               (   6 C   2p0 :     0.17) (   7 C   5s  :    -0.25) (   8 C   1p0 :     0.23)                              
               (   8 C   2p0 :     0.20) (   8 C   3p0 :     0.16) (  10 H   3s  :     0.21)                              
                                                                                                                          
               Molecular Orbital No.  31:                                                                                 
               --------------------------                                                                                 
               Occupation: 2.000 Energy:   -0.28818 a.u.                                                                  
               (   3 C   5s  :    -0.30) (   3 C   1p0 :     0.16) (   4 C   1p0 :     0.18)                              
               (   4 C   2p0 :     0.15) (   4 C   3p-1:    -0.15) (   4 C   3p0 :     0.16)                              
               (   5 C   5s  :    -0.20) (   6 C   5s  :     0.16) (   7 C   1p0 :    -0.22)                              
               (   7 C   2p0 :    -0.19) (   7 C   3p0 :    -0.17) (   9 C   1p0 :    -0.19)                              
               (   9 C   2p0 :    -0.18)                                                                                  
                                                                                                                          
               Molecular Orbital No.  32:                                                                                 
               --------------------------                                                                                 
               Occupation: 0.000 Energy:   -0.00210 a.u.                                                                  
               (   1 O   6s  :     0.22) (   1 O   4p0 :     0.16) (   2 N   5s  :     0.25)                              
               (   2 N   6s  :     0.29) (   3 C   5s  :     0.99) (   3 C   6s  :     0.21)                              
               (   3 C   3p+1:    -0.44) (   3 C   3p-1:     0.69) (   3 C   3d+2:    -0.36)                              
               (   3 C   3d-1:     0.17) (   4 C   5s  :    -0.61) (   4 C   6s  :    -0.63)                              
               (   4 C   3p+1:     0.97) (   4 C   3p-1:     0.87) (   4 C   3p0 :    -0.35)                              
               (   5 C   5s  :     0.88) (   5 C   6s  :    -0.23) (   5 C   1p0 :     0.16)                              
               (   5 C   2p0 :     0.15) (   5 C   3p+1:    -0.17) (   5 C   3p0 :     0.15)                              
               (   5 C   3d+2:    -0.19) (   5 C   3d-1:    -0.20) (   6 C   5s  :    -0.76)                              
               (   6 C   1p0 :     0.17) (   6 C   2p0 :     0.17) (   6 C   3p+1:     0.52)                              
               (   6 C   3p-1:     0.37) (   6 C   3d-2:    -0.24) (   7 C   5s  :     0.17)                              
               (   7 C   1p0 :    -0.16) (   7 C   2p0 :    -0.15) (   7 C   3p-1:    -0.20)                              
               (   8 C   5s  :    -0.47) (   8 C   3p-1:    -0.22) (   9 C   5s  :     0.35)                              
               (   9 C   6s  :    -0.23) (   9 C   1p0 :     0.26) (   9 C   2p0 :     0.25)                              
               (   9 C   3p0 :     0.23) (  10 H   3s  :    -0.58) (  11 H   3s  :    -0.18)                              
               (  13 H   3s  :     0.44)                                                                                  
                                                                                                                          
               Molecular Orbital No.  33:                                                                                 
               --------------------------                                                                                 
               Occupation: 0.000 Energy:    0.02873 a.u.                                                                  
               (   1 O   5s  :    -0.32) (   1 O   6s  :    -2.35) (   1 O   4p-1:    -0.45)                              
               (   2 N   5s  :    -0.32) (   2 N   6s  :    -0.48) (   2 N   3p+1:    -0.29)                              
               (   3 C   5s  :    -1.00) (   3 C   6s  :     0.15) (   3 C   1p0 :     0.24)                              
               (   3 C   2p0 :     0.24) (   3 C   3p+1:     0.71) (   3 C   3p-1:    -0.30)                              
               (   3 C   3d+2:     0.90) (   3 C   3d-2:     0.68) (   4 C   5s  :     2.80)                              
               (   4 C   6s  :     0.99) (   4 C   3p+1:    -1.37) (   4 C   3p-1:    -0.17)                              
               (   4 C   3p0 :    -0.15) (   4 C   3d-2:     0.70) (   5 C   5s  :    -1.42)                              
               (   5 C   6s  :     1.28) (   5 C   3p+1:    -0.54) (   5 C   3p-1:    -0.46)                              
               (   5 C   3d+2:     0.61) (   5 C   3d-1:     0.16) (   6 C   5s  :     0.38)                              
               (   6 C   6s  :    -0.17) (   6 C   3p+1:     0.39) (   6 C   3p-1:    -0.37)                              
               (   6 C   3d+2:    -0.23) (   6 C   3d0 :    -0.16) (   7 C   5s  :     0.80)                              
               (   7 C   6s  :    -0.92) (   7 C   3p-1:    -0.28) (   7 C   3p0 :    -0.19)                              
               (   7 C   3d+2:     0.20) (   7 C   3d-2:    -0.27) (   8 C   5s  :    -0.87)                              
               (   8 C   6s  :     0.56) (   8 C   1p0 :     0.23) (   8 C   2p0 :     0.23)                              
               (   8 C   3p+1:     0.33) (   8 C   3p-1:    -0.21) (   8 C   3d-2:    -0.17)                              
               (   9 C   5s  :    -0.35) (   9 C   6s  :     1.02) (   9 C   3p+1:    -0.26)                              
               (   9 C   3p-1:    -0.22) (  10 H   3s  :     1.18) (  10 H   2p-1:     0.20)                              
               (  11 H   3s  :    -0.53) (  12 H   3s  :    -1.17) (  12 H   2p+1:     0.18)                              
               (  12 H   2p0 :    -0.15) (  13 H   3s  :     0.48)                                                        
                                                                                                                          
               Molecular Orbital No.  34:                                                                                 
               --------------------------                                                                                 
               Occupation: 0.000 Energy:    0.03207 a.u.                                                                  
               (   1 O   5s  :     0.50) (   1 O   6s  :     5.02) (   1 O   4p+1:     0.18)                              
               (   1 O   4p-1:     1.07) (   2 N   5s  :     1.16) (   2 N   6s  :     0.72)                              
               (   2 N   3p+1:     0.88) (   2 N   3p-1:    -0.20) (   2 N   3d+2:     0.20)                              
               (   2 N   3d-2:    -0.22) (   3 C   5s  :    -0.88) (   3 C   6s  :    -0.54)                              
               (   3 C   3p+1:    -2.64) (   3 C   3p-1:     1.83) (   3 C   3p0 :     0.51)                              
               (   3 C   3d+2:    -2.73) (   3 C   3d-2:    -1.38) (   4 C   5s  :    -9.78)                              
               (   4 C   6s  :    -1.14) (   4 C   3p+1:     3.60) (   4 C   3p-1:     0.76)                              
               (   4 C   3p0 :    -0.35) (   4 C   3d+2:    -0.73) (   4 C   3d-2:    -1.77)                              
               (   4 C   3d0 :     0.46) (   5 C   4s  :     0.51) (   5 C   5s  :     1.03)                              
               (   5 C   6s  :    -1.63) (   5 C   3p-1:     2.63) (   5 C   3p0 :    -0.53)                              
               (   5 C   3d+1:     0.22) (   5 C   3d+2:    -0.54) (   5 C   3d-2:    -1.11)                              
               (   5 C   3d0 :     0.33) (   6 C   4s  :     0.23) (   6 C   5s  :    -1.96)                              
               (   6 C   6s  :    -0.69) (   6 C   3p+1:    -1.40) (   6 C   3p-1:     0.38)                              
               (   6 C   3d+2:     0.26) (   6 C   3d-2:     0.53) (   6 C   3d0 :     0.28)                              
               (   7 C   4s  :     0.29) (   7 C   5s  :    -0.25) (   7 C   6s  :    -1.28)                              
               (   7 C   3p+1:    -1.14) (   7 C   3p0 :     0.28) (   7 C   3d+2:     0.26)                              
               (   7 C   3d0 :     0.41) (   8 C   4s  :     0.24) (   8 C   5s  :     2.03)                              
               (   8 C   6s  :    -0.42) (   8 C   3p+1:    -2.31) (   8 C   3p-1:    -0.85)                              
               (   8 C   3d+1:     0.16) (   8 C   3d+2:     0.24) (   8 C   3d-1:     0.23)                              
               (   8 C   3d-2:    -0.93) (   8 C   3d0 :     0.16) (   9 C   5s  :     1.92)                              
               (   9 C   6s  :    -2.20) (   9 C   3p+1:     1.83) (   9 C   3p-1:     0.68)                              
               (   9 C   3p0 :     0.27) (   9 C   3d+2:     0.23) (   9 C   3d-2:     0.19)                              
               (  10 H   3s  :     1.73) (  10 H   2p+1:    -0.31) (  10 H   2p-1:     0.37)                              
               (  10 H   2p0 :    -0.28) (  11 H   3s  :     1.21) (  11 H   2p+1:    -0.25)                              
               (  12 H   3s  :     2.05) (  12 H   2p+1:    -0.43) (  12 H   2p0 :     0.18)                              
               (  13 H   3s  :     3.72) (  13 H   2p+1:    -0.61) (  14 H   3s  :     1.05)                              
               (  14 H   2p+1:     0.23)                                                                                  
                                                                                                                          
               Molecular Orbital No.  35:                                                                                 
               --------------------------                                                                                 
               Occupation: 0.000 Energy:    0.04401 a.u.                                                                  
               (   1 O   5s  :    -0.84) (   1 O   6s  :    -6.18) (   1 O   3p+1:     0.21)                              
               (   1 O   3p-1:    -0.26) (   1 O   4p+1:    -0.77) (   1 O   4p-1:    -0.88)                              
               (   1 O   3d-2:     0.23) (   2 N   5s  :    -1.15) (   2 N   6s  :    -1.01)                              
               (   2 N   3p+1:    -0.35) (   2 N   3p-1:     0.51) (   3 C   5s  :   -10.62)                              
               (   3 C   6s  :     2.69) (   3 C   3p+1:     1.61) (   3 C   3p-1:    -2.01)                              
               (   3 C   3d+2:     0.44) (   3 C   3d-2:     2.69) (   3 C   3d0 :     0.23)                              
               (   4 C   5s  :    -4.20) (   4 C   6s  :     1.30) (   4 C   3p+1:    -6.42)                              
               (   4 C   3p-1:    -4.57) (   4 C   3p0 :     0.30) (   4 C   3d+2:    -2.55)                              
               (   4 C   3d0 :    -0.23) (   5 C   5s  :     1.07) (   5 C   6s  :    -0.77)                              
               (   5 C   3p+1:    -1.64) (   5 C   3p-1:    -0.87) (   5 C   3d+2:     0.53)                              
               (   5 C   3d-1:     0.23) (   5 C   3d-2:    -0.34) (   6 C   5s  :     3.37)                              
               (   6 C   6s  :    -0.73) (   6 C   3p+1:    -3.86) (   6 C   3p-1:    -3.85)                              
               (   6 C   3d+2:     0.17) (   6 C   3d-1:    -0.15) (   6 C   3d-2:     2.57)                              
               (   7 C   4s  :     0.43) (   7 C   5s  :     2.45) (   7 C   6s  :    -1.56)                              
               (   7 C   3p+1:    -1.97) (   7 C   3p-1:     1.38) (   7 C   3p0 :     0.19)                              
               (   7 C   3d+1:     0.22) (   7 C   3d-1:    -0.24) (   7 C   3d-2:     0.40)                              
               (   7 C   3d0 :     0.26) (   8 C   4s  :     0.47) (   8 C   5s  :     0.91)                              
               (   8 C   6s  :    -2.20) (   8 C   3p+1:    -2.30) (   8 C   3p-1:     0.66)                              
               (   8 C   3d+2:     0.88) (   8 C   3d-2:    -1.00) (   8 C   3d0 :     0.56)                              
               (   9 C   5s  :     5.88) (   9 C   6s  :     2.56) (   9 C   2p+1:     0.18)                              
               (   9 C   3p+1:     2.00) (   9 C   3p-1:    -0.46) (   9 C   3p0 :     0.20)                              
               (   9 C   3d+1:     0.21) (   9 C   3d+2:     0.55) (   9 C   3d0 :    -0.31)                              
               (  10 H   3s  :     0.93) (  11 H   3s  :     3.05) (  11 H   2p+1:    -1.00)                              
               (  11 H   2p-1:    -0.57) (  12 H   3s  :     3.15) (  12 H   2p+1:    -0.51)                              
               (  12 H   2p-1:     0.29) (  13 H   3s  :     3.42) (  13 H   2p+1:    -0.58)                              
               (  14 H   3s  :    -1.17) (  14 H   2p+1:    -0.15)                                                        
                                                                                                                          
               Molecular Orbital No.  36:                                                                                 
               --------------------------                                                                                 
               Occupation: 0.000 Energy:    0.05275 a.u.                                                                  
               (   1 O   6s  :     1.83) (   1 O   3p+1:     0.20) (   1 O   4p+1:    -0.24)                              
               (   1 O   4p-1:     0.85) (   2 N   6s  :     0.82) (   2 N   3p+1:    -0.31)                              
               (   3 C   5s  :     7.43) (   3 C   6s  :     3.35) (   3 C   3p+1:    -0.77)                              
               (   3 C   3p-1:     3.36) (   3 C   3p0 :     0.21) (   3 C   3d+1:     0.19)                              
               (   3 C   3d+2:    -3.28) (   3 C   3d-1:    -0.45) (   3 C   3d-2:    -0.79)                              
               (   3 C   3d0 :    -0.26) (   4 C   5s  :    -3.35) (   4 C   6s  :    -2.03)                              
               (   4 C   3p+1:     3.93) (   4 C   3p-1:     5.63) (   4 C   3d+2:     2.93)                              
               (   4 C   3d-1:    -0.24) (   4 C   3d-2:     0.45) (   4 C   3d0 :    -0.24)                              
               (   5 C   4s  :     0.64) (   5 C   5s  :     5.30) (   5 C   6s  :    -4.97)                              
               (   5 C   3p+1:     0.78) (   5 C   3p-1:     2.47) (   5 C   3d+1:     0.55)                              
               (   5 C   3d+2:    -1.16) (   5 C   3d-2:    -1.13) (   5 C   3d0 :     0.51)                              
               (   6 C   4s  :    -0.55) (   6 C   5s  :    -9.35) (   6 C   6s  :     3.34)                              
               (   6 C   3p+1:     1.75) (   6 C   3p-1:     4.41) (   6 C   3p0 :    -0.36)                              
               (   6 C   3d+1:    -0.25) (   6 C   3d+2:     0.38) (   6 C   3d-1:     0.22)                              
               (   6 C   3d-2:    -1.27) (   6 C   3d0 :    -0.18) (   7 C   4s  :     0.24)                              
               (   7 C   5s  :     3.62) (   7 C   6s  :    -0.66) (   7 C   3p+1:     0.58)                              
               (   7 C   3p-1:     2.26) (   7 C   3d+1:     0.27) (   7 C   3d+2:    -1.36)                              
               (   7 C   3d-1:     0.41) (   7 C   3d-2:    -0.87) (   7 C   3d0 :     0.37)                              
               (   8 C   4s  :    -0.27) (   8 C   5s  :    -2.13) (   8 C   6s  :     1.48)                              
               (   8 C   3p+1:     0.69) (   8 C   3p-1:     2.55) (   8 C   3d+1:    -0.27)                              
               (   8 C   3d+2:     1.53) (   8 C   3d-1:     0.34) (   8 C   3d-2:    -0.44)                              
               (   8 C   3d0 :    -0.49) (   9 C   5s  :     1.28) (   9 C   6s  :     0.18)                              
               (   9 C   3p+1:    -0.93) (   9 C   3p-1:    -1.32) (   9 C   3p0 :    -0.21)                              
               (   9 C   3d+1:     0.22) (   9 C   3d+2:     0.86) (   9 C   3d-2:    -0.84)                              
               (   9 C   3d0 :    -0.41) (  10 H   3s  :    -0.16) (  10 H   2p+1:    -0.39)                              
               (  11 H   3s  :    -2.27) (  11 H   2p+1:     0.52) (  11 H   2p-1:     0.39)                              
               (  12 H   3s  :     0.95) (  12 H   2p-1:     0.53) (  13 H   3s  :    -2.96)                              
               (  13 H   2p-1:     0.84) (  14 H   3s  :    -3.03) (  14 H   2p+1:    -0.48)                              
               (  14 H   2p-1:    -0.22) (  14 H   2p0 :    -0.17)                                                        
                                                                                                                          
                                                                                                                          
                                                Ground State Dipole Moment                                                
                                               ----------------------------                                               
                                                                                                                          
                                   X   :         0.187076 a.u.         0.475500 Debye                                     
                                   Y   :        -0.527320 a.u.        -1.340314 Debye                                     
                                   Z   :        -0.143054 a.u.        -0.363607 Debye                                     
                                 Total :         0.577519 a.u.         1.467907 Debye                                     
                                                                                                                          
                                                                                                                          
                                            Linear Response EigenSolver Setup                                             
                                           ===================================                                            
                                                                                                                          
                               Number of States                : 75                                                       
                               Max. Number of Iterations       : 150                                                      
                               Convergence Threshold           : 1.0e-04                                                  
                               ERI Screening Threshold         : 1.0e-13                                                  
                               Exchange-Correlation Functional : CAM-B3LYP                                                
                               Molecular Grid Level            : 4                                                        
                                                                                                                          
* Info * Using the CAM-B3LYP functional.                                                                                  
                                                                                                                          
         T. Yanai, D. P. Tew, and N. C. Handy.,  Chem. Phys. Lett. 393, 51 (2004)
                                                                                                                          
* Info * Using the Libxc library (v7.0.0).                                                                                
                                                                                                                          
         S. Lehtola, C. Steigemann, M. J.T. Oliveira, and M. A.L. Marques.,  SoftwareX 7, 1–5 (2018)
                                                                                                                          
* Info * Using the following algorithm for XC numerical integration.                                                      
                                                                                                                          
         J. Kussmann, H. Laqua and C. Ochsenfeld, J. Chem. Theory Comput. 2021, 17, 1512-1521
                                                                                                                          
* Info * Molecular grid with 207863 points generated in 0.21 sec.                                                         
                                                                                                                          
* Info * Processing 75 Fock builds...                                                                                     
                                                                                                                          
* Info * 75 gerade trial vectors in reduced space                                                                         
* Info * 75 ungerade trial vectors in reduced space                                                                       
                                                                                                                          
* Info * 68.16 kB of memory used for subspace procedure on the master node                                                
* Info * 335.29 GB of memory available for the solver on the master node                                                  
                                                                                                                          
               *** Iteration:   1 * Residuals (Max,Min): 1.51e-01 and 4.05e-02                                            
                                                                                                                          
               Excitation 1   :     10.09620511 Residual Norm: 0.12458783                                                 
               Excitation 2   :     10.10107590 Residual Norm: 0.12227223                                                 
               Excitation 3   :     10.10713607 Residual Norm: 0.12070536                                                 
               Excitation 4   :     10.10896625 Residual Norm: 0.12527028                                                 
               Excitation 5   :     10.12802858 Residual Norm: 0.07976016                                                 
               Excitation 6   :     10.13065087 Residual Norm: 0.07031157                                                 
               Excitation 7   :     10.13213976 Residual Norm: 0.08272959                                                 
               Excitation 8   :     10.13491687 Residual Norm: 0.07892467                                                 
               Excitation 9   :     10.13605569 Residual Norm: 0.08106919                                                 
               Excitation 10  :     10.15506148 Residual Norm: 0.09624595                                                 
               Excitation 11  :     10.16453495 Residual Norm: 0.07713616                                                 
               Excitation 12  :     10.17707253 Residual Norm: 0.12648105                                                 
               Excitation 13  :     10.17711467 Residual Norm: 0.10463242                                                 
               Excitation 14  :     10.17794759 Residual Norm: 0.10826636                                                 
               Excitation 15  :     10.17894349 Residual Norm: 0.12304007                                                 
               Excitation 16  :     10.18148125 Residual Norm: 0.13091823                                                 
               Excitation 17  :     10.18179968 Residual Norm: 0.13094606                                                 
               Excitation 18  :     10.18484848 Residual Norm: 0.08692393                                                 
               Excitation 19  :     10.19350479 Residual Norm: 0.06139502                                                 
               Excitation 20  :     10.19851532 Residual Norm: 0.15082621                                                 
               Excitation 21  :     10.20764452 Residual Norm: 0.06248070                                                 
               Excitation 22  :     10.20838427 Residual Norm: 0.07271233                                                 
               Excitation 23  :     10.21076849 Residual Norm: 0.05137344                                                 
               Excitation 24  :     10.21197203 Residual Norm: 0.06352079                                                 
               Excitation 25  :     10.21663579 Residual Norm: 0.06174841                                                 
               Excitation 26  :     10.21929361 Residual Norm: 0.06831311                                                 
               Excitation 27  :     10.21970477 Residual Norm: 0.06540019                                                 
               Excitation 28  :     10.22029466 Residual Norm: 0.07769474                                                 
               Excitation 29  :     10.22036693 Residual Norm: 0.07442566                                                 
               Excitation 30  :     10.22038306 Residual Norm: 0.06265316                                                 
               Excitation 31  :     10.22101125 Residual Norm: 0.06340445                                                 
               Excitation 32  :     10.22193771 Residual Norm: 0.05580409                                                 
               Excitation 33  :     10.23608348 Residual Norm: 0.04494461                                                 
               Excitation 34  :     10.23998258 Residual Norm: 0.06038496                                                 
               Excitation 35  :     10.24130534 Residual Norm: 0.07159151                                                 
               Excitation 36  :     10.24181808 Residual Norm: 0.07358962                                                 
               Excitation 37  :     10.24458191 Residual Norm: 0.06022987                                                 
               Excitation 38  :     10.24531462 Residual Norm: 0.06872273                                                 
               Excitation 39  :     10.24558992 Residual Norm: 0.05501293                                                 
               Excitation 40  :     10.24565035 Residual Norm: 0.08479639                                                 
               Excitation 41  :     10.24658374 Residual Norm: 0.04156923                                                 
               Excitation 42  :     10.24950873 Residual Norm: 0.06755701                                                 
               Excitation 43  :     10.25015623 Residual Norm: 0.06154288                                                 
               Excitation 44  :     10.25293725 Residual Norm: 0.04046272                                                 
               Excitation 45  :     10.25399356 Residual Norm: 0.05437948                                                 
               Excitation 46  :     10.25572225 Residual Norm: 0.05097871                                                 
               Excitation 47  :     10.25682734 Residual Norm: 0.06008248                                                 
               Excitation 48  :     10.25949874 Residual Norm: 0.05043244                                                 
               Excitation 49  :     10.25955948 Residual Norm: 0.04620021                                                 
               Excitation 50  :     10.26044760 Residual Norm: 0.06217673                                                 
               Excitation 51  :     10.26741186 Residual Norm: 0.05614521                                                 
               Excitation 52  :     10.27130398 Residual Norm: 0.04471134                                                 
               Excitation 53  :     10.27244152 Residual Norm: 0.07025216                                                 
               Excitation 54  :     10.27448037 Residual Norm: 0.05040004                                                 
               Excitation 55  :     10.27781834 Residual Norm: 0.05710514                                                 
               Excitation 56  :     10.27843757 Residual Norm: 0.04921810                                                 
               Excitation 57  :     10.28000681 Residual Norm: 0.04921951                                                 
               Excitation 58  :     10.28050139 Residual Norm: 0.05315816                                                 
               Excitation 59  :     10.28248431 Residual Norm: 0.04646783                                                 
               Excitation 60  :     10.28312072 Residual Norm: 0.06415583                                                 
               Excitation 61  :     10.28330850 Residual Norm: 0.05494779                                                 
               Excitation 62  :     10.28584005 Residual Norm: 0.07397517                                                 
               Excitation 63  :     10.28602298 Residual Norm: 0.06636008                                                 
               Excitation 64  :     10.28673048 Residual Norm: 0.06808636                                                 
               Excitation 65  :     10.29316842 Residual Norm: 0.04850621                                                 
               Excitation 66  :     10.29650288 Residual Norm: 0.05320868                                                 
               Excitation 67  :     10.29852433 Residual Norm: 0.05703282                                                 
               Excitation 68  :     10.30073151 Residual Norm: 0.05860916                                                 
               Excitation 69  :     10.30117425 Residual Norm: 0.05878354                                                 
               Excitation 70  :     10.30156221 Residual Norm: 0.06331903                                                 
               Excitation 71  :     10.30670794 Residual Norm: 0.04909943                                                 
               Excitation 72  :     10.30800411 Residual Norm: 0.05578904                                                 
               Excitation 73  :     10.30900241 Residual Norm: 0.05743091                                                 
               Excitation 74  :     10.31066761 Residual Norm: 0.04491299                                                 
               Excitation 75  :     10.31678778 Residual Norm: 0.04423265                                                 
                                                                                                                          
* Info * Processing 75 Fock builds...                                                                                     
                                                                                                                          
* Info * 150 gerade trial vectors in reduced space                                                                        
* Info * 150 ungerade trial vectors in reduced space                                                                      
                                                                                                                          
* Info * 108.96 kB of memory used for subspace procedure on the master node                                               
* Info * 334.23 GB of memory available for the solver on the master node                                                  
                                                                                                                          
               *** Iteration:   2 * Residuals (Max,Min): 6.38e-02 and 8.18e-03                                            
                                                                                                                          
               Excitation 1   :     10.08358288 Residual Norm: 0.02551753                                                 
               Excitation 2   :     10.08945137 Residual Norm: 0.02872687                                                 
               Excitation 3   :     10.09564586 Residual Norm: 0.02605266                                                 
               Excitation 4   :     10.09628948 Residual Norm: 0.03061403                                                 
               Excitation 5   :     10.12444369 Residual Norm: 0.01236154                                                 
               Excitation 6   :     10.12613611 Residual Norm: 0.01979312                                                 
               Excitation 7   :     10.12782427 Residual Norm: 0.00817550                                                 
               Excitation 8   :     10.13113692 Residual Norm: 0.01268942                                                 
               Excitation 9   :     10.13184653 Residual Norm: 0.01289048                                                 
               Excitation 10  :     10.14680023 Residual Norm: 0.02064895                                                 
               Excitation 11  :     10.15855817 Residual Norm: 0.02349934                                                 
               Excitation 12  :     10.16183565 Residual Norm: 0.05130778                                                 
               Excitation 13  :     10.16635456 Residual Norm: 0.02017565                                                 
               Excitation 14  :     10.16858966 Residual Norm: 0.02280914                                                 
               Excitation 15  :     10.17003524 Residual Norm: 0.05479379                                                 
               Excitation 16  :     10.17170808 Residual Norm: 0.04996008                                                 
               Excitation 17  :     10.17379882 Residual Norm: 0.06381916                                                 
               Excitation 18  :     10.17500135 Residual Norm: 0.05874814                                                 
               Excitation 19  :     10.18076756 Residual Norm: 0.02347589                                                 
               Excitation 20  :     10.18975808 Residual Norm: 0.01434792                                                 
               Excitation 21  :     10.19888489 Residual Norm: 0.02352319                                                 
               Excitation 22  :     10.20103663 Residual Norm: 0.02029044                                                 
               Excitation 23  :     10.20784835 Residual Norm: 0.02142277                                                 
               Excitation 24  :     10.20818368 Residual Norm: 0.02301150                                                 
               Excitation 25  :     10.21313332 Residual Norm: 0.01599889                                                 
               Excitation 26  :     10.21449883 Residual Norm: 0.02109985                                                 
               Excitation 27  :     10.21452821 Residual Norm: 0.02706602                                                 
               Excitation 28  :     10.21529698 Residual Norm: 0.02493473                                                 
               Excitation 29  :     10.21575332 Residual Norm: 0.02861773                                                 
               Excitation 30  :     10.21598982 Residual Norm: 0.01788702                                                 
               Excitation 31  :     10.21697904 Residual Norm: 0.01039491                                                 
               Excitation 32  :     10.21759861 Residual Norm: 0.01370397                                                 
               Excitation 33  :     10.23207140 Residual Norm: 0.01789513                                                 
               Excitation 34  :     10.23387645 Residual Norm: 0.02679956                                                 
               Excitation 35  :     10.23542260 Residual Norm: 0.02187619                                                 
               Excitation 36  :     10.23693135 Residual Norm: 0.01974223                                                 
               Excitation 37  :     10.23761863 Residual Norm: 0.02827788                                                 
               Excitation 38  :     10.23835558 Residual Norm: 0.01920378                                                 
               Excitation 39  :     10.23972310 Residual Norm: 0.02309052                                                 
               Excitation 40  :     10.24004274 Residual Norm: 0.02159015                                                 
               Excitation 41  :     10.24276875 Residual Norm: 0.01748570                                                 
               Excitation 42  :     10.24445704 Residual Norm: 0.02831785                                                 
               Excitation 43  :     10.24639330 Residual Norm: 0.03230993                                                 
               Excitation 44  :     10.24880204 Residual Norm: 0.02522966                                                 
               Excitation 45  :     10.24957023 Residual Norm: 0.01256599                                                 
               Excitation 46  :     10.25202138 Residual Norm: 0.02895493                                                 
               Excitation 47  :     10.25240541 Residual Norm: 0.01331271                                                 
               Excitation 48  :     10.25376321 Residual Norm: 0.03291955                                                 
               Excitation 49  :     10.25383662 Residual Norm: 0.03164564                                                 
               Excitation 50  :     10.25483411 Residual Norm: 0.02200888                                                 
               Excitation 51  :     10.26076853 Residual Norm: 0.03824807                                                 
               Excitation 52  :     10.26175766 Residual Norm: 0.03635224                                                 
               Excitation 53  :     10.26466891 Residual Norm: 0.04286707                                                 
               Excitation 54  :     10.26969575 Residual Norm: 0.02023106                                                 
               Excitation 55  :     10.27048480 Residual Norm: 0.04704686                                                 
               Excitation 56  :     10.27053125 Residual Norm: 0.03632107                                                 
               Excitation 57  :     10.27342171 Residual Norm: 0.02062851                                                 
               Excitation 58  :     10.27394432 Residual Norm: 0.02761490                                                 
               Excitation 59  :     10.27519826 Residual Norm: 0.03778314                                                 
               Excitation 60  :     10.27661867 Residual Norm: 0.01360252                                                 
               Excitation 61  :     10.27812242 Residual Norm: 0.02241884                                                 
               Excitation 62  :     10.27843732 Residual Norm: 0.02100334                                                 
               Excitation 63  :     10.27905787 Residual Norm: 0.02803403                                                 
               Excitation 64  :     10.28166640 Residual Norm: 0.02897268                                                 
               Excitation 65  :     10.28436670 Residual Norm: 0.05988315                                                 
               Excitation 66  :     10.28663436 Residual Norm: 0.03676177                                                 
               Excitation 67  :     10.28793466 Residual Norm: 0.04990257                                                 
               Excitation 68  :     10.28935551 Residual Norm: 0.05537584                                                 
               Excitation 69  :     10.29376175 Residual Norm: 0.03912667                                                 
               Excitation 70  :     10.29455250 Residual Norm: 0.04092879                                                 
               Excitation 71  :     10.29649633 Residual Norm: 0.04452978                                                 
               Excitation 72  :     10.29682338 Residual Norm: 0.04474212                                                 
               Excitation 73  :     10.30108812 Residual Norm: 0.02724879                                                 
               Excitation 74  :     10.30538351 Residual Norm: 0.03847770                                                 
               Excitation 75  :     10.31174910 Residual Norm: 0.03039704                                                 
                                                                                                                          
* Info * Processing 75 Fock builds...                                                                                     
                                                                                                                          
* Info * 225 gerade trial vectors in reduced space                                                                        
* Info * 225 ungerade trial vectors in reduced space                                                                      
                                                                                                                          
* Info * 149.76 kB of memory used for subspace procedure on the master node                                               
* Info * 332.94 GB of memory available for the solver on the master node                                                  
                                                                                                                          
               *** Iteration:   3 * Residuals (Max,Min): 1.08e-01 and 9.89e-04                                            
                                                                                                                          
               Excitation 1   :     10.08346952 Residual Norm: 0.00331837                                                 
               Excitation 2   :     10.08931951 Residual Norm: 0.00434533                                                 
               Excitation 3   :     10.09554775 Residual Norm: 0.00372258                                                 
               Excitation 4   :     10.09616411 Residual Norm: 0.00433500                                                 
               Excitation 5   :     10.12440162 Residual Norm: 0.00193072                                                 
               Excitation 6   :     10.12600138 Residual Norm: 0.00369774                                                 
               Excitation 7   :     10.12779879 Residual Norm: 0.00098944                                                 
               Excitation 8   :     10.13108991 Residual Norm: 0.00214977                                                 
               Excitation 9   :     10.13180089 Residual Norm: 0.00210778                                                 
               Excitation 10  :     10.14662900 Residual Norm: 0.00421357                                                 
               Excitation 11  :     10.15835567 Residual Norm: 0.00529498                                                 
               Excitation 12  :     10.16073766 Residual Norm: 0.01027386                                                 
               Excitation 13  :     10.16620814 Residual Norm: 0.00387386                                                 
               Excitation 14  :     10.16844130 Residual Norm: 0.00513355                                                 
               Excitation 15  :     10.16987301 Residual Norm: 0.01004948                                                 
               Excitation 16  :     10.17158272 Residual Norm: 0.00823470                                                 
               Excitation 17  :     10.17360732 Residual Norm: 0.00998982                                                 
               Excitation 18  :     10.17486766 Residual Norm: 0.01131414                                                 
               Excitation 19  :     10.18069896 Residual Norm: 0.00412492                                                 
               Excitation 20  :     10.18965886 Residual Norm: 0.00326102                                                 
               Excitation 21  :     10.19846316 Residual Norm: 0.00512362                                                 
               Excitation 22  :     10.20069657 Residual Norm: 0.00683391                                                 
               Excitation 23  :     10.20777560 Residual Norm: 0.00431306                                                 
               Excitation 24  :     10.20809012 Residual Norm: 0.00438697                                                 
               Excitation 25  :     10.21305101 Residual Norm: 0.00236996                                                 
               Excitation 26  :     10.21432876 Residual Norm: 0.00548453                                                 
               Excitation 27  :     10.21441888 Residual Norm: 0.00420947                                                 
               Excitation 28  :     10.21511678 Residual Norm: 0.00748455                                                 
               Excitation 29  :     10.21569516 Residual Norm: 0.00378300                                                 
               Excitation 30  :     10.21590540 Residual Norm: 0.00425883                                                 
               Excitation 31  :     10.21689880 Residual Norm: 0.00262167                                                 
               Excitation 32  :     10.21746253 Residual Norm: 0.00363695                                                 
               Excitation 33  :     10.23180307 Residual Norm: 0.00526295                                                 
               Excitation 34  :     10.23298401 Residual Norm: 0.01092719                                                 
               Excitation 35  :     10.23513603 Residual Norm: 0.00427577                                                 
               Excitation 36  :     10.23655702 Residual Norm: 0.00722922                                                 
               Excitation 37  :     10.23740893 Residual Norm: 0.00474899                                                 
               Excitation 38  :     10.23805328 Residual Norm: 0.00390725                                                 
               Excitation 39  :     10.23945863 Residual Norm: 0.00589931                                                 
               Excitation 40  :     10.23948196 Residual Norm: 0.00472097                                                 
               Excitation 41  :     10.24227157 Residual Norm: 0.00832081                                                 
               Excitation 42  :     10.24409309 Residual Norm: 0.00477953                                                 
               Excitation 43  :     10.24616008 Residual Norm: 0.00716072                                                 
               Excitation 44  :     10.24759519 Residual Norm: 0.01310073                                                 
               Excitation 45  :     10.24939836 Residual Norm: 0.00528800                                                 
               Excitation 46  :     10.25110238 Residual Norm: 0.00849043                                                 
               Excitation 47  :     10.25205930 Residual Norm: 0.01512483                                                 
               Excitation 48  :     10.25223282 Residual Norm: 0.00638561                                                 
               Excitation 49  :     10.25309394 Residual Norm: 0.01108611                                                 
               Excitation 50  :     10.25432889 Residual Norm: 0.01009574                                                 
               Excitation 51  :     10.25980173 Residual Norm: 0.01064408                                                 
               Excitation 52  :     10.26004678 Residual Norm: 0.02111923                                                 
               Excitation 53  :     10.26083820 Residual Norm: 0.02481288                                                 
               Excitation 54  :     10.26746874 Residual Norm: 0.02446375                                                 
               Excitation 55  :     10.26907896 Residual Norm: 0.00908780                                                 
               Excitation 56  :     10.26916400 Residual Norm: 0.01332356                                                 
               Excitation 57  :     10.27175903 Residual Norm: 0.02273600                                                 
               Excitation 58  :     10.27293510 Residual Norm: 0.00580790                                                 
               Excitation 59  :     10.27332553 Residual Norm: 0.00721610                                                 
               Excitation 60  :     10.27645917 Residual Norm: 0.00439306                                                 
               Excitation 61  :     10.27737074 Residual Norm: 0.01061368                                                 
               Excitation 62  :     10.27758849 Residual Norm: 0.01811143                                                 
               Excitation 63  :     10.27777529 Residual Norm: 0.03642597                                                 
               Excitation 64  :     10.27940384 Residual Norm: 0.05388807                                                 
               Excitation 65  :     10.28054522 Residual Norm: 0.01997996                                                 
               Excitation 66  :     10.28102193 Residual Norm: 0.01892475                                                 
               Excitation 67  :     10.28484524 Residual Norm: 0.05079088                                                 
               Excitation 68  :     10.28559784 Residual Norm: 0.02663747                                                 
               Excitation 69  :     10.28722508 Residual Norm: 0.02673001                                                 
               Excitation 70  :     10.28826429 Residual Norm: 0.03961612                                                 
               Excitation 71  :     10.29009561 Residual Norm: 0.03894298                                                 
               Excitation 72  :     10.29474088 Residual Norm: 0.01749176                                                 
               Excitation 73  :     10.29726930 Residual Norm: 0.07768517                                                 
               Excitation 74  :     10.29775329 Residual Norm: 0.04780712                                                 
               Excitation 75  :     10.29827302 Residual Norm: 0.10805960                                                 
                                                                                                                          
* Info * Processing 75 Fock builds...                                                                                     
                                                                                                                          
* Info * 300 gerade trial vectors in reduced space                                                                        
* Info * 300 ungerade trial vectors in reduced space                                                                      
                                                                                                                          
* Info * 190.56 kB of memory used for subspace procedure on the master node                                               
* Info * 332.87 GB of memory available for the solver on the master node                                                  
                                                                                                                          
               *** Iteration:   4 * Residuals (Max,Min): 1.98e-01 and 1.08e-04                                            
                                                                                                                          
               Excitation 1   :     10.08346917 Residual Norm: 0.00021688                                                 
               Excitation 2   :     10.08931876 Residual Norm: 0.00032945                                                 
               Excitation 3   :     10.09554699 Residual Norm: 0.00040454                                                 
               Excitation 4   :     10.09616307 Residual Norm: 0.00050976                                                 
               Excitation 5   :     10.12440119 Residual Norm: 0.00021482                                                 
               Excitation 6   :     10.12600069 Residual Norm: 0.00042889                                                 
               Excitation 7   :     10.12779857 Residual Norm: 0.00010794                                                 
               Excitation 8   :     10.13108943 Residual Norm: 0.00019653                                                 
               Excitation 9   :     10.13180042 Residual Norm: 0.00019758                                                 
               Excitation 10  :     10.14662770 Residual Norm: 0.00060756                                                 
               Excitation 11  :     10.15835393 Residual Norm: 0.00057992                                                 
               Excitation 12  :     10.16072787 Residual Norm: 0.00230320                                                 
               Excitation 13  :     10.16620716 Residual Norm: 0.00048695                                                 
               Excitation 14  :     10.16844006 Residual Norm: 0.00066952                                                 
               Excitation 15  :     10.16986929 Residual Norm: 0.00048360                                                 
               Excitation 16  :     10.17157931 Residual Norm: 0.00046109                                                 
               Excitation 17  :     10.17360240 Residual Norm: 0.00060193                                                 
               Excitation 18  :     10.17486274 Residual Norm: 0.00060657                                                 
               Excitation 19  :     10.18069794 Residual Norm: 0.00026049                                                 
               Excitation 20  :     10.18965730 Residual Norm: 0.00042470                                                 
               Excitation 21  :     10.19845530 Residual Norm: 0.00105064                                                 
               Excitation 22  :     10.20068451 Residual Norm: 0.00098863                                                 
               Excitation 23  :     10.20777425 Residual Norm: 0.00030015                                                 
               Excitation 24  :     10.20808850 Residual Norm: 0.00032633                                                 
               Excitation 25  :     10.21304983 Residual Norm: 0.00030728                                                 
               Excitation 26  :     10.21432500 Residual Norm: 0.00065369                                                 
               Excitation 27  :     10.21441775 Residual Norm: 0.00052086                                                 
               Excitation 28  :     10.21511064 Residual Norm: 0.00077068                                                 
               Excitation 29  :     10.21569383 Residual Norm: 0.00027276                                                 
               Excitation 30  :     10.21590355 Residual Norm: 0.00069527                                                 
               Excitation 31  :     10.21689602 Residual Norm: 0.00048160                                                 
               Excitation 32  :     10.21745853 Residual Norm: 0.00073988                                                 
               Excitation 33  :     10.23179430 Residual Norm: 0.00085227                                                 
               Excitation 34  :     10.23294590 Residual Norm: 0.00186023                                                 
               Excitation 35  :     10.23512954 Residual Norm: 0.00068999                                                 
               Excitation 36  :     10.23654843 Residual Norm: 0.00128883                                                 
               Excitation 37  :     10.23740461 Residual Norm: 0.00050015                                                 
               Excitation 38  :     10.23804713 Residual Norm: 0.00081787                                                 
               Excitation 39  :     10.23944249 Residual Norm: 0.00137371                                                 
               Excitation 40  :     10.23947577 Residual Norm: 0.00078629                                                 
               Excitation 41  :     10.24223898 Residual Norm: 0.00161868                                                 
               Excitation 42  :     10.24408095 Residual Norm: 0.00161559                                                 
               Excitation 43  :     10.24615261 Residual Norm: 0.00089729                                                 
               Excitation 44  :     10.24750117 Residual Norm: 0.00258151                                                 
               Excitation 45  :     10.24939392 Residual Norm: 0.00084244                                                 
               Excitation 46  :     10.25106142 Residual Norm: 0.00153536                                                 
               Excitation 47  :     10.25191822 Residual Norm: 0.00307817                                                 
               Excitation 48  :     10.25222533 Residual Norm: 0.00091068                                                 
               Excitation 49  :     10.25305735 Residual Norm: 0.00245911                                                 
               Excitation 50  :     10.25431113 Residual Norm: 0.00171374                                                 
               Excitation 51  :     10.25973023 Residual Norm: 0.00268061                                                 
               Excitation 52  :     10.25999864 Residual Norm: 0.00319124                                                 
               Excitation 53  :     10.26059589 Residual Norm: 0.00502199                                                 
               Excitation 54  :     10.26711169 Residual Norm: 0.00601428                                                 
               Excitation 55  :     10.26904091 Residual Norm: 0.00311104                                                 
               Excitation 56  :     10.26907119 Residual Norm: 0.00401201                                                 
               Excitation 57  :     10.27143856 Residual Norm: 0.00513193                                                 
               Excitation 58  :     10.27291782 Residual Norm: 0.00169410                                                 
               Excitation 59  :     10.27329735 Residual Norm: 0.00152089                                                 
               Excitation 60  :     10.27644644 Residual Norm: 0.00443687                                                 
               Excitation 61  :     10.27662143 Residual Norm: 0.06964060                                                 
               Excitation 62  :     10.27729800 Residual Norm: 0.00492170                                                 
               Excitation 63  :     10.27732382 Residual Norm: 0.00622566                                                 
               Excitation 64  :     10.27821513 Residual Norm: 0.00986396                                                 
               Excitation 65  :     10.28028442 Residual Norm: 0.00487765                                                 
               Excitation 66  :     10.28089062 Residual Norm: 0.00500281                                                 
               Excitation 67  :     10.28326420 Residual Norm: 0.01998705                                                 
               Excitation 68  :     10.28534359 Residual Norm: 0.00655613                                                 
               Excitation 69  :     10.28668394 Residual Norm: 0.01588041                                                 
               Excitation 70  :     10.28689174 Residual Norm: 0.00900821                                                 
               Excitation 71  :     10.28953645 Residual Norm: 0.00850350                                                 
               Excitation 72  :     10.29052655 Residual Norm: 0.19813807                                                 
               Excitation 73  :     10.29101661 Residual Norm: 0.02770417                                                 
               Excitation 74  :     10.29286921 Residual Norm: 0.04024098                                                 
               Excitation 75  :     10.29319326 Residual Norm: 0.02023169                                                 
                                                                                                                          
* Info * Processing 75 Fock builds...                                                                                     
                                                                                                                          
* Info * 375 gerade trial vectors in reduced space                                                                        
* Info * 375 ungerade trial vectors in reduced space                                                                      
                                                                                                                          
* Info * 231.36 kB of memory used for subspace procedure on the master node                                               
* Info * 331.89 GB of memory available for the solver on the master node                                                  
                                                                                                                          
               *** Iteration:   5 * Residuals (Max,Min): 1.23e-01 and 7.86e-06                                            
                                                                                                                          
               Excitation 1   :     10.08346917 Residual Norm: 0.00000786   converged                                     
               Excitation 2   :     10.08931875 Residual Norm: 0.00001763   converged                                     
               Excitation 3   :     10.09554699 Residual Norm: 0.00002165   converged                                     
               Excitation 4   :     10.09616306 Residual Norm: 0.00002764   converged                                     
               Excitation 5   :     10.12440119 Residual Norm: 0.00001537   converged                                     
               Excitation 6   :     10.12600068 Residual Norm: 0.00002494   converged                                     
               Excitation 7   :     10.12779857 Residual Norm: 0.00000839   converged                                     
               Excitation 8   :     10.13108942 Residual Norm: 0.00001529   converged                                     
               Excitation 9   :     10.13180041 Residual Norm: 0.00001519   converged                                     
               Excitation 10  :     10.14662768 Residual Norm: 0.00004364   converged                                     
               Excitation 11  :     10.15835390 Residual Norm: 0.00005853   converged                                     
               Excitation 12  :     10.16072763 Residual Norm: 0.00039764                                                 
               Excitation 13  :     10.16620714 Residual Norm: 0.00004324   converged                                     
               Excitation 14  :     10.16844004 Residual Norm: 0.00004974   converged                                     
               Excitation 15  :     10.16986926 Residual Norm: 0.00004165   converged                                     
               Excitation 16  :     10.17157927 Residual Norm: 0.00003883   converged                                     
               Excitation 17  :     10.17360233 Residual Norm: 0.00005393   converged                                     
               Excitation 18  :     10.17486269 Residual Norm: 0.00004098   converged                                     
               Excitation 19  :     10.18069793 Residual Norm: 0.00002352   converged                                     
               Excitation 20  :     10.18965727 Residual Norm: 0.00003997   converged                                     
               Excitation 21  :     10.19845519 Residual Norm: 0.00011803                                                 
               Excitation 22  :     10.20068436 Residual Norm: 0.00008858   converged                                     
               Excitation 23  :     10.20777424 Residual Norm: 0.00002783   converged                                     
               Excitation 24  :     10.20808848 Residual Norm: 0.00003200   converged                                     
               Excitation 25  :     10.21304982 Residual Norm: 0.00003044   converged                                     
               Excitation 26  :     10.21432495 Residual Norm: 0.00006109   converged                                     
               Excitation 27  :     10.21441773 Residual Norm: 0.00004326   converged                                     
               Excitation 28  :     10.21511054 Residual Norm: 0.00008921   converged                                     
               Excitation 29  :     10.21569382 Residual Norm: 0.00002318   converged                                     
               Excitation 30  :     10.21590351 Residual Norm: 0.00007918   converged                                     
               Excitation 31  :     10.21689596 Residual Norm: 0.00006930   converged                                     
               Excitation 32  :     10.21745845 Residual Norm: 0.00007665   converged                                     
               Excitation 33  :     10.23179417 Residual Norm: 0.00009671   converged                                     
               Excitation 34  :     10.23294509 Residual Norm: 0.00026251                                                 
               Excitation 35  :     10.23512943 Residual Norm: 0.00007294   converged                                     
               Excitation 36  :     10.23654821 Residual Norm: 0.00028103                                                 
               Excitation 37  :     10.23740455 Residual Norm: 0.00005597   converged                                     
               Excitation 38  :     10.23804700 Residual Norm: 0.00013739                                                 
               Excitation 39  :     10.23944208 Residual Norm: 0.00019364                                                 
               Excitation 40  :     10.23947560 Residual Norm: 0.00012024                                                 
               Excitation 41  :     10.24223841 Residual Norm: 0.00017418                                                 
               Excitation 42  :     10.24408052 Residual Norm: 0.00022733                                                 
               Excitation 43  :     10.24615245 Residual Norm: 0.00009727   converged                                     
               Excitation 44  :     10.24749914 Residual Norm: 0.00035611                                                 
               Excitation 45  :     10.24939381 Residual Norm: 0.00012690                                                 
               Excitation 46  :     10.25106064 Residual Norm: 0.00017958                                                 
               Excitation 47  :     10.25191505 Residual Norm: 0.00040650                                                 
               Excitation 48  :     10.25222520 Residual Norm: 0.00009995   converged                                     
               Excitation 49  :     10.25305646 Residual Norm: 0.00027884                                                 
               Excitation 50  :     10.25431079 Residual Norm: 0.00020586                                                 
               Excitation 51  :     10.25972823 Residual Norm: 0.00045096                                                 
               Excitation 52  :     10.25999718 Residual Norm: 0.00067221                                                 
               Excitation 53  :     10.26059054 Residual Norm: 0.00055401                                                 
               Excitation 54  :     10.26710313 Residual Norm: 0.00071835                                                 
               Excitation 55  :     10.26903925 Residual Norm: 0.00054094                                                 
               Excitation 56  :     10.26906855 Residual Norm: 0.00068168                                                 
               Excitation 57  :     10.27142941 Residual Norm: 0.00079620                                                 
               Excitation 58  :     10.27291723 Residual Norm: 0.00025992                                                 
               Excitation 59  :     10.27329661 Residual Norm: 0.00026491                                                 
               Excitation 60  :     10.27542066 Residual Norm: 0.06493077                                                 
               Excitation 61  :     10.27644648 Residual Norm: 0.00084509                                                 
               Excitation 62  :     10.27729228 Residual Norm: 0.00097534                                                 
               Excitation 63  :     10.27731303 Residual Norm: 0.00074240                                                 
               Excitation 64  :     10.27818954 Residual Norm: 0.00119502                                                 
               Excitation 65  :     10.28027693 Residual Norm: 0.00067786                                                 
               Excitation 66  :     10.28088105 Residual Norm: 0.00154201                                                 
               Excitation 67  :     10.28312087 Residual Norm: 0.00485188                                                 
               Excitation 68  :     10.28448391 Residual Norm: 0.12313956                                                 
               Excitation 69  :     10.28533417 Residual Norm: 0.00123955                                                 
               Excitation 70  :     10.28660048 Residual Norm: 0.00293060                                                 
               Excitation 71  :     10.28687689 Residual Norm: 0.00103904                                                 
               Excitation 72  :     10.28951629 Residual Norm: 0.00104501                                                 
               Excitation 73  :     10.29067982 Residual Norm: 0.00823604                                                 
               Excitation 74  :     10.29235494 Residual Norm: 0.00960391                                                 
               Excitation 75  :     10.29306750 Residual Norm: 0.00300357                                                 
                                                                                                                          
* Info * Processing 38 Fock builds...                                                                                     
                                                                                                                          
* Info * 413 gerade trial vectors in reduced space                                                                        
* Info * 413 ungerade trial vectors in reduced space                                                                      
                                                                                                                          
* Info * 253.13 kB of memory used for subspace procedure on the master node                                               
* Info * 338.62 GB of memory available for the solver on the master node                                                  
                                                                                                                          
               *** Iteration:   6 * Residuals (Max,Min): 1.16e-01 and 5.58e-06                                            
                                                                                                                          
               Excitation 1   :     10.08346917 Residual Norm: 0.00000645   converged                                     
               Excitation 2   :     10.08931875 Residual Norm: 0.00001438   converged                                     
               Excitation 3   :     10.09554699 Residual Norm: 0.00001437   converged                                     
               Excitation 4   :     10.09616306 Residual Norm: 0.00001800   converged                                     
               Excitation 5   :     10.12440119 Residual Norm: 0.00001303   converged                                     
               Excitation 6   :     10.12600068 Residual Norm: 0.00001707   converged                                     
               Excitation 7   :     10.12779857 Residual Norm: 0.00000558   converged                                     
               Excitation 8   :     10.13108942 Residual Norm: 0.00001088   converged                                     
               Excitation 9   :     10.13180041 Residual Norm: 0.00001104   converged                                     
               Excitation 10  :     10.14662768 Residual Norm: 0.00002658   converged                                     
               Excitation 11  :     10.15835390 Residual Norm: 0.00003732   converged                                     
               Excitation 12  :     10.16072762 Residual Norm: 0.00002436   converged                                     
               Excitation 13  :     10.16620714 Residual Norm: 0.00003815   converged                                     
               Excitation 14  :     10.16844004 Residual Norm: 0.00003403   converged                                     
               Excitation 15  :     10.16986926 Residual Norm: 0.00002575   converged                                     
               Excitation 16  :     10.17157927 Residual Norm: 0.00003171   converged                                     
               Excitation 17  :     10.17360233 Residual Norm: 0.00003449   converged                                     
               Excitation 18  :     10.17486269 Residual Norm: 0.00003350   converged                                     
               Excitation 19  :     10.18069793 Residual Norm: 0.00001734   converged                                     
               Excitation 20  :     10.18965727 Residual Norm: 0.00002294   converged                                     
               Excitation 21  :     10.19845519 Residual Norm: 0.00001627   converged                                     
               Excitation 22  :     10.20068436 Residual Norm: 0.00004695   converged                                     
               Excitation 23  :     10.20777424 Residual Norm: 0.00001932   converged                                     
               Excitation 24  :     10.20808848 Residual Norm: 0.00001972   converged                                     
               Excitation 25  :     10.21304982 Residual Norm: 0.00001500   converged                                     
               Excitation 26  :     10.21432495 Residual Norm: 0.00002727   converged                                     
               Excitation 27  :     10.21441773 Residual Norm: 0.00003618   converged                                     
               Excitation 28  :     10.21511054 Residual Norm: 0.00002110   converged                                     
               Excitation 29  :     10.21569382 Residual Norm: 0.00001744   converged                                     
               Excitation 30  :     10.21590351 Residual Norm: 0.00005578   converged                                     
               Excitation 31  :     10.21689596 Residual Norm: 0.00003237   converged                                     
               Excitation 32  :     10.21745845 Residual Norm: 0.00005597   converged                                     
               Excitation 33  :     10.23179417 Residual Norm: 0.00004466   converged                                     
               Excitation 34  :     10.23294508 Residual Norm: 0.00002551   converged                                     
               Excitation 35  :     10.23512943 Residual Norm: 0.00006259   converged                                     
               Excitation 36  :     10.23654820 Residual Norm: 0.00005062   converged                                     
               Excitation 37  :     10.23740455 Residual Norm: 0.00003760   converged                                     
               Excitation 38  :     10.23804700 Residual Norm: 0.00001259   converged                                     
               Excitation 39  :     10.23944208 Residual Norm: 0.00003695   converged                                     
               Excitation 40  :     10.23947560 Residual Norm: 0.00001409   converged                                     
               Excitation 41  :     10.24223841 Residual Norm: 0.00004113   converged                                     
               Excitation 42  :     10.24408051 Residual Norm: 0.00002045   converged                                     
               Excitation 43  :     10.24615245 Residual Norm: 0.00006230   converged                                     
               Excitation 44  :     10.24749912 Residual Norm: 0.00004678   converged                                     
               Excitation 45  :     10.24939381 Residual Norm: 0.00004984   converged                                     
               Excitation 46  :     10.25106063 Residual Norm: 0.00002156   converged                                     
               Excitation 47  :     10.25191501 Residual Norm: 0.00006412   converged                                     
               Excitation 48  :     10.25222520 Residual Norm: 0.00007198   converged                                     
               Excitation 49  :     10.25305645 Residual Norm: 0.00007111   converged                                     
               Excitation 50  :     10.25431078 Residual Norm: 0.00002451   converged                                     
               Excitation 51  :     10.25972821 Residual Norm: 0.00007243   converged                                     
               Excitation 52  :     10.25999712 Residual Norm: 0.00017536                                                 
               Excitation 53  :     10.26059050 Residual Norm: 0.00027762                                                 
               Excitation 54  :     10.26710303 Residual Norm: 0.00025931                                                 
               Excitation 55  :     10.26903919 Residual Norm: 0.00026293                                                 
               Excitation 56  :     10.26906850 Residual Norm: 0.00007426   converged                                     
               Excitation 57  :     10.27142928 Residual Norm: 0.00013171                                                 
               Excitation 58  :     10.27291721 Residual Norm: 0.00022750                                                 
               Excitation 59  :     10.27329659 Residual Norm: 0.00029113                                                 
               Excitation 60  :     10.27419073 Residual Norm: 0.08402781                                                 
               Excitation 61  :     10.27644637 Residual Norm: 0.00044320                                                 
               Excitation 62  :     10.27729212 Residual Norm: 0.00017765                                                 
               Excitation 63  :     10.27731291 Residual Norm: 0.00010106                                                 
               Excitation 64  :     10.27818930 Residual Norm: 0.00021390                                                 
               Excitation 65  :     10.28027683 Residual Norm: 0.00019543                                                 
               Excitation 66  :     10.28088024 Residual Norm: 0.00199681                                                 
               Excitation 67  :     10.28150402 Residual Norm: 0.11554519                                                 
               Excitation 68  :     10.28311679 Residual Norm: 0.00066263                                                 
               Excitation 69  :     10.28533391 Residual Norm: 0.00016957                                                 
               Excitation 70  :     10.28659903 Residual Norm: 0.00041663                                                 
               Excitation 71  :     10.28687672 Residual Norm: 0.00017256                                                 
               Excitation 72  :     10.28951609 Residual Norm: 0.00018909                                                 
               Excitation 73  :     10.29065629 Residual Norm: 0.00201076                                                 
               Excitation 74  :     10.29233530 Residual Norm: 0.00144820                                                 
               Excitation 75  :     10.29306567 Residual Norm: 0.00043836                                                 
                                                                                                                          
* Info * Processing 19 Fock builds...                                                                                     
                                                                                                                          
* Info * 432 gerade trial vectors in reduced space                                                                        
* Info * 431 ungerade trial vectors in reduced space                                                                      
                                                                                                                          
* Info * 262.66 kB of memory used for subspace procedure on the master node                                               
* Info * 340.54 GB of memory available for the solver on the master node                                                  
                                                                                                                          
               *** Iteration:   7 * Residuals (Max,Min): 7.61e-02 and 5.08e-06                                            
                                                                                                                          
               Excitation 1   :     10.08346917 Residual Norm: 0.00000585   converged                                     
               Excitation 2   :     10.08931875 Residual Norm: 0.00001434   converged                                     
               Excitation 3   :     10.09554699 Residual Norm: 0.00001405   converged                                     
               Excitation 4   :     10.09616306 Residual Norm: 0.00001745   converged                                     
               Excitation 5   :     10.12440119 Residual Norm: 0.00001243   converged                                     
               Excitation 6   :     10.12600068 Residual Norm: 0.00001591   converged                                     
               Excitation 7   :     10.12779857 Residual Norm: 0.00000508   converged                                     
               Excitation 8   :     10.13108942 Residual Norm: 0.00001070   converged                                     
               Excitation 9   :     10.13180041 Residual Norm: 0.00001082   converged                                     
               Excitation 10  :     10.14662768 Residual Norm: 0.00002546   converged                                     
               Excitation 11  :     10.15835390 Residual Norm: 0.00003557   converged                                     
               Excitation 12  :     10.16072762 Residual Norm: 0.00002719   converged                                     
               Excitation 13  :     10.16620714 Residual Norm: 0.00003550   converged                                     
               Excitation 14  :     10.16844004 Residual Norm: 0.00003503   converged                                     
               Excitation 15  :     10.16986926 Residual Norm: 0.00002485   converged                                     
               Excitation 16  :     10.17157927 Residual Norm: 0.00002534   converged                                     
               Excitation 17  :     10.17360233 Residual Norm: 0.00003317   converged                                     
               Excitation 18  :     10.17486269 Residual Norm: 0.00003243   converged                                     
               Excitation 19  :     10.18069793 Residual Norm: 0.00001429   converged                                     
               Excitation 20  :     10.18965727 Residual Norm: 0.00001961   converged                                     
               Excitation 21  :     10.19845519 Residual Norm: 0.00001380   converged                                     
               Excitation 22  :     10.20068436 Residual Norm: 0.00003210   converged                                     
               Excitation 23  :     10.20777424 Residual Norm: 0.00001913   converged                                     
               Excitation 24  :     10.20808848 Residual Norm: 0.00001936   converged                                     
               Excitation 25  :     10.21304982 Residual Norm: 0.00001325   converged                                     
               Excitation 26  :     10.21432495 Residual Norm: 0.00002687   converged                                     
               Excitation 27  :     10.21441773 Residual Norm: 0.00003711   converged                                     
               Excitation 28  :     10.21511054 Residual Norm: 0.00001853   converged                                     
               Excitation 29  :     10.21569382 Residual Norm: 0.00001563   converged                                     
               Excitation 30  :     10.21590351 Residual Norm: 0.00005538   converged                                     
               Excitation 31  :     10.21689596 Residual Norm: 0.00002970   converged                                     
               Excitation 32  :     10.21745845 Residual Norm: 0.00004836   converged                                     
               Excitation 33  :     10.23179417 Residual Norm: 0.00002965   converged                                     
               Excitation 34  :     10.23294508 Residual Norm: 0.00001285   converged                                     
               Excitation 35  :     10.23512943 Residual Norm: 0.00005963   converged                                     
               Excitation 36  :     10.23654820 Residual Norm: 0.00001312   converged                                     
               Excitation 37  :     10.23740455 Residual Norm: 0.00003597   converged                                     
               Excitation 38  :     10.23804700 Residual Norm: 0.00000888   converged                                     
               Excitation 39  :     10.23944208 Residual Norm: 0.00001787   converged                                     
               Excitation 40  :     10.23947560 Residual Norm: 0.00001330   converged                                     
               Excitation 41  :     10.24223841 Residual Norm: 0.00000623   converged                                     
               Excitation 42  :     10.24408051 Residual Norm: 0.00001281   converged                                     
               Excitation 43  :     10.24615245 Residual Norm: 0.00004507   converged                                     
               Excitation 44  :     10.24749912 Residual Norm: 0.00002731   converged                                     
               Excitation 45  :     10.24939381 Residual Norm: 0.00002251   converged                                     
               Excitation 46  :     10.25106063 Residual Norm: 0.00002106   converged                                     
               Excitation 47  :     10.25191501 Residual Norm: 0.00001085   converged                                     
               Excitation 48  :     10.25222520 Residual Norm: 0.00007322   converged                                     
               Excitation 49  :     10.25305645 Residual Norm: 0.00003222   converged                                     
               Excitation 50  :     10.25431078 Residual Norm: 0.00001532   converged                                     
               Excitation 51  :     10.25972821 Residual Norm: 0.00002538   converged                                     
               Excitation 52  :     10.25999712 Residual Norm: 0.00006520   converged                                     
               Excitation 53  :     10.26059049 Residual Norm: 0.00008010   converged                                     
               Excitation 54  :     10.26710303 Residual Norm: 0.00003202   converged                                     
               Excitation 55  :     10.26903917 Residual Norm: 0.00018621                                                 
               Excitation 56  :     10.26906850 Residual Norm: 0.00003500   converged                                     
               Excitation 57  :     10.27142928 Residual Norm: 0.00001870   converged                                     
               Excitation 58  :     10.27271311 Residual Norm: 0.05220580                                                 
               Excitation 59  :     10.27291727 Residual Norm: 0.00085079                                                 
               Excitation 60  :     10.27329662 Residual Norm: 0.00027399                                                 
               Excitation 61  :     10.27644634 Residual Norm: 0.00020394                                                 
               Excitation 62  :     10.27729211 Residual Norm: 0.00004810   converged                                     
               Excitation 63  :     10.27731291 Residual Norm: 0.00008722   converged                                     
               Excitation 64  :     10.27818930 Residual Norm: 0.00016144                                                 
               Excitation 65  :     10.27943257 Residual Norm: 0.05463350                                                 
               Excitation 66  :     10.28027683 Residual Norm: 0.00010695                                                 
               Excitation 67  :     10.28088047 Residual Norm: 0.00042436                                                 
               Excitation 68  :     10.28311674 Residual Norm: 0.00007278   converged                                     
               Excitation 69  :     10.28533391 Residual Norm: 0.00004208   converged                                     
               Excitation 70  :     10.28659901 Residual Norm: 0.00005599   converged                                     
               Excitation 71  :     10.28687672 Residual Norm: 0.00002865   converged                                     
               Excitation 72  :     10.28951609 Residual Norm: 0.00018043                                                 
               Excitation 73  :     10.29065505 Residual Norm: 0.00047791                                                 
               Excitation 74  :     10.29233495 Residual Norm: 0.00021750                                                 
               Excitation 75  :     10.29279059 Residual Norm: 0.07606042                                                 
                                                                                                                          
* Info * Processing 6 Fock builds...                                                                                      
                                                                                                                          
* Info * 438 gerade trial vectors in reduced space                                                                        
* Info * 437 ungerade trial vectors in reduced space                                                                      
                                                                                                                          
* Info * 265.64 kB of memory used for subspace procedure on the master node                                               
* Info * 341.68 GB of memory available for the solver on the master node                                                  
                                                                                                                          
               *** Iteration:   8 * Residuals (Max,Min): 4.43e-02 and 5.08e-06                                            
                                                                                                                          
               Excitation 1   :     10.08346917 Residual Norm: 0.00000585   converged                                     
               Excitation 2   :     10.08931875 Residual Norm: 0.00001429   converged                                     
               Excitation 3   :     10.09554699 Residual Norm: 0.00001397   converged                                     
               Excitation 4   :     10.09616306 Residual Norm: 0.00001724   converged                                     
               Excitation 5   :     10.12440119 Residual Norm: 0.00001241   converged                                     
               Excitation 6   :     10.12600068 Residual Norm: 0.00001589   converged                                     
               Excitation 7   :     10.12779857 Residual Norm: 0.00000508   converged                                     
               Excitation 8   :     10.13108942 Residual Norm: 0.00001068   converged                                     
               Excitation 9   :     10.13180041 Residual Norm: 0.00001081   converged                                     
               Excitation 10  :     10.14662768 Residual Norm: 0.00002544   converged                                     
               Excitation 11  :     10.15835390 Residual Norm: 0.00003095   converged                                     
               Excitation 12  :     10.16072762 Residual Norm: 0.00002401   converged                                     
               Excitation 13  :     10.16620714 Residual Norm: 0.00003228   converged                                     
               Excitation 14  :     10.16844004 Residual Norm: 0.00003495   converged                                     
               Excitation 15  :     10.16986926 Residual Norm: 0.00002494   converged                                     
               Excitation 16  :     10.17157927 Residual Norm: 0.00002531   converged                                     
               Excitation 17  :     10.17360233 Residual Norm: 0.00003309   converged                                     
               Excitation 18  :     10.17486269 Residual Norm: 0.00002772   converged                                     
               Excitation 19  :     10.18069793 Residual Norm: 0.00001424   converged                                     
               Excitation 20  :     10.18965727 Residual Norm: 0.00001938   converged                                     
               Excitation 21  :     10.19845519 Residual Norm: 0.00001395   converged                                     
               Excitation 22  :     10.20068436 Residual Norm: 0.00003210   converged                                     
               Excitation 23  :     10.20777424 Residual Norm: 0.00001860   converged                                     
               Excitation 24  :     10.20808848 Residual Norm: 0.00001915   converged                                     
               Excitation 25  :     10.21304982 Residual Norm: 0.00001315   converged                                     
               Excitation 26  :     10.21432495 Residual Norm: 0.00002686   converged                                     
               Excitation 27  :     10.21441773 Residual Norm: 0.00003706   converged                                     
               Excitation 28  :     10.21511054 Residual Norm: 0.00001875   converged                                     
               Excitation 29  :     10.21569382 Residual Norm: 0.00001545   converged                                     
               Excitation 30  :     10.21590351 Residual Norm: 0.00005053   converged                                     
               Excitation 31  :     10.21689596 Residual Norm: 0.00002970   converged                                     
               Excitation 32  :     10.21745845 Residual Norm: 0.00004617   converged                                     
               Excitation 33  :     10.23179417 Residual Norm: 0.00002962   converged                                     
               Excitation 34  :     10.23294508 Residual Norm: 0.00001200   converged                                     
               Excitation 35  :     10.23512943 Residual Norm: 0.00006054   converged                                     
               Excitation 36  :     10.23654820 Residual Norm: 0.00001314   converged                                     
               Excitation 37  :     10.23740455 Residual Norm: 0.00003596   converged                                     
               Excitation 38  :     10.23804700 Residual Norm: 0.00000875   converged                                     
               Excitation 39  :     10.23944208 Residual Norm: 0.00001602   converged                                     
               Excitation 40  :     10.23947560 Residual Norm: 0.00001331   converged                                     
               Excitation 41  :     10.24223841 Residual Norm: 0.00000596   converged                                     
               Excitation 42  :     10.24408051 Residual Norm: 0.00001271   converged                                     
               Excitation 43  :     10.24615245 Residual Norm: 0.00004357   converged                                     
               Excitation 44  :     10.24749912 Residual Norm: 0.00002734   converged                                     
               Excitation 45  :     10.24939381 Residual Norm: 0.00001207   converged                                     
               Excitation 46  :     10.25106063 Residual Norm: 0.00002122   converged                                     
               Excitation 47  :     10.25191501 Residual Norm: 0.00000946   converged                                     
               Excitation 48  :     10.25222520 Residual Norm: 0.00007334   converged                                     
               Excitation 49  :     10.25305645 Residual Norm: 0.00001580   converged                                     
               Excitation 50  :     10.25431078 Residual Norm: 0.00001359   converged                                     
               Excitation 51  :     10.25972821 Residual Norm: 0.00002253   converged                                     
               Excitation 52  :     10.25999712 Residual Norm: 0.00003407   converged                                     
               Excitation 53  :     10.26059049 Residual Norm: 0.00003836   converged                                     
               Excitation 54  :     10.26710303 Residual Norm: 0.00002006   converged                                     
               Excitation 55  :     10.26903917 Residual Norm: 0.00009310   converged                                     
               Excitation 56  :     10.26906850 Residual Norm: 0.00002823   converged                                     
               Excitation 57  :     10.27142928 Residual Norm: 0.00001651   converged                                     
               Excitation 58  :     10.27227617 Residual Norm: 0.02340095                                                 
               Excitation 59  :     10.27291724 Residual Norm: 0.00012274                                                 
               Excitation 60  :     10.27329661 Residual Norm: 0.00007561   converged                                     
               Excitation 61  :     10.27644633 Residual Norm: 0.00009334   converged                                     
               Excitation 62  :     10.27729211 Residual Norm: 0.00004128   converged                                     
               Excitation 63  :     10.27731291 Residual Norm: 0.00004803   converged                                     
               Excitation 64  :     10.27818929 Residual Norm: 0.00004276   converged                                     
               Excitation 65  :     10.27897263 Residual Norm: 0.02461030                                                 
               Excitation 66  :     10.28027683 Residual Norm: 0.00003293   converged                                     
               Excitation 67  :     10.28088045 Residual Norm: 0.00013970                                                 
               Excitation 68  :     10.28311673 Residual Norm: 0.00004362   converged                                     
               Excitation 69  :     10.28533391 Residual Norm: 0.00003290   converged                                     
               Excitation 70  :     10.28659901 Residual Norm: 0.00005590   converged                                     
               Excitation 71  :     10.28687672 Residual Norm: 0.00001933   converged                                     
               Excitation 72  :     10.28951608 Residual Norm: 0.00003352   converged                                     
               Excitation 73  :     10.29065500 Residual Norm: 0.00012476                                                 
               Excitation 74  :     10.29160252 Residual Norm: 0.04427450                                                 
               Excitation 75  :     10.29233494 Residual Norm: 0.00004800   converged                                     
                                                                                                                          
* Info * Processing 3 Fock builds...                                                                                      
                                                                                                                          
* Info * 441 gerade trial vectors in reduced space                                                                        
* Info * 440 ungerade trial vectors in reduced space                                                                      
                                                                                                                          
* Info * 267.15 kB of memory used for subspace procedure on the master node                                               
* Info * 341.90 GB of memory available for the solver on the master node                                                  
                                                                                                                          
               *** Iteration:   9 * Residuals (Max,Min): 9.73e-03 and 5.08e-06                                            
                                                                                                                          
               Excitation 1   :     10.08346917 Residual Norm: 0.00000585   converged                                     
               Excitation 2   :     10.08931875 Residual Norm: 0.00001429   converged                                     
               Excitation 3   :     10.09554699 Residual Norm: 0.00001397   converged                                     
               Excitation 4   :     10.09616306 Residual Norm: 0.00001725   converged                                     
               Excitation 5   :     10.12440119 Residual Norm: 0.00001241   converged                                     
               Excitation 6   :     10.12600068 Residual Norm: 0.00001589   converged                                     
               Excitation 7   :     10.12779857 Residual Norm: 0.00000508   converged                                     
               Excitation 8   :     10.13108942 Residual Norm: 0.00001068   converged                                     
               Excitation 9   :     10.13180041 Residual Norm: 0.00001081   converged                                     
               Excitation 10  :     10.14662768 Residual Norm: 0.00002544   converged                                     
               Excitation 11  :     10.15835390 Residual Norm: 0.00003086   converged                                     
               Excitation 12  :     10.16072762 Residual Norm: 0.00002430   converged                                     
               Excitation 13  :     10.16620714 Residual Norm: 0.00003200   converged                                     
               Excitation 14  :     10.16844004 Residual Norm: 0.00003493   converged                                     
               Excitation 15  :     10.16986926 Residual Norm: 0.00002495   converged                                     
               Excitation 16  :     10.17157927 Residual Norm: 0.00002531   converged                                     
               Excitation 17  :     10.17360233 Residual Norm: 0.00003308   converged                                     
               Excitation 18  :     10.17486269 Residual Norm: 0.00002772   converged                                     
               Excitation 19  :     10.18069793 Residual Norm: 0.00001424   converged                                     
               Excitation 20  :     10.18965727 Residual Norm: 0.00001938   converged                                     
               Excitation 21  :     10.19845519 Residual Norm: 0.00001395   converged                                     
               Excitation 22  :     10.20068436 Residual Norm: 0.00003209   converged                                     
               Excitation 23  :     10.20777424 Residual Norm: 0.00001859   converged                                     
               Excitation 24  :     10.20808848 Residual Norm: 0.00001915   converged                                     
               Excitation 25  :     10.21304982 Residual Norm: 0.00001315   converged                                     
               Excitation 26  :     10.21432495 Residual Norm: 0.00002685   converged                                     
               Excitation 27  :     10.21441773 Residual Norm: 0.00003702   converged                                     
               Excitation 28  :     10.21511054 Residual Norm: 0.00001872   converged                                     
               Excitation 29  :     10.21569382 Residual Norm: 0.00001544   converged                                     
               Excitation 30  :     10.21590351 Residual Norm: 0.00005033   converged                                     
               Excitation 31  :     10.21689596 Residual Norm: 0.00002970   converged                                     
               Excitation 32  :     10.21745845 Residual Norm: 0.00004617   converged                                     
               Excitation 33  :     10.23179417 Residual Norm: 0.00002962   converged                                     
               Excitation 34  :     10.23294508 Residual Norm: 0.00001197   converged                                     
               Excitation 35  :     10.23512943 Residual Norm: 0.00006054   converged                                     
               Excitation 36  :     10.23654820 Residual Norm: 0.00001337   converged                                     
               Excitation 37  :     10.23740455 Residual Norm: 0.00003596   converged                                     
               Excitation 38  :     10.23804700 Residual Norm: 0.00000874   converged                                     
               Excitation 39  :     10.23944208 Residual Norm: 0.00001540   converged                                     
               Excitation 40  :     10.23947560 Residual Norm: 0.00001331   converged                                     
               Excitation 41  :     10.24223841 Residual Norm: 0.00000595   converged                                     
               Excitation 42  :     10.24408051 Residual Norm: 0.00001268   converged                                     
               Excitation 43  :     10.24615245 Residual Norm: 0.00004356   converged                                     
               Excitation 44  :     10.24749912 Residual Norm: 0.00002732   converged                                     
               Excitation 45  :     10.24939381 Residual Norm: 0.00000719   converged                                     
               Excitation 46  :     10.25106063 Residual Norm: 0.00002125   converged                                     
               Excitation 47  :     10.25191501 Residual Norm: 0.00000932   converged                                     
               Excitation 48  :     10.25222520 Residual Norm: 0.00007309   converged                                     
               Excitation 49  :     10.25305645 Residual Norm: 0.00001578   converged                                     
               Excitation 50  :     10.25431078 Residual Norm: 0.00001322   converged                                     
               Excitation 51  :     10.25972821 Residual Norm: 0.00002252   converged                                     
               Excitation 52  :     10.25999712 Residual Norm: 0.00002041   converged                                     
               Excitation 53  :     10.26059049 Residual Norm: 0.00003833   converged                                     
               Excitation 54  :     10.26710303 Residual Norm: 0.00001560   converged                                     
               Excitation 55  :     10.26903917 Residual Norm: 0.00002094   converged                                     
               Excitation 56  :     10.26906850 Residual Norm: 0.00002481   converged                                     
               Excitation 57  :     10.27142928 Residual Norm: 0.00001593   converged                                     
               Excitation 58  :     10.27223256 Residual Norm: 0.00369989                                                 
               Excitation 59  :     10.27291723 Residual Norm: 0.00001965   converged                                     
               Excitation 60  :     10.27329661 Residual Norm: 0.00003094   converged                                     
               Excitation 61  :     10.27644633 Residual Norm: 0.00002077   converged                                     
               Excitation 62  :     10.27729211 Residual Norm: 0.00003750   converged                                     
               Excitation 63  :     10.27731291 Residual Norm: 0.00004811   converged                                     
               Excitation 64  :     10.27818929 Residual Norm: 0.00004232   converged                                     
               Excitation 65  :     10.27892259 Residual Norm: 0.00415877                                                 
               Excitation 66  :     10.28027683 Residual Norm: 0.00001367   converged                                     
               Excitation 67  :     10.28088045 Residual Norm: 0.00003433   converged                                     
               Excitation 68  :     10.28311673 Residual Norm: 0.00004340   converged                                     
               Excitation 69  :     10.28533391 Residual Norm: 0.00003254   converged                                     
               Excitation 70  :     10.28659901 Residual Norm: 0.00005589   converged                                     
               Excitation 71  :     10.28687672 Residual Norm: 0.00001762   converged                                     
               Excitation 72  :     10.28951608 Residual Norm: 0.00003334   converged                                     
               Excitation 73  :     10.29065500 Residual Norm: 0.00008736   converged                                     
               Excitation 74  :     10.29139649 Residual Norm: 0.00973069                                                 
               Excitation 75  :     10.29233494 Residual Norm: 0.00002229   converged                                     
                                                                                                                          
* Info * Processing 3 Fock builds...                                                                                      
                                                                                                                          
* Info * 444 gerade trial vectors in reduced space                                                                        
* Info * 443 ungerade trial vectors in reduced space                                                                      
                                                                                                                          
* Info * 268.78 kB of memory used for subspace procedure on the master node                                               
* Info * 342.04 GB of memory available for the solver on the master node                                                  
                                                                                                                          
               *** Iteration:   10 * Residuals (Max,Min): 1.96e-03 and 5.08e-06                                           
                                                                                                                          
               Excitation 1   :     10.08346917 Residual Norm: 0.00000585   converged                                     
               Excitation 2   :     10.08931875 Residual Norm: 0.00001429   converged                                     
               Excitation 3   :     10.09554699 Residual Norm: 0.00001397   converged                                     
               Excitation 4   :     10.09616306 Residual Norm: 0.00001724   converged                                     
               Excitation 5   :     10.12440119 Residual Norm: 0.00001241   converged                                     
               Excitation 6   :     10.12600068 Residual Norm: 0.00001589   converged                                     
               Excitation 7   :     10.12779857 Residual Norm: 0.00000508   converged                                     
               Excitation 8   :     10.13108942 Residual Norm: 0.00001068   converged                                     
               Excitation 9   :     10.13180041 Residual Norm: 0.00001081   converged                                     
               Excitation 10  :     10.14662768 Residual Norm: 0.00002543   converged                                     
               Excitation 11  :     10.15835390 Residual Norm: 0.00003082   converged                                     
               Excitation 12  :     10.16072762 Residual Norm: 0.00002251   converged                                     
               Excitation 13  :     10.16620714 Residual Norm: 0.00003172   converged                                     
               Excitation 14  :     10.16844004 Residual Norm: 0.00003492   converged                                     
               Excitation 15  :     10.16986926 Residual Norm: 0.00002495   converged                                     
               Excitation 16  :     10.17157927 Residual Norm: 0.00002531   converged                                     
               Excitation 17  :     10.17360233 Residual Norm: 0.00003307   converged                                     
               Excitation 18  :     10.17486269 Residual Norm: 0.00002771   converged                                     
               Excitation 19  :     10.18069793 Residual Norm: 0.00001424   converged                                     
               Excitation 20  :     10.18965727 Residual Norm: 0.00001937   converged                                     
               Excitation 21  :     10.19845519 Residual Norm: 0.00001395   converged                                     
               Excitation 22  :     10.20068436 Residual Norm: 0.00003209   converged                                     
               Excitation 23  :     10.20777424 Residual Norm: 0.00001859   converged                                     
               Excitation 24  :     10.20808848 Residual Norm: 0.00001914   converged                                     
               Excitation 25  :     10.21304982 Residual Norm: 0.00001315   converged                                     
               Excitation 26  :     10.21432495 Residual Norm: 0.00002685   converged                                     
               Excitation 27  :     10.21441773 Residual Norm: 0.00003696   converged                                     
               Excitation 28  :     10.21511054 Residual Norm: 0.00001871   converged                                     
               Excitation 29  :     10.21569382 Residual Norm: 0.00001543   converged                                     
               Excitation 30  :     10.21590351 Residual Norm: 0.00005006   converged                                     
               Excitation 31  :     10.21689596 Residual Norm: 0.00002969   converged                                     
               Excitation 32  :     10.21745845 Residual Norm: 0.00004617   converged                                     
               Excitation 33  :     10.23179417 Residual Norm: 0.00002962   converged                                     
               Excitation 34  :     10.23294508 Residual Norm: 0.00001197   converged                                     
               Excitation 35  :     10.23512943 Residual Norm: 0.00006050   converged                                     
               Excitation 36  :     10.23654820 Residual Norm: 0.00001284   converged                                     
               Excitation 37  :     10.23740455 Residual Norm: 0.00003595   converged                                     
               Excitation 38  :     10.23804700 Residual Norm: 0.00000874   converged                                     
               Excitation 39  :     10.23944208 Residual Norm: 0.00001535   converged                                     
               Excitation 40  :     10.23947560 Residual Norm: 0.00001331   converged                                     
               Excitation 41  :     10.24223841 Residual Norm: 0.00000595   converged                                     
               Excitation 42  :     10.24408051 Residual Norm: 0.00001268   converged                                     
               Excitation 43  :     10.24615245 Residual Norm: 0.00004356   converged                                     
               Excitation 44  :     10.24749912 Residual Norm: 0.00002733   converged                                     
               Excitation 45  :     10.24939381 Residual Norm: 0.00000668   converged                                     
               Excitation 46  :     10.25106063 Residual Norm: 0.00002126   converged                                     
               Excitation 47  :     10.25191501 Residual Norm: 0.00000931   converged                                     
               Excitation 48  :     10.25222520 Residual Norm: 0.00007289   converged                                     
               Excitation 49  :     10.25305645 Residual Norm: 0.00001577   converged                                     
               Excitation 50  :     10.25431078 Residual Norm: 0.00001321   converged                                     
               Excitation 51  :     10.25972821 Residual Norm: 0.00002252   converged                                     
               Excitation 52  :     10.25999712 Residual Norm: 0.00001944   converged                                     
               Excitation 53  :     10.26059049 Residual Norm: 0.00003832   converged                                     
               Excitation 54  :     10.26710303 Residual Norm: 0.00001539   converged                                     
               Excitation 55  :     10.26903917 Residual Norm: 0.00001528   converged                                     
               Excitation 56  :     10.26906850 Residual Norm: 0.00002480   converged                                     
               Excitation 57  :     10.27142928 Residual Norm: 0.00001589   converged                                     
               Excitation 58  :     10.27223096 Residual Norm: 0.00054479                                                 
               Excitation 59  :     10.27291723 Residual Norm: 0.00000872   converged                                     
               Excitation 60  :     10.27329661 Residual Norm: 0.00002935   converged                                     
               Excitation 61  :     10.27644633 Residual Norm: 0.00001609   converged                                     
               Excitation 62  :     10.27729211 Residual Norm: 0.00003740   converged                                     
               Excitation 63  :     10.27731291 Residual Norm: 0.00004801   converged                                     
               Excitation 64  :     10.27818929 Residual Norm: 0.00004222   converged                                     
               Excitation 65  :     10.27892047 Residual Norm: 0.00066977                                                 
               Excitation 66  :     10.28027683 Residual Norm: 0.00001298   converged                                     
               Excitation 67  :     10.28088045 Residual Norm: 0.00002358   converged                                     
               Excitation 68  :     10.28311673 Residual Norm: 0.00004343   converged                                     
               Excitation 69  :     10.28533391 Residual Norm: 0.00003223   converged                                     
               Excitation 70  :     10.28659901 Residual Norm: 0.00005590   converged                                     
               Excitation 71  :     10.28687672 Residual Norm: 0.00001755   converged                                     
               Excitation 72  :     10.28951608 Residual Norm: 0.00003332   converged                                     
               Excitation 73  :     10.29065500 Residual Norm: 0.00008320   converged                                     
               Excitation 74  :     10.29138159 Residual Norm: 0.00195952                                                 
               Excitation 75  :     10.29233494 Residual Norm: 0.00002116   converged                                     
                                                                                                                          
* Info * Processing 2 Fock builds...                                                                                      
                                                                                                                          
* Info * 446 gerade trial vectors in reduced space                                                                        
* Info * 445 ungerade trial vectors in reduced space                                                                      
                                                                                                                          
* Info * 269.87 kB of memory used for subspace procedure on the master node                                               
* Info * 342.12 GB of memory available for the solver on the master node                                                  
                                                                                                                          
               *** Iteration:   11 * Residuals (Max,Min): 4.07e-04 and 5.08e-06                                           
                                                                                                                          
               Excitation 1   :     10.08346917 Residual Norm: 0.00000585   converged                                     
               Excitation 2   :     10.08931875 Residual Norm: 0.00001429   converged                                     
               Excitation 3   :     10.09554699 Residual Norm: 0.00001396   converged                                     
               Excitation 4   :     10.09616306 Residual Norm: 0.00001724   converged                                     
               Excitation 5   :     10.12440119 Residual Norm: 0.00001241   converged                                     
               Excitation 6   :     10.12600068 Residual Norm: 0.00001590   converged                                     
               Excitation 7   :     10.12779857 Residual Norm: 0.00000508   converged                                     
               Excitation 8   :     10.13108942 Residual Norm: 0.00001068   converged                                     
               Excitation 9   :     10.13180041 Residual Norm: 0.00001081   converged                                     
               Excitation 10  :     10.14662768 Residual Norm: 0.00002543   converged                                     
               Excitation 11  :     10.15835390 Residual Norm: 0.00003080   converged                                     
               Excitation 12  :     10.16072762 Residual Norm: 0.00002129   converged                                     
               Excitation 13  :     10.16620714 Residual Norm: 0.00003174   converged                                     
               Excitation 14  :     10.16844004 Residual Norm: 0.00003491   converged                                     
               Excitation 15  :     10.16986926 Residual Norm: 0.00002495   converged                                     
               Excitation 16  :     10.17157927 Residual Norm: 0.00002531   converged                                     
               Excitation 17  :     10.17360233 Residual Norm: 0.00003307   converged                                     
               Excitation 18  :     10.17486269 Residual Norm: 0.00002771   converged                                     
               Excitation 19  :     10.18069793 Residual Norm: 0.00001424   converged                                     
               Excitation 20  :     10.18965727 Residual Norm: 0.00001937   converged                                     
               Excitation 21  :     10.19845519 Residual Norm: 0.00001395   converged                                     
               Excitation 22  :     10.20068436 Residual Norm: 0.00003209   converged                                     
               Excitation 23  :     10.20777424 Residual Norm: 0.00001859   converged                                     
               Excitation 24  :     10.20808848 Residual Norm: 0.00001914   converged                                     
               Excitation 25  :     10.21304982 Residual Norm: 0.00001315   converged                                     
               Excitation 26  :     10.21432495 Residual Norm: 0.00002685   converged                                     
               Excitation 27  :     10.21441773 Residual Norm: 0.00003701   converged                                     
               Excitation 28  :     10.21511054 Residual Norm: 0.00001871   converged                                     
               Excitation 29  :     10.21569382 Residual Norm: 0.00001543   converged                                     
               Excitation 30  :     10.21590351 Residual Norm: 0.00005007   converged                                     
               Excitation 31  :     10.21689596 Residual Norm: 0.00002969   converged                                     
               Excitation 32  :     10.21745845 Residual Norm: 0.00004617   converged                                     
               Excitation 33  :     10.23179417 Residual Norm: 0.00002962   converged                                     
               Excitation 34  :     10.23294508 Residual Norm: 0.00001197   converged                                     
               Excitation 35  :     10.23512943 Residual Norm: 0.00006050   converged                                     
               Excitation 36  :     10.23654820 Residual Norm: 0.00001291   converged                                     
               Excitation 37  :     10.23740455 Residual Norm: 0.00003595   converged                                     
               Excitation 38  :     10.23804700 Residual Norm: 0.00000874   converged                                     
               Excitation 39  :     10.23944208 Residual Norm: 0.00001535   converged                                     
               Excitation 40  :     10.23947560 Residual Norm: 0.00001331   converged                                     
               Excitation 41  :     10.24223841 Residual Norm: 0.00000595   converged                                     
               Excitation 42  :     10.24408051 Residual Norm: 0.00001268   converged                                     
               Excitation 43  :     10.24615245 Residual Norm: 0.00004356   converged                                     
               Excitation 44  :     10.24749912 Residual Norm: 0.00002733   converged                                     
               Excitation 45  :     10.24939381 Residual Norm: 0.00000667   converged                                     
               Excitation 46  :     10.25106063 Residual Norm: 0.00002126   converged                                     
               Excitation 47  :     10.25191501 Residual Norm: 0.00000931   converged                                     
               Excitation 48  :     10.25222520 Residual Norm: 0.00007294   converged                                     
               Excitation 49  :     10.25305645 Residual Norm: 0.00001576   converged                                     
               Excitation 50  :     10.25431078 Residual Norm: 0.00001320   converged                                     
               Excitation 51  :     10.25972821 Residual Norm: 0.00002252   converged                                     
               Excitation 52  :     10.25999712 Residual Norm: 0.00001928   converged                                     
               Excitation 53  :     10.26059049 Residual Norm: 0.00003831   converged                                     
               Excitation 54  :     10.26710303 Residual Norm: 0.00001539   converged                                     
               Excitation 55  :     10.26903917 Residual Norm: 0.00001501   converged                                     
               Excitation 56  :     10.26906850 Residual Norm: 0.00002479   converged                                     
               Excitation 57  :     10.27142928 Residual Norm: 0.00001588   converged                                     
               Excitation 58  :     10.27223091 Residual Norm: 0.00009949   converged                                     
               Excitation 59  :     10.27291723 Residual Norm: 0.00000831   converged                                     
               Excitation 60  :     10.27329661 Residual Norm: 0.00002927   converged                                     
               Excitation 61  :     10.27644633 Residual Norm: 0.00001586   converged                                     
               Excitation 62  :     10.27729211 Residual Norm: 0.00003743   converged                                     
               Excitation 63  :     10.27731291 Residual Norm: 0.00004795   converged                                     
               Excitation 64  :     10.27818929 Residual Norm: 0.00004221   converged                                     
               Excitation 65  :     10.27892039 Residual Norm: 0.00012308                                                 
               Excitation 66  :     10.28027683 Residual Norm: 0.00001295   converged                                     
               Excitation 67  :     10.28088045 Residual Norm: 0.00002332   converged                                     
               Excitation 68  :     10.28311673 Residual Norm: 0.00004340   converged                                     
               Excitation 69  :     10.28533391 Residual Norm: 0.00003212   converged                                     
               Excitation 70  :     10.28659901 Residual Norm: 0.00005590   converged                                     
               Excitation 71  :     10.28687672 Residual Norm: 0.00001754   converged                                     
               Excitation 72  :     10.28951608 Residual Norm: 0.00003335   converged                                     
               Excitation 73  :     10.29065500 Residual Norm: 0.00008256   converged                                     
               Excitation 74  :     10.29138081 Residual Norm: 0.00040738                                                 
               Excitation 75  :     10.29233494 Residual Norm: 0.00002111   converged                                     
                                                                                                                          
* Info * Processing 2 Fock builds...                                                                                      
                                                                                                                          
* Info * 448 gerade trial vectors in reduced space                                                                        
* Info * 447 ungerade trial vectors in reduced space                                                                      
                                                                                                                          
* Info * 270.80 kB of memory used for subspace procedure on the master node                                               
* Info * 342.31 GB of memory available for the solver on the master node                                                  
                                                                                                                          
               *** Iteration:   12 * Residuals (Max,Min): 9.30e-05 and 5.08e-06                                           
                                                                                                                          
               Excitation 1   :     10.08346917 Residual Norm: 0.00000585   converged                                     
               Excitation 2   :     10.08931875 Residual Norm: 0.00001428   converged                                     
               Excitation 3   :     10.09554699 Residual Norm: 0.00001397   converged                                     
               Excitation 4   :     10.09616306 Residual Norm: 0.00001724   converged                                     
               Excitation 5   :     10.12440119 Residual Norm: 0.00001241   converged                                     
               Excitation 6   :     10.12600068 Residual Norm: 0.00001588   converged                                     
               Excitation 7   :     10.12779857 Residual Norm: 0.00000508   converged                                     
               Excitation 8   :     10.13108942 Residual Norm: 0.00001068   converged                                     
               Excitation 9   :     10.13180041 Residual Norm: 0.00001081   converged                                     
               Excitation 10  :     10.14662768 Residual Norm: 0.00002541   converged                                     
               Excitation 11  :     10.15835390 Residual Norm: 0.00003068   converged                                     
               Excitation 12  :     10.16072762 Residual Norm: 0.00002113   converged                                     
               Excitation 13  :     10.16620714 Residual Norm: 0.00003151   converged                                     
               Excitation 14  :     10.16844004 Residual Norm: 0.00003491   converged                                     
               Excitation 15  :     10.16986926 Residual Norm: 0.00002494   converged                                     
               Excitation 16  :     10.17157927 Residual Norm: 0.00002531   converged                                     
               Excitation 17  :     10.17360233 Residual Norm: 0.00003307   converged                                     
               Excitation 18  :     10.17486269 Residual Norm: 0.00002771   converged                                     
               Excitation 19  :     10.18069793 Residual Norm: 0.00001424   converged                                     
               Excitation 20  :     10.18965727 Residual Norm: 0.00001938   converged                                     
               Excitation 21  :     10.19845519 Residual Norm: 0.00001394   converged                                     
               Excitation 22  :     10.20068436 Residual Norm: 0.00003209   converged                                     
               Excitation 23  :     10.20777424 Residual Norm: 0.00001859   converged                                     
               Excitation 24  :     10.20808848 Residual Norm: 0.00001914   converged                                     
               Excitation 25  :     10.21304982 Residual Norm: 0.00001315   converged                                     
               Excitation 26  :     10.21432495 Residual Norm: 0.00002685   converged                                     
               Excitation 27  :     10.21441773 Residual Norm: 0.00003698   converged                                     
               Excitation 28  :     10.21511054 Residual Norm: 0.00001871   converged                                     
               Excitation 29  :     10.21569382 Residual Norm: 0.00001543   converged                                     
               Excitation 30  :     10.21590351 Residual Norm: 0.00004978   converged                                     
               Excitation 31  :     10.21689596 Residual Norm: 0.00002969   converged                                     
               Excitation 32  :     10.21745845 Residual Norm: 0.00004616   converged                                     
               Excitation 33  :     10.23179417 Residual Norm: 0.00002962   converged                                     
               Excitation 34  :     10.23294508 Residual Norm: 0.00001197   converged                                     
               Excitation 35  :     10.23512943 Residual Norm: 0.00006050   converged                                     
               Excitation 36  :     10.23654820 Residual Norm: 0.00001295   converged                                     
               Excitation 37  :     10.23740455 Residual Norm: 0.00003595   converged                                     
               Excitation 38  :     10.23804700 Residual Norm: 0.00000873   converged                                     
               Excitation 39  :     10.23944208 Residual Norm: 0.00001534   converged                                     
               Excitation 40  :     10.23947560 Residual Norm: 0.00001331   converged                                     
               Excitation 41  :     10.24223841 Residual Norm: 0.00000594   converged                                     
               Excitation 42  :     10.24408051 Residual Norm: 0.00001268   converged                                     
               Excitation 43  :     10.24615245 Residual Norm: 0.00004355   converged                                     
               Excitation 44  :     10.24749912 Residual Norm: 0.00002733   converged                                     
               Excitation 45  :     10.24939381 Residual Norm: 0.00000667   converged                                     
               Excitation 46  :     10.25106063 Residual Norm: 0.00002126   converged                                     
               Excitation 47  :     10.25191501 Residual Norm: 0.00000931   converged                                     
               Excitation 48  :     10.25222520 Residual Norm: 0.00007295   converged                                     
               Excitation 49  :     10.25305645 Residual Norm: 0.00001576   converged                                     
               Excitation 50  :     10.25431078 Residual Norm: 0.00001319   converged                                     
               Excitation 51  :     10.25972821 Residual Norm: 0.00002252   converged                                     
               Excitation 52  :     10.25999712 Residual Norm: 0.00001927   converged                                     
               Excitation 53  :     10.26059049 Residual Norm: 0.00003831   converged                                     
               Excitation 54  :     10.26710303 Residual Norm: 0.00001538   converged                                     
               Excitation 55  :     10.26903917 Residual Norm: 0.00001495   converged                                     
               Excitation 56  :     10.26906850 Residual Norm: 0.00002477   converged                                     
               Excitation 57  :     10.27142928 Residual Norm: 0.00001588   converged                                     
               Excitation 58  :     10.27223091 Residual Norm: 0.00004415   converged                                     
               Excitation 59  :     10.27291723 Residual Norm: 0.00000830   converged                                     
               Excitation 60  :     10.27329661 Residual Norm: 0.00002928   converged                                     
               Excitation 61  :     10.27644633 Residual Norm: 0.00001583   converged                                     
               Excitation 62  :     10.27729211 Residual Norm: 0.00003740   converged                                     
               Excitation 63  :     10.27731291 Residual Norm: 0.00004796   converged                                     
               Excitation 64  :     10.27818929 Residual Norm: 0.00004222   converged                                     
               Excitation 65  :     10.27892039 Residual Norm: 0.00002650   converged                                     
               Excitation 66  :     10.28027683 Residual Norm: 0.00001294   converged                                     
               Excitation 67  :     10.28088045 Residual Norm: 0.00002298   converged                                     
               Excitation 68  :     10.28311673 Residual Norm: 0.00004337   converged                                     
               Excitation 69  :     10.28533391 Residual Norm: 0.00003188   converged                                     
               Excitation 70  :     10.28659901 Residual Norm: 0.00005590   converged                                     
               Excitation 71  :     10.28687672 Residual Norm: 0.00001753   converged                                     
               Excitation 72  :     10.28951608 Residual Norm: 0.00003331   converged                                     
               Excitation 73  :     10.29065500 Residual Norm: 0.00008186   converged                                     
               Excitation 74  :     10.29138077 Residual Norm: 0.00009301   converged                                     
               Excitation 75  :     10.29233494 Residual Norm: 0.00002111   converged                                     
                                                                                                                          
* Info * Checkpoint written to file: 0221_c1s_rsp.h5                                                                      
                                                                                                                          
* Info * Time spent in writing checkpoint file: 1.23 sec                                                                  
                                                                                                                          
               *** Linear response converged in 12 iterations. Time: 1135.60 sec                                          
                                                                                                                          
                                                                                                                          
* Info * Response solution vectors written to file: 0221_c1s.h5                                                           
                                                                                                                          
               Electric Transition Dipole Moments (dipole length, a.u.)                                                   
               --------------------------------------------------------                                                   
                                                X            Y            Z                                               
               Excited State    S1:     -0.003341     0.000544    -0.073923                                               
               Excited State    S2:     -0.000839     0.018839     0.069566                                               
               Excited State    S3:      0.007155    -0.003050     0.021415                                               
               Excited State    S4:      0.011247    -0.000132     0.103417                                               
               Excited State    S5:     -0.001197     0.003009     0.021372                                               
               Excited State    S6:      0.008840    -0.004865     0.048593                                               
               Excited State    S7:      0.003160    -0.002460     0.001720                                               
               Excited State    S8:     -0.004531     0.004290    -0.003510                                               
               Excited State    S9:      0.000430    -0.005095    -0.026101                                               
               Excited State   S10:      0.002888     0.000872     0.049118                                               
               Excited State   S11:     -0.007803     0.000014     0.059352                                               
               Excited State   S12:      0.017501     0.003971    -0.087507                                               
               Excited State   S13:      0.007982     0.002028    -0.045685                                               
               Excited State   S14:     -0.003795    -0.001364     0.047900                                               
               Excited State   S15:      0.001694     0.029433    -0.005650                                               
               Excited State   S16:     -0.003082     0.021863    -0.004043                                               
               Excited State   S17:      0.025546    -0.024399    -0.002427                                               
               Excited State   S18:     -0.030156    -0.012535     0.004335                                               
               Excited State   S19:      0.001573    -0.013307    -0.010376                                               
               Excited State   S20:      0.002040    -0.005235     0.018606                                               
               Excited State   S21:      0.007909    -0.014634     0.001347                                               
               Excited State   S22:     -0.001328     0.015771     0.003867                                               
               Excited State   S23:      0.004476     0.015254     0.006481                                               
               Excited State   S24:     -0.017714     0.002570     0.009706                                               
               Excited State   S25:     -0.004377    -0.002074     0.003479                                               
               Excited State   S26:      0.008947    -0.006946     0.009643                                               
               Excited State   S27:     -0.005193     0.006214     0.008038                                               
               Excited State   S28:      0.001229    -0.019229     0.009878                                               
               Excited State   S29:     -0.000630    -0.014915     0.004313                                               
               Excited State   S30:     -0.001821    -0.005804     0.001873                                               
               Excited State   S31:      0.001017    -0.001188     0.001740                                               
               Excited State   S32:     -0.005102    -0.003687     0.006924                                               
               Excited State   S33:      0.004696     0.009984     0.001558                                               
               Excited State   S34:     -0.000927     0.000339     0.027387                                               
               Excited State   S35:     -0.000461     0.000892     0.003937                                               
               Excited State   S36:      0.018144     0.009241     0.006123                                               
               Excited State   S37:     -0.003185    -0.003909    -0.005224                                               
               Excited State   S38:      0.007705    -0.000875     0.010037                                               
               Excited State   S39:      0.009617    -0.004521     0.000050                                               
               Excited State   S40:     -0.001056    -0.003523     0.003824                                               
               Excited State   S41:      0.001588    -0.003317    -0.005389                                               
               Excited State   S42:     -0.000612     0.002454     0.009003                                               
               Excited State   S43:     -0.010484    -0.002645    -0.002391                                               
               Excited State   S44:     -0.010306     0.004057     0.022380                                               
               Excited State   S45:     -0.006759     0.000793    -0.001964                                               
               Excited State   S46:      0.002313    -0.000178     0.009015                                               
               Excited State   S47:      0.000085     0.001553     0.023593                                               
               Excited State   S48:      0.000584    -0.005883    -0.000917                                               
               Excited State   S49:      0.002401    -0.004166     0.012731                                               
               Excited State   S50:      0.008171    -0.007569    -0.001216                                               
               Excited State   S51:     -0.002701     0.000301    -0.006408                                               
               Excited State   S52:     -0.027644    -0.016497    -0.002673                                               
               Excited State   S53:      0.002845    -0.000177    -0.025903                                               
               Excited State   S54:      0.003807     0.012051    -0.001630                                               
               Excited State   S55:      0.015190    -0.006955    -0.006416                                               
               Excited State   S56:     -0.007329     0.007968    -0.000862                                               
               Excited State   S57:      0.002099    -0.002502     0.010056                                               
               Excited State   S58:      0.045690     0.001380     0.008511                                               
               Excited State   S59:      0.005373    -0.003565    -0.001264                                               
               Excited State   S60:     -0.020145    -0.000318     0.010906                                               
               Excited State   S61:     -0.005943    -0.005680    -0.000569                                               
               Excited State   S62:      0.003715     0.004125     0.004694                                               
               Excited State   S63:      0.010428     0.010633     0.013341                                               
               Excited State   S64:     -0.004426     0.000602     0.026615                                               
               Excited State   S65:     -0.014382    -0.015318    -0.003176                                               
               Excited State   S66:     -0.008177    -0.004618     0.001486                                               
               Excited State   S67:     -0.008431    -0.001678    -0.004506                                               
               Excited State   S68:      0.007048     0.002342    -0.010903                                               
               Excited State   S69:     -0.003071    -0.012370     0.000303                                               
               Excited State   S70:     -0.004518    -0.006691    -0.019700                                               
               Excited State   S71:      0.004359    -0.006378     0.009702                                               
               Excited State   S72:      0.014041     0.003548     0.008206                                               
               Excited State   S73:     -0.006328    -0.000918     0.013411                                               
               Excited State   S74:      0.004715     0.009052     0.004918                                               
               Excited State   S75:     -0.002679     0.005353     0.016579                                               
                                                                                                                          
               Electric Transition Dipole Moments (dipole velocity, a.u.)                                                 
               ----------------------------------------------------------                                                 
                                                X            Y            Z                                               
               Excited State    S1:     -0.003314     0.000538    -0.072889                                               
               Excited State    S2:     -0.000818     0.018607     0.068598                                               
               Excited State    S3:      0.007066    -0.002988     0.021107                                               
               Excited State    S4:      0.011127    -0.000138     0.101973                                               
               Excited State    S5:     -0.001182     0.002982     0.021083                                               
               Excited State    S6:      0.008754    -0.004818     0.047960                                               
               Excited State    S7:      0.003149    -0.002434     0.001719                                               
               Excited State    S8:     -0.004508     0.004260    -0.003472                                               
               Excited State    S9:      0.000468    -0.005032    -0.025752                                               
               Excited State   S10:      0.002850     0.000858     0.048465                                               
               Excited State   S11:     -0.007727     0.000014     0.058563                                               
               Excited State   S12:      0.017268     0.003908    -0.086294                                               
               Excited State   S13:      0.007905     0.001982    -0.045094                                               
               Excited State   S14:     -0.003782    -0.001355     0.047261                                               
               Excited State   S15:      0.001649     0.029282    -0.005808                                               
               Excited State   S16:     -0.003046     0.021790    -0.003902                                               
               Excited State   S17:      0.025453    -0.024294    -0.002537                                               
               Excited State   S18:     -0.030033    -0.012490     0.004435                                               
               Excited State   S19:      0.001530    -0.013274    -0.010255                                               
               Excited State   S20:      0.002081    -0.005234     0.018425                                               
               Excited State   S21:      0.007904    -0.014456     0.001271                                               
               Excited State   S22:     -0.001217     0.015660     0.003836                                               
               Excited State   S23:      0.004390     0.015142     0.006401                                               
               Excited State   S24:     -0.017688     0.002511     0.009618                                               
               Excited State   S25:     -0.004266    -0.002107     0.003388                                               
               Excited State   S26:      0.008918    -0.006787     0.009585                                               
               Excited State   S27:     -0.005091     0.006126     0.007955                                               
               Excited State   S28:      0.001313    -0.019125     0.009832                                               
               Excited State   S29:     -0.000578    -0.014945     0.004216                                               
               Excited State   S30:     -0.001796    -0.005762     0.001883                                               
               Excited State   S31:      0.000776    -0.001337     0.001713                                               
               Excited State   S32:     -0.005199    -0.003572     0.006835                                               
               Excited State   S33:      0.004672     0.009888     0.001387                                               
               Excited State   S34:     -0.000836     0.000442     0.027350                                               
               Excited State   S35:     -0.000278     0.000882     0.003748                                               
               Excited State   S36:      0.017996     0.009117     0.006041                                               
               Excited State   S37:     -0.003086    -0.003955    -0.005143                                               
               Excited State   S38:      0.007772    -0.000834     0.009663                                               
               Excited State   S39:      0.009703    -0.004450     0.000048                                               
               Excited State   S40:     -0.001296    -0.003511     0.003882                                               
               Excited State   S41:      0.001487    -0.003226    -0.005420                                               
               Excited State   S42:     -0.000464     0.002438     0.008996                                               
               Excited State   S43:     -0.010519    -0.002621    -0.002351                                               
               Excited State   S44:     -0.010147     0.004077     0.022164                                               
               Excited State   S45:     -0.006575     0.000789    -0.002026                                               
               Excited State   S46:      0.002544    -0.000158     0.008967                                               
               Excited State   S47:      0.000131     0.001430     0.023406                                               
               Excited State   S48:      0.000659    -0.005959    -0.000829                                               
               Excited State   S49:      0.002405    -0.004039     0.012576                                               
               Excited State   S50:      0.008145    -0.007592    -0.001072                                               
               Excited State   S51:     -0.002633     0.000222    -0.006438                                               
               Excited State   S52:     -0.027487    -0.016284    -0.002687                                               
               Excited State   S53:      0.002739    -0.000148    -0.025682                                               
               Excited State   S54:      0.003646     0.011904    -0.001526                                               
               Excited State   S55:      0.015088    -0.006660    -0.006593                                               
               Excited State   S56:     -0.007165     0.008036    -0.000893                                               
               Excited State   S57:      0.002266    -0.002475     0.010017                                               
               Excited State   S58:      0.045398     0.001337     0.008507                                               
               Excited State   S59:      0.005282    -0.003359    -0.001021                                               
               Excited State   S60:     -0.019911    -0.000482     0.010626                                               
               Excited State   S61:     -0.005768    -0.005664    -0.000517                                               
               Excited State   S62:      0.003867     0.003889     0.004737                                               
               Excited State   S63:      0.010322     0.010370     0.013322                                               
               Excited State   S64:     -0.004343     0.000636     0.026314                                               
               Excited State   S65:     -0.014290    -0.015147    -0.003190                                               
               Excited State   S66:     -0.007987    -0.004631     0.001341                                               
               Excited State   S67:     -0.008344    -0.001677    -0.004412                                               
               Excited State   S68:      0.006999     0.002243    -0.010563                                               
               Excited State   S69:     -0.003137    -0.012261     0.000204                                               
               Excited State   S70:     -0.004553    -0.006606    -0.019404                                               
               Excited State   S71:      0.004289    -0.006323     0.009684                                               
               Excited State   S72:      0.013955     0.003654     0.008304                                               
               Excited State   S73:     -0.006251    -0.000822     0.013394                                               
               Excited State   S74:      0.004756     0.008928     0.004821                                               
               Excited State   S75:     -0.002655     0.005158     0.016422                                               
                                                                                                                          
               Magnetic Transition Dipole Moments (a.u.)                                                                  
               -----------------------------------------                                                                  
                                                X            Y            Z                                               
               Excited State    S1:     -1.036687     0.617506     0.051594                                               
               Excited State    S2:     -0.930084    -0.597705     0.148329                                               
               Excited State    S3:     -0.674964    -0.410123     0.032889                                               
               Excited State    S4:      0.232121    -2.022179     0.001839                                               
               Excited State    S5:      0.165176    -0.439206     0.065550                                               
               Excited State    S6:      0.313407     0.097197    -0.037856                                               
               Excited State    S7:      0.001721     0.061322    -0.053620                                               
               Excited State    S8:     -0.041888     0.186441    -0.017854                                               
               Excited State    S9:      0.233302     0.395528    -0.030088                                               
               Excited State   S10:      0.315185     0.105902    -0.021107                                               
               Excited State   S11:     -0.443712     0.096590    -0.058353                                               
               Excited State   S12:      0.066718    -1.858281    -0.073242                                               
               Excited State   S13:      0.355691    -0.140327     0.052189                                               
               Excited State   S14:      0.222495     0.124266     0.007506                                               
               Excited State   S15:      0.059377     0.049302     0.233084                                               
               Excited State   S16:     -0.061668     0.050402     0.196918                                               
               Excited State   S17:      0.025274     0.060531    -0.213036                                               
               Excited State   S18:      0.027856    -0.077184    -0.075507                                               
               Excited State   S19:     -0.154726     0.093061    -0.142924                                               
               Excited State   S20:     -0.243497    -0.159093    -0.018372                                               
               Excited State   S21:     -0.010491    -0.006221    -0.017217                                               
               Excited State   S22:      0.060673    -0.034703     0.147018                                               
               Excited State   S23:     -0.044339    -0.129655     0.166940                                               
               Excited State   S24:     -0.060847    -0.194006     0.047778                                               
               Excited State   S25:      0.017959    -0.068767    -0.006685                                               
               Excited State   S26:     -0.046571    -0.193054    -0.098109                                               
               Excited State   S27:      0.055648     0.029759     0.028230                                               
               Excited State   S28:     -0.115591    -0.098780    -0.175169                                               
               Excited State   S29:      0.050681    -0.044086    -0.137758                                               
               Excited State   S30:     -0.015037     0.001256     0.004292                                               
               Excited State   S31:     -0.021461    -0.016993     0.013351                                               
               Excited State   S32:      0.053647    -0.140701    -0.057275                                               
               Excited State   S33:      0.024451    -0.016205     0.020557                                               
               Excited State   S34:     -0.374938    -0.232979    -0.007807                                               
               Excited State   S35:      0.030698    -0.072668     0.024487                                               
               Excited State   S36:     -0.047294     0.018867     0.107624                                               
               Excited State   S37:     -0.077457     0.041949     0.007020                                               
               Excited State   S38:     -0.131267    -0.078127     0.098077                                               
               Excited State   S39:      0.005865     0.012129    -0.037937                                               
               Excited State   S40:     -0.041922    -0.049071    -0.070952                                               
               Excited State   S41:     -0.080817     0.043295    -0.048808                                               
               Excited State   S42:     -0.124534    -0.075442     0.013782                                               
               Excited State   S43:     -0.005421     0.049699     0.034285                                               
               Excited State   S44:     -0.158509    -0.433722     0.021677                                               
               Excited State   S45:     -0.017178    -0.003980     0.046691                                               
               Excited State   S46:     -0.063544    -0.171933     0.017874                                               
               Excited State   S47:      0.342545    -0.184725     0.017962                                               
               Excited State   S48:     -0.018243     0.014710     0.015898                                               
               Excited State   S49:      0.093658    -0.234783    -0.105810                                               
               Excited State   S50:      0.012366     0.023939     0.040652                                               
               Excited State   S51:      0.098686     0.124072    -0.009386                                               
               Excited State   S52:      0.022305    -0.017894    -0.152641                                               
               Excited State   S53:     -0.172492     0.507268    -0.026842                                               
               Excited State   S54:     -0.009260     0.015984     0.052171                                               
               Excited State   S55:     -0.046752    -0.009983    -0.071643                                               
               Excited State   S56:     -0.008359    -0.015277    -0.054217                                               
               Excited State   S57:      0.145090    -0.084956    -0.044893                                               
               Excited State   S58:     -0.003938     0.143549     0.001138                                               
               Excited State   S59:     -0.001778    -0.000888    -0.026160                                               
               Excited State   S60:     -0.071806    -0.213694    -0.135693                                               
               Excited State   S61:      0.007828    -0.001608    -0.027393                                               
               Excited State   S62:      0.030913     0.023745    -0.040151                                               
               Excited State   S63:      0.108037    -0.271805     0.133606                                               
               Excited State   S64:      0.199389    -0.530243     0.034473                                               
               Excited State   S65:     -0.012194    -0.055685     0.323068                                               
               Excited State   S66:      0.016504    -0.014582     0.071745                                               
               Excited State   S67:      0.032831    -0.011019    -0.057197                                               
               Excited State   S68:      0.156458     0.072398     0.117765                                               
               Excited State   S69:     -0.000956     0.001358    -0.152915                                               
               Excited State   S70:      0.127942     0.376108    -0.161151                                               
               Excited State   S71:      0.131541    -0.089840    -0.114518                                               
               Excited State   S72:      0.060860    -0.177220    -0.029802                                               
               Excited State   S73:     -0.095801     0.029995    -0.041975                                               
               Excited State   S74:      0.005116     0.101552    -0.193464                                               
               Excited State   S75:     -0.223767    -0.157330     0.008257                                               
                                                                                                                          
               One-Photon Absorption                                                                                      
               ---------------------                                                                                      
               Excited State    S1:     10.08346917 a.u.    274.38517 eV    Osc.Str.    0.0368                            
               Excited State    S2:     10.08931875 a.u.    274.54435 eV    Osc.Str.    0.0349                            
               Excited State    S3:     10.09554699 a.u.    274.71383 eV    Osc.Str.    0.0035                            
               Excited State    S4:     10.09616306 a.u.    274.73059 eV    Osc.Str.    0.0728                            
               Excited State    S5:     10.12440119 a.u.    275.49899 eV    Osc.Str.    0.0032                            
               Excited State    S6:     10.12600068 a.u.    275.54252 eV    Osc.Str.    0.0166                            
               Excited State    S7:     10.12779857 a.u.    275.59144 eV    Osc.Str.    0.0001                            
               Excited State    S8:     10.13108942 a.u.    275.68099 eV    Osc.Str.    0.0003                            
               Excited State    S9:     10.13180041 a.u.    275.70033 eV    Osc.Str.    0.0048                            
               Excited State   S10:     10.14662768 a.u.    276.10380 eV    Osc.Str.    0.0164                            
               Excited State   S11:     10.15835390 a.u.    276.42289 eV    Osc.Str.    0.0243                            
               Excited State   S12:     10.16072762 a.u.    276.48748 eV    Osc.Str.    0.0541                            
               Excited State   S13:     10.16620714 a.u.    276.63659 eV    Osc.Str.    0.0146                            
               Excited State   S14:     10.16844004 a.u.    276.69735 eV    Osc.Str.    0.0157                            
               Excited State   S15:     10.16986926 a.u.    276.73624 eV    Osc.Str.    0.0061                            
               Excited State   S16:     10.17157927 a.u.    276.78277 eV    Osc.Str.    0.0034                            
               Excited State   S17:     10.17360233 a.u.    276.83782 eV    Osc.Str.    0.0085                            
               Excited State   S18:     10.17486269 a.u.    276.87212 eV    Osc.Str.    0.0074                            
               Excited State   S19:     10.18069793 a.u.    277.03090 eV    Osc.Str.    0.0019                            
               Excited State   S20:     10.18965727 a.u.    277.27470 eV    Osc.Str.    0.0026                            
               Excited State   S21:     10.19845519 a.u.    277.51410 eV    Osc.Str.    0.0019                            
               Excited State   S22:     10.20068436 a.u.    277.57476 eV    Osc.Str.    0.0018                            
               Excited State   S23:     10.20777424 a.u.    277.76769 eV    Osc.Str.    0.0020                            
               Excited State   S24:     10.20808848 a.u.    277.77624 eV    Osc.Str.    0.0028                            
               Excited State   S25:     10.21304982 a.u.    277.91124 eV    Osc.Str.    0.0002                            
               Excited State   S26:     10.21432495 a.u.    277.94594 eV    Osc.Str.    0.0015                            
               Excited State   S27:     10.21441773 a.u.    277.94847 eV    Osc.Str.    0.0009                            
               Excited State   S28:     10.21511054 a.u.    277.96732 eV    Osc.Str.    0.0032                            
               Excited State   S29:     10.21569382 a.u.    277.98319 eV    Osc.Str.    0.0016                            
               Excited State   S30:     10.21590351 a.u.    277.98890 eV    Osc.Str.    0.0003                            
               Excited State   S31:     10.21689596 a.u.    278.01590 eV    Osc.Str.    0.0000                            
               Excited State   S32:     10.21745845 a.u.    278.03121 eV    Osc.Str.    0.0006                            
               Excited State   S33:     10.23179417 a.u.    278.42130 eV    Osc.Str.    0.0008                            
               Excited State   S34:     10.23294508 a.u.    278.45262 eV    Osc.Str.    0.0051                            
               Excited State   S35:     10.23512943 a.u.    278.51206 eV    Osc.Str.    0.0001                            
               Excited State   S36:     10.23654820 a.u.    278.55067 eV    Osc.Str.    0.0031                            
               Excited State   S37:     10.23740455 a.u.    278.57397 eV    Osc.Str.    0.0004                            
               Excited State   S38:     10.23804700 a.u.    278.59145 eV    Osc.Str.    0.0011                            
               Excited State   S39:     10.23944208 a.u.    278.62941 eV    Osc.Str.    0.0008                            
               Excited State   S40:     10.23947560 a.u.    278.63033 eV    Osc.Str.    0.0002                            
               Excited State   S41:     10.24223841 a.u.    278.70551 eV    Osc.Str.    0.0003                            
               Excited State   S42:     10.24408051 a.u.    278.75563 eV    Osc.Str.    0.0006                            
               Excited State   S43:     10.24615245 a.u.    278.81201 eV    Osc.Str.    0.0008                            
               Excited State   S44:     10.24749912 a.u.    278.84866 eV    Osc.Str.    0.0043                            
               Excited State   S45:     10.24939381 a.u.    278.90021 eV    Osc.Str.    0.0003                            
               Excited State   S46:     10.25106063 a.u.    278.94557 eV    Osc.Str.    0.0006                            
               Excited State   S47:     10.25191501 a.u.    278.96882 eV    Osc.Str.    0.0038                            
               Excited State   S48:     10.25222520 a.u.    278.97726 eV    Osc.Str.    0.0002                            
               Excited State   S49:     10.25305645 a.u.    278.99988 eV    Osc.Str.    0.0013                            
               Excited State   S50:     10.25431078 a.u.    279.03401 eV    Osc.Str.    0.0009                            
               Excited State   S51:     10.25972821 a.u.    279.18143 eV    Osc.Str.    0.0003                            
               Excited State   S52:     10.25999712 a.u.    279.18874 eV    Osc.Str.    0.0071                            
               Excited State   S53:     10.26059049 a.u.    279.20489 eV    Osc.Str.    0.0046                            
               Excited State   S54:     10.26710303 a.u.    279.38211 eV    Osc.Str.    0.0011                            
               Excited State   S55:     10.26903917 a.u.    279.43479 eV    Osc.Str.    0.0022                            
               Excited State   S56:     10.26906850 a.u.    279.43559 eV    Osc.Str.    0.0008                            
               Excited State   S57:     10.27142928 a.u.    279.49983 eV    Osc.Str.    0.0008                            
               Excited State   S58:     10.27223091 a.u.    279.52164 eV    Osc.Str.    0.0148                            
               Excited State   S59:     10.27291723 a.u.    279.54032 eV    Osc.Str.    0.0003                            
               Excited State   S60:     10.27329661 a.u.    279.55064 eV    Osc.Str.    0.0036                            
               Excited State   S61:     10.27644633 a.u.    279.63635 eV    Osc.Str.    0.0005                            
               Excited State   S62:     10.27729211 a.u.    279.65937 eV    Osc.Str.    0.0004                            
               Excited State   S63:     10.27731291 a.u.    279.65993 eV    Osc.Str.    0.0027                            
               Excited State   S64:     10.27818929 a.u.    279.68378 eV    Osc.Str.    0.0050                            
               Excited State   S65:     10.27892039 a.u.    279.70367 eV    Osc.Str.    0.0031                            
               Excited State   S66:     10.28027683 a.u.    279.74058 eV    Osc.Str.    0.0006                            
               Excited State   S67:     10.28088045 a.u.    279.75701 eV    Osc.Str.    0.0006                            
               Excited State   S68:     10.28311673 a.u.    279.81786 eV    Osc.Str.    0.0012                            
               Excited State   S69:     10.28533391 a.u.    279.87819 eV    Osc.Str.    0.0011                            
               Excited State   S70:     10.28659901 a.u.    279.91262 eV    Osc.Str.    0.0031                            
               Excited State   S71:     10.28687672 a.u.    279.92018 eV    Osc.Str.    0.0011                            
               Excited State   S72:     10.28951608 a.u.    279.99200 eV    Osc.Str.    0.0019                            
               Excited State   S73:     10.29065500 a.u.    280.02299 eV    Osc.Str.    0.0015                            
               Excited State   S74:     10.29138077 a.u.    280.04274 eV    Osc.Str.    0.0009                            
               Excited State   S75:     10.29233494 a.u.    280.06870 eV    Osc.Str.    0.0021                            
                                                                                                                          
               Electronic Circular Dichroism                                                                              
               -----------------------------                                                                              
               Excited State    S1:     Rot.Str.      0.000007 a.u.     0.0032 [10**(-40) cgs]                            
               Excited State    S2:     Rot.Str.     -0.000186 a.u.    -0.0875 [10**(-40) cgs]                            
               Excited State    S3:     Rot.Str.     -0.002850 a.u.    -1.3435 [10**(-40) cgs]                            
               Excited State    S4:     Rot.Str.      0.003049 a.u.     1.4376 [10**(-40) cgs]                            
               Excited State    S5:     Rot.Str.     -0.000123 a.u.    -0.0579 [10**(-40) cgs]                            
               Excited State    S6:     Rot.Str.      0.000460 a.u.     0.2168 [10**(-40) cgs]                            
               Excited State    S7:     Rot.Str.     -0.000236 a.u.    -0.1113 [10**(-40) cgs]                            
               Excited State    S8:     Rot.Str.      0.001045 a.u.     0.4927 [10**(-40) cgs]                            
               Excited State    S9:     Rot.Str.     -0.001106 a.u.    -0.5215 [10**(-40) cgs]                            
               Excited State   S10:     Rot.Str.     -0.000034 a.u.    -0.0160 [10**(-40) cgs]                            
               Excited State   S11:     Rot.Str.      0.000012 a.u.     0.0059 [10**(-40) cgs]                            
               Excited State   S12:     Rot.Str.      0.000210 a.u.     0.0989 [10**(-40) cgs]                            
               Excited State   S13:     Rot.Str.      0.000180 a.u.     0.0850 [10**(-40) cgs]                            
               Excited State   S14:     Rot.Str.     -0.000655 a.u.    -0.3088 [10**(-40) cgs]                            
               Excited State   S15:     Rot.Str.      0.000188 a.u.     0.0885 [10**(-40) cgs]                            
               Excited State   S16:     Rot.Str.      0.000518 a.u.     0.2441 [10**(-40) cgs]                            
               Excited State   S17:     Rot.Str.     -0.000287 a.u.    -0.1352 [10**(-40) cgs]                            
               Excited State   S18:     Rot.Str.     -0.000207 a.u.    -0.0978 [10**(-40) cgs]                            
               Excited State   S19:     Rot.Str.     -0.000006 a.u.    -0.0030 [10**(-40) cgs]                            
               Excited State   S20:     Rot.Str.     -0.000012 a.u.    -0.0058 [10**(-40) cgs]                            
               Excited State   S21:     Rot.Str.     -0.000015 a.u.    -0.0070 [10**(-40) cgs]                            
               Excited State   S22:     Rot.Str.     -0.000053 a.u.    -0.0251 [10**(-40) cgs]                            
               Excited State   S23:     Rot.Str.     -0.001089 a.u.    -0.5135 [10**(-40) cgs]                            
               Excited State   S24:     Rot.Str.      0.001049 a.u.     0.4943 [10**(-40) cgs]                            
               Excited State   S25:     Rot.Str.      0.000046 a.u.     0.0215 [10**(-40) cgs]                            
               Excited State   S26:     Rot.Str.     -0.000045 a.u.    -0.0214 [10**(-40) cgs]                            
               Excited State   S27:     Rot.Str.      0.000124 a.u.     0.0583 [10**(-40) cgs]                            
               Excited State   S28:     Rot.Str.      0.000015 a.u.     0.0071 [10**(-40) cgs]                            
               Excited State   S29:     Rot.Str.      0.000049 a.u.     0.0230 [10**(-40) cgs]                            
               Excited State   S30:     Rot.Str.      0.000028 a.u.     0.0131 [10**(-40) cgs]                            
               Excited State   S31:     Rot.Str.      0.000029 a.u.     0.0136 [10**(-40) cgs]                            
               Excited State   S32:     Rot.Str.     -0.000168 a.u.    -0.0791 [10**(-40) cgs]                            
               Excited State   S33:     Rot.Str.     -0.000017 a.u.    -0.0082 [10**(-40) cgs]                            
               Excited State   S34:     Rot.Str.     -0.000003 a.u.    -0.0015 [10**(-40) cgs]                            
               Excited State   S35:     Rot.Str.      0.000019 a.u.     0.0090 [10**(-40) cgs]                            
               Excited State   S36:     Rot.Str.     -0.000029 a.u.    -0.0136 [10**(-40) cgs]                            
               Excited State   S37:     Rot.Str.      0.000037 a.u.     0.0174 [10**(-40) cgs]                            
               Excited State   S38:     Rot.Str.     -0.000007 a.u.    -0.0034 [10**(-40) cgs]                            
               Excited State   S39:     Rot.Str.      0.000001 a.u.     0.0005 [10**(-40) cgs]                            
               Excited State   S40:     Rot.Str.     -0.000049 a.u.    -0.0230 [10**(-40) cgs]                            
               Excited State   S41:     Rot.Str.      0.000005 a.u.     0.0022 [10**(-40) cgs]                            
               Excited State   S42:     Rot.Str.     -0.000002 a.u.    -0.0010 [10**(-40) cgs]                            
               Excited State   S43:     Rot.Str.     -0.000154 a.u.    -0.0725 [10**(-40) cgs]                            
               Excited State   S44:     Rot.Str.      0.000321 a.u.     0.1512 [10**(-40) cgs]                            
               Excited State   S45:     Rot.Str.      0.000015 a.u.     0.0072 [10**(-40) cgs]                            
               Excited State   S46:     Rot.Str.      0.000026 a.u.     0.0121 [10**(-40) cgs]                            
               Excited State   S47:     Rot.Str.      0.000201 a.u.     0.0949 [10**(-40) cgs]                            
               Excited State   S48:     Rot.Str.     -0.000113 a.u.    -0.0532 [10**(-40) cgs]                            
               Excited State   S49:     Rot.Str.     -0.000157 a.u.    -0.0741 [10**(-40) cgs]                            
               Excited State   S50:     Rot.Str.     -0.000125 a.u.    -0.0587 [10**(-40) cgs]                            
               Excited State   S51:     Rot.Str.     -0.000172 a.u.    -0.0810 [10**(-40) cgs]                            
               Excited State   S52:     Rot.Str.      0.000088 a.u.     0.0417 [10**(-40) cgs]                            
               Excited State   S53:     Rot.Str.      0.000142 a.u.     0.0668 [10**(-40) cgs]                            
               Excited State   S54:     Rot.Str.      0.000077 a.u.     0.0363 [10**(-40) cgs]                            
               Excited State   S55:     Rot.Str.     -0.000167 a.u.    -0.0785 [10**(-40) cgs]                            
               Excited State   S56:     Rot.Str.     -0.000014 a.u.    -0.0068 [10**(-40) cgs]                            
               Excited State   S57:     Rot.Str.      0.000089 a.u.     0.0422 [10**(-40) cgs]                            
               Excited State   S58:     Rot.Str.      0.000023 a.u.     0.0108 [10**(-40) cgs]                            
               Excited State   S59:     Rot.Str.      0.000020 a.u.     0.0096 [10**(-40) cgs]                            
               Excited State   S60:     Rot.Str.      0.000091 a.u.     0.0428 [10**(-40) cgs]                            
               Excited State   S61:     Rot.Str.     -0.000022 a.u.    -0.0103 [10**(-40) cgs]                            
               Excited State   S62:     Rot.Str.      0.000022 a.u.     0.0102 [10**(-40) cgs]                            
               Excited State   S63:     Rot.Str.      0.000076 a.u.     0.0360 [10**(-40) cgs]                            
               Excited State   S64:     Rot.Str.     -0.000296 a.u.    -0.1397 [10**(-40) cgs]                            
               Excited State   S65:     Rot.Str.     -0.000013 a.u.    -0.0060 [10**(-40) cgs]                            
               Excited State   S66:     Rot.Str.      0.000032 a.u.     0.0150 [10**(-40) cgs]                            
               Excited State   S67:     Rot.Str.     -0.000003 a.u.    -0.0015 [10**(-40) cgs]                            
               Excited State   S68:     Rot.Str.      0.000014 a.u.     0.0064 [10**(-40) cgs]                            
               Excited State   S69:     Rot.Str.     -0.000045 a.u.    -0.0211 [10**(-40) cgs]                            
               Excited State   S70:     Rot.Str.      0.000060 a.u.     0.0283 [10**(-40) cgs]                            
               Excited State   S71:     Rot.Str.      0.000023 a.u.     0.0110 [10**(-40) cgs]                            
               Excited State   S72:     Rot.Str.     -0.000046 a.u.    -0.0216 [10**(-40) cgs]                            
               Excited State   S73:     Rot.Str.      0.000012 a.u.     0.0057 [10**(-40) cgs]                            
               Excited State   S74:     Rot.Str.     -0.000002 a.u.    -0.0007 [10**(-40) cgs]                            
               Excited State   S75:     Rot.Str.     -0.000082 a.u.    -0.0385 [10**(-40) cgs]                            
                                                                                                                          
               Character of excitations:                                                                                  
                                                                                                                          
               Excited state 1                                                                                            
               ---------------                                                                                            
               core_9   -> LUMO        -0.7561                                                                            
               core_9   -> LUMO+1       0.5112                                                                            
               core_9   -> LUMO+2       0.2377                                                                            
                                                                                                                          
               Excited state 2                                                                                            
               ---------------                                                                                            
               core_8   -> LUMO         0.8350                                                                            
               core_8   -> LUMO+5      -0.3602                                                                            
                                                                                                                          
               Excited state 3                                                                                            
               ---------------                                                                                            
               core_6   -> LUMO        -0.6648                                                                            
               core_7   -> LUMO+1      -0.4126                                                                            
               core_6   -> LUMO+5       0.3372                                                                            
               core_6   -> LUMO+1      -0.2662                                                                            
               core_7   -> LUMO         0.2506                                                                            
                                                                                                                          
               Excited state 4                                                                                            
               ---------------                                                                                            
               core_7   -> LUMO+1       0.7076                                                                            
               core_6   -> LUMO        -0.4348                                                                            
               core_7   -> LUMO        -0.3106                                                                            
               core_7   -> LUMO+2       0.2276                                                                            
               core_6   -> LUMO+5       0.2020                                                                            
                                                                                                                          
               Excited state 5                                                                                            
               ---------------                                                                                            
               core_7   -> LUMO         0.8150                                                                            
               core_7   -> LUMO+5      -0.3565                                                                            
               core_7   -> LUMO+1       0.3401                                                                            
                                                                                                                          
               Excited state 6                                                                                            
               ---------------                                                                                            
               core_5   -> LUMO        -0.9474                                                                            
                                                                                                                          
               Excited state 7                                                                                            
               ---------------                                                                                            
               core_9   -> LUMO+1      -0.7597                                                                            
               core_9   -> LUMO        -0.4890                                                                            
               core_9   -> LUMO+5       0.2930                                                                            
                                                                                                                          
               Excited state 8                                                                                            
               ---------------                                                                                            
               core_8   -> LUMO+1      -0.7411                                                                            
               core_6   -> LUMO+1       0.5154                                                                            
               core_6   -> LUMO        -0.2357                                                                            
               core_8   -> LUMO+2      -0.2172                                                                            
                                                                                                                          
               Excited state 9                                                                                            
               ---------------                                                                                            
               core_6   -> LUMO+1       0.7088                                                                            
               core_8   -> LUMO+1       0.5514                                                                            
               core_6   -> LUMO+2       0.2342                                                                            
               core_6   -> LUMO        -0.2340                                                                            
                                                                                                                          
               Excited state 10                                                                                           
               ----------------                                                                                           
               core_5   -> LUMO+1      -0.8630                                                                            
               core_5   -> LUMO+5       0.2985                                                                            
               core_5   -> LUMO         0.2310                                                                            
                                                                                                                          
               Excited state 11                                                                                           
               ----------------                                                                                           
               core_4   -> LUMO+1      -0.7301                                                                            
               core_4   -> LUMO        -0.6094                                                                            
                                                                                                                          
               Excited state 12                                                                                           
               ----------------                                                                                           
               core_3   -> LUMO        -0.8426                                                                            
               core_3   -> LUMO+5      -0.3863                                                                            
               core_3   -> LUMO+4       0.2061                                                                            
                                                                                                                          
               Excited state 13                                                                                           
               ----------------                                                                                           
               core_4   -> LUMO        -0.7724                                                                            
               core_4   -> LUMO+1       0.5233                                                                            
               core_4   -> LUMO+2       0.2133                                                                            
                                                                                                                          
               Excited state 14                                                                                           
               ----------------                                                                                           
               core_5   -> LUMO+5       0.7172                                                                            
               core_5   -> LUMO+4      -0.4102                                                                            
               core_5   -> LUMO+2       0.3186                                                                            
               core_5   -> LUMO+1       0.3168                                                                            
                                                                                                                          
               Excited state 15                                                                                           
               ----------------                                                                                           
               core_8   -> LUMO+2      -0.7467                                                                            
               core_8   -> LUMO+4      -0.3771                                                                            
               core_8   -> LUMO+5      -0.2630                                                                            
               core_8   -> LUMO+3      -0.2494                                                                            
               core_8   -> LUMO+1       0.2336                                                                            
                                                                                                                          
               Excited state 16                                                                                           
               ----------------                                                                                           
               core_9   -> LUMO+2       0.6099                                                                            
               core_9   -> LUMO+4      -0.5951                                                                            
               core_9   -> LUMO+3       0.3563                                                                            
                                                                                                                          
               Excited state 17                                                                                           
               ----------------                                                                                           
               core_6   -> LUMO+2       0.6801                                                                            
               core_6   -> LUMO+3       0.5285                                                                            
               core_6   -> LUMO+6      -0.2656                                                                            
               core_6   -> LUMO+4       0.2413                                                                            
                                                                                                                          
               Excited state 18                                                                                           
               ----------------                                                                                           
               core_7   -> LUMO+2      -0.6073                                                                            
               core_7   -> LUMO+3      -0.6069                                                                            
               core_7   -> LUMO+4       0.3375                                                                            
                                                                                                                          
               Excited state 19                                                                                           
               ----------------                                                                                           
               core_9   -> LUMO+5       0.7801                                                                            
               core_9   -> LUMO+3      -0.3848                                                                            
               core_9   -> LUMO         0.3285                                                                            
               core_9   -> LUMO+6      -0.2494                                                                            
                                                                                                                          
               Excited state 20                                                                                           
               ----------------                                                                                           
               core_8   -> LUMO+5      -0.6173                                                                            
               core_8   -> LUMO+4       0.5526                                                                            
               core_8   -> LUMO        -0.4272                                                                            
               core_8   -> LUMO+3       0.2762                                                                            
                                                                                                                          
               Excited state 21                                                                                           
               ----------------                                                                                           
               core_8   -> LUMO+6      -0.6647                                                                            
               core_8   -> LUMO+8       0.3625                                                                            
               core_8   -> LUMO+3       0.3596                                                                            
               core_8   -> LUMO+2      -0.3297                                                                            
                                                                                                                          
               Excited state 22                                                                                           
               ----------------                                                                                           
               core_9   -> LUMO+7      -0.4879                                                                            
               core_9   -> LUMO+2      -0.4472                                                                            
               core_9   -> LUMO+8       0.4138                                                                            
               core_9   -> LUMO+6      -0.3185                                                                            
               core_9   -> LUMO+4      -0.2829                                                                            
               core_9   -> LUMO+1       0.2487                                                                            
               core_9   -> LUMO+3       0.2457                                                                            
                                                                                                                          
               Excited state 23                                                                                           
               ----------------                                                                                           
               core_7   -> LUMO+5      -0.5172                                                                            
               core_7   -> LUMO+2      -0.4185                                                                            
               core_7   -> LUMO+7      -0.2711                                                                            
               core_6   -> LUMO+4      -0.2702                                                                            
               core_7   -> LUMO        -0.2432                                                                            
               core_6   -> LUMO+5       0.2399                                                                            
               core_6   -> LUMO+2       0.2260                                                                            
               core_7   -> LUMO+3       0.2250                                                                            
                                                                                                                          
               Excited state 24                                                                                           
               ----------------                                                                                           
               core_6   -> LUMO+5       0.3852                                                                            
               core_6   -> LUMO+4      -0.3747                                                                            
               core_6   -> LUMO+2       0.3599                                                                            
               core_7   -> LUMO+5       0.3426                                                                            
               core_6   -> LUMO         0.2839                                                                            
               core_7   -> LUMO+2       0.2787                                                                            
               core_6   -> LUMO+6       0.2513                                                                            
               core_6   -> LUMO+3      -0.2084                                                                            
                                                                                                                          
               Excited state 25                                                                                           
               ----------------                                                                                           
               core_7   -> LUMO+4       0.7409                                                                            
               core_7   -> LUMO+8      -0.3130                                                                            
               core_7   -> LUMO+5      -0.2781                                                                            
               core_7   -> LUMO+7       0.2365                                                                            
               core_7   -> LUMO        -0.2192                                                                            
                                                                                                                          
               Excited state 26                                                                                           
               ----------------                                                                                           
               core_6   -> LUMO+6      -0.5409                                                                            
               core_6   -> LUMO+5       0.4875                                                                            
               core_6   -> LUMO         0.3195                                                                            
               core_6   -> LUMO+8       0.2871                                                                            
               core_6   -> LUMO+1       0.2647                                                                            
               core_6   -> LUMO+2      -0.2209                                                                            
                                                                                                                          
               Excited state 27                                                                                           
               ----------------                                                                                           
               core_5   -> LUMO+2      -0.7040                                                                            
               core_5   -> LUMO+6      -0.4564                                                                            
               core_5   -> LUMO+7      -0.3539                                                                            
               core_5   -> LUMO+1       0.2430                                                                            
               core_5   -> LUMO+8       0.2044                                                                            
                                                                                                                          
               Excited state 28                                                                                           
               ----------------                                                                                           
               core_8   -> LUMO+3      -0.5741                                                                            
               core_8   -> LUMO+8       0.4389                                                                            
               core_8   -> LUMO+4       0.4217                                                                            
               core_8   -> LUMO+7      -0.2912                                                                            
                                                                                                                          
               Excited state 29                                                                                           
               ----------------                                                                                           
               core_9   -> LUMO+3       0.4785                                                                            
               core_9   -> LUMO+6      -0.4418                                                                            
               core_9   -> LUMO+4       0.4170                                                                            
               core_9   -> LUMO+2       0.3413                                                                            
               core_9   -> LUMO+8      -0.3196                                                                            
               core_9   -> LUMO+7      -0.3073                                                                            
                                                                                                                          
               Excited state 30                                                                                           
               ----------------                                                                                           
               core_4   -> LUMO+5       0.7871                                                                            
               core_4   -> LUMO+4      -0.3880                                                                            
               core_4   -> LUMO+2       0.3277                                                                            
               core_4   -> LUMO+1      -0.2336                                                                            
                                                                                                                          
               Excited state 31                                                                                           
               ----------------                                                                                           
               core_6   -> LUMO+4       0.6793                                                                            
               core_6   -> LUMO+3      -0.4640                                                                            
               core_6   -> LUMO+8       0.3218                                                                            
               core_6   -> LUMO+5       0.3022                                                                            
               core_6   -> LUMO+7       0.2015                                                                            
                                                                                                                          
               Excited state 32                                                                                           
               ----------------                                                                                           
               core_7   -> LUMO+6       0.7140                                                                            
               core_7   -> LUMO+5      -0.3615                                                                            
               core_7   -> LUMO+7       0.2988                                                                            
               core_7   -> LUMO+1      -0.2665                                                                            
               core_7   -> LUMO+11      0.2050                                                                            
               core_7   -> LUMO+3      -0.2014                                                                            
                                                                                                                          
               Excited state 33                                                                                           
               ----------------                                                                                           
               core_9   -> LUMO+8       0.4996                                                                            
               core_9   -> LUMO+3      -0.4547                                                                            
               core_9   -> LUMO+2       0.4536                                                                            
               core_9   -> LUMO+6      -0.3193                                                                            
               core_9   -> LUMO+4       0.2510                                                                            
                                                                                                                          
               Excited state 34                                                                                           
               ----------------                                                                                           
               core_8   -> LUMO+9      -0.7765                                                                            
               core_8   -> LUMO+6       0.2941                                                                            
               core_8   -> LUMO+3       0.2851                                                                            
               core_8   -> LUMO+13      0.2730                                                                            
                                                                                                                          
               Excited state 35                                                                                           
               ----------------                                                                                           
               core_7   -> LUMO+8      -0.8029                                                                            
               core_7   -> LUMO+4      -0.3164                                                                            
               core_7   -> LUMO+2      -0.2911                                                                            
               core_7   -> LUMO+12      0.2500                                                                            
                                                                                                                          
               Excited state 36                                                                                           
               ----------------                                                                                           
               core_4   -> LUMO+2      -0.6544                                                                            
               core_4   -> LUMO+6      -0.5351                                                                            
               core_4   -> LUMO+4      -0.2493                                                                            
               core_4   -> LUMO+8       0.2482                                                                            
                                                                                                                          
               Excited state 37                                                                                           
               ----------------                                                                                           
               core_9   -> LUMO+7      -0.4507                                                                            
               core_9   -> LUMO+8      -0.4292                                                                            
               core_9   -> LUMO+3      -0.4067                                                                            
               core_9   -> LUMO+4      -0.3885                                                                            
               core_9   -> LUMO+5      -0.3416                                                                            
               core_9   -> LUMO+10     -0.3199                                                                            
                                                                                                                          
               Excited state 38                                                                                           
               ----------------                                                                                           
               core_8   -> LUMO+5      -0.4699                                                                            
               core_8   -> LUMO+7      -0.4619                                                                            
               core_8   -> LUMO+4      -0.4395                                                                            
               core_8   -> LUMO+2       0.3553                                                                            
               core_8   -> LUMO+9      -0.2534                                                                            
                                                                                                                          
               Excited state 39                                                                                           
               ----------------                                                                                           
               core_5   -> LUMO+3      -0.7349                                                                            
               core_5   -> LUMO+8      -0.3505                                                                            
               core_5   -> LUMO+4       0.3300                                                                            
               core_5   -> LUMO+2      -0.2447                                                                            
                                                                                                                          
               Excited state 40                                                                                           
               ----------------                                                                                           
               core_6   -> LUMO+8       0.6858                                                                            
               core_6   -> LUMO+7      -0.4439                                                                            
               core_6   -> LUMO+6       0.2588                                                                            
               core_6   -> LUMO+5      -0.2007                                                                            
                                                                                                                          
               Excited state 41                                                                                           
               ----------------                                                                                           
               core_9   -> LUMO+6      -0.6492                                                                            
               core_9   -> LUMO+7       0.4947                                                                            
               core_9   -> LUMO+4      -0.2928                                                                            
               core_9   -> LUMO+5      -0.2641                                                                            
                                                                                                                          
               Excited state 42                                                                                           
               ----------------                                                                                           
               core_8   -> LUMO+3      -0.5102                                                                            
               core_8   -> LUMO+6      -0.4981                                                                            
               core_8   -> LUMO+7       0.3915                                                                            
               core_8   -> LUMO+9      -0.3244                                                                            
               core_8   -> LUMO+8      -0.2521                                                                            
               core_8   -> LUMO+10      0.2047                                                                            
                                                                                                                          
               Excited state 43                                                                                           
               ----------------                                                                                           
               core_7   -> LUMO+3       0.5502                                                                            
               core_7   -> LUMO+7       0.5479                                                                            
               core_7   -> LUMO+2      -0.3203                                                                            
               core_7   -> LUMO+10      0.2699                                                                            
               core_7   -> LUMO+1       0.2090                                                                            
                                                                                                                          
               Excited state 44                                                                                           
               ----------------                                                                                           
               core_6   -> LUMO+9      -0.5538                                                                            
               core_6   -> LUMO+3       0.3837                                                                            
               core_6   -> LUMO+13      0.3032                                                                            
               core_6   -> LUMO+12      0.2921                                                                            
               core_6   -> LUMO+11      0.2415                                                                            
               core_6   -> LUMO+5       0.2302                                                                            
               core_6   -> LUMO+15     -0.2243                                                                            
               core_6   -> LUMO+2      -0.2161                                                                            
                                                                                                                          
               Excited state 45                                                                                           
               ----------------                                                                                           
               core_5   -> LUMO+6      -0.5866                                                                            
               core_5   -> LUMO+3      -0.4641                                                                            
               core_5   -> LUMO+2       0.4421                                                                            
               core_5   -> LUMO+5      -0.2964                                                                            
               core_5   -> LUMO+8       0.2097                                                                            
                                                                                                                          
               Excited state 46                                                                                           
               ----------------                                                                                           
               core_6   -> LUMO+7      -0.4727                                                                            
               core_6   -> LUMO+3      -0.4169                                                                            
               core_6   -> LUMO+9      -0.3753                                                                            
               core_6   -> LUMO+8      -0.3043                                                                            
               core_6   -> LUMO+6      -0.2761                                                                            
               core_6   -> LUMO+2       0.2257                                                                            
               core_6   -> LUMO+11     -0.2118                                                                            
                                                                                                                          
               Excited state 47                                                                                           
               ----------------                                                                                           
               core_9   -> LUMO+9      -0.8192                                                                            
               core_9   -> LUMO+15     -0.2986                                                                            
               core_9   -> LUMO+12      0.2078                                                                            
                                                                                                                          
               Excited state 48                                                                                           
               ----------------                                                                                           
               core_5   -> LUMO+4       0.7399                                                                            
               core_5   -> LUMO+5       0.3770                                                                            
               core_5   -> LUMO+3       0.3418                                                                            
               core_5   -> LUMO+2       0.2845                                                                            
               core_5   -> LUMO+7      -0.2286                                                                            
                                                                                                                          
               Excited state 49                                                                                           
               ----------------                                                                                           
               core_7   -> LUMO+6       0.4619                                                                            
               core_7   -> LUMO+5       0.3990                                                                            
               core_7   -> LUMO+7      -0.3479                                                                            
               core_7   -> LUMO+4       0.3360                                                                            
               core_7   -> LUMO+3       0.2938                                                                            
               core_7   -> LUMO+10     -0.2934                                                                            
               core_7   -> LUMO+9      -0.2783                                                                            
               core_7   -> LUMO+15     -0.2225                                                                            
                                                                                                                          
               Excited state 50                                                                                           
               ----------------                                                                                           
               core_8   -> LUMO+8       0.5820                                                                            
               core_8   -> LUMO+7       0.5669                                                                            
               core_8   -> LUMO+4      -0.2897                                                                            
               core_8   -> LUMO+10     -0.2156                                                                            
               core_8   -> LUMO+11      0.2018                                                                            
                                                                                                                          
               Excited state 51                                                                                           
               ----------------                                                                                           
               core_6   -> LUMO+7      -0.5313                                                                            
               core_6   -> LUMO+9       0.3324                                                                            
               core_6   -> LUMO+4       0.3140                                                                            
               core_6   -> LUMO+5       0.3139                                                                            
               core_6   -> LUMO+10     -0.2888                                                                            
               core_6   -> LUMO+8      -0.2585                                                                            
               core_6   -> LUMO+3       0.2244                                                                            
               core_6   -> LUMO+13     -0.2111                                                                            
                                                                                                                          
               Excited state 52                                                                                           
               ----------------                                                                                           
               core_4   -> LUMO+2      -0.4742                                                                            
               core_4   -> LUMO+3      -0.4090                                                                            
               core_4   -> LUMO+6       0.3941                                                                            
               core_4   -> LUMO+4      -0.3914                                                                            
               core_4   -> LUMO+8      -0.3642                                                                            
                                                                                                                          
               Excited state 53                                                                                           
               ----------------                                                                                           
               core_7   -> LUMO+9       0.6169                                                                            
               core_7   -> LUMO+15      0.4825                                                                            
               core_7   -> LUMO+12     -0.2986                                                                            
               core_7   -> LUMO+16      0.2205                                                                            
                                                                                                                          
               Excited state 54                                                                                           
               ----------------                                                                                           
               core_9   -> LUMO+15     -0.5183                                                                            
               core_9   -> LUMO+10      0.4427                                                                            
               core_9   -> LUMO+13     -0.3553                                                                            
               core_9   -> LUMO+9       0.3070                                                                            
               core_9   -> LUMO+8      -0.2910                                                                            
               core_9   -> LUMO+11     -0.2029                                                                            
                                                                                                                          
               Excited state 55                                                                                           
               ----------------                                                                                           
               core_5   -> LUMO+7       0.6376                                                                            
               core_5   -> LUMO+6      -0.5027                                                                            
               core_5   -> LUMO+9       0.3152                                                                            
               core_5   -> LUMO+8      -0.2583                                                                            
                                                                                                                          
               Excited state 56                                                                                           
               ----------------                                                                                           
               core_8   -> LUMO+10      0.6507                                                                            
               core_8   -> LUMO+12     -0.3692                                                                            
               core_8   -> LUMO+11     -0.3548                                                                            
               core_8   -> LUMO+8       0.2177                                                                            
                                                                                                                          
               Excited state 57                                                                                           
               ----------------                                                                                           
               core_9   -> LUMO+11      0.6293                                                                            
               core_9   -> LUMO+9       0.3227                                                                            
               core_9   -> LUMO+15     -0.2816                                                                            
               core_9   -> LUMO+10     -0.2758                                                                            
               core_9   -> LUMO+16     -0.2556                                                                            
               core_9   -> LUMO+12      0.2411                                                                            
               core_9   -> LUMO+17     -0.2247                                                                            
               core_9   -> LUMO+13     -0.2214                                                                            
                                                                                                                          
               Excited state 58                                                                                           
               ----------------                                                                                           
               core_3   -> LUMO+3       0.5576                                                                            
               core_3   -> LUMO+2      -0.4796                                                                            
               core_3   -> LUMO+1       0.3893                                                                            
               core_3   -> LUMO+6       0.3626                                                                            
               core_3   -> LUMO+5       0.2648                                                                            
                                                                                                                          
               Excited state 59                                                                                           
               ----------------                                                                                           
               core_5   -> LUMO+9      -0.8279                                                                            
               core_5   -> LUMO+7       0.3998                                                                            
               core_5   -> LUMO+8       0.2479                                                                            
                                                                                                                          
               Excited state 60                                                                                           
               ----------------                                                                                           
               core_6   -> LUMO+10     -0.5288                                                                            
               core_6   -> LUMO+6      -0.4150                                                                            
               core_6   -> LUMO+11      0.4088                                                                            
               core_6   -> LUMO+9       0.3240                                                                            
               core_6   -> LUMO+12      0.3060                                                                            
               core_6   -> LUMO+5      -0.2183                                                                            
                                                                                                                          
               Excited state 61                                                                                           
               ----------------                                                                                           
               core_4   -> LUMO+3       0.8113                                                                            
               core_4   -> LUMO+7       0.3332                                                                            
               core_4   -> LUMO+6       0.2972                                                                            
                                                                                                                          
               Excited state 62                                                                                           
               ----------------                                                                                           
               core_5   -> LUMO+8      -0.7123                                                                            
               core_5   -> LUMO+9      -0.3855                                                                            
               core_5   -> LUMO+7      -0.2795                                                                            
               core_5   -> LUMO+4      -0.2607                                                                            
               core_5   -> LUMO+6      -0.2135                                                                            
               core_5   -> LUMO+11      0.2113                                                                            
                                                                                                                          
               Excited state 63                                                                                           
               ----------------                                                                                           
               core_7   -> LUMO+10      0.5332                                                                            
               core_7   -> LUMO+11     -0.4869                                                                            
               core_7   -> LUMO+15     -0.3377                                                                            
               core_7   -> LUMO+6       0.3063                                                                            
               core_7   -> LUMO+17      0.2134                                                                            
               core_7   -> LUMO+12     -0.2097                                                                            
                                                                                                                          
               Excited state 64                                                                                           
               ----------------                                                                                           
               core_7   -> LUMO+9       0.6334                                                                            
               core_7   -> LUMO+15     -0.5141                                                                            
               core_7   -> LUMO+11      0.2546                                                                            
               core_7   -> LUMO+13     -0.2023                                                                            
                                                                                                                          
               Excited state 65                                                                                           
               ----------------                                                                                           
               core_3   -> LUMO+1       0.8347                                                                            
               core_3   -> LUMO+5      -0.2881                                                                            
               core_3   -> LUMO+6      -0.2774                                                                            
                                                                                                                          
               Excited state 66                                                                                           
               ----------------                                                                                           
               core_9   -> LUMO+10     -0.6321                                                                            
               core_9   -> LUMO+11     -0.5143                                                                            
               core_9   -> LUMO+15     -0.3087                                                                            
               core_9   -> LUMO+7       0.2307                                                                            
               core_9   -> LUMO+14      0.2202                                                                            
                                                                                                                          
               Excited state 67                                                                                           
               ----------------                                                                                           
               core_4   -> LUMO+4       0.6094                                                                            
               core_4   -> LUMO+5       0.4710                                                                            
               core_4   -> LUMO+7      -0.3191                                                                            
               core_4   -> LUMO+6       0.3073                                                                            
               core_4   -> LUMO+2      -0.2781                                                                            
               core_4   -> LUMO+9      -0.2406                                                                            
                                                                                                                          
               Excited state 68                                                                                           
               ----------------                                                                                           
               core_8   -> LUMO+13     -0.7147                                                                            
               core_8   -> LUMO+10     -0.3554                                                                            
               core_8   -> LUMO+9      -0.3545                                                                            
               core_8   -> LUMO+15      0.2935                                                                            
               core_8   -> LUMO+12     -0.2440                                                                            
                                                                                                                          
               Excited state 69                                                                                           
               ----------------                                                                                           
               core_8   -> LUMO+11     -0.7254                                                                            
               core_8   -> LUMO+7       0.3181                                                                            
               core_8   -> LUMO+13      0.2948                                                                            
               core_8   -> LUMO+16     -0.2612                                                                            
               core_8   -> LUMO+10     -0.2290                                                                            
                                                                                                                          
               Excited state 70                                                                                           
               ----------------                                                                                           
               core_6   -> LUMO+15      0.5487                                                                            
               core_6   -> LUMO+9      -0.5150                                                                            
               core_6   -> LUMO+13     -0.3834                                                                            
               core_6   -> LUMO+10     -0.3123                                                                            
               core_6   -> LUMO+12     -0.2506                                                                            
                                                                                                                          
               Excited state 71                                                                                           
               ----------------                                                                                           
               core_9   -> LUMO+12      0.6909                                                                            
               core_9   -> LUMO+7      -0.3200                                                                            
               core_9   -> LUMO+14      0.3056                                                                            
               core_9   -> LUMO+11     -0.2556                                                                            
                                                                                                                          
               Excited state 72                                                                                           
               ----------------                                                                                           
               core_7   -> LUMO+10     -0.5995                                                                            
               core_7   -> LUMO+7       0.4637                                                                            
               core_7   -> LUMO+11     -0.3974                                                                            
               core_7   -> LUMO+14      0.2654                                                                            
               core_7   -> LUMO+12     -0.2215                                                                            
                                                                                                                          
               Excited state 73                                                                                           
               ----------------                                                                                           
               core_4   -> LUMO+9       0.9308                                                                            
               core_4   -> LUMO+4       0.2276                                                                            
                                                                                                                          
               Excited state 74                                                                                           
               ----------------                                                                                           
               core_3   -> LUMO+5       0.5417                                                                            
               core_3   -> LUMO+2       0.5084                                                                            
               core_3   -> LUMO        -0.3637                                                                            
               core_3   -> LUMO+6       0.3024                                                                            
               core_3   -> LUMO+1       0.2436                                                                            
                                                                                                                          
               Excited state 75                                                                                           
               ----------------                                                                                           
               core_8   -> LUMO+15     -0.4948                                                                            
               core_8   -> LUMO+18     -0.4395                                                                            
               core_8   -> LUMO+10     -0.3860                                                                            
               core_8   -> LUMO+16      0.2948                                                                            
               core_8   -> LUMO+14      0.2922                                                                            
               core_8   -> LUMO+19      0.2194                                                                            
               core_8   -> LUMO+6      -0.2173                                                                            
                                                                                                                          
!========================================================================================================================!
!                               VeloxChem execution completed at Sun Jun 14 17:34:09 2026.                               !
!========================================================================================================================!
!                                          Total execution time is 1139.73 sec.                                          !
!========================================================================================================================!
!                     Rinkevicius, Z.; Li, X.; Vahtras, O.; Ahmadzadeh, K.; Brand, M.; Ringholm, M.;                     !
!                              List, N. H.; Scheurer, M.; Scott, M.; Dreuw, A.; Norman, P.                               !
!                     VeloxChem: A Python-driven Density-functional Theory Program for Spectroscopy                      !
!                                Simulations in High-performance Computing Environments.                                 !
!                                       WIREs Comput Mol Sci 2020, 10 (5), e1457.                                        !
!========================================================================================================================!
