!========================================================================================================================!
!                                                                                                                        !
!                                                       VELOXCHEM                                                        !
!                                              AN ELECTRONIC STRUCTURE CODE                                              !
!                                                                                                                        !
!                                        Copyright 2018-2025 VeloxChem developers                                        !
!========================================================================================================================!
!                     VeloxChem execution started on 192 MPI processes at Sun Jun 14 18:50:38 2026.                      !
!========================================================================================================================!
                                                                                                                          
* Info * Using 1 OpenMP threads per MPI process.                                                                          
                                                                                                                          
* Info * Reading input file 0310_c1s.in...                                                                                
                                                                                                                          
* Info * @jobs                                                                                                            
* Info * task: response                                                                                                   
* Info * @end                                                                                                             
                                                                                                                          
* Info * @method_settings                                                                                                 
* Info * basis: def2-tzvpd                                                                                                
* Info * xcfun: cam-b3lyp                                                                                                 
* Info * @end                                                                                                             
                                                                                                                          
* Info * @response                                                                                                        
* Info * property: absorption                                                                                             
* Info * tamm_dancoff: no                                                                                                 
* Info * nstates: 75                                                                                                      
* Info * core_excitation: yes                                                                                             
* Info * num_core_orbitals: 9                                                                                             
* Info * @end                                                                                                             
                                                                                                                          
                                              Molecular Geometry (Angstroms)                                              
                                             ================================                                             
                                                                                                                          
                          Atom         Coordinate X          Coordinate Y          Coordinate Z                           
                                                                                                                          
                           O          -1.494008161800       -1.161799873400       -0.048601796400                         
                           N          -1.600728826500        1.123539167100        0.094364642000                         
                           C          -0.198653711600       -0.635538993100       -0.055675917500                         
                           C          -0.232809040100        0.717479514600       -0.069069285200                         
                           C           0.923895905000       -1.489010588300        0.022595418600                         
                           C           0.834350247500        1.480010845200       -0.040097860200                         
                           C           2.020230369300       -0.680404270800        0.053566563000                         
                           C           2.020471511600        0.658824864400       -0.016755349200                         
                           C          -2.251290072000       -0.031681096400        0.030559140200                         
                           H           0.988319852800       -2.528735771800        0.121497226200                         
                           H           0.849981690900        2.420290649400        0.049446417900                         
                           H           3.118068990400       -1.161264836200        0.240304934100                         
                           H           2.933540256900        1.309237742200       -0.069862740700                         
                           H          -3.384064150600       -0.320049225600        0.016715298700                         
                                                                                                                          
                          Molecular charge            : 0                                                                 
                          Spin multiplicity           : 1                                                                 
                          Number of atoms             : 14                                                                
                          Number of alpha electrons   : 31                                                                
                          Number of beta  electrons   : 31                                                                
                                                                                                                          
* Info * Reading basis set from file: /net/home/plgrid/plgiubru7/software/vlx-cpu/cpuvlxenv/lib/python3.11/site-packages/veloxchem/basis/DEF2-TZVPD
                                                                                                                          
                                              Molecular Basis (Atomic Basis)                                              
                                             ================================                                             
                                                                                                                          
                               Basis: DEF2-TZVPD                                                                          
                                                                                                                          
                               Atom Contracted GTOs           Primitive GTOs                                              
                                                                                                                          
                               O     (6S,4P,3D,1F)             (12S,7P,3D,1F)                                             
                               N     (6S,3P,3D,1F)             (12S,6P,3D,1F)                                             
                               C     (6S,3P,3D,1F)             (12S,6P,3D,1F)                                             
                               H     (3S,2P)                   (5S,2P)                                                    
                                                                                                                          
                               Contracted Basis Functions : 381                                                           
                               Primitive Basis Functions  : 526                                                           
                                                                                                                          
                                                                                                                          
                                            Self Consistent Field Driver Setup                                            
                                           ====================================                                           
                                                                                                                          
                   Wave Function Model             : Spin-Restricted Kohn-Sham                                            
                   Initial Guess Model             : Restart from Checkpoint                                              
                   Convergence Accelerator         : Direct Inversion of Iterative Subspace                               
                   Max. Number of Iterations       : 50                                                                   
                   Max. Number of Error Vectors    : 10                                                                   
                   Convergence Threshold           : 1.0e-06                                                              
                   ERI Screening Threshold         : 1.0e-12                                                              
                   Linear Dependence Threshold     : 1.0e-06                                                              
                   Exchange-Correlation Functional : CAM-B3LYP                                                            
                   Molecular Grid Level            : 4                                                                    
                                                                                                                          
* Info * Nuclear repulsion energy: 408.8064995672 a.u.                                                                    
                                                                                                                          
* Info * Using the CAM-B3LYP functional.                                                                                  
                                                                                                                          
         T. Yanai, D. P. Tew, and N. C. Handy.,  Chem. Phys. Lett. 393, 51 (2004)
                                                                                                                          
* Info * Using the Libxc library (v7.0.0).                                                                                
                                                                                                                          
         S. Lehtola, C. Steigemann, M. J.T. Oliveira, and M. A.L. Marques.,  SoftwareX 7, 1–5 (2018)
                                                                                                                          
* Info * Using the following algorithm for XC numerical integration.                                                      
                                                                                                                          
         J. Kussmann, H. Laqua and C. Ochsenfeld, J. Chem. Theory Comput. 2021, 17, 1512-1521
                                                                                                                          
* Info * Molecular grid with 207847 points generated in 0.22 sec.                                                         
                                                                                                                          
* Info * Restarting from checkpoint file: 0310_c1s_scf.h5                                                                 
                                                                                                                          
* Info * Overlap matrix computed in 0.00 sec.                                                                             
                                                                                                                          
* Info * Kinetic energy matrix computed in 0.00 sec.                                                                      
                                                                                                                          
* Info * Nuclear potential matrix computed in 0.01 sec.                                                                   
                                                                                                                          
* Info * Orthogonalization matrix computed in 0.01 sec.                                                                   
                                                                                                                          
* Info * Removed 2 linearly dependent vectors.                                                                            
                                                                                                                          
* Info * ERI screening threshold tightened to 1.0e-13.                                                                    
                                                                                                                          
                                                                                                                          
               Iter. |    Kohn-Sham Energy | Energy Change | Gradient Norm | Max. Gradient | Density Change               
               --------------------------------------------------------------------------------------------               
                  1      -399.610542043559    0.0000000000      0.00000061      0.00000002      0.00000000                
                                                                                                                          
* Info * Checkpoint written to file: 0310_c1s_scf.h5                                                                      
                                                                                                                          
* Info * SCF results written to file: 0310_c1s.h5                                                                         
                                                                                                                          
               *** SCF converged in 1 iterations. Time: 2.73 sec.                                                         
                                                                                                                          
               Spin-Restricted Kohn-Sham:                                                                                 
               --------------------------                                                                                 
               Total Energy                       :     -399.6105420436 a.u.                                              
               Electronic Energy                  :     -808.4170416108 a.u.                                              
               Nuclear Repulsion Energy           :      408.8064995672 a.u.                                              
               ------------------------------------                                                                       
               Gradient Norm                      :        0.0000006083 a.u.                                              
                                                                                                                          
                                                                                                                          
               Ground State Information                                                                                   
               ------------------------                                                                                   
               Charge of Molecule            :  0.0                                                                       
               Multiplicity (2S+1)           :  1                                                                         
               Magnetic Quantum Number (M_S) :  0.0                                                                       
                                                                                                                          
                                                                                                                          
                                                 Spin Restricted Orbitals                                                 
                                                 ------------------------                                                 
                                                                                                                          
               Molecular Orbital No.  27:                                                                                 
               --------------------------                                                                                 
               Occupation: 2.000 Energy:   -0.40827 a.u.                                                                  
               (   5 C   3p+1:     0.19) (   6 C   1p+1:    -0.19) (   6 C   3p+1:    -0.21)                              
               (   7 C   5s  :    -0.18) (   7 C   1p+1:    -0.18) (   8 C   1p+1:     0.20)                              
               (  12 H   2s  :    -0.18)                                                                                  
                                                                                                                          
               Molecular Orbital No.  28:                                                                                 
               --------------------------                                                                                 
               Occupation: 2.000 Energy:   -0.40092 a.u.                                                                  
               (   1 O   1p0 :    -0.17) (   2 N   1p0 :     0.25) (   2 N   2p0 :     0.21)                              
                                                                                                                          
               Molecular Orbital No.  29:                                                                                 
               --------------------------                                                                                 
               Occupation: 2.000 Energy:   -0.37013 a.u.                                                                  
               (   2 N   4s  :     0.22) (   2 N   5s  :     0.41) (   2 N   6s  :     0.31)                              
               (   2 N   1p+1:    -0.17) (   2 N   1p-1:     0.33) (   2 N   2p-1:     0.25)                              
               (   2 N   3p-1:     0.15) (   3 C   3p+1:     0.16)                                                        
                                                                                                                          
               Molecular Orbital No.  30:                                                                                 
               --------------------------                                                                                 
               Occupation: 2.000 Energy:   -0.31410 a.u.                                                                  
               (   2 N   1p0 :     0.17) (   3 C   5s  :     0.16) (   4 C   1p0 :    -0.18)                              
               (   4 C   2p0 :    -0.15) (   4 C   3p0 :    -0.17) (   5 C   5s  :     0.16)                              
               (   6 C   5s  :    -0.29) (   6 C   1p0 :    -0.16) (   7 C   1p0 :     0.20)                              
               (   7 C   2p0 :     0.18) (   8 C   5s  :    -0.16) (   9 C   1p0 :     0.19)                              
               (   9 C   2p0 :     0.17)                                                                                  
                                                                                                                          
               Molecular Orbital No.  31:                                                                                 
               --------------------------                                                                                 
               Occupation: 2.000 Energy:   -0.30749 a.u.                                                                  
               (   1 O   1p0 :     0.16) (   3 C   1p0 :    -0.21) (   3 C   2p0 :    -0.18)                              
               (   3 C   3p0 :    -0.17) (   5 C   1p0 :    -0.18) (   5 C   2p0 :    -0.16)                              
               (   6 C   1p0 :     0.17) (   8 C   1p0 :     0.24) (   8 C   2p0 :     0.21)                              
                                                                                                                          
               Molecular Orbital No.  32:                                                                                 
               --------------------------                                                                                 
               Occupation: 0.000 Energy:   -0.00168 a.u.                                                                  
               (   1 O   4p0 :    -0.17) (   3 C   6s  :    -0.30) (   5 C   6s  :     0.29)                              
               (   5 C   1p0 :    -0.22) (   5 C   2p0 :    -0.21) (   5 C   3p-1:     0.25)                              
               (   6 C   5s  :    -0.40) (   6 C   1p0 :    -0.24) (   6 C   2p0 :    -0.23)                              
               (   6 C   3p-1:    -0.24) (   7 C   5s  :     0.16) (   7 C   6s  :    -0.35)                              
               (   8 C   5s  :    -0.32) (   8 C   3p+1:     0.18) (   9 C   1p0 :    -0.19)                              
               (   9 C   2p0 :    -0.18) (   9 C   3p0 :    -0.16) (  10 H   3s  :     0.50)                              
               (  11 H   3s  :     0.37)                                                                                  
                                                                                                                          
               Molecular Orbital No.  33:                                                                                 
               --------------------------                                                                                 
               Occupation: 0.000 Energy:    0.02958 a.u.                                                                  
               (   1 O   5s  :     0.32) (   1 O   6s  :     2.46) (   1 O   3p+1:     0.21)                              
               (   1 O   4p-1:     0.61) (   2 N   5s  :     0.33) (   2 N   6s  :     0.49)                              
               (   2 N   3p+1:     0.33) (   2 N   3d+2:     0.17) (   3 C   5s  :    -5.46)                              
               (   3 C   1p0 :     0.15) (   3 C   3p+1:    -0.61) (   3 C   3p-1:     0.19)                              
               (   3 C   3p0 :     0.20) (   3 C   3d+2:    -1.66) (   3 C   3d-1:     0.15)                              
               (   3 C   3d-2:    -0.27) (   4 C   5s  :    -7.13) (   4 C   3p+1:    -0.24)                              
               (   4 C   3p-1:    -2.07) (   4 C   3p0 :    -0.22) (   4 C   3d+2:    -1.38)                              
               (   4 C   3d-2:    -1.26) (   5 C   4s  :     0.32) (   5 C   5s  :     3.61)                              
               (   5 C   6s  :    -1.21) (   5 C   3p+1:     0.80) (   5 C   3p-1:     3.15)                              
               (   5 C   3d-2:    -0.35) (   5 C   3d0 :     0.17) (   6 C   4s  :     0.32)                              
               (   6 C   5s  :     0.40) (   6 C   6s  :    -1.04) (   6 C   3p+1:    -2.48)                              
               (   6 C   3p-1:     0.33) (   6 C   3p0 :    -0.18) (   6 C   3d+1:     0.18)                              
               (   6 C   3d+2:     0.37) (   6 C   3d-2:     1.75) (   6 C   3d0 :     0.28)                              
               (   7 C   4s  :     0.30) (   7 C   5s  :     1.22) (   7 C   6s  :    -1.34)                              
               (   7 C   3p+1:     0.29) (   7 C   3p-1:     2.51) (   7 C   3p0 :    -0.19)                              
               (   7 C   3d+2:    -0.92) (   7 C   3d-2:    -0.40) (   7 C   3d0 :     0.39)                              
               (   8 C   4s  :     0.22) (   8 C   6s  :    -0.51) (   8 C   3p+1:    -2.75)                              
               (   8 C   3p-1:     1.69) (   8 C   3d+2:     1.29) (   8 C   3d-2:    -0.87)                              
               (   8 C   3d0 :     0.21) (   9 C   5s  :     2.06) (   9 C   6s  :    -1.37)                              
               (   9 C   3p+1:     1.99) (   9 C   3p-1:     0.29) (   9 C   3d+2:     0.35)                              
               (   9 C   3d-2:    -0.29) (  10 H   3s  :     2.37) (  10 H   2p+1:    -0.30)                              
               (  10 H   2p-1:     0.43) (  10 H   2p0 :    -0.16) (  11 H   3s  :     0.68)                              
               (  11 H   2p+1:    -0.77) (  12 H   3s  :     1.81) (  12 H   2p+1:    -0.28)                              
               (  12 H   2p-1:     0.32) (  12 H   2p0 :    -0.16) (  13 H   3s  :     2.40)                              
               (  13 H   2p+1:    -0.64) (  14 H   3s  :     1.07) (  14 H   2p+1:     0.27)                              
                                                                                                                          
               Molecular Orbital No.  34:                                                                                 
               --------------------------                                                                                 
               Occupation: 0.000 Energy:    0.03244 a.u.                                                                  
               (   1 O   5s  :    -0.38) (   1 O   6s  :    -2.67) (   1 O   1p0 :    -0.16)                              
               (   1 O   3p+1:    -0.22) (   1 O   4p+1:     0.18) (   1 O   4p-1:    -0.72)                              
               (   2 N   5s  :    -0.39) (   2 N   6s  :    -0.71) (   2 N   3p+1:    -0.19)                              
               (   3 C   4s  :     0.16) (   3 C   5s  :     3.17) (   3 C   6s  :    -0.22)                              
               (   3 C   1p0 :     0.18) (   3 C   2p0 :     0.17) (   3 C   3d+2:     1.59)                              
               (   3 C   3d-2:     0.48) (   4 C   5s  :     6.21) (   4 C   6s  :     0.21)                              
               (   4 C   3p+1:     0.35) (   4 C   3p-1:     1.36) (   4 C   3p0 :    -0.29)                              
               (   4 C   3d+2:     1.15) (   4 C   3d-1:    -0.16) (   4 C   3d-2:     1.01)                              
               (   5 C   4s  :    -0.23) (   5 C   5s  :    -3.49) (   5 C   6s  :     1.03)                              
               (   5 C   3p+1:    -1.67) (   5 C   3p-1:    -2.65) (   5 C   3p0 :     0.22)                              
               (   5 C   3d+2:     0.19) (   6 C   4s  :    -0.25) (   6 C   5s  :     0.39)                              
               (   6 C   6s  :     1.02) (   6 C   3p+1:     2.16) (   6 C   3p-1:    -0.80)                              
               (   6 C   3d+1:    -0.15) (   6 C   3d+2:    -0.25) (   6 C   3d-2:    -1.67)                              
               (   6 C   3d0 :    -0.26) (   7 C   4s  :    -0.22) (   7 C   5s  :    -0.96)                              
               (   7 C   6s  :     1.30) (   7 C   3p+1:    -0.83) (   7 C   3p-1:    -2.83)                              
               (   7 C   3d+2:     0.89) (   7 C   3d-1:     0.24) (   7 C   3d-2:     0.58)                              
               (   7 C   3d0 :    -0.35) (   8 C   6s  :     0.18) (   8 C   3p+1:     2.67)                              
               (   8 C   3p-1:    -1.92) (   8 C   3d+2:    -1.41) (   8 C   3d-2:     0.73)                              
               (   8 C   3d0 :    -0.16) (   9 C   5s  :    -1.29) (   9 C   6s  :     1.97)                              
               (   9 C   1p0 :     0.16) (   9 C   3p+1:    -1.55) (   9 C   3p0 :     0.20)                              
               (   9 C   3d+2:    -0.29) (   9 C   3d-2:     0.43) (  10 H   3s  :    -1.69)                              
               (  10 H   2p+1:     0.20) (  10 H   2p-1:    -0.29) (  11 H   3s  :    -0.17)                              
               (  11 H   2p+1:     0.75) (  12 H   3s  :    -1.27) (  12 H   2p+1:     0.16)                              
               (  12 H   2p-1:    -0.28) (  13 H   3s  :    -1.91) (  13 H   2p+1:     0.60)                              
               (  14 H   3s  :    -1.11) (  14 H   2p+1:    -0.24)                                                        
                                                                                                                          
               Molecular Orbital No.  35:                                                                                 
               --------------------------                                                                                 
               Occupation: 0.000 Energy:    0.04179 a.u.                                                                  
               (   1 O   5s  :    -0.86) (   1 O   6s  :    -6.77) (   1 O   3p-1:    -0.28)                              
               (   1 O   4p+1:    -0.77) (   1 O   4p-1:    -1.03) (   2 N   5s  :    -1.47)                              
               (   2 N   6s  :    -0.74) (   2 N   3p+1:    -0.46) (   2 N   3p-1:     0.55)                              
               (   3 C   5s  :    -7.64) (   3 C   6s  :     3.29) (   3 C   3p+1:     0.96)                              
               (   3 C   3p-1:     1.60) (   3 C   3d+2:     0.78) (   3 C   3d-2:     3.28)                              
               (   4 C   5s  :    -1.75) (   4 C   6s  :     1.60) (   4 C   3p+1:    -4.86)                              
               (   4 C   3p0 :     0.29) (   4 C   3d+1:     0.17) (   4 C   3d+2:    -1.88)                              
               (   4 C   3d-2:     1.66) (   4 C   3d0 :    -0.29) (   5 C   5s  :     1.74)                              
               (   5 C   6s  :     0.35) (   5 C   3p+1:    -3.56) (   5 C   3p-1:    -0.85)                              
               (   5 C   3p0 :    -0.25) (   5 C   3d+1:     0.18) (   5 C   3d+2:     1.20)                              
               (   5 C   3d-2:    -1.29) (   6 C   5s  :     0.31) (   6 C   6s  :    -0.99)                              
               (   6 C   3p+1:     0.19) (   6 C   3p-1:    -2.83) (   6 C   3p0 :    -0.32)                              
               (   6 C   3d+2:    -0.27) (   6 C   3d-2:     1.60) (   7 C   4s  :     0.40)                              
               (   7 C   5s  :     2.18) (   7 C   6s  :    -2.36) (   7 C   3p+1:    -1.91)                              
               (   7 C   3p-1:    -1.36) (   7 C   3d+2:     0.87) (   7 C   3d-2:     0.50)                              
               (   7 C   3d0 :     0.21) (   8 C   4s  :     0.43) (   8 C   5s  :     2.16)                              
               (   8 C   6s  :    -1.28) (   8 C   3p+1:    -0.98) (   8 C   3p-1:    -1.21)                              
               (   8 C   3d-2:    -0.36) (   8 C   3d0 :     0.47) (   9 C   5s  :     4.27)                              
               (   9 C   6s  :     2.76) (   9 C   2p+1:     0.19) (   9 C   3p+1:     0.80)                              
               (   9 C   3d+2:     0.28) (   9 C   3d-2:     0.58) (   9 C   3d0 :    -0.39)                              
               (  10 H   3s  :     1.17) (  10 H   2p+1:    -0.49) (  11 H   3s  :     1.86)                              
               (  11 H   2p+1:    -0.90) (  11 H   2p-1:    -0.36) (  12 H   3s  :     0.93)                              
               (  12 H   2p+1:    -0.33) (  13 H   3s  :     2.47) (  13 H   2p+1:    -0.44)                              
               (  13 H   2p-1:    -0.18) (  14 H   3s  :    -1.76) (  14 H   2p+1:    -0.27)                              
                                                                                                                          
               Molecular Orbital No.  36:                                                                                 
               --------------------------                                                                                 
               Occupation: 0.000 Energy:    0.05284 a.u.                                                                  
               (   1 O   6s  :     0.71) (   1 O   4p+1:     0.26) (   1 O   4p-1:     0.46)                              
               (   2 N   5s  :     0.17) (   2 N   6s  :     1.25) (   3 C   5s  :     7.05)                              
               (   3 C   6s  :     4.59) (   3 C   3p+1:    -0.98) (   3 C   3p-1:     0.90)                              
               (   3 C   3p0 :    -0.31) (   3 C   3d+2:    -2.22) (   3 C   3d-1:    -0.29)                              
               (   3 C   3d-2:    -0.77) (   3 C   3d0 :    -0.24) (   4 C   5s  :     1.75)                              
               (   4 C   6s  :    -4.39) (   4 C   2p-1:     0.20) (   4 C   3p+1:     4.80)                              
               (   4 C   3p-1:     3.43) (   4 C   3p0 :     0.15) (   4 C   3d+2:     2.53)                              
               (   4 C   3d-1:    -0.29) (   4 C   3d-2:     0.94) (   4 C   3d0 :    -0.23)                              
               (   5 C   4s  :     0.76) (   5 C   5s  :     4.44) (   5 C   6s  :    -5.56)                              
               (   5 C   3p+1:     1.89) (   5 C   3p-1:     3.21) (   5 C   3d+2:    -1.39)                              
               (   5 C   3d-2:    -0.17) (   5 C   3d0 :     0.40) (   6 C   4s  :    -0.84)                              
               (   6 C   5s  :   -10.01) (   6 C   6s  :     5.54) (   6 C   3p+1:     2.02)                              
               (   6 C   3p-1:     3.81) (   6 C   3p0 :     0.18) (   6 C   3d+1:    -0.22)                              
               (   6 C   3d+2:     0.62) (   6 C   3d-2:    -1.89) (   6 C   3d0 :    -0.38)                              
               (   7 C   4s  :     0.18) (   7 C   5s  :     6.75) (   7 C   2p+1:     0.17)                              
               (   7 C   2p-1:     0.17) (   7 C   3p+1:     0.41) (   7 C   3p-1:     5.48)                              
               (   7 C   3p0 :    -0.34) (   7 C   3d+2:    -2.59) (   7 C   3d-2:    -1.50)                              
               (   7 C   3d0 :     0.33) (   8 C   4s  :    -0.33) (   8 C   5s  :   -11.49)                              
               (   8 C   6s  :     0.67) (   8 C   3p+1:     2.19) (   8 C   3p-1:     5.04)                              
               (   8 C   3d+2:     1.97) (   8 C   3d-1:     0.16) (   8 C   3d-2:    -0.59)                              
               (   8 C   3d0 :    -0.36) (   9 C   4s  :    -0.22) (   9 C   5s  :     0.57)                              
               (   9 C   6s  :     0.85) (   9 C   3p+1:    -1.16) (   9 C   3p-1:    -1.02)                              
               (   9 C   3d+2:     0.55) (   9 C   3d0 :    -0.36) (  10 H   3s  :     0.94)                              
               (  10 H   2p+1:    -0.27) (  10 H   2p-1:     0.31) (  11 H   3s  :    -1.42)                              
               (  11 H   2p+1:     0.95) (  12 H   3s  :     2.26) (  12 H   2p+1:    -0.16)                              
               (  12 H   2p-1:     0.83) (  13 H   3s  :    -3.37) (  13 H   2p+1:     0.17)                              
               (  13 H   2p-1:     0.92) (  14 H   3s  :    -2.63) (  14 H   2p+1:    -0.40)                              
                                                                                                                          
                                                                                                                          
                                                Ground State Dipole Moment                                                
                                               ----------------------------                                               
                                                                                                                          
                                   X   :         0.293684 a.u.         0.746471 Debye                                     
                                   Y   :        -0.502312 a.u.        -1.276749 Debye                                     
                                   Z   :         0.028307 a.u.         0.071949 Debye                                     
                                 Total :         0.582554 a.u.         1.480704 Debye                                     
                                                                                                                          
                                                                                                                          
                                            Linear Response EigenSolver Setup                                             
                                           ===================================                                            
                                                                                                                          
                               Number of States                : 75                                                       
                               Max. Number of Iterations       : 150                                                      
                               Convergence Threshold           : 1.0e-04                                                  
                               ERI Screening Threshold         : 1.0e-13                                                  
                               Exchange-Correlation Functional : CAM-B3LYP                                                
                               Molecular Grid Level            : 4                                                        
                                                                                                                          
* Info * Using the CAM-B3LYP functional.                                                                                  
                                                                                                                          
         T. Yanai, D. P. Tew, and N. C. Handy.,  Chem. Phys. Lett. 393, 51 (2004)
                                                                                                                          
* Info * Using the Libxc library (v7.0.0).                                                                                
                                                                                                                          
         S. Lehtola, C. Steigemann, M. J.T. Oliveira, and M. A.L. Marques.,  SoftwareX 7, 1–5 (2018)
                                                                                                                          
* Info * Using the following algorithm for XC numerical integration.                                                      
                                                                                                                          
         J. Kussmann, H. Laqua and C. Ochsenfeld, J. Chem. Theory Comput. 2021, 17, 1512-1521
                                                                                                                          
* Info * Molecular grid with 207847 points generated in 0.19 sec.                                                         
                                                                                                                          
* Info * Processing 75 Fock builds...                                                                                     
                                                                                                                          
* Info * 75 gerade trial vectors in reduced space                                                                         
* Info * 75 ungerade trial vectors in reduced space                                                                       
                                                                                                                          
* Info * 68.16 kB of memory used for subspace procedure on the master node                                                
* Info * 337.84 GB of memory available for the solver on the master node                                                  
                                                                                                                          
               *** Iteration:   1 * Residuals (Max,Min): 1.49e-01 and 3.84e-02                                            
                                                                                                                          
               Excitation 1   :     10.08023455 Residual Norm: 0.12661161                                                 
               Excitation 2   :     10.10052257 Residual Norm: 0.10693269                                                 
               Excitation 3   :     10.10509707 Residual Norm: 0.12645073                                                 
               Excitation 4   :     10.11320814 Residual Norm: 0.08768723                                                 
               Excitation 5   :     10.12317468 Residual Norm: 0.07992389                                                 
               Excitation 6   :     10.13918714 Residual Norm: 0.11027146                                                 
               Excitation 7   :     10.13981341 Residual Norm: 0.10213063                                                 
               Excitation 8   :     10.14240382 Residual Norm: 0.07043495                                                 
               Excitation 9   :     10.15526377 Residual Norm: 0.08779556                                                 
               Excitation 10  :     10.15766643 Residual Norm: 0.07544822                                                 
               Excitation 11  :     10.16013292 Residual Norm: 0.10792072                                                 
               Excitation 12  :     10.17362153 Residual Norm: 0.11660840                                                 
               Excitation 13  :     10.17567942 Residual Norm: 0.13039835                                                 
               Excitation 14  :     10.17764535 Residual Norm: 0.14589729                                                 
               Excitation 15  :     10.18405972 Residual Norm: 0.05967327                                                 
               Excitation 16  :     10.18666167 Residual Norm: 0.10947620                                                 
               Excitation 17  :     10.18692786 Residual Norm: 0.09450042                                                 
               Excitation 18  :     10.18805705 Residual Norm: 0.13363613                                                 
               Excitation 19  :     10.19690061 Residual Norm: 0.14852013                                                 
               Excitation 20  :     10.20091194 Residual Norm: 0.06184130                                                 
               Excitation 21  :     10.20988328 Residual Norm: 0.05888262                                                 
               Excitation 22  :     10.21070665 Residual Norm: 0.06839933                                                 
               Excitation 23  :     10.21205090 Residual Norm: 0.06645016                                                 
               Excitation 24  :     10.21445485 Residual Norm: 0.07072025                                                 
               Excitation 25  :     10.21480577 Residual Norm: 0.07452823                                                 
               Excitation 26  :     10.21566770 Residual Norm: 0.08191804                                                 
               Excitation 27  :     10.21796886 Residual Norm: 0.04739706                                                 
               Excitation 28  :     10.21939907 Residual Norm: 0.06385885                                                 
               Excitation 29  :     10.22326319 Residual Norm: 0.05497074                                                 
               Excitation 30  :     10.22618118 Residual Norm: 0.05334688                                                 
               Excitation 31  :     10.22955800 Residual Norm: 0.07711977                                                 
               Excitation 32  :     10.23093058 Residual Norm: 0.04463384                                                 
               Excitation 33  :     10.23620633 Residual Norm: 0.08057027                                                 
               Excitation 34  :     10.23780047 Residual Norm: 0.05912300                                                 
               Excitation 35  :     10.23830306 Residual Norm: 0.07727950                                                 
               Excitation 36  :     10.24181628 Residual Norm: 0.05916008                                                 
               Excitation 37  :     10.24529222 Residual Norm: 0.03837102                                                 
               Excitation 38  :     10.24835702 Residual Norm: 0.05585062                                                 
               Excitation 39  :     10.24849406 Residual Norm: 0.08597314                                                 
               Excitation 40  :     10.24907023 Residual Norm: 0.06142035                                                 
               Excitation 41  :     10.24917948 Residual Norm: 0.06888431                                                 
               Excitation 42  :     10.25180070 Residual Norm: 0.06925601                                                 
               Excitation 43  :     10.25303601 Residual Norm: 0.05058294                                                 
               Excitation 44  :     10.25537852 Residual Norm: 0.04723949                                                 
               Excitation 45  :     10.25621105 Residual Norm: 0.05317643                                                 
               Excitation 46  :     10.25716459 Residual Norm: 0.06766128                                                 
               Excitation 47  :     10.25916212 Residual Norm: 0.06821420                                                 
               Excitation 48  :     10.26244525 Residual Norm: 0.06282852                                                 
               Excitation 49  :     10.26685890 Residual Norm: 0.06003577                                                 
               Excitation 50  :     10.27064590 Residual Norm: 0.05973613                                                 
               Excitation 51  :     10.27274109 Residual Norm: 0.05128103                                                 
               Excitation 52  :     10.27350050 Residual Norm: 0.04793845                                                 
               Excitation 53  :     10.27420467 Residual Norm: 0.04607137                                                 
               Excitation 54  :     10.27421553 Residual Norm: 0.04668987                                                 
               Excitation 55  :     10.27497711 Residual Norm: 0.05040338                                                 
               Excitation 56  :     10.27540768 Residual Norm: 0.06767702                                                 
               Excitation 57  :     10.27554456 Residual Norm: 0.05077713                                                 
               Excitation 58  :     10.27704393 Residual Norm: 0.05136959                                                 
               Excitation 59  :     10.27950593 Residual Norm: 0.04929779                                                 
               Excitation 60  :     10.28381095 Residual Norm: 0.05599213                                                 
               Excitation 61  :     10.28658995 Residual Norm: 0.06188316                                                 
               Excitation 62  :     10.28945617 Residual Norm: 0.06434704                                                 
               Excitation 63  :     10.29079241 Residual Norm: 0.06435303                                                 
               Excitation 64  :     10.29165201 Residual Norm: 0.06435373                                                 
               Excitation 65  :     10.29260399 Residual Norm: 0.06068513                                                 
               Excitation 66  :     10.29381164 Residual Norm: 0.04772341                                                 
               Excitation 67  :     10.29739907 Residual Norm: 0.05750224                                                 
               Excitation 68  :     10.29895186 Residual Norm: 0.04406590                                                 
               Excitation 69  :     10.30034932 Residual Norm: 0.04736824                                                 
               Excitation 70  :     10.30283362 Residual Norm: 0.05396374                                                 
               Excitation 71  :     10.30322903 Residual Norm: 0.05500939                                                 
               Excitation 72  :     10.30804781 Residual Norm: 0.05877781                                                 
               Excitation 73  :     10.30840574 Residual Norm: 0.04940168                                                 
               Excitation 74  :     10.31223022 Residual Norm: 0.04738822                                                 
               Excitation 75  :     10.31533949 Residual Norm: 0.07757236                                                 
                                                                                                                          
* Info * Processing 75 Fock builds...                                                                                     
                                                                                                                          
* Info * 150 gerade trial vectors in reduced space                                                                        
* Info * 150 ungerade trial vectors in reduced space                                                                      
                                                                                                                          
* Info * 108.96 kB of memory used for subspace procedure on the master node                                               
* Info * 336.54 GB of memory available for the solver on the master node                                                  
                                                                                                                          
               *** Iteration:   2 * Residuals (Max,Min): 7.10e-02 and 7.95e-03                                            
                                                                                                                          
               Excitation 1   :     10.06791210 Residual Norm: 0.02230303                                                 
               Excitation 2   :     10.09150721 Residual Norm: 0.02078584                                                 
               Excitation 3   :     10.09244014 Residual Norm: 0.02266344                                                 
               Excitation 4   :     10.10680432 Residual Norm: 0.01543408                                                 
               Excitation 5   :     10.11860686 Residual Norm: 0.01329429                                                 
               Excitation 6   :     10.12951856 Residual Norm: 0.02330368                                                 
               Excitation 7   :     10.13320076 Residual Norm: 0.01954588                                                 
               Excitation 8   :     10.13909880 Residual Norm: 0.00795274                                                 
               Excitation 9   :     10.14856869 Residual Norm: 0.02223696                                                 
               Excitation 10  :     10.15055419 Residual Norm: 0.02292752                                                 
               Excitation 11  :     10.15453685 Residual Norm: 0.01084219                                                 
               Excitation 12  :     10.16570343 Residual Norm: 0.07095803                                                 
               Excitation 13  :     10.16668141 Residual Norm: 0.04559096                                                 
               Excitation 14  :     10.16700787 Residual Norm: 0.06246773                                                 
               Excitation 15  :     10.16810328 Residual Norm: 0.04885807                                                 
               Excitation 16  :     10.17394767 Residual Norm: 0.02650018                                                 
               Excitation 17  :     10.18041221 Residual Norm: 0.05785525                                                 
               Excitation 18  :     10.18051505 Residual Norm: 0.02090563                                                 
               Excitation 19  :     10.18140391 Residual Norm: 0.01076367                                                 
               Excitation 20  :     10.19515072 Residual Norm: 0.01374738                                                 
               Excitation 21  :     10.20462149 Residual Norm: 0.02203862                                                 
               Excitation 22  :     10.20501570 Residual Norm: 0.01311580                                                 
               Excitation 23  :     10.20677032 Residual Norm: 0.02509472                                                 
               Excitation 24  :     10.20784387 Residual Norm: 0.02394505                                                 
               Excitation 25  :     10.20850810 Residual Norm: 0.02079927                                                 
               Excitation 26  :     10.21048928 Residual Norm: 0.03413412                                                 
               Excitation 27  :     10.21447398 Residual Norm: 0.01716581                                                 
               Excitation 28  :     10.21578460 Residual Norm: 0.01230857                                                 
               Excitation 29  :     10.21923880 Residual Norm: 0.01244178                                                 
               Excitation 30  :     10.22237573 Residual Norm: 0.01975331                                                 
               Excitation 31  :     10.22400062 Residual Norm: 0.03232891                                                 
               Excitation 32  :     10.22674928 Residual Norm: 0.02453532                                                 
               Excitation 33  :     10.23091399 Residual Norm: 0.02691577                                                 
               Excitation 34  :     10.23114824 Residual Norm: 0.03111329                                                 
               Excitation 35  :     10.23256261 Residual Norm: 0.01966492                                                 
               Excitation 36  :     10.23709875 Residual Norm: 0.01656499                                                 
               Excitation 37  :     10.24242631 Residual Norm: 0.02860023                                                 
               Excitation 38  :     10.24268408 Residual Norm: 0.01233559                                                 
               Excitation 39  :     10.24323141 Residual Norm: 0.02743522                                                 
               Excitation 40  :     10.24439658 Residual Norm: 0.01888950                                                 
               Excitation 41  :     10.24451821 Residual Norm: 0.01641168                                                 
               Excitation 42  :     10.24538877 Residual Norm: 0.03614404                                                 
               Excitation 43  :     10.24905765 Residual Norm: 0.02983439                                                 
               Excitation 44  :     10.24925402 Residual Norm: 0.01529667                                                 
               Excitation 45  :     10.25136898 Residual Norm: 0.02192316                                                 
               Excitation 46  :     10.25267919 Residual Norm: 0.03139386                                                 
               Excitation 47  :     10.25344497 Residual Norm: 0.03499942                                                 
               Excitation 48  :     10.25533484 Residual Norm: 0.03160660                                                 
               Excitation 49  :     10.26053363 Residual Norm: 0.04694415                                                 
               Excitation 50  :     10.26246403 Residual Norm: 0.04442227                                                 
               Excitation 51  :     10.26658896 Residual Norm: 0.03171765                                                 
               Excitation 52  :     10.26696181 Residual Norm: 0.04152491                                                 
               Excitation 53  :     10.26741765 Residual Norm: 0.01487163                                                 
               Excitation 54  :     10.26774691 Residual Norm: 0.04376394                                                 
               Excitation 55  :     10.26781378 Residual Norm: 0.02082055                                                 
               Excitation 56  :     10.26968817 Residual Norm: 0.02361979                                                 
               Excitation 57  :     10.27051603 Residual Norm: 0.03904675                                                 
               Excitation 58  :     10.27058018 Residual Norm: 0.02658148                                                 
               Excitation 59  :     10.27273787 Residual Norm: 0.01674872                                                 
               Excitation 60  :     10.27645033 Residual Norm: 0.03612132                                                 
               Excitation 61  :     10.27725826 Residual Norm: 0.03561025                                                 
               Excitation 62  :     10.27921089 Residual Norm: 0.05276439                                                 
               Excitation 63  :     10.27930440 Residual Norm: 0.05744078                                                 
               Excitation 64  :     10.27975878 Residual Norm: 0.01697678                                                 
               Excitation 65  :     10.28302543 Residual Norm: 0.02281687                                                 
               Excitation 66  :     10.28832654 Residual Norm: 0.03333854                                                 
               Excitation 67  :     10.28849780 Residual Norm: 0.05341484                                                 
               Excitation 68  :     10.28868179 Residual Norm: 0.02037669                                                 
               Excitation 69  :     10.29373444 Residual Norm: 0.05280644                                                 
               Excitation 70  :     10.29511843 Residual Norm: 0.04962134                                                 
               Excitation 71  :     10.29561380 Residual Norm: 0.03009258                                                 
               Excitation 72  :     10.29576594 Residual Norm: 0.06366859                                                 
               Excitation 73  :     10.29757578 Residual Norm: 0.02101290                                                 
               Excitation 74  :     10.30221031 Residual Norm: 0.02462823                                                 
               Excitation 75  :     10.30757180 Residual Norm: 0.02413286                                                 
                                                                                                                          
* Info * Processing 75 Fock builds...                                                                                     
                                                                                                                          
* Info * 225 gerade trial vectors in reduced space                                                                        
* Info * 225 ungerade trial vectors in reduced space                                                                      
                                                                                                                          
* Info * 149.76 kB of memory used for subspace procedure on the master node                                               
* Info * 335.24 GB of memory available for the solver on the master node                                                  
                                                                                                                          
               *** Iteration:   3 * Residuals (Max,Min): 6.04e-02 and 1.17e-03                                            
                                                                                                                          
               Excitation 1   :     10.06780936 Residual Norm: 0.00319373                                                 
               Excitation 2   :     10.09140654 Residual Norm: 0.00335562                                                 
               Excitation 3   :     10.09232862 Residual Norm: 0.00370022                                                 
               Excitation 4   :     10.10675069 Residual Norm: 0.00237836                                                 
               Excitation 5   :     10.11854759 Residual Norm: 0.00291629                                                 
               Excitation 6   :     10.12942887 Residual Norm: 0.00363464                                                 
               Excitation 7   :     10.13308933 Residual Norm: 0.00369876                                                 
               Excitation 8   :     10.13907687 Residual Norm: 0.00117137                                                 
               Excitation 9   :     10.14840201 Residual Norm: 0.00622871                                                 
               Excitation 10  :     10.15040481 Residual Norm: 0.00474441                                                 
               Excitation 11  :     10.15451747 Residual Norm: 0.00176055                                                 
               Excitation 12  :     10.16541651 Residual Norm: 0.01723106                                                 
               Excitation 13  :     10.16567119 Residual Norm: 0.00903982                                                 
               Excitation 14  :     10.16677578 Residual Norm: 0.01442042                                                 
               Excitation 15  :     10.16801174 Residual Norm: 0.00773466                                                 
               Excitation 16  :     10.17366038 Residual Norm: 0.00745805                                                 
               Excitation 17  :     10.18020917 Residual Norm: 0.01059349                                                 
               Excitation 18  :     10.18034518 Residual Norm: 0.00514927                                                 
               Excitation 19  :     10.18133504 Residual Norm: 0.00236590                                                 
               Excitation 20  :     10.19497179 Residual Norm: 0.00477729                                                 
               Excitation 21  :     10.20427150 Residual Norm: 0.00547062                                                 
               Excitation 22  :     10.20490639 Residual Norm: 0.00455021                                                 
               Excitation 23  :     10.20668503 Residual Norm: 0.00364070                                                 
               Excitation 24  :     10.20768198 Residual Norm: 0.00610301                                                 
               Excitation 25  :     10.20839798 Residual Norm: 0.00541823                                                 
               Excitation 26  :     10.21037891 Residual Norm: 0.00783407                                                 
               Excitation 27  :     10.21429850 Residual Norm: 0.00536110                                                 
               Excitation 28  :     10.21568936 Residual Norm: 0.00402756                                                 
               Excitation 29  :     10.21915476 Residual Norm: 0.00245181                                                 
               Excitation 30  :     10.22217555 Residual Norm: 0.00424525                                                 
               Excitation 31  :     10.22385376 Residual Norm: 0.00689633                                                 
               Excitation 32  :     10.22636193 Residual Norm: 0.00655481                                                 
               Excitation 33  :     10.22990648 Residual Norm: 0.01429132                                                 
               Excitation 34  :     10.23077559 Residual Norm: 0.00580956                                                 
               Excitation 35  :     10.23223993 Residual Norm: 0.00527556                                                 
               Excitation 36  :     10.23685325 Residual Norm: 0.00298147                                                 
               Excitation 37  :     10.24219153 Residual Norm: 0.00817588                                                 
               Excitation 38  :     10.24251908 Residual Norm: 0.00349051                                                 
               Excitation 39  :     10.24258701 Residual Norm: 0.00643930                                                 
               Excitation 40  :     10.24398470 Residual Norm: 0.00571344                                                 
               Excitation 41  :     10.24421886 Residual Norm: 0.01091654                                                 
               Excitation 42  :     10.24497967 Residual Norm: 0.01365693                                                 
               Excitation 43  :     10.24825781 Residual Norm: 0.00717509                                                 
               Excitation 44  :     10.24893314 Residual Norm: 0.00622793                                                 
               Excitation 45  :     10.25104683 Residual Norm: 0.00944579                                                 
               Excitation 46  :     10.25149463 Residual Norm: 0.01231512                                                 
               Excitation 47  :     10.25272978 Residual Norm: 0.01368984                                                 
               Excitation 48  :     10.25495197 Residual Norm: 0.00591555                                                 
               Excitation 49  :     10.25814832 Residual Norm: 0.02287045                                                 
               Excitation 50  :     10.25914819 Residual Norm: 0.02327326                                                 
               Excitation 51  :     10.26215600 Residual Norm: 0.02713288                                                 
               Excitation 52  :     10.26466381 Residual Norm: 0.01982096                                                 
               Excitation 53  :     10.26539332 Residual Norm: 0.01931966                                                 
               Excitation 54  :     10.26730233 Residual Norm: 0.00798139                                                 
               Excitation 55  :     10.26739118 Residual Norm: 0.00889984                                                 
               Excitation 56  :     10.26808949 Residual Norm: 0.01513788                                                 
               Excitation 57  :     10.26918468 Residual Norm: 0.01259366                                                 
               Excitation 58  :     10.27018767 Residual Norm: 0.00607570                                                 
               Excitation 59  :     10.27228873 Residual Norm: 0.01247189                                                 
               Excitation 60  :     10.27236292 Residual Norm: 0.06036626                                                 
               Excitation 61  :     10.27424419 Residual Norm: 0.01659151                                                 
               Excitation 62  :     10.27625490 Residual Norm: 0.01939606                                                 
               Excitation 63  :     10.27816342 Residual Norm: 0.01914833                                                 
               Excitation 64  :     10.27960537 Residual Norm: 0.00897425                                                 
               Excitation 65  :     10.28103145 Residual Norm: 0.04548785                                                 
               Excitation 66  :     10.28236115 Residual Norm: 0.01124479                                                 
               Excitation 67  :     10.28634468 Residual Norm: 0.02270096                                                 
               Excitation 68  :     10.28834508 Residual Norm: 0.01874196                                                 
               Excitation 69  :     10.28994434 Residual Norm: 0.02541731                                                 
               Excitation 70  :     10.29211801 Residual Norm: 0.01925303                                                 
               Excitation 71  :     10.29284293 Residual Norm: 0.05263587                                                 
               Excitation 72  :     10.29332655 Residual Norm: 0.02621574                                                 
               Excitation 73  :     10.29619326 Residual Norm: 0.04823672                                                 
               Excitation 74  :     10.29635833 Residual Norm: 0.02879175                                                 
               Excitation 75  :     10.29906915 Residual Norm: 0.03922202                                                 
                                                                                                                          
* Info * Processing 75 Fock builds...                                                                                     
                                                                                                                          
* Info * 300 gerade trial vectors in reduced space                                                                        
* Info * 300 ungerade trial vectors in reduced space                                                                      
                                                                                                                          
* Info * 190.72 kB of memory used for subspace procedure on the master node                                               
* Info * 334.07 GB of memory available for the solver on the master node                                                  
                                                                                                                          
               *** Iteration:   4 * Residuals (Max,Min): 8.81e-02 and 9.21e-05                                            
                                                                                                                          
               Excitation 1   :     10.06780902 Residual Norm: 0.00020690                                                 
               Excitation 2   :     10.09140583 Residual Norm: 0.00049300                                                 
               Excitation 3   :     10.09232808 Residual Norm: 0.00035620                                                 
               Excitation 4   :     10.10675041 Residual Norm: 0.00020835                                                 
               Excitation 5   :     10.11854737 Residual Norm: 0.00020652                                                 
               Excitation 6   :     10.12942819 Residual Norm: 0.00031779                                                 
               Excitation 7   :     10.13308814 Residual Norm: 0.00048317                                                 
               Excitation 8   :     10.13907669 Residual Norm: 0.00009207   converged                                     
               Excitation 9   :     10.14840050 Residual Norm: 0.00047121                                                 
               Excitation 10  :     10.15040381 Residual Norm: 0.00084276                                                 
               Excitation 11  :     10.15451717 Residual Norm: 0.00011273                                                 
               Excitation 12  :     10.16540770 Residual Norm: 0.00095364                                                 
               Excitation 13  :     10.16566332 Residual Norm: 0.00201105                                                 
               Excitation 14  :     10.16676846 Residual Norm: 0.00104353                                                 
               Excitation 15  :     10.16800936 Residual Norm: 0.00034351                                                 
               Excitation 16  :     10.17365794 Residual Norm: 0.00068371                                                 
               Excitation 17  :     10.18020293 Residual Norm: 0.00055664                                                 
               Excitation 18  :     10.18034252 Residual Norm: 0.00091997                                                 
               Excitation 19  :     10.18133405 Residual Norm: 0.00020966                                                 
               Excitation 20  :     10.19496568 Residual Norm: 0.00072743                                                 
               Excitation 21  :     10.20425936 Residual Norm: 0.00098793                                                 
               Excitation 22  :     10.20490428 Residual Norm: 0.00052409                                                 
               Excitation 23  :     10.20668347 Residual Norm: 0.00039849                                                 
               Excitation 24  :     10.20767875 Residual Norm: 0.00049979                                                 
               Excitation 25  :     10.20839646 Residual Norm: 0.00063673                                                 
               Excitation 26  :     10.21037605 Residual Norm: 0.00068737                                                 
               Excitation 27  :     10.21429318 Residual Norm: 0.00069761                                                 
               Excitation 28  :     10.21568662 Residual Norm: 0.00065537                                                 
               Excitation 29  :     10.21915147 Residual Norm: 0.00064803                                                 
               Excitation 30  :     10.22217256 Residual Norm: 0.00056383                                                 
               Excitation 31  :     10.22384921 Residual Norm: 0.00065447                                                 
               Excitation 32  :     10.22635250 Residual Norm: 0.00081084                                                 
               Excitation 33  :     10.22987446 Residual Norm: 0.00258312                                                 
               Excitation 34  :     10.23076775 Residual Norm: 0.00093644                                                 
               Excitation 35  :     10.23222919 Residual Norm: 0.00105125                                                 
               Excitation 36  :     10.23684891 Residual Norm: 0.00060363                                                 
               Excitation 37  :     10.24218254 Residual Norm: 0.00166980                                                 
               Excitation 38  :     10.24251463 Residual Norm: 0.00059838                                                 
               Excitation 39  :     10.24256661 Residual Norm: 0.00149190                                                 
               Excitation 40  :     10.24396992 Residual Norm: 0.00119979                                                 
               Excitation 41  :     10.24420901 Residual Norm: 0.00164633                                                 
               Excitation 42  :     10.24495911 Residual Norm: 0.00234997                                                 
               Excitation 43  :     10.24823567 Residual Norm: 0.00132084                                                 
               Excitation 44  :     10.24892600 Residual Norm: 0.00112774                                                 
               Excitation 45  :     10.25101884 Residual Norm: 0.00203097                                                 
               Excitation 46  :     10.25139509 Residual Norm: 0.00271097                                                 
               Excitation 47  :     10.25268459 Residual Norm: 0.00361585                                                 
               Excitation 48  :     10.25492821 Residual Norm: 0.00191288                                                 
               Excitation 49  :     10.25786183 Residual Norm: 0.00518194                                                 
               Excitation 50  :     10.25899727 Residual Norm: 0.00773994                                                 
               Excitation 51  :     10.26187116 Residual Norm: 0.00776749                                                 
               Excitation 52  :     10.26444415 Residual Norm: 0.00517485                                                 
               Excitation 53  :     10.26528245 Residual Norm: 0.00333692                                                 
               Excitation 54  :     10.26728513 Residual Norm: 0.01017530                                                 
               Excitation 55  :     10.26734795 Residual Norm: 0.00210616                                                 
               Excitation 56  :     10.26800592 Residual Norm: 0.00199277                                                 
               Excitation 57  :     10.26915991 Residual Norm: 0.00283649                                                 
               Excitation 58  :     10.26996319 Residual Norm: 0.08805907                                                 
               Excitation 59  :     10.27017140 Residual Norm: 0.00375683                                                 
               Excitation 60  :     10.27225885 Residual Norm: 0.00301263                                                 
               Excitation 61  :     10.27406610 Residual Norm: 0.00374363                                                 
               Excitation 62  :     10.27614184 Residual Norm: 0.00703608                                                 
               Excitation 63  :     10.27802221 Residual Norm: 0.00531880                                                 
               Excitation 64  :     10.27959087 Residual Norm: 0.00307762                                                 
               Excitation 65  :     10.28036336 Residual Norm: 0.01531643                                                 
               Excitation 66  :     10.28228990 Residual Norm: 0.00371053                                                 
               Excitation 67  :     10.28611163 Residual Norm: 0.00620580                                                 
               Excitation 68  :     10.28832134 Residual Norm: 0.00723845                                                 
               Excitation 69  :     10.28962723 Residual Norm: 0.00896142                                                 
               Excitation 70  :     10.29034723 Residual Norm: 0.02204135                                                 
               Excitation 71  :     10.29190232 Residual Norm: 0.00856306                                                 
               Excitation 72  :     10.29301858 Residual Norm: 0.01018362                                                 
               Excitation 73  :     10.29515330 Residual Norm: 0.01330967                                                 
               Excitation 74  :     10.29608761 Residual Norm: 0.01404507                                                 
               Excitation 75  :     10.29822270 Residual Norm: 0.01995149                                                 
                                                                                                                          
* Info * Processing 74 Fock builds...                                                                                     
                                                                                                                          
* Info * 374 gerade trial vectors in reduced space                                                                        
* Info * 374 ungerade trial vectors in reduced space                                                                      
                                                                                                                          
* Info * 230.82 kB of memory used for subspace procedure on the master node                                               
* Info * 335.62 GB of memory available for the solver on the master node                                                  
                                                                                                                          
               *** Iteration:   5 * Residuals (Max,Min): 9.81e-02 and 8.72e-06                                            
                                                                                                                          
               Excitation 1   :     10.06780902 Residual Norm: 0.00000872   converged                                     
               Excitation 2   :     10.09140582 Residual Norm: 0.00002142   converged                                     
               Excitation 3   :     10.09232807 Residual Norm: 0.00002014   converged                                     
               Excitation 4   :     10.10675041 Residual Norm: 0.00001224   converged                                     
               Excitation 5   :     10.11854737 Residual Norm: 0.00001108   converged                                     
               Excitation 6   :     10.12942819 Residual Norm: 0.00002212   converged                                     
               Excitation 7   :     10.13308813 Residual Norm: 0.00002702   converged                                     
               Excitation 8   :     10.13907669 Residual Norm: 0.00003864   converged                                     
               Excitation 9   :     10.14840048 Residual Norm: 0.00003111   converged                                     
               Excitation 10  :     10.15040378 Residual Norm: 0.00007353   converged                                     
               Excitation 11  :     10.15451717 Residual Norm: 0.00001182   converged                                     
               Excitation 12  :     10.16540762 Residual Norm: 0.00005848   converged                                     
               Excitation 13  :     10.16566316 Residual Norm: 0.00037989                                                 
               Excitation 14  :     10.16676836 Residual Norm: 0.00005500   converged                                     
               Excitation 15  :     10.16800934 Residual Norm: 0.00002533   converged                                     
               Excitation 16  :     10.17365791 Residual Norm: 0.00004370   converged                                     
               Excitation 17  :     10.18020287 Residual Norm: 0.00006343   converged                                     
               Excitation 18  :     10.18034245 Residual Norm: 0.00009089   converged                                     
               Excitation 19  :     10.18133404 Residual Norm: 0.00001974   converged                                     
               Excitation 20  :     10.19496562 Residual Norm: 0.00006080   converged                                     
               Excitation 21  :     10.20425917 Residual Norm: 0.00014270                                                 
               Excitation 22  :     10.20490424 Residual Norm: 0.00003729   converged                                     
               Excitation 23  :     10.20668345 Residual Norm: 0.00003342   converged                                     
               Excitation 24  :     10.20767871 Residual Norm: 0.00006683   converged                                     
               Excitation 25  :     10.20839643 Residual Norm: 0.00005100   converged                                     
               Excitation 26  :     10.21037600 Residual Norm: 0.00005891   converged                                     
               Excitation 27  :     10.21429309 Residual Norm: 0.00008685   converged                                     
               Excitation 28  :     10.21568658 Residual Norm: 0.00004778   converged                                     
               Excitation 29  :     10.21915138 Residual Norm: 0.00008686   converged                                     
               Excitation 30  :     10.22217252 Residual Norm: 0.00006783   converged                                     
               Excitation 31  :     10.22384914 Residual Norm: 0.00006887   converged                                     
               Excitation 32  :     10.22635239 Residual Norm: 0.00007995   converged                                     
               Excitation 33  :     10.22987319 Residual Norm: 0.00040768                                                 
               Excitation 34  :     10.23076764 Residual Norm: 0.00009692   converged                                     
               Excitation 35  :     10.23222896 Residual Norm: 0.00015153                                                 
               Excitation 36  :     10.23684884 Residual Norm: 0.00005713   converged                                     
               Excitation 37  :     10.24218217 Residual Norm: 0.00021852                                                 
               Excitation 38  :     10.24251457 Residual Norm: 0.00006669   converged                                     
               Excitation 39  :     10.24256622 Residual Norm: 0.00024670                                                 
               Excitation 40  :     10.24396954 Residual Norm: 0.00014931                                                 
               Excitation 41  :     10.24420856 Residual Norm: 0.00025661                                                 
               Excitation 42  :     10.24495854 Residual Norm: 0.00019084                                                 
               Excitation 43  :     10.24823537 Residual Norm: 0.00012703                                                 
               Excitation 44  :     10.24892572 Residual Norm: 0.00022113                                                 
               Excitation 45  :     10.25101785 Residual Norm: 0.00031400                                                 
               Excitation 46  :     10.25139255 Residual Norm: 0.00059388                                                 
               Excitation 47  :     10.25268319 Residual Norm: 0.00033200                                                 
               Excitation 48  :     10.25492726 Residual Norm: 0.00032617                                                 
               Excitation 49  :     10.25784986 Residual Norm: 0.00078464                                                 
               Excitation 50  :     10.25899075 Residual Norm: 0.00093137                                                 
               Excitation 51  :     10.26186174 Residual Norm: 0.00084207                                                 
               Excitation 52  :     10.26443287 Residual Norm: 0.00083737                                                 
               Excitation 53  :     10.26527927 Residual Norm: 0.00059690                                                 
               Excitation 54  :     10.26727810 Residual Norm: 0.00446548                                                 
               Excitation 55  :     10.26734692 Residual Norm: 0.00025072                                                 
               Excitation 56  :     10.26800475 Residual Norm: 0.00026382                                                 
               Excitation 57  :     10.26915824 Residual Norm: 0.00205637                                                 
               Excitation 58  :     10.26938725 Residual Norm: 0.03221313                                                 
               Excitation 59  :     10.27017066 Residual Norm: 0.00042774                                                 
               Excitation 60  :     10.27225645 Residual Norm: 0.00062584                                                 
               Excitation 61  :     10.27406255 Residual Norm: 0.00046779                                                 
               Excitation 62  :     10.27613473 Residual Norm: 0.00089931                                                 
               Excitation 63  :     10.27801544 Residual Norm: 0.00106228                                                 
               Excitation 64  :     10.27958965 Residual Norm: 0.00068669                                                 
               Excitation 65  :     10.28034128 Residual Norm: 0.00153311                                                 
               Excitation 66  :     10.28228327 Residual Norm: 0.00102999                                                 
               Excitation 67  :     10.28610260 Residual Norm: 0.00077147                                                 
               Excitation 68  :     10.28831878 Residual Norm: 0.00089052                                                 
               Excitation 69  :     10.28961281 Residual Norm: 0.00133051                                                 
               Excitation 70  :     10.29010291 Residual Norm: 0.00440110                                                 
               Excitation 71  :     10.29188177 Residual Norm: 0.00140483                                                 
               Excitation 72  :     10.29299234 Residual Norm: 0.00129760                                                 
               Excitation 73  :     10.29505604 Residual Norm: 0.00276465                                                 
               Excitation 74  :     10.29602613 Residual Norm: 0.00573261                                                 
               Excitation 75  :     10.29637290 Residual Norm: 0.09805462                                                 
                                                                                                                          
* Info * Processing 41 Fock builds...                                                                                     
                                                                                                                          
* Info * 415 gerade trial vectors in reduced space                                                                        
* Info * 415 ungerade trial vectors in reduced space                                                                      
                                                                                                                          
* Info * 253.68 kB of memory used for subspace procedure on the master node                                               
* Info * 342.50 GB of memory available for the solver on the master node                                                  
                                                                                                                          
               *** Iteration:   6 * Residuals (Max,Min): 3.29e-02 and 5.84e-06                                            
                                                                                                                          
               Excitation 1   :     10.06780902 Residual Norm: 0.00000584   converged                                     
               Excitation 2   :     10.09140582 Residual Norm: 0.00001435   converged                                     
               Excitation 3   :     10.09232807 Residual Norm: 0.00001272   converged                                     
               Excitation 4   :     10.10675041 Residual Norm: 0.00000946   converged                                     
               Excitation 5   :     10.11854737 Residual Norm: 0.00000846   converged                                     
               Excitation 6   :     10.12942819 Residual Norm: 0.00001954   converged                                     
               Excitation 7   :     10.13308813 Residual Norm: 0.00002317   converged                                     
               Excitation 8   :     10.13907669 Residual Norm: 0.00003896   converged                                     
               Excitation 9   :     10.14840048 Residual Norm: 0.00002190   converged                                     
               Excitation 10  :     10.15040378 Residual Norm: 0.00004675   converged                                     
               Excitation 11  :     10.15451717 Residual Norm: 0.00000957   converged                                     
               Excitation 12  :     10.16540762 Residual Norm: 0.00003790   converged                                     
               Excitation 13  :     10.16566316 Residual Norm: 0.00002305   converged                                     
               Excitation 14  :     10.16676836 Residual Norm: 0.00002798   converged                                     
               Excitation 15  :     10.16800934 Residual Norm: 0.00001891   converged                                     
               Excitation 16  :     10.17365791 Residual Norm: 0.00003278   converged                                     
               Excitation 17  :     10.18020287 Residual Norm: 0.00003731   converged                                     
               Excitation 18  :     10.18034245 Residual Norm: 0.00006501   converged                                     
               Excitation 19  :     10.18133404 Residual Norm: 0.00001000   converged                                     
               Excitation 20  :     10.19496562 Residual Norm: 0.00003677   converged                                     
               Excitation 21  :     10.20425916 Residual Norm: 0.00003641   converged                                     
               Excitation 22  :     10.20490424 Residual Norm: 0.00001584   converged                                     
               Excitation 23  :     10.20668345 Residual Norm: 0.00002137   converged                                     
               Excitation 24  :     10.20767870 Residual Norm: 0.00003267   converged                                     
               Excitation 25  :     10.20839643 Residual Norm: 0.00002526   converged                                     
               Excitation 26  :     10.21037600 Residual Norm: 0.00001815   converged                                     
               Excitation 27  :     10.21429309 Residual Norm: 0.00003479   converged                                     
               Excitation 28  :     10.21568658 Residual Norm: 0.00003793   converged                                     
               Excitation 29  :     10.21915137 Residual Norm: 0.00001745   converged                                     
               Excitation 30  :     10.22217252 Residual Norm: 0.00004636   converged                                     
               Excitation 31  :     10.22384914 Residual Norm: 0.00003371   converged                                     
               Excitation 32  :     10.22635239 Residual Norm: 0.00003028   converged                                     
               Excitation 33  :     10.22987317 Residual Norm: 0.00005394   converged                                     
               Excitation 34  :     10.23076763 Residual Norm: 0.00005286   converged                                     
               Excitation 35  :     10.23222896 Residual Norm: 0.00002400   converged                                     
               Excitation 36  :     10.23684884 Residual Norm: 0.00002595   converged                                     
               Excitation 37  :     10.24218217 Residual Norm: 0.00002970   converged                                     
               Excitation 38  :     10.24251456 Residual Norm: 0.00002165   converged                                     
               Excitation 39  :     10.24256621 Residual Norm: 0.00002990   converged                                     
               Excitation 40  :     10.24396954 Residual Norm: 0.00002055   converged                                     
               Excitation 41  :     10.24420855 Residual Norm: 0.00003479   converged                                     
               Excitation 42  :     10.24495854 Residual Norm: 0.00001998   converged                                     
               Excitation 43  :     10.24823537 Residual Norm: 0.00001261   converged                                     
               Excitation 44  :     10.24892571 Residual Norm: 0.00003393   converged                                     
               Excitation 45  :     10.25101784 Residual Norm: 0.00003808   converged                                     
               Excitation 46  :     10.25139248 Residual Norm: 0.00006511   converged                                     
               Excitation 47  :     10.25268318 Residual Norm: 0.00003002   converged                                     
               Excitation 48  :     10.25492724 Residual Norm: 0.00003795   converged                                     
               Excitation 49  :     10.25784970 Residual Norm: 0.00010472                                                 
               Excitation 50  :     10.25899060 Residual Norm: 0.00012334                                                 
               Excitation 51  :     10.26186163 Residual Norm: 0.00007817   converged                                     
               Excitation 52  :     10.26443271 Residual Norm: 0.00010521                                                 
               Excitation 53  :     10.26527919 Residual Norm: 0.00007687   converged                                     
               Excitation 54  :     10.26727752 Residual Norm: 0.00077810                                                 
               Excitation 55  :     10.26734691 Residual Norm: 0.00002794   converged                                     
               Excitation 56  :     10.26800473 Residual Norm: 0.00003001   converged                                     
               Excitation 57  :     10.26915802 Residual Norm: 0.00049988                                                 
               Excitation 58  :     10.26934604 Residual Norm: 0.00651324                                                 
               Excitation 59  :     10.27017065 Residual Norm: 0.00007665   converged                                     
               Excitation 60  :     10.27225638 Residual Norm: 0.00009700   converged                                     
               Excitation 61  :     10.27406251 Residual Norm: 0.00005913   converged                                     
               Excitation 62  :     10.27613460 Residual Norm: 0.00008565   converged                                     
               Excitation 63  :     10.27801532 Residual Norm: 0.00014132                                                 
               Excitation 64  :     10.27958957 Residual Norm: 0.00009896   converged                                     
               Excitation 65  :     10.28034100 Residual Norm: 0.00016161                                                 
               Excitation 66  :     10.28228305 Residual Norm: 0.00013271                                                 
               Excitation 67  :     10.28610248 Residual Norm: 0.00011091                                                 
               Excitation 68  :     10.28831867 Residual Norm: 0.00013436                                                 
               Excitation 69  :     10.28961242 Residual Norm: 0.00015219                                                 
               Excitation 70  :     10.29009732 Residual Norm: 0.00072370                                                 
               Excitation 71  :     10.29188122 Residual Norm: 0.00027060                                                 
               Excitation 72  :     10.29299199 Residual Norm: 0.00016908                                                 
               Excitation 73  :     10.29505362 Residual Norm: 0.00035678                                                 
               Excitation 74  :     10.29534561 Residual Norm: 0.03289965                                                 
               Excitation 75  :     10.29602363 Residual Norm: 0.00100373                                                 
                                                                                                                          
* Info * Processing 16 Fock builds...                                                                                     
                                                                                                                          
* Info * 431 gerade trial vectors in reduced space                                                                        
* Info * 431 ungerade trial vectors in reduced space                                                                      
                                                                                                                          
* Info * 261.98 kB of memory used for subspace procedure on the master node                                               
* Info * 345.24 GB of memory available for the solver on the master node                                                  
                                                                                                                          
               *** Iteration:   7 * Residuals (Max,Min): 9.02e-03 and 5.70e-06                                            
                                                                                                                          
               Excitation 1   :     10.06780902 Residual Norm: 0.00000570   converged                                     
               Excitation 2   :     10.09140582 Residual Norm: 0.00001446   converged                                     
               Excitation 3   :     10.09232807 Residual Norm: 0.00001265   converged                                     
               Excitation 4   :     10.10675041 Residual Norm: 0.00000923   converged                                     
               Excitation 5   :     10.11854737 Residual Norm: 0.00000829   converged                                     
               Excitation 6   :     10.12942819 Residual Norm: 0.00001797   converged                                     
               Excitation 7   :     10.13308813 Residual Norm: 0.00002302   converged                                     
               Excitation 8   :     10.13907669 Residual Norm: 0.00003734   converged                                     
               Excitation 9   :     10.14840048 Residual Norm: 0.00002158   converged                                     
               Excitation 10  :     10.15040378 Residual Norm: 0.00004670   converged                                     
               Excitation 11  :     10.15451717 Residual Norm: 0.00000923   converged                                     
               Excitation 12  :     10.16540762 Residual Norm: 0.00003815   converged                                     
               Excitation 13  :     10.16566316 Residual Norm: 0.00001807   converged                                     
               Excitation 14  :     10.16676836 Residual Norm: 0.00002722   converged                                     
               Excitation 15  :     10.16800934 Residual Norm: 0.00001844   converged                                     
               Excitation 16  :     10.17365791 Residual Norm: 0.00003307   converged                                     
               Excitation 17  :     10.18020287 Residual Norm: 0.00003456   converged                                     
               Excitation 18  :     10.18034245 Residual Norm: 0.00006551   converged                                     
               Excitation 19  :     10.18133404 Residual Norm: 0.00001016   converged                                     
               Excitation 20  :     10.19496562 Residual Norm: 0.00003672   converged                                     
               Excitation 21  :     10.20425916 Residual Norm: 0.00003274   converged                                     
               Excitation 22  :     10.20490424 Residual Norm: 0.00001626   converged                                     
               Excitation 23  :     10.20668345 Residual Norm: 0.00002149   converged                                     
               Excitation 24  :     10.20767870 Residual Norm: 0.00003225   converged                                     
               Excitation 25  :     10.20839643 Residual Norm: 0.00002552   converged                                     
               Excitation 26  :     10.21037600 Residual Norm: 0.00001825   converged                                     
               Excitation 27  :     10.21429309 Residual Norm: 0.00003304   converged                                     
               Excitation 28  :     10.21568658 Residual Norm: 0.00003764   converged                                     
               Excitation 29  :     10.21915137 Residual Norm: 0.00001916   converged                                     
               Excitation 30  :     10.22217252 Residual Norm: 0.00004409   converged                                     
               Excitation 31  :     10.22384914 Residual Norm: 0.00003397   converged                                     
               Excitation 32  :     10.22635239 Residual Norm: 0.00003059   converged                                     
               Excitation 33  :     10.22987317 Residual Norm: 0.00001845   converged                                     
               Excitation 34  :     10.23076763 Residual Norm: 0.00005065   converged                                     
               Excitation 35  :     10.23222896 Residual Norm: 0.00001771   converged                                     
               Excitation 36  :     10.23684884 Residual Norm: 0.00002471   converged                                     
               Excitation 37  :     10.24218217 Residual Norm: 0.00002080   converged                                     
               Excitation 38  :     10.24251456 Residual Norm: 0.00002308   converged                                     
               Excitation 39  :     10.24256621 Residual Norm: 0.00002855   converged                                     
               Excitation 40  :     10.24396954 Residual Norm: 0.00002131   converged                                     
               Excitation 41  :     10.24420855 Residual Norm: 0.00001021   converged                                     
               Excitation 42  :     10.24495854 Residual Norm: 0.00001647   converged                                     
               Excitation 43  :     10.24823537 Residual Norm: 0.00001306   converged                                     
               Excitation 44  :     10.24892571 Residual Norm: 0.00001384   converged                                     
               Excitation 45  :     10.25101784 Residual Norm: 0.00003322   converged                                     
               Excitation 46  :     10.25139248 Residual Norm: 0.00003080   converged                                     
               Excitation 47  :     10.25268318 Residual Norm: 0.00001325   converged                                     
               Excitation 48  :     10.25492724 Residual Norm: 0.00002810   converged                                     
               Excitation 49  :     10.25784970 Residual Norm: 0.00004265   converged                                     
               Excitation 50  :     10.25899060 Residual Norm: 0.00005264   converged                                     
               Excitation 51  :     10.26186163 Residual Norm: 0.00003187   converged                                     
               Excitation 52  :     10.26443270 Residual Norm: 0.00004075   converged                                     
               Excitation 53  :     10.26527919 Residual Norm: 0.00005885   converged                                     
               Excitation 54  :     10.26727747 Residual Norm: 0.00013479                                                 
               Excitation 55  :     10.26734691 Residual Norm: 0.00002122   converged                                     
               Excitation 56  :     10.26800473 Residual Norm: 0.00002975   converged                                     
               Excitation 57  :     10.26915799 Residual Norm: 0.00009240   converged                                     
               Excitation 58  :     10.26934181 Residual Norm: 0.00116198                                                 
               Excitation 59  :     10.27017065 Residual Norm: 0.00002947   converged                                     
               Excitation 60  :     10.27225638 Residual Norm: 0.00002589   converged                                     
               Excitation 61  :     10.27406251 Residual Norm: 0.00005533   converged                                     
               Excitation 62  :     10.27613460 Residual Norm: 0.00005409   converged                                     
               Excitation 63  :     10.27801532 Residual Norm: 0.00004568   converged                                     
               Excitation 64  :     10.27958957 Residual Norm: 0.00009718   converged                                     
               Excitation 65  :     10.28034100 Residual Norm: 0.00001748   converged                                     
               Excitation 66  :     10.28228305 Residual Norm: 0.00001957   converged                                     
               Excitation 67  :     10.28610248 Residual Norm: 0.00004066   converged                                     
               Excitation 68  :     10.28831866 Residual Norm: 0.00004796   converged                                     
               Excitation 69  :     10.28961242 Residual Norm: 0.00001616   converged                                     
               Excitation 70  :     10.29009723 Residual Norm: 0.00009015   converged                                     
               Excitation 71  :     10.29188120 Residual Norm: 0.00003978   converged                                     
               Excitation 72  :     10.29299198 Residual Norm: 0.00002638   converged                                     
               Excitation 73  :     10.29505359 Residual Norm: 0.00004427   converged                                     
               Excitation 74  :     10.29515885 Residual Norm: 0.00902176                                                 
               Excitation 75  :     10.29602350 Residual Norm: 0.00019208                                                 
                                                                                                                          
* Info * Processing 4 Fock builds...                                                                                      
                                                                                                                          
* Info * 435 gerade trial vectors in reduced space                                                                        
* Info * 435 ungerade trial vectors in reduced space                                                                      
                                                                                                                          
* Info * 264.16 kB of memory used for subspace procedure on the master node                                               
* Info * 345.80 GB of memory available for the solver on the master node                                                  
                                                                                                                          
               *** Iteration:   8 * Residuals (Max,Min): 3.60e-03 and 5.70e-06                                            
                                                                                                                          
               Excitation 1   :     10.06780902 Residual Norm: 0.00000570   converged                                     
               Excitation 2   :     10.09140582 Residual Norm: 0.00001446   converged                                     
               Excitation 3   :     10.09232807 Residual Norm: 0.00001265   converged                                     
               Excitation 4   :     10.10675041 Residual Norm: 0.00000923   converged                                     
               Excitation 5   :     10.11854737 Residual Norm: 0.00000826   converged                                     
               Excitation 6   :     10.12942819 Residual Norm: 0.00001797   converged                                     
               Excitation 7   :     10.13308813 Residual Norm: 0.00002302   converged                                     
               Excitation 8   :     10.13907669 Residual Norm: 0.00003733   converged                                     
               Excitation 9   :     10.14840048 Residual Norm: 0.00002177   converged                                     
               Excitation 10  :     10.15040378 Residual Norm: 0.00004666   converged                                     
               Excitation 11  :     10.15451717 Residual Norm: 0.00000923   converged                                     
               Excitation 12  :     10.16540762 Residual Norm: 0.00003815   converged                                     
               Excitation 13  :     10.16566316 Residual Norm: 0.00001899   converged                                     
               Excitation 14  :     10.16676836 Residual Norm: 0.00002722   converged                                     
               Excitation 15  :     10.16800934 Residual Norm: 0.00001843   converged                                     
               Excitation 16  :     10.17365791 Residual Norm: 0.00003332   converged                                     
               Excitation 17  :     10.18020287 Residual Norm: 0.00003456   converged                                     
               Excitation 18  :     10.18034245 Residual Norm: 0.00006549   converged                                     
               Excitation 19  :     10.18133404 Residual Norm: 0.00001018   converged                                     
               Excitation 20  :     10.19496562 Residual Norm: 0.00003673   converged                                     
               Excitation 21  :     10.20425916 Residual Norm: 0.00003274   converged                                     
               Excitation 22  :     10.20490424 Residual Norm: 0.00001626   converged                                     
               Excitation 23  :     10.20668345 Residual Norm: 0.00002148   converged                                     
               Excitation 24  :     10.20767870 Residual Norm: 0.00003225   converged                                     
               Excitation 25  :     10.20839643 Residual Norm: 0.00002552   converged                                     
               Excitation 26  :     10.21037600 Residual Norm: 0.00001825   converged                                     
               Excitation 27  :     10.21429309 Residual Norm: 0.00003304   converged                                     
               Excitation 28  :     10.21568658 Residual Norm: 0.00003764   converged                                     
               Excitation 29  :     10.21915137 Residual Norm: 0.00001916   converged                                     
               Excitation 30  :     10.22217252 Residual Norm: 0.00004409   converged                                     
               Excitation 31  :     10.22384914 Residual Norm: 0.00003397   converged                                     
               Excitation 32  :     10.22635239 Residual Norm: 0.00003059   converged                                     
               Excitation 33  :     10.22987317 Residual Norm: 0.00001870   converged                                     
               Excitation 34  :     10.23076763 Residual Norm: 0.00005065   converged                                     
               Excitation 35  :     10.23222896 Residual Norm: 0.00001771   converged                                     
               Excitation 36  :     10.23684884 Residual Norm: 0.00002471   converged                                     
               Excitation 37  :     10.24218217 Residual Norm: 0.00002080   converged                                     
               Excitation 38  :     10.24251456 Residual Norm: 0.00002308   converged                                     
               Excitation 39  :     10.24256621 Residual Norm: 0.00002855   converged                                     
               Excitation 40  :     10.24396954 Residual Norm: 0.00002131   converged                                     
               Excitation 41  :     10.24420855 Residual Norm: 0.00001029   converged                                     
               Excitation 42  :     10.24495854 Residual Norm: 0.00001647   converged                                     
               Excitation 43  :     10.24823537 Residual Norm: 0.00001306   converged                                     
               Excitation 44  :     10.24892571 Residual Norm: 0.00001385   converged                                     
               Excitation 45  :     10.25101784 Residual Norm: 0.00003322   converged                                     
               Excitation 46  :     10.25139248 Residual Norm: 0.00003080   converged                                     
               Excitation 47  :     10.25268318 Residual Norm: 0.00001325   converged                                     
               Excitation 48  :     10.25492724 Residual Norm: 0.00002810   converged                                     
               Excitation 49  :     10.25784970 Residual Norm: 0.00004265   converged                                     
               Excitation 50  :     10.25899060 Residual Norm: 0.00005248   converged                                     
               Excitation 51  :     10.26186163 Residual Norm: 0.00003187   converged                                     
               Excitation 52  :     10.26443270 Residual Norm: 0.00004075   converged                                     
               Excitation 53  :     10.26527919 Residual Norm: 0.00005885   converged                                     
               Excitation 54  :     10.26727747 Residual Norm: 0.00003033   converged                                     
               Excitation 55  :     10.26734691 Residual Norm: 0.00002117   converged                                     
               Excitation 56  :     10.26800473 Residual Norm: 0.00002966   converged                                     
               Excitation 57  :     10.26915799 Residual Norm: 0.00002573   converged                                     
               Excitation 58  :     10.26934161 Residual Norm: 0.00026333                                                 
               Excitation 59  :     10.27017065 Residual Norm: 0.00002718   converged                                     
               Excitation 60  :     10.27225638 Residual Norm: 0.00002310   converged                                     
               Excitation 61  :     10.27406251 Residual Norm: 0.00005538   converged                                     
               Excitation 62  :     10.27613460 Residual Norm: 0.00005409   converged                                     
               Excitation 63  :     10.27801532 Residual Norm: 0.00004567   converged                                     
               Excitation 64  :     10.27958957 Residual Norm: 0.00009709   converged                                     
               Excitation 65  :     10.28034100 Residual Norm: 0.00001748   converged                                     
               Excitation 66  :     10.28228305 Residual Norm: 0.00001956   converged                                     
               Excitation 67  :     10.28610248 Residual Norm: 0.00004063   converged                                     
               Excitation 68  :     10.28831866 Residual Norm: 0.00004794   converged                                     
               Excitation 69  :     10.28961242 Residual Norm: 0.00001616   converged                                     
               Excitation 70  :     10.29009723 Residual Norm: 0.00009015   converged                                     
               Excitation 71  :     10.29188120 Residual Norm: 0.00003976   converged                                     
               Excitation 72  :     10.29299198 Residual Norm: 0.00002570   converged                                     
               Excitation 73  :     10.29505359 Residual Norm: 0.00004394   converged                                     
               Excitation 74  :     10.29514234 Residual Norm: 0.00360423                                                 
               Excitation 75  :     10.29602349 Residual Norm: 0.00005723   converged                                     
                                                                                                                          
* Info * Processing 2 Fock builds...                                                                                      
                                                                                                                          
* Info * 437 gerade trial vectors in reduced space                                                                        
* Info * 437 ungerade trial vectors in reduced space                                                                      
                                                                                                                          
* Info * 265.24 kB of memory used for subspace procedure on the master node                                               
* Info * 346.11 GB of memory available for the solver on the master node                                                  
                                                                                                                          
               *** Iteration:   9 * Residuals (Max,Min): 9.32e-04 and 5.70e-06                                            
                                                                                                                          
               Excitation 1   :     10.06780902 Residual Norm: 0.00000570   converged                                     
               Excitation 2   :     10.09140582 Residual Norm: 0.00001446   converged                                     
               Excitation 3   :     10.09232807 Residual Norm: 0.00001265   converged                                     
               Excitation 4   :     10.10675041 Residual Norm: 0.00000923   converged                                     
               Excitation 5   :     10.11854737 Residual Norm: 0.00000826   converged                                     
               Excitation 6   :     10.12942819 Residual Norm: 0.00001797   converged                                     
               Excitation 7   :     10.13308813 Residual Norm: 0.00002302   converged                                     
               Excitation 8   :     10.13907669 Residual Norm: 0.00003733   converged                                     
               Excitation 9   :     10.14840048 Residual Norm: 0.00002177   converged                                     
               Excitation 10  :     10.15040378 Residual Norm: 0.00004666   converged                                     
               Excitation 11  :     10.15451717 Residual Norm: 0.00000923   converged                                     
               Excitation 12  :     10.16540762 Residual Norm: 0.00003815   converged                                     
               Excitation 13  :     10.16566316 Residual Norm: 0.00001476   converged                                     
               Excitation 14  :     10.16676836 Residual Norm: 0.00002722   converged                                     
               Excitation 15  :     10.16800934 Residual Norm: 0.00001843   converged                                     
               Excitation 16  :     10.17365791 Residual Norm: 0.00003332   converged                                     
               Excitation 17  :     10.18020287 Residual Norm: 0.00003456   converged                                     
               Excitation 18  :     10.18034245 Residual Norm: 0.00006549   converged                                     
               Excitation 19  :     10.18133404 Residual Norm: 0.00001018   converged                                     
               Excitation 20  :     10.19496562 Residual Norm: 0.00003673   converged                                     
               Excitation 21  :     10.20425916 Residual Norm: 0.00003274   converged                                     
               Excitation 22  :     10.20490424 Residual Norm: 0.00001626   converged                                     
               Excitation 23  :     10.20668345 Residual Norm: 0.00002148   converged                                     
               Excitation 24  :     10.20767870 Residual Norm: 0.00003225   converged                                     
               Excitation 25  :     10.20839643 Residual Norm: 0.00002551   converged                                     
               Excitation 26  :     10.21037600 Residual Norm: 0.00001825   converged                                     
               Excitation 27  :     10.21429309 Residual Norm: 0.00003304   converged                                     
               Excitation 28  :     10.21568658 Residual Norm: 0.00003764   converged                                     
               Excitation 29  :     10.21915137 Residual Norm: 0.00001916   converged                                     
               Excitation 30  :     10.22217252 Residual Norm: 0.00004409   converged                                     
               Excitation 31  :     10.22384914 Residual Norm: 0.00003397   converged                                     
               Excitation 32  :     10.22635239 Residual Norm: 0.00003059   converged                                     
               Excitation 33  :     10.22987317 Residual Norm: 0.00001870   converged                                     
               Excitation 34  :     10.23076763 Residual Norm: 0.00005065   converged                                     
               Excitation 35  :     10.23222896 Residual Norm: 0.00001771   converged                                     
               Excitation 36  :     10.23684884 Residual Norm: 0.00002471   converged                                     
               Excitation 37  :     10.24218217 Residual Norm: 0.00002080   converged                                     
               Excitation 38  :     10.24251456 Residual Norm: 0.00002308   converged                                     
               Excitation 39  :     10.24256621 Residual Norm: 0.00002855   converged                                     
               Excitation 40  :     10.24396954 Residual Norm: 0.00002131   converged                                     
               Excitation 41  :     10.24420855 Residual Norm: 0.00001029   converged                                     
               Excitation 42  :     10.24495854 Residual Norm: 0.00001647   converged                                     
               Excitation 43  :     10.24823537 Residual Norm: 0.00001306   converged                                     
               Excitation 44  :     10.24892571 Residual Norm: 0.00001385   converged                                     
               Excitation 45  :     10.25101784 Residual Norm: 0.00003322   converged                                     
               Excitation 46  :     10.25139248 Residual Norm: 0.00003080   converged                                     
               Excitation 47  :     10.25268318 Residual Norm: 0.00001325   converged                                     
               Excitation 48  :     10.25492724 Residual Norm: 0.00002810   converged                                     
               Excitation 49  :     10.25784970 Residual Norm: 0.00004265   converged                                     
               Excitation 50  :     10.25899060 Residual Norm: 0.00005248   converged                                     
               Excitation 51  :     10.26186163 Residual Norm: 0.00003187   converged                                     
               Excitation 52  :     10.26443270 Residual Norm: 0.00004075   converged                                     
               Excitation 53  :     10.26527919 Residual Norm: 0.00005885   converged                                     
               Excitation 54  :     10.26727747 Residual Norm: 0.00000811   converged                                     
               Excitation 55  :     10.26734691 Residual Norm: 0.00002116   converged                                     
               Excitation 56  :     10.26800473 Residual Norm: 0.00002965   converged                                     
               Excitation 57  :     10.26915799 Residual Norm: 0.00001615   converged                                     
               Excitation 58  :     10.26934159 Residual Norm: 0.00005784   converged                                     
               Excitation 59  :     10.27017065 Residual Norm: 0.00002708   converged                                     
               Excitation 60  :     10.27225638 Residual Norm: 0.00002309   converged                                     
               Excitation 61  :     10.27406251 Residual Norm: 0.00005538   converged                                     
               Excitation 62  :     10.27613460 Residual Norm: 0.00005409   converged                                     
               Excitation 63  :     10.27801532 Residual Norm: 0.00004567   converged                                     
               Excitation 64  :     10.27958957 Residual Norm: 0.00009708   converged                                     
               Excitation 65  :     10.28034100 Residual Norm: 0.00001747   converged                                     
               Excitation 66  :     10.28228305 Residual Norm: 0.00001957   converged                                     
               Excitation 67  :     10.28610248 Residual Norm: 0.00004063   converged                                     
               Excitation 68  :     10.28831866 Residual Norm: 0.00004794   converged                                     
               Excitation 69  :     10.28961242 Residual Norm: 0.00001616   converged                                     
               Excitation 70  :     10.29009723 Residual Norm: 0.00009015   converged                                     
               Excitation 71  :     10.29188120 Residual Norm: 0.00003975   converged                                     
               Excitation 72  :     10.29299198 Residual Norm: 0.00002566   converged                                     
               Excitation 73  :     10.29505359 Residual Norm: 0.00004386   converged                                     
               Excitation 74  :     10.29514069 Residual Norm: 0.00093206                                                 
               Excitation 75  :     10.29602349 Residual Norm: 0.00002480   converged                                     
                                                                                                                          
* Info * Processing 1 Fock build...                                                                                       
                                                                                                                          
* Info * 438 gerade trial vectors in reduced space                                                                        
* Info * 438 ungerade trial vectors in reduced space                                                                      
                                                                                                                          
* Info * 265.79 kB of memory used for subspace procedure on the master node                                               
* Info * 346.15 GB of memory available for the solver on the master node                                                  
                                                                                                                          
               *** Iteration:   10 * Residuals (Max,Min): 1.95e-04 and 5.70e-06                                           
                                                                                                                          
               Excitation 1   :     10.06780902 Residual Norm: 0.00000570   converged                                     
               Excitation 2   :     10.09140582 Residual Norm: 0.00001446   converged                                     
               Excitation 3   :     10.09232807 Residual Norm: 0.00001265   converged                                     
               Excitation 4   :     10.10675041 Residual Norm: 0.00000923   converged                                     
               Excitation 5   :     10.11854737 Residual Norm: 0.00000826   converged                                     
               Excitation 6   :     10.12942819 Residual Norm: 0.00001797   converged                                     
               Excitation 7   :     10.13308813 Residual Norm: 0.00002302   converged                                     
               Excitation 8   :     10.13907669 Residual Norm: 0.00003733   converged                                     
               Excitation 9   :     10.14840048 Residual Norm: 0.00002177   converged                                     
               Excitation 10  :     10.15040378 Residual Norm: 0.00004666   converged                                     
               Excitation 11  :     10.15451717 Residual Norm: 0.00000923   converged                                     
               Excitation 12  :     10.16540762 Residual Norm: 0.00003815   converged                                     
               Excitation 13  :     10.16566316 Residual Norm: 0.00001451   converged                                     
               Excitation 14  :     10.16676836 Residual Norm: 0.00002722   converged                                     
               Excitation 15  :     10.16800934 Residual Norm: 0.00001843   converged                                     
               Excitation 16  :     10.17365791 Residual Norm: 0.00003332   converged                                     
               Excitation 17  :     10.18020287 Residual Norm: 0.00003456   converged                                     
               Excitation 18  :     10.18034245 Residual Norm: 0.00006549   converged                                     
               Excitation 19  :     10.18133404 Residual Norm: 0.00001018   converged                                     
               Excitation 20  :     10.19496562 Residual Norm: 0.00003672   converged                                     
               Excitation 21  :     10.20425916 Residual Norm: 0.00003274   converged                                     
               Excitation 22  :     10.20490424 Residual Norm: 0.00001626   converged                                     
               Excitation 23  :     10.20668345 Residual Norm: 0.00002148   converged                                     
               Excitation 24  :     10.20767870 Residual Norm: 0.00003225   converged                                     
               Excitation 25  :     10.20839643 Residual Norm: 0.00002550   converged                                     
               Excitation 26  :     10.21037600 Residual Norm: 0.00001825   converged                                     
               Excitation 27  :     10.21429309 Residual Norm: 0.00003304   converged                                     
               Excitation 28  :     10.21568658 Residual Norm: 0.00003764   converged                                     
               Excitation 29  :     10.21915137 Residual Norm: 0.00001916   converged                                     
               Excitation 30  :     10.22217252 Residual Norm: 0.00004409   converged                                     
               Excitation 31  :     10.22384914 Residual Norm: 0.00003397   converged                                     
               Excitation 32  :     10.22635239 Residual Norm: 0.00003059   converged                                     
               Excitation 33  :     10.22987317 Residual Norm: 0.00001870   converged                                     
               Excitation 34  :     10.23076763 Residual Norm: 0.00005065   converged                                     
               Excitation 35  :     10.23222896 Residual Norm: 0.00001770   converged                                     
               Excitation 36  :     10.23684884 Residual Norm: 0.00002471   converged                                     
               Excitation 37  :     10.24218217 Residual Norm: 0.00002080   converged                                     
               Excitation 38  :     10.24251456 Residual Norm: 0.00002308   converged                                     
               Excitation 39  :     10.24256621 Residual Norm: 0.00002855   converged                                     
               Excitation 40  :     10.24396954 Residual Norm: 0.00002131   converged                                     
               Excitation 41  :     10.24420855 Residual Norm: 0.00001029   converged                                     
               Excitation 42  :     10.24495854 Residual Norm: 0.00001647   converged                                     
               Excitation 43  :     10.24823537 Residual Norm: 0.00001306   converged                                     
               Excitation 44  :     10.24892571 Residual Norm: 0.00001385   converged                                     
               Excitation 45  :     10.25101784 Residual Norm: 0.00003322   converged                                     
               Excitation 46  :     10.25139248 Residual Norm: 0.00003080   converged                                     
               Excitation 47  :     10.25268318 Residual Norm: 0.00001325   converged                                     
               Excitation 48  :     10.25492724 Residual Norm: 0.00002810   converged                                     
               Excitation 49  :     10.25784970 Residual Norm: 0.00004265   converged                                     
               Excitation 50  :     10.25899060 Residual Norm: 0.00005247   converged                                     
               Excitation 51  :     10.26186163 Residual Norm: 0.00003187   converged                                     
               Excitation 52  :     10.26443270 Residual Norm: 0.00004075   converged                                     
               Excitation 53  :     10.26527919 Residual Norm: 0.00005885   converged                                     
               Excitation 54  :     10.26727747 Residual Norm: 0.00000897   converged                                     
               Excitation 55  :     10.26734691 Residual Norm: 0.00002116   converged                                     
               Excitation 56  :     10.26800473 Residual Norm: 0.00002965   converged                                     
               Excitation 57  :     10.26915799 Residual Norm: 0.00001561   converged                                     
               Excitation 58  :     10.26934159 Residual Norm: 0.00002335   converged                                     
               Excitation 59  :     10.27017065 Residual Norm: 0.00002707   converged                                     
               Excitation 60  :     10.27225638 Residual Norm: 0.00002308   converged                                     
               Excitation 61  :     10.27406251 Residual Norm: 0.00005538   converged                                     
               Excitation 62  :     10.27613460 Residual Norm: 0.00005409   converged                                     
               Excitation 63  :     10.27801532 Residual Norm: 0.00004567   converged                                     
               Excitation 64  :     10.27958957 Residual Norm: 0.00009708   converged                                     
               Excitation 65  :     10.28034100 Residual Norm: 0.00001747   converged                                     
               Excitation 66  :     10.28228305 Residual Norm: 0.00001956   converged                                     
               Excitation 67  :     10.28610248 Residual Norm: 0.00004063   converged                                     
               Excitation 68  :     10.28831866 Residual Norm: 0.00004794   converged                                     
               Excitation 69  :     10.28961242 Residual Norm: 0.00001616   converged                                     
               Excitation 70  :     10.29009723 Residual Norm: 0.00009015   converged                                     
               Excitation 71  :     10.29188120 Residual Norm: 0.00003975   converged                                     
               Excitation 72  :     10.29299198 Residual Norm: 0.00002565   converged                                     
               Excitation 73  :     10.29505359 Residual Norm: 0.00004385   converged                                     
               Excitation 74  :     10.29514061 Residual Norm: 0.00019499                                                 
               Excitation 75  :     10.29602349 Residual Norm: 0.00001995   converged                                     
                                                                                                                          
* Info * Processing 1 Fock build...                                                                                       
                                                                                                                          
* Info * 439 gerade trial vectors in reduced space                                                                        
* Info * 439 ungerade trial vectors in reduced space                                                                      
                                                                                                                          
* Info * 266.17 kB of memory used for subspace procedure on the master node                                               
* Info * 346.29 GB of memory available for the solver on the master node                                                  
                                                                                                                          
               *** Iteration:   11 * Residuals (Max,Min): 9.71e-05 and 5.70e-06                                           
                                                                                                                          
               Excitation 1   :     10.06780902 Residual Norm: 0.00000570   converged                                     
               Excitation 2   :     10.09140582 Residual Norm: 0.00001446   converged                                     
               Excitation 3   :     10.09232807 Residual Norm: 0.00001265   converged                                     
               Excitation 4   :     10.10675041 Residual Norm: 0.00000923   converged                                     
               Excitation 5   :     10.11854737 Residual Norm: 0.00000826   converged                                     
               Excitation 6   :     10.12942819 Residual Norm: 0.00001797   converged                                     
               Excitation 7   :     10.13308813 Residual Norm: 0.00002302   converged                                     
               Excitation 8   :     10.13907669 Residual Norm: 0.00003733   converged                                     
               Excitation 9   :     10.14840048 Residual Norm: 0.00002177   converged                                     
               Excitation 10  :     10.15040378 Residual Norm: 0.00004666   converged                                     
               Excitation 11  :     10.15451717 Residual Norm: 0.00000923   converged                                     
               Excitation 12  :     10.16540762 Residual Norm: 0.00003815   converged                                     
               Excitation 13  :     10.16566316 Residual Norm: 0.00001470   converged                                     
               Excitation 14  :     10.16676836 Residual Norm: 0.00002722   converged                                     
               Excitation 15  :     10.16800934 Residual Norm: 0.00001843   converged                                     
               Excitation 16  :     10.17365791 Residual Norm: 0.00003331   converged                                     
               Excitation 17  :     10.18020287 Residual Norm: 0.00003456   converged                                     
               Excitation 18  :     10.18034245 Residual Norm: 0.00006549   converged                                     
               Excitation 19  :     10.18133404 Residual Norm: 0.00001018   converged                                     
               Excitation 20  :     10.19496562 Residual Norm: 0.00003672   converged                                     
               Excitation 21  :     10.20425916 Residual Norm: 0.00003274   converged                                     
               Excitation 22  :     10.20490424 Residual Norm: 0.00001626   converged                                     
               Excitation 23  :     10.20668345 Residual Norm: 0.00002148   converged                                     
               Excitation 24  :     10.20767870 Residual Norm: 0.00003225   converged                                     
               Excitation 25  :     10.20839643 Residual Norm: 0.00002550   converged                                     
               Excitation 26  :     10.21037600 Residual Norm: 0.00001824   converged                                     
               Excitation 27  :     10.21429309 Residual Norm: 0.00003304   converged                                     
               Excitation 28  :     10.21568658 Residual Norm: 0.00003764   converged                                     
               Excitation 29  :     10.21915137 Residual Norm: 0.00001916   converged                                     
               Excitation 30  :     10.22217252 Residual Norm: 0.00004409   converged                                     
               Excitation 31  :     10.22384914 Residual Norm: 0.00003397   converged                                     
               Excitation 32  :     10.22635239 Residual Norm: 0.00003059   converged                                     
               Excitation 33  :     10.22987317 Residual Norm: 0.00001870   converged                                     
               Excitation 34  :     10.23076763 Residual Norm: 0.00005065   converged                                     
               Excitation 35  :     10.23222896 Residual Norm: 0.00001771   converged                                     
               Excitation 36  :     10.23684884 Residual Norm: 0.00002471   converged                                     
               Excitation 37  :     10.24218217 Residual Norm: 0.00002080   converged                                     
               Excitation 38  :     10.24251456 Residual Norm: 0.00002308   converged                                     
               Excitation 39  :     10.24256621 Residual Norm: 0.00002855   converged                                     
               Excitation 40  :     10.24396954 Residual Norm: 0.00002131   converged                                     
               Excitation 41  :     10.24420855 Residual Norm: 0.00001029   converged                                     
               Excitation 42  :     10.24495854 Residual Norm: 0.00001647   converged                                     
               Excitation 43  :     10.24823537 Residual Norm: 0.00001306   converged                                     
               Excitation 44  :     10.24892571 Residual Norm: 0.00001385   converged                                     
               Excitation 45  :     10.25101784 Residual Norm: 0.00003322   converged                                     
               Excitation 46  :     10.25139248 Residual Norm: 0.00003080   converged                                     
               Excitation 47  :     10.25268318 Residual Norm: 0.00001325   converged                                     
               Excitation 48  :     10.25492724 Residual Norm: 0.00002810   converged                                     
               Excitation 49  :     10.25784970 Residual Norm: 0.00004265   converged                                     
               Excitation 50  :     10.25899060 Residual Norm: 0.00005247   converged                                     
               Excitation 51  :     10.26186163 Residual Norm: 0.00003187   converged                                     
               Excitation 52  :     10.26443270 Residual Norm: 0.00004075   converged                                     
               Excitation 53  :     10.26527919 Residual Norm: 0.00005885   converged                                     
               Excitation 54  :     10.26727747 Residual Norm: 0.00000986   converged                                     
               Excitation 55  :     10.26734691 Residual Norm: 0.00002116   converged                                     
               Excitation 56  :     10.26800473 Residual Norm: 0.00002965   converged                                     
               Excitation 57  :     10.26915799 Residual Norm: 0.00001553   converged                                     
               Excitation 58  :     10.26934159 Residual Norm: 0.00001580   converged                                     
               Excitation 59  :     10.27017065 Residual Norm: 0.00002707   converged                                     
               Excitation 60  :     10.27225638 Residual Norm: 0.00002308   converged                                     
               Excitation 61  :     10.27406251 Residual Norm: 0.00005538   converged                                     
               Excitation 62  :     10.27613460 Residual Norm: 0.00005409   converged                                     
               Excitation 63  :     10.27801532 Residual Norm: 0.00004567   converged                                     
               Excitation 64  :     10.27958957 Residual Norm: 0.00009708   converged                                     
               Excitation 65  :     10.28034100 Residual Norm: 0.00001747   converged                                     
               Excitation 66  :     10.28228305 Residual Norm: 0.00001957   converged                                     
               Excitation 67  :     10.28610248 Residual Norm: 0.00004063   converged                                     
               Excitation 68  :     10.28831866 Residual Norm: 0.00004793   converged                                     
               Excitation 69  :     10.28961242 Residual Norm: 0.00001616   converged                                     
               Excitation 70  :     10.29009723 Residual Norm: 0.00009015   converged                                     
               Excitation 71  :     10.29188120 Residual Norm: 0.00003975   converged                                     
               Excitation 72  :     10.29299198 Residual Norm: 0.00002566   converged                                     
               Excitation 73  :     10.29505359 Residual Norm: 0.00004385   converged                                     
               Excitation 74  :     10.29514061 Residual Norm: 0.00004545   converged                                     
               Excitation 75  :     10.29602349 Residual Norm: 0.00001980   converged                                     
                                                                                                                          
* Info * Checkpoint written to file: 0310_c1s_rsp.h5                                                                      
                                                                                                                          
* Info * Time spent in writing checkpoint file: 1.34 sec                                                                  
                                                                                                                          
               *** Linear response converged in 11 iterations. Time: 1132.70 sec                                          
                                                                                                                          
                                                                                                                          
* Info * Response solution vectors written to file: 0310_c1s.h5                                                           
                                                                                                                          
               Electric Transition Dipole Moments (dipole length, a.u.)                                                   
               --------------------------------------------------------                                                   
                                                X            Y            Z                                               
               Excited State    S1:      0.000706     0.004087    -0.075810                                               
               Excited State    S2:      0.003293     0.001858     0.058965                                               
               Excited State    S3:      0.004055    -0.005122    -0.078812                                               
               Excited State    S4:     -0.005631     0.006186     0.052733                                               
               Excited State    S5:     -0.004234     0.003590    -0.030665                                               
               Excited State    S6:     -0.011609     0.005841     0.059432                                               
               Excited State    S7:      0.003398     0.005109     0.035965                                               
               Excited State    S8:      0.004821     0.000066     0.007100                                               
               Excited State    S9:      0.006095    -0.002604     0.045249                                               
               Excited State   S10:     -0.002734     0.004055     0.067869                                               
               Excited State   S11:      0.002296     0.001360    -0.007397                                               
               Excited State   S12:     -0.026793     0.024164    -0.014057                                               
               Excited State   S13:      0.000594     0.004097    -0.088945                                               
               Excited State   S14:      0.046095     0.004488    -0.000586                                               
               Excited State   S15:      0.007636     0.021561    -0.001944                                               
               Excited State   S16:      0.001963    -0.001027     0.058442                                               
               Excited State   S17:      0.000274     0.029072    -0.008131                                               
               Excited State   S18:     -0.002772     0.002610     0.040320                                               
               Excited State   S19:     -0.001522    -0.002295     0.000609                                               
               Excited State   S20:      0.000852    -0.010001    -0.001627                                               
               Excited State   S21:      0.000807    -0.005162     0.004249                                               
               Excited State   S22:     -0.009579    -0.009390     0.000092                                               
               Excited State   S23:     -0.004103     0.018862    -0.000591                                               
               Excited State   S24:     -0.016127     0.010731    -0.003632                                               
               Excited State   S25:     -0.006275     0.006112     0.010068                                               
               Excited State   S26:     -0.011913    -0.010691     0.000736                                               
               Excited State   S27:     -0.000391     0.005756     0.014245                                               
               Excited State   S28:      0.000849     0.001816    -0.012040                                               
               Excited State   S29:      0.001498     0.000556    -0.002595                                               
               Excited State   S30:     -0.002651    -0.000272    -0.017037                                               
               Excited State   S31:     -0.000280     0.021405    -0.000597                                               
               Excited State   S32:     -0.009153    -0.009429    -0.003630                                               
               Excited State   S33:      0.013817    -0.006233    -0.008732                                               
               Excited State   S34:     -0.003091     0.000488    -0.003384                                               
               Excited State   S35:      0.014312     0.008398    -0.013067                                               
               Excited State   S36:      0.002406    -0.002841     0.000688                                               
               Excited State   S37:     -0.005727     0.002096     0.002047                                               
               Excited State   S38:     -0.001885    -0.004542    -0.002322                                               
               Excited State   S39:     -0.017355    -0.005142    -0.003098                                               
               Excited State   S40:      0.004743    -0.001017     0.002363                                               
               Excited State   S41:      0.010986    -0.001032    -0.003463                                               
               Excited State   S42:     -0.008527    -0.006030     0.005268                                               
               Excited State   S43:     -0.000078     0.001010    -0.026689                                               
               Excited State   S44:     -0.013672     0.009942    -0.000290                                               
               Excited State   S45:      0.015430    -0.002746    -0.004731                                               
               Excited State   S46:     -0.000480     0.001944     0.027562                                               
               Excited State   S47:      0.000178    -0.000688     0.013691                                               
               Excited State   S48:     -0.004353     0.004387    -0.005969                                               
               Excited State   S49:     -0.002013     0.001462    -0.020499                                               
               Excited State   S50:     -0.033781    -0.011708    -0.005024                                               
               Excited State   S51:     -0.001018     0.001207     0.023860                                               
               Excited State   S52:      0.005817    -0.003311    -0.015948                                               
               Excited State   S53:     -0.001975     0.005588     0.004907                                               
               Excited State   S54:     -0.001893    -0.001507    -0.006916                                               
               Excited State   S55:      0.007861     0.003655     0.002160                                               
               Excited State   S56:     -0.003076    -0.003856    -0.005871                                               
               Excited State   S57:     -0.020260     0.007465     0.000928                                               
               Excited State   S58:      0.048481    -0.000227     0.000214                                               
               Excited State   S59:     -0.006831    -0.000461     0.003256                                               
               Excited State   S60:      0.006166     0.000666     0.001811                                               
               Excited State   S61:      0.005143     0.008630    -0.001791                                               
               Excited State   S62:      0.014178     0.001761     0.011633                                               
               Excited State   S63:      0.027264    -0.001360     0.007982                                               
               Excited State   S64:     -0.003545    -0.003874     0.001730                                               
               Excited State   S65:      0.007343     0.000545    -0.022639                                               
               Excited State   S66:     -0.003813    -0.004757     0.005687                                               
               Excited State   S67:     -0.002884     0.005691     0.005919                                               
               Excited State   S68:     -0.007901    -0.000770     0.000340                                               
               Excited State   S69:      0.006144     0.004181     0.006710                                               
               Excited State   S70:     -0.004690     0.001345     0.020042                                               
               Excited State   S71:     -0.006303     0.013734     0.001243                                               
               Excited State   S72:     -0.004203    -0.002377     0.017734                                               
               Excited State   S73:      0.004649     0.002033    -0.007514                                               
               Excited State   S74:     -0.011861    -0.008976    -0.002753                                               
               Excited State   S75:     -0.020673     0.006813    -0.001211                                               
                                                                                                                          
               Electric Transition Dipole Moments (dipole velocity, a.u.)                                                 
               ----------------------------------------------------------                                                 
                                                X            Y            Z                                               
               Excited State    S1:      0.000695     0.004035    -0.074751                                               
               Excited State    S2:      0.003263     0.001818     0.058125                                               
               Excited State    S3:      0.004001    -0.005062    -0.077703                                               
               Excited State    S4:     -0.005555     0.006110     0.051994                                               
               Excited State    S5:     -0.004195     0.003551    -0.030258                                               
               Excited State    S6:     -0.011494     0.005782     0.058617                                               
               Excited State    S7:      0.003359     0.005066     0.035448                                               
               Excited State    S8:      0.004779     0.000064     0.006991                                               
               Excited State    S9:      0.006041    -0.002575     0.044673                                               
               Excited State   S10:     -0.002695     0.004018     0.066976                                               
               Excited State   S11:      0.002270     0.001360    -0.007305                                               
               Excited State   S12:     -0.026692     0.023998    -0.013946                                               
               Excited State   S13:      0.000588     0.004039    -0.087718                                               
               Excited State   S14:      0.045880     0.004460    -0.000684                                               
               Excited State   S15:      0.007622     0.021528    -0.001993                                               
               Excited State   S16:      0.001936    -0.001011     0.057674                                               
               Excited State   S17:      0.000172     0.028996    -0.008041                                               
               Excited State   S18:     -0.002749     0.002605     0.039782                                               
               Excited State   S19:     -0.001521    -0.002289     0.000623                                               
               Excited State   S20:      0.000742    -0.009917    -0.001667                                               
               Excited State   S21:      0.000850    -0.005109     0.004224                                               
               Excited State   S22:     -0.009526    -0.009290    -0.000010                                               
               Excited State   S23:     -0.004130     0.018868    -0.000561                                               
               Excited State   S24:     -0.016043     0.010589    -0.003667                                               
               Excited State   S25:     -0.006180     0.006053     0.010099                                               
               Excited State   S26:     -0.011779    -0.010756     0.000723                                               
               Excited State   S27:     -0.000407     0.005702     0.014068                                               
               Excited State   S28:      0.000862     0.001777    -0.011830                                               
               Excited State   S29:      0.001361     0.000385    -0.002567                                               
               Excited State   S30:     -0.002632    -0.000239    -0.016850                                               
               Excited State   S31:     -0.000286     0.021416    -0.000650                                               
               Excited State   S32:     -0.009000    -0.009433    -0.003644                                               
               Excited State   S33:      0.013796    -0.006130    -0.008610                                               
               Excited State   S34:     -0.002916     0.000421    -0.003396                                               
               Excited State   S35:      0.014191     0.008308    -0.012882                                               
               Excited State   S36:      0.002115    -0.002813     0.000781                                               
               Excited State   S37:     -0.006021     0.002101     0.001950                                               
               Excited State   S38:     -0.001958    -0.004464    -0.002384                                               
               Excited State   S39:     -0.017164    -0.005079    -0.003123                                               
               Excited State   S40:      0.004599    -0.000961     0.002351                                               
               Excited State   S41:      0.010744    -0.000942    -0.003524                                               
               Excited State   S42:     -0.008503    -0.005939     0.005142                                               
               Excited State   S43:     -0.000149     0.001024    -0.026468                                               
               Excited State   S44:     -0.013620     0.009853    -0.000323                                               
               Excited State   S45:      0.015297    -0.002700    -0.004677                                               
               Excited State   S46:     -0.000428     0.001977     0.027511                                               
               Excited State   S47:      0.000205    -0.000795     0.013569                                               
               Excited State   S48:     -0.004228     0.004283    -0.005904                                               
               Excited State   S49:     -0.001841     0.001471    -0.020431                                               
               Excited State   S50:     -0.033567    -0.011503    -0.004975                                               
               Excited State   S51:     -0.000984     0.001193     0.023550                                               
               Excited State   S52:      0.005652    -0.003298    -0.015845                                               
               Excited State   S53:     -0.002117     0.005663     0.004866                                               
               Excited State   S54:     -0.001887    -0.001501    -0.006788                                               
               Excited State   S55:      0.007843     0.003671     0.002233                                               
               Excited State   S56:     -0.003010    -0.003804    -0.005941                                               
               Excited State   S57:     -0.020172     0.007094     0.000985                                               
               Excited State   S58:      0.048108    -0.000202     0.000235                                               
               Excited State   S59:     -0.007025    -0.000537     0.003529                                               
               Excited State   S60:      0.006199     0.000452     0.001966                                               
               Excited State   S61:      0.005033     0.008438    -0.001723                                               
               Excited State   S62:      0.013973     0.001685     0.011704                                               
               Excited State   S63:      0.026768    -0.001231     0.007889                                               
               Excited State   S64:     -0.003438    -0.003880     0.001584                                               
               Excited State   S65:      0.007228     0.000578    -0.022378                                               
               Excited State   S66:     -0.003885    -0.004718     0.005628                                               
               Excited State   S67:     -0.002856     0.005627     0.005959                                               
               Excited State   S68:     -0.007776    -0.000783     0.000386                                               
               Excited State   S69:      0.006185     0.004381     0.006704                                               
               Excited State   S70:     -0.004719     0.001263     0.019693                                               
               Excited State   S71:     -0.006101     0.013755     0.001124                                               
               Excited State   S72:     -0.004298    -0.002413     0.017416                                               
               Excited State   S73:      0.004431     0.001830    -0.007417                                               
               Excited State   S74:     -0.011773    -0.008887    -0.002744                                               
               Excited State   S75:     -0.020651     0.006859    -0.001261                                               
                                                                                                                          
               Magnetic Transition Dipole Moments (a.u.)                                                                  
               -----------------------------------------                                                                  
                                                X            Y            Z                                               
               Excited State    S1:     -1.062663     0.591684     0.021816                                               
               Excited State    S2:      0.487829    -1.175075     0.025489                                               
               Excited State    S3:      1.024800     0.731162     0.014900                                               
               Excited State    S4:     -0.304932    -1.018159     0.081143                                               
               Excited State    S5:     -0.213268    -0.070004     0.020550                                               
               Excited State    S6:     -0.366921    -1.139691     0.034006                                               
               Excited State    S7:      0.270082    -0.691173     0.086055                                               
               Excited State    S8:      0.070521    -0.050761    -0.060983                                               
               Excited State    S9:      0.279358     0.085803    -0.035433                                               
               Excited State   S10:     -0.426117     0.116088    -0.021403                                               
               Excited State   S11:      0.094907     0.036409     0.047685                                               
               Excited State   S12:      0.056425     0.282032     0.146972                                               
               Excited State   S13:      0.030476    -1.891718    -0.081880                                               
               Excited State   S14:     -0.060839     0.020416     0.033368                                               
               Excited State   S15:     -0.016817     0.014557     0.162459                                               
               Excited State   S16:      0.395816     0.137983    -0.008169                                               
               Excited State   S17:      0.062916     0.019101     0.274414                                               
               Excited State   S18:     -0.230381     0.083357     0.019942                                               
               Excited State   S19:     -0.025285     0.034635     0.003253                                               
               Excited State   S20:     -0.028961     0.015673    -0.093093                                               
               Excited State   S21:     -0.060791    -0.036993    -0.025109                                               
               Excited State   S22:     -0.012447     0.006847    -0.085590                                               
               Excited State   S23:      0.001307     0.002503     0.205194                                               
               Excited State   S24:      0.019308     0.058038     0.114952                                               
               Excited State   S25:      0.073630     0.026960     0.040646                                               
               Excited State   S26:      0.002558    -0.013286    -0.129741                                               
               Excited State   S27:     -0.196017    -0.135812     0.046882                                               
               Excited State   S28:     -0.065041     0.232286     0.028333                                               
               Excited State   S29:      0.019265     0.053028     0.011988                                               
               Excited State   S30:      0.114747     0.333542    -0.015295                                               
               Excited State   S31:      0.000740     0.012625     0.193455                                               
               Excited State   S32:     -0.058123     0.035669     0.046484                                               
               Excited State   S33:     -0.066783    -0.030436    -0.100614                                               
               Excited State   S34:     -0.043377     0.018614     0.062958                                               
               Excited State   S35:      0.085030    -0.031420     0.066179                                               
               Excited State   S36:      0.006639    -0.014574    -0.067646                                               
               Excited State   S37:     -0.008114    -0.042770     0.000001                                               
               Excited State   S38:     -0.024762     0.018826    -0.046376                                               
               Excited State   S39:      0.027853    -0.000046    -0.084200                                               
               Excited State   S40:     -0.030574    -0.021397     0.069255                                               
               Excited State   S41:     -0.022133    -0.015381    -0.087933                                               
               Excited State   S42:      0.032072    -0.102407    -0.050192                                               
               Excited State   S43:     -0.382456     0.208416     0.008194                                               
               Excited State   S44:      0.008051     0.005000     0.068831                                               
               Excited State   S45:      0.034193     0.048644     0.053396                                               
               Excited State   S46:     -0.412748    -0.234563    -0.013495                                               
               Excited State   S47:      0.092580    -0.257844     0.014266                                               
               Excited State   S48:      0.089974     0.045073    -0.029912                                               
               Excited State   S49:      0.149756     0.383901     0.016378                                               
               Excited State   S50:      0.026879     0.007937    -0.185575                                               
               Excited State   S51:      0.163907    -0.457271     0.040753                                               
               Excited State   S52:      0.067309     0.310331    -0.044701                                               
               Excited State   S53:     -0.031810    -0.086342     0.049262                                               
               Excited State   S54:      0.002558    -0.148932     0.032390                                               
               Excited State   S55:      0.033282    -0.019964    -0.069697                                               
               Excited State   S56:     -0.089310     0.048527    -0.007780                                               
               Excited State   S57:      0.017495     0.004386     0.100153                                               
               Excited State   S58:      0.001067     0.019023     0.038057                                               
               Excited State   S59:      0.028620     0.010663     0.052810                                               
               Excited State   S60:      0.018592    -0.003777    -0.048330                                               
               Excited State   S61:     -0.026313     0.011114    -0.008294                                               
               Excited State   S62:      0.089053    -0.234703    -0.122440                                               
               Excited State   S63:     -0.006983    -0.148898     0.096411                                               
               Excited State   S64:     -0.011293     0.002331    -0.012122                                               
               Excited State   S65:     -0.152395     0.439225    -0.035007                                               
               Excited State   S66:     -0.074183    -0.057153    -0.119671                                               
               Excited State   S67:      0.085500    -0.046499     0.095127                                               
               Excited State   S68:     -0.002710     0.005151    -0.047490                                               
               Excited State   S69:      0.065479    -0.133811     0.057621                                               
               Excited State   S70:     -0.103123    -0.395619    -0.001500                                               
               Excited State   S71:     -0.004516    -0.029539     0.042093                                               
               Excited State   S72:      0.240370    -0.139860     0.060655                                               
               Excited State   S73:      0.038125     0.151931     0.060334                                               
               Excited State   S74:      0.003584    -0.062549     0.196163                                               
               Excited State   S75:      0.001337     0.003026     0.131420                                               
                                                                                                                          
               One-Photon Absorption                                                                                      
               ---------------------                                                                                      
               Excited State    S1:     10.06780902 a.u.    273.95904 eV    Osc.Str.    0.0387                            
               Excited State    S2:     10.09140582 a.u.    274.60114 eV    Osc.Str.    0.0235                            
               Excited State    S3:     10.09232807 a.u.    274.62624 eV    Osc.Str.    0.0421                            
               Excited State    S4:     10.10675041 a.u.    275.01869 eV    Osc.Str.    0.0192                            
               Excited State    S5:     10.11854737 a.u.    275.33970 eV    Osc.Str.    0.0066                            
               Excited State    S6:     10.12942819 a.u.    275.63578 eV    Osc.Str.    0.0250                            
               Excited State    S7:     10.13308813 a.u.    275.73537 eV    Osc.Str.    0.0090                            
               Excited State    S8:     10.13907669 a.u.    275.89833 eV    Osc.Str.    0.0005                            
               Excited State    S9:     10.14840048 a.u.    276.15205 eV    Osc.Str.    0.0141                            
               Excited State   S10:     10.15040378 a.u.    276.20656 eV    Osc.Str.    0.0313                            
               Excited State   S11:     10.15451717 a.u.    276.31849 eV    Osc.Str.    0.0004                            
               Excited State   S12:     10.16540762 a.u.    276.61483 eV    Osc.Str.    0.0102                            
               Excited State   S13:     10.16566316 a.u.    276.62179 eV    Osc.Str.    0.0537                            
               Excited State   S14:     10.16676836 a.u.    276.65186 eV    Osc.Str.    0.0145                            
               Excited State   S15:     10.16800934 a.u.    276.68563 eV    Osc.Str.    0.0036                            
               Excited State   S16:     10.17365791 a.u.    276.83934 eV    Osc.Str.    0.0232                            
               Excited State   S17:     10.18020287 a.u.    277.01743 eV    Osc.Str.    0.0062                            
               Excited State   S18:     10.18034245 a.u.    277.02123 eV    Osc.Str.    0.0111                            
               Excited State   S19:     10.18133404 a.u.    277.04821 eV    Osc.Str.    0.0001                            
               Excited State   S20:     10.19496562 a.u.    277.41915 eV    Osc.Str.    0.0007                            
               Excited State   S21:     10.20425916 a.u.    277.67204 eV    Osc.Str.    0.0003                            
               Excited State   S22:     10.20490424 a.u.    277.68959 eV    Osc.Str.    0.0012                            
               Excited State   S23:     10.20668345 a.u.    277.73801 eV    Osc.Str.    0.0025                            
               Excited State   S24:     10.20767870 a.u.    277.76509 eV    Osc.Str.    0.0026                            
               Excited State   S25:     10.20839643 a.u.    277.78462 eV    Osc.Str.    0.0012                            
               Excited State   S26:     10.21037600 a.u.    277.83849 eV    Osc.Str.    0.0017                            
               Excited State   S27:     10.21429309 a.u.    277.94507 eV    Osc.Str.    0.0016                            
               Excited State   S28:     10.21568658 a.u.    277.98299 eV    Osc.Str.    0.0010                            
               Excited State   S29:     10.21915137 a.u.    278.07728 eV    Osc.Str.    0.0001                            
               Excited State   S30:     10.22217252 a.u.    278.15948 eV    Osc.Str.    0.0020                            
               Excited State   S31:     10.22384914 a.u.    278.20511 eV    Osc.Str.    0.0031                            
               Excited State   S32:     10.22635239 a.u.    278.27322 eV    Osc.Str.    0.0013                            
               Excited State   S33:     10.22987317 a.u.    278.36903 eV    Osc.Str.    0.0021                            
               Excited State   S34:     10.23076763 a.u.    278.39337 eV    Osc.Str.    0.0001                            
               Excited State   S35:     10.23222896 a.u.    278.43313 eV    Osc.Str.    0.0030                            
               Excited State   S36:     10.23684884 a.u.    278.55885 eV    Osc.Str.    0.0001                            
               Excited State   S37:     10.24218217 a.u.    278.70398 eV    Osc.Str.    0.0003                            
               Excited State   S38:     10.24251456 a.u.    278.71302 eV    Osc.Str.    0.0002                            
               Excited State   S39:     10.24256621 a.u.    278.71443 eV    Osc.Str.    0.0023                            
               Excited State   S40:     10.24396954 a.u.    278.75261 eV    Osc.Str.    0.0002                            
               Excited State   S41:     10.24420855 a.u.    278.75912 eV    Osc.Str.    0.0009                            
               Excited State   S42:     10.24495854 a.u.    278.77952 eV    Osc.Str.    0.0009                            
               Excited State   S43:     10.24823537 a.u.    278.86869 eV    Osc.Str.    0.0049                            
               Excited State   S44:     10.24892571 a.u.    278.88748 eV    Osc.Str.    0.0020                            
               Excited State   S45:     10.25101784 a.u.    278.94441 eV    Osc.Str.    0.0018                            
               Excited State   S46:     10.25139248 a.u.    278.95460 eV    Osc.Str.    0.0052                            
               Excited State   S47:     10.25268318 a.u.    278.98972 eV    Osc.Str.    0.0013                            
               Excited State   S48:     10.25492724 a.u.    279.05079 eV    Osc.Str.    0.0005                            
               Excited State   S49:     10.25784970 a.u.    279.13031 eV    Osc.Str.    0.0029                            
               Excited State   S50:     10.25899060 a.u.    279.16136 eV    Osc.Str.    0.0089                            
               Excited State   S51:     10.26186163 a.u.    279.23948 eV    Osc.Str.    0.0039                            
               Excited State   S52:     10.26443270 a.u.    279.30944 eV    Osc.Str.    0.0020                            
               Excited State   S53:     10.26527919 a.u.    279.33248 eV    Osc.Str.    0.0004                            
               Excited State   S54:     10.26727747 a.u.    279.38685 eV    Osc.Str.    0.0004                            
               Excited State   S55:     10.26734691 a.u.    279.38874 eV    Osc.Str.    0.0005                            
               Excited State   S56:     10.26800473 a.u.    279.40664 eV    Osc.Str.    0.0004                            
               Excited State   S57:     10.26915799 a.u.    279.43802 eV    Osc.Str.    0.0032                            
               Excited State   S58:     10.26934159 a.u.    279.44302 eV    Osc.Str.    0.0161                            
               Excited State   S59:     10.27017065 a.u.    279.46558 eV    Osc.Str.    0.0004                            
               Excited State   S60:     10.27225638 a.u.    279.52234 eV    Osc.Str.    0.0003                            
               Excited State   S61:     10.27406251 a.u.    279.57148 eV    Osc.Str.    0.0007                            
               Excited State   S62:     10.27613460 a.u.    279.62787 eV    Osc.Str.    0.0023                            
               Excited State   S63:     10.27801532 a.u.    279.67904 eV    Osc.Str.    0.0055                            
               Excited State   S64:     10.27958957 a.u.    279.72188 eV    Osc.Str.    0.0002                            
               Excited State   S65:     10.28034100 a.u.    279.74233 eV    Osc.Str.    0.0039                            
               Excited State   S66:     10.28228305 a.u.    279.79518 eV    Osc.Str.    0.0005                            
               Excited State   S67:     10.28610248 a.u.    279.89911 eV    Osc.Str.    0.0005                            
               Excited State   S68:     10.28831866 a.u.    279.95941 eV    Osc.Str.    0.0004                            
               Excited State   S69:     10.28961242 a.u.    279.99462 eV    Osc.Str.    0.0007                            
               Excited State   S70:     10.29009723 a.u.    280.00781 eV    Osc.Str.    0.0029                            
               Excited State   S71:     10.29188120 a.u.    280.05635 eV    Osc.Str.    0.0016                            
               Excited State   S72:     10.29299198 a.u.    280.08658 eV    Osc.Str.    0.0023                            
               Excited State   S73:     10.29505359 a.u.    280.14268 eV    Osc.Str.    0.0006                            
               Excited State   S74:     10.29514061 a.u.    280.14505 eV    Osc.Str.    0.0016                            
               Excited State   S75:     10.29602349 a.u.    280.16907 eV    Osc.Str.    0.0033                            
                                                                                                                          
               Electronic Circular Dichroism                                                                              
               -----------------------------                                                                              
               Excited State    S1:     Rot.Str.      0.000018 a.u.     0.0085 [10**(-40) cgs]                            
               Excited State    S2:     Rot.Str.      0.000937 a.u.     0.4417 [10**(-40) cgs]                            
               Excited State    S3:     Rot.Str.     -0.000759 a.u.    -0.3577 [10**(-40) cgs]                            
               Excited State    S4:     Rot.Str.     -0.000308 a.u.    -0.1453 [10**(-40) cgs]                            
               Excited State    S5:     Rot.Str.      0.000024 a.u.     0.0114 [10**(-40) cgs]                            
               Excited State    S6:     Rot.Str.     -0.000379 a.u.    -0.1785 [10**(-40) cgs]                            
               Excited State    S7:     Rot.Str.      0.000456 a.u.     0.2151 [10**(-40) cgs]                            
               Excited State    S8:     Rot.Str.     -0.000093 a.u.    -0.0436 [10**(-40) cgs]                            
               Excited State    S9:     Rot.Str.     -0.000116 a.u.    -0.0548 [10**(-40) cgs]                            
               Excited State   S10:     Rot.Str.      0.000181 a.u.     0.0854 [10**(-40) cgs]                            
               Excited State   S11:     Rot.Str.     -0.000083 a.u.    -0.0393 [10**(-40) cgs]                            
               Excited State   S12:     Rot.Str.      0.003212 a.u.     1.5144 [10**(-40) cgs]                            
               Excited State   S13:     Rot.Str.     -0.000441 a.u.    -0.2078 [10**(-40) cgs]                            
               Excited State   S14:     Rot.Str.     -0.002723 a.u.    -1.2838 [10**(-40) cgs]                            
               Excited State   S15:     Rot.Str.     -0.000138 a.u.    -0.0653 [10**(-40) cgs]                            
               Excited State   S16:     Rot.Str.      0.000156 a.u.     0.0734 [10**(-40) cgs]                            
               Excited State   S17:     Rot.Str.     -0.001642 a.u.    -0.7741 [10**(-40) cgs]                            
               Excited State   S18:     Rot.Str.      0.001644 a.u.     0.7749 [10**(-40) cgs]                            
               Excited State   S19:     Rot.Str.     -0.000039 a.u.    -0.0183 [10**(-40) cgs]                            
               Excited State   S20:     Rot.Str.     -0.000022 a.u.    -0.0103 [10**(-40) cgs]                            
               Excited State   S21:     Rot.Str.      0.000031 a.u.     0.0147 [10**(-40) cgs]                            
               Excited State   S22:     Rot.Str.      0.000056 a.u.     0.0263 [10**(-40) cgs]                            
               Excited State   S23:     Rot.Str.     -0.000073 a.u.    -0.0346 [10**(-40) cgs]                            
               Excited State   S24:     Rot.Str.     -0.000117 a.u.    -0.0550 [10**(-40) cgs]                            
               Excited State   S25:     Rot.Str.      0.000119 a.u.     0.0559 [10**(-40) cgs]                            
               Excited State   S26:     Rot.Str.      0.000019 a.u.     0.0090 [10**(-40) cgs]                            
               Excited State   S27:     Rot.Str.     -0.000035 a.u.    -0.0165 [10**(-40) cgs]                            
               Excited State   S28:     Rot.Str.      0.000022 a.u.     0.0102 [10**(-40) cgs]                            
               Excited State   S29:     Rot.Str.      0.000016 a.u.     0.0075 [10**(-40) cgs]                            
               Excited State   S30:     Rot.Str.     -0.000124 a.u.    -0.0585 [10**(-40) cgs]                            
               Excited State   S31:     Rot.Str.      0.000144 a.u.     0.0681 [10**(-40) cgs]                            
               Excited State   S32:     Rot.Str.      0.000017 a.u.     0.0081 [10**(-40) cgs]                            
               Excited State   S33:     Rot.Str.      0.000131 a.u.     0.0620 [10**(-40) cgs]                            
               Excited State   S34:     Rot.Str.     -0.000079 a.u.    -0.0375 [10**(-40) cgs]                            
               Excited State   S35:     Rot.Str.      0.000093 a.u.     0.0439 [10**(-40) cgs]                            
               Excited State   S36:     Rot.Str.      0.000002 a.u.     0.0010 [10**(-40) cgs]                            
               Excited State   S37:     Rot.Str.     -0.000041 a.u.    -0.0193 [10**(-40) cgs]                            
               Excited State   S38:     Rot.Str.      0.000075 a.u.     0.0353 [10**(-40) cgs]                            
               Excited State   S39:     Rot.Str.     -0.000215 a.u.    -0.1013 [10**(-40) cgs]                            
               Excited State   S40:     Rot.Str.      0.000043 a.u.     0.0202 [10**(-40) cgs]                            
               Excited State   S41:     Rot.Str.      0.000087 a.u.     0.0408 [10**(-40) cgs]                            
               Excited State   S42:     Rot.Str.      0.000077 a.u.     0.0365 [10**(-40) cgs]                            
               Excited State   S43:     Rot.Str.      0.000053 a.u.     0.0252 [10**(-40) cgs]                            
               Excited State   S44:     Rot.Str.     -0.000083 a.u.    -0.0390 [10**(-40) cgs]                            
               Excited State   S45:     Rot.Str.      0.000142 a.u.     0.0669 [10**(-40) cgs]                            
               Excited State   S46:     Rot.Str.     -0.000658 a.u.    -0.3104 [10**(-40) cgs]                            
               Excited State   S47:     Rot.Str.      0.000418 a.u.     0.1969 [10**(-40) cgs]                            
               Excited State   S48:     Rot.Str.     -0.000011 a.u.    -0.0051 [10**(-40) cgs]                            
               Excited State   S49:     Rot.Str.     -0.000045 a.u.    -0.0214 [10**(-40) cgs]                            
               Excited State   S50:     Rot.Str.     -0.000070 a.u.    -0.0331 [10**(-40) cgs]                            
               Excited State   S51:     Rot.Str.      0.000253 a.u.     0.1193 [10**(-40) cgs]                            
               Excited State   S52:     Rot.Str.      0.000065 a.u.     0.0308 [10**(-40) cgs]                            
               Excited State   S53:     Rot.Str.     -0.000182 a.u.    -0.0857 [10**(-40) cgs]                            
               Excited State   S54:     Rot.Str.     -0.000001 a.u.    -0.0005 [10**(-40) cgs]                            
               Excited State   S55:     Rot.Str.      0.000032 a.u.     0.0151 [10**(-40) cgs]                            
               Excited State   S56:     Rot.Str.      0.000130 a.u.     0.0615 [10**(-40) cgs]                            
               Excited State   S57:     Rot.Str.     -0.000223 a.u.    -0.1052 [10**(-40) cgs]                            
               Excited State   S58:     Rot.Str.      0.000056 a.u.     0.0266 [10**(-40) cgs]                            
               Excited State   S59:     Rot.Str.     -0.000020 a.u.    -0.0096 [10**(-40) cgs]                            
               Excited State   S60:     Rot.Str.      0.000019 a.u.     0.0087 [10**(-40) cgs]                            
               Excited State   S61:     Rot.Str.     -0.000024 a.u.    -0.0115 [10**(-40) cgs]                            
               Excited State   S62:     Rot.Str.     -0.000584 a.u.    -0.2754 [10**(-40) cgs]                            
               Excited State   S63:     Rot.Str.      0.000757 a.u.     0.3569 [10**(-40) cgs]                            
               Excited State   S64:     Rot.Str.      0.000011 a.u.     0.0050 [10**(-40) cgs]                            
               Excited State   S65:     Rot.Str.     -0.000064 a.u.    -0.0304 [10**(-40) cgs]                            
               Excited State   S66:     Rot.Str.     -0.000116 a.u.    -0.0545 [10**(-40) cgs]                            
               Excited State   S67:     Rot.Str.      0.000061 a.u.     0.0288 [10**(-40) cgs]                            
               Excited State   S68:     Rot.Str.     -0.000001 a.u.    -0.0006 [10**(-40) cgs]                            
               Excited State   S69:     Rot.Str.      0.000205 a.u.     0.0967 [10**(-40) cgs]                            
               Excited State   S70:     Rot.Str.     -0.000043 a.u.    -0.0201 [10**(-40) cgs]                            
               Excited State   S71:     Rot.Str.     -0.000331 a.u.    -0.1562 [10**(-40) cgs]                            
               Excited State   S72:     Rot.Str.      0.000361 a.u.     0.1701 [10**(-40) cgs]                            
               Excited State   S73:     Rot.Str.     -0.000001 a.u.    -0.0003 [10**(-40) cgs]                            
               Excited State   S74:     Rot.Str.     -0.000025 a.u.    -0.0116 [10**(-40) cgs]                            
               Excited State   S75:     Rot.Str.     -0.000173 a.u.    -0.0813 [10**(-40) cgs]                            
                                                                                                                          
               Character of excitations:                                                                                  
                                                                                                                          
               Excited state 1                                                                                            
               ---------------                                                                                            
               core_9   -> LUMO        -0.9304                                                                            
                                                                                                                          
               Excited state 2                                                                                            
               ---------------                                                                                            
               core_8   -> LUMO         0.8276                                                                            
               core_8   -> LUMO+2       0.3530                                                                            
               core_8   -> LUMO+1       0.3389                                                                            
                                                                                                                          
               Excited state 3                                                                                            
               ---------------                                                                                            
               core_6   -> LUMO        -0.8946                                                                            
               core_6   -> LUMO+2      -0.2041                                                                            
                                                                                                                          
               Excited state 4                                                                                            
               ---------------                                                                                            
               core_7   -> LUMO        -0.9100                                                                            
               core_7   -> LUMO+6       0.2801                                                                            
                                                                                                                          
               Excited state 5                                                                                            
               ---------------                                                                                            
               core_5   -> LUMO         0.9814                                                                            
                                                                                                                          
               Excited state 6                                                                                            
               ---------------                                                                                            
               core_7   -> LUMO+1       0.5689                                                                            
               core_7   -> LUMO+2       0.5338                                                                            
               core_7   -> LUMO+6       0.4311                                                                            
               core_7   -> LUMO+5      -0.2582                                                                            
               core_7   -> LUMO         0.2115                                                                            
                                                                                                                          
               Excited state 7                                                                                            
               ---------------                                                                                            
               core_8   -> LUMO+6       0.5091                                                                            
               core_8   -> LUMO        -0.4886                                                                            
               core_8   -> LUMO+1       0.4241                                                                            
               core_8   -> LUMO+2       0.3892                                                                            
               core_8   -> LUMO+5      -0.2934                                                                            
                                                                                                                          
               Excited state 8                                                                                            
               ---------------                                                                                            
               core_9   -> LUMO+2      -0.5875                                                                            
               core_9   -> LUMO+1      -0.5711                                                                            
               core_9   -> LUMO+6      -0.4367                                                                            
               core_9   -> LUMO+5       0.2522                                                                            
                                                                                                                          
               Excited state 9                                                                                            
               ---------------                                                                                            
               core_5   -> LUMO+2       0.7092                                                                            
               core_5   -> LUMO+1       0.6333                                                                            
                                                                                                                          
               Excited state 10                                                                                           
               ----------------                                                                                           
               core_4   -> LUMO         0.7834                                                                            
               core_4   -> LUMO+2       0.4359                                                                            
               core_4   -> LUMO+1       0.3851                                                                            
                                                                                                                          
               Excited state 11                                                                                           
               ----------------                                                                                           
               core_6   -> LUMO+1       0.6254                                                                            
               core_6   -> LUMO+2       0.5998                                                                            
               core_6   -> LUMO+6       0.3677                                                                            
               core_6   -> LUMO+5      -0.2178                                                                            
                                                                                                                          
               Excited state 12                                                                                           
               ----------------                                                                                           
               core_7   -> LUMO+2      -0.4671                                                                            
               core_7   -> LUMO+1       0.4537                                                                            
               core_7   -> LUMO+3       0.4479                                                                            
               core_8   -> LUMO+3       0.2276                                                                            
               core_8   -> LUMO+1       0.2243                                                                            
               core_7   -> LUMO+6      -0.2241                                                                            
               core_8   -> LUMO+2      -0.2162                                                                            
               core_7   -> LUMO+4       0.2044                                                                            
                                                                                                                          
               Excited state 13                                                                                           
               ----------------                                                                                           
               core_3   -> LUMO        -0.6388                                                                            
               core_3   -> LUMO+2       0.4667                                                                            
               core_3   -> LUMO+1       0.4159                                                                            
               core_3   -> LUMO+6      -0.3406                                                                            
                                                                                                                          
               Excited state 14                                                                                           
               ----------------                                                                                           
               core_8   -> LUMO+3       0.4714                                                                            
               core_8   -> LUMO+1       0.4662                                                                            
               core_8   -> LUMO+2      -0.4395                                                                            
               core_8   -> LUMO+4      -0.2413                                                                            
               core_7   -> LUMO+2       0.2199                                                                            
               core_7   -> LUMO+1      -0.2179                                                                            
               core_7   -> LUMO+3      -0.2144                                                                            
                                                                                                                          
               Excited state 15                                                                                           
               ----------------                                                                                           
               core_9   -> LUMO+4       0.5778                                                                            
               core_9   -> LUMO+1      -0.5218                                                                            
               core_9   -> LUMO+2       0.4412                                                                            
               core_9   -> LUMO+3      -0.2796                                                                            
                                                                                                                          
               Excited state 16                                                                                           
               ----------------                                                                                           
               core_5   -> LUMO+6       0.7485                                                                            
               core_5   -> LUMO+5      -0.4436                                                                            
                                                                                                                          
               Excited state 17                                                                                           
               ----------------                                                                                           
               core_6   -> LUMO+2      -0.5798                                                                            
               core_6   -> LUMO+1       0.5400                                                                            
               core_6   -> LUMO+4       0.4580                                                                            
               core_6   -> LUMO+3       0.2190                                                                            
                                                                                                                          
               Excited state 18                                                                                           
               ----------------                                                                                           
               core_4   -> LUMO        -0.5932                                                                            
               core_4   -> LUMO+2       0.5646                                                                            
               core_4   -> LUMO+1       0.5054                                                                            
                                                                                                                          
               Excited state 19                                                                                           
               ----------------                                                                                           
               core_9   -> LUMO+6       0.6453                                                                            
               core_9   -> LUMO+5      -0.4391                                                                            
               core_9   -> LUMO+2      -0.3713                                                                            
               core_9   -> LUMO+1      -0.2938                                                                            
               core_9   -> LUMO+3       0.2911                                                                            
               core_9   -> LUMO         0.2043                                                                            
                                                                                                                          
               Excited state 20                                                                                           
               ----------------                                                                                           
               core_9   -> LUMO+7      -0.5442                                                                            
               core_9   -> LUMO+3       0.4912                                                                            
               core_9   -> LUMO+5      -0.4085                                                                            
               core_9   -> LUMO+6      -0.3306                                                                            
               core_9   -> LUMO+2       0.2587                                                                            
                                                                                                                          
               Excited state 21                                                                                           
               ----------------                                                                                           
               core_6   -> LUMO+3      -0.5704                                                                            
               core_6   -> LUMO+5       0.5623                                                                            
               core_6   -> LUMO+1       0.3011                                                                            
               core_6   -> LUMO+8       0.2592                                                                            
                                                                                                                          
               Excited state 22                                                                                           
               ----------------                                                                                           
               core_8   -> LUMO+5       0.6039                                                                            
               core_8   -> LUMO+3      -0.3786                                                                            
               core_8   -> LUMO+1       0.3736                                                                            
               core_8   -> LUMO+4      -0.3353                                                                            
               core_8   -> LUMO+11     -0.2740                                                                            
               core_8   -> LUMO+7       0.2117                                                                            
                                                                                                                          
               Excited state 23                                                                                           
               ----------------                                                                                           
               core_9   -> LUMO+4       0.5692                                                                            
               core_9   -> LUMO+1       0.4146                                                                            
               core_9   -> LUMO+8       0.3853                                                                            
               core_9   -> LUMO+2      -0.3279                                                                            
               core_9   -> LUMO+6      -0.3132                                                                            
               core_9   -> LUMO+3       0.2678                                                                            
                                                                                                                          
               Excited state 24                                                                                           
               ----------------                                                                                           
               core_7   -> LUMO+5      -0.5557                                                                            
               core_7   -> LUMO+1      -0.4438                                                                            
               core_7   -> LUMO+3       0.3173                                                                            
               core_7   -> LUMO+11      0.3040                                                                            
               core_7   -> LUMO+2       0.2993                                                                            
                                                                                                                          
               Excited state 25                                                                                           
               ----------------                                                                                           
               core_5   -> LUMO+1       0.5084                                                                            
               core_5   -> LUMO+2      -0.4878                                                                            
               core_5   -> LUMO+5       0.3700                                                                            
               core_5   -> LUMO+7       0.3223                                                                            
               core_5   -> LUMO+4      -0.2975                                                                            
               core_5   -> LUMO+6       0.2798                                                                            
               core_5   -> LUMO+3      -0.2092                                                                            
                                                                                                                          
               Excited state 26                                                                                           
               ----------------                                                                                           
               core_8   -> LUMO+4       0.7592                                                                            
               core_8   -> LUMO+7       0.4271                                                                            
               core_8   -> LUMO+2      -0.2540                                                                            
               core_8   -> LUMO+1       0.2445                                                                            
                                                                                                                          
               Excited state 27                                                                                           
               ----------------                                                                                           
               core_6   -> LUMO+6      -0.7623                                                                            
               core_6   -> LUMO        -0.3316                                                                            
               core_6   -> LUMO+2       0.3094                                                                            
               core_6   -> LUMO+7      -0.2192                                                                            
                                                                                                                          
               Excited state 28                                                                                           
               ----------------                                                                                           
               core_8   -> LUMO+6      -0.6933                                                                            
               core_8   -> LUMO+2       0.5169                                                                            
               core_8   -> LUMO+1       0.3403                                                                            
               core_8   -> LUMO+7      -0.2157                                                                            
               core_8   -> LUMO        -0.2008                                                                            
                                                                                                                          
               Excited state 29                                                                                           
               ----------------                                                                                           
               core_7   -> LUMO+4      -0.8267                                                                            
               core_7   -> LUMO+8       0.3354                                                                            
               core_7   -> LUMO+3       0.2825                                                                            
                                                                                                                          
               Excited state 30                                                                                           
               ----------------                                                                                           
               core_7   -> LUMO+6      -0.6081                                                                            
               core_7   -> LUMO+2       0.4743                                                                            
               core_7   -> LUMO+1       0.3326                                                                            
               core_7   -> LUMO        -0.2934                                                                            
               core_7   -> LUMO+5       0.2327                                                                            
                                                                                                                          
               Excited state 31                                                                                           
               ----------------                                                                                           
               core_6   -> LUMO+4       0.5504                                                                            
               core_6   -> LUMO+3      -0.4739                                                                            
               core_6   -> LUMO+7      -0.4292                                                                            
               core_6   -> LUMO+8      -0.2798                                                                            
               core_6   -> LUMO+1      -0.2368                                                                            
                                                                                                                          
               Excited state 32                                                                                           
               ----------------                                                                                           
               core_9   -> LUMO+8      -0.5975                                                                            
               core_9   -> LUMO+3      -0.4284                                                                            
               core_9   -> LUMO+4       0.2880                                                                            
               core_9   -> LUMO+5      -0.2727                                                                            
               core_9   -> LUMO+2      -0.2609                                                                            
               core_9   -> LUMO+1       0.2390                                                                            
               core_9   -> LUMO+11      0.2097                                                                            
               core_9   -> LUMO+10     -0.2026                                                                            
                                                                                                                          
               Excited state 33                                                                                           
               ----------------                                                                                           
               core_5   -> LUMO+3       0.6344                                                                            
               core_5   -> LUMO+1       0.3902                                                                            
               core_5   -> LUMO+2      -0.3011                                                                            
               core_5   -> LUMO+7      -0.2993                                                                            
               core_5   -> LUMO+5      -0.2523                                                                            
               core_5   -> LUMO+8      -0.2227                                                                            
                                                                                                                          
               Excited state 34                                                                                           
               ----------------                                                                                           
               core_9   -> LUMO+3       0.5607                                                                            
               core_9   -> LUMO+8      -0.4453                                                                            
               core_9   -> LUMO+5       0.3863                                                                            
               core_9   -> LUMO+7       0.3233                                                                            
               core_9   -> LUMO+10     -0.2654                                                                            
               core_9   -> LUMO+4       0.2503                                                                            
                                                                                                                          
               Excited state 35                                                                                           
               ----------------                                                                                           
               core_4   -> LUMO+6      -0.6408                                                                            
               core_4   -> LUMO+5       0.5743                                                                            
               core_4   -> LUMO+3      -0.3297                                                                            
               core_4   -> LUMO+1       0.2203                                                                            
                                                                                                                          
               Excited state 36                                                                                           
               ----------------                                                                                           
               core_8   -> LUMO+8      -0.7134                                                                            
               core_8   -> LUMO+7      -0.3813                                                                            
               core_8   -> LUMO+3      -0.2467                                                                            
               core_8   -> LUMO+12      0.2387                                                                            
               core_8   -> LUMO+1       0.2172                                                                            
               core_8   -> LUMO+2      -0.2016                                                                            
                                                                                                                          
               Excited state 37                                                                                           
               ----------------                                                                                           
               core_7   -> LUMO+7       0.7289                                                                            
               core_7   -> LUMO+8       0.3069                                                                            
               core_7   -> LUMO+10     -0.2856                                                                            
               core_7   -> LUMO+6      -0.2627                                                                            
                                                                                                                          
               Excited state 38                                                                                           
               ----------------                                                                                           
               core_9   -> LUMO+7      -0.5994                                                                            
               core_9   -> LUMO+5       0.4871                                                                            
               core_9   -> LUMO+4       0.3698                                                                            
               core_9   -> LUMO+6       0.3580                                                                            
               core_9   -> LUMO+11     -0.2088                                                                            
                                                                                                                          
               Excited state 39                                                                                           
               ----------------                                                                                           
               core_4   -> LUMO+6      -0.5041                                                                            
               core_4   -> LUMO+2       0.4778                                                                            
               core_4   -> LUMO+1      -0.4443                                                                            
               core_4   -> LUMO+3       0.2810                                                                            
               core_4   -> LUMO+7      -0.2293                                                                            
               core_4   -> LUMO+8      -0.2244                                                                            
               core_4   -> LUMO+5      -0.2240                                                                            
                                                                                                                          
               Excited state 40                                                                                           
               ----------------                                                                                           
               core_6   -> LUMO+5       0.5212                                                                            
               core_6   -> LUMO+7       0.4474                                                                            
               core_6   -> LUMO+4       0.3773                                                                            
               core_6   -> LUMO+11     -0.3343                                                                            
               core_6   -> LUMO+3       0.2733                                                                            
               core_6   -> LUMO+2       0.2460                                                                            
               core_6   -> LUMO+1      -0.2292                                                                            
                                                                                                                          
               Excited state 41                                                                                           
               ----------------                                                                                           
               core_5   -> LUMO+3      -0.5183                                                                            
               core_5   -> LUMO+4       0.4791                                                                            
               core_5   -> LUMO+5      -0.4340                                                                            
               core_5   -> LUMO+2      -0.3282                                                                            
               core_5   -> LUMO+1       0.3083                                                                            
                                                                                                                          
               Excited state 42                                                                                           
               ----------------                                                                                           
               core_8   -> LUMO+3       0.6012                                                                            
               core_8   -> LUMO+8      -0.4705                                                                            
               core_8   -> LUMO+10     -0.3015                                                                            
               core_8   -> LUMO+7       0.2900                                                                            
               core_8   -> LUMO+5       0.2880                                                                            
                                                                                                                          
               Excited state 43                                                                                           
               ----------------                                                                                           
               core_9   -> LUMO+9      -0.8220                                                                            
               core_9   -> LUMO+13      0.2856                                                                            
               core_9   -> LUMO+15     -0.2685                                                                            
               core_9   -> LUMO+14     -0.2308                                                                            
                                                                                                                          
               Excited state 44                                                                                           
               ----------------                                                                                           
               core_5   -> LUMO+4       0.6988                                                                            
               core_5   -> LUMO+3       0.4397                                                                            
               core_5   -> LUMO+5       0.3871                                                                            
               core_5   -> LUMO+8       0.2867                                                                            
                                                                                                                          
               Excited state 45                                                                                           
               ----------------                                                                                           
               core_7   -> LUMO+3       0.6499                                                                            
               core_7   -> LUMO+5       0.4065                                                                            
               core_7   -> LUMO+11     -0.3369                                                                            
               core_7   -> LUMO+8      -0.2632                                                                            
                                                                                                                          
               Excited state 46                                                                                           
               ----------------                                                                                           
               core_6   -> LUMO+9       0.8205                                                                            
               core_6   -> LUMO+8       0.2535                                                                            
                                                                                                                          
               Excited state 47                                                                                           
               ----------------                                                                                           
               core_8   -> LUMO+5      -0.4343                                                                            
               core_8   -> LUMO+4      -0.3815                                                                            
               core_8   -> LUMO+7       0.3723                                                                            
               core_8   -> LUMO+3      -0.3348                                                                            
               core_8   -> LUMO+10     -0.2864                                                                            
               core_8   -> LUMO+11      0.2674                                                                            
               core_8   -> LUMO+14     -0.2328                                                                            
               core_8   -> LUMO+6      -0.2185                                                                            
               core_8   -> LUMO+8      -0.2157                                                                            
                                                                                                                          
               Excited state 48                                                                                           
               ----------------                                                                                           
               core_6   -> LUMO+7      -0.4773                                                                            
               core_6   -> LUMO+3       0.4741                                                                            
               core_6   -> LUMO+5       0.3963                                                                            
               core_6   -> LUMO+6       0.3325                                                                            
               core_6   -> LUMO+4      -0.2851                                                                            
               core_6   -> LUMO+10      0.2716                                                                            
               core_6   -> LUMO+9      -0.2232                                                                            
                                                                                                                          
               Excited state 49                                                                                           
               ----------------                                                                                           
               core_7   -> LUMO+8      -0.5583                                                                            
               core_7   -> LUMO+9      -0.4553                                                                            
               core_7   -> LUMO+14     -0.4323                                                                            
               core_7   -> LUMO+4      -0.2728                                                                            
               core_7   -> LUMO+10     -0.2416                                                                            
               core_7   -> LUMO+7       0.2118                                                                            
                                                                                                                          
               Excited state 50                                                                                           
               ----------------                                                                                           
               core_4   -> LUMO+1       0.5043                                                                            
               core_4   -> LUMO+3       0.4027                                                                            
               core_4   -> LUMO+2      -0.3951                                                                            
               core_4   -> LUMO+4       0.3051                                                                            
               core_4   -> LUMO+6      -0.2625                                                                            
               core_4   -> LUMO+8      -0.2488                                                                            
               core_4   -> LUMO+19     -0.2155                                                                            
                                                                                                                          
               Excited state 51                                                                                           
               ----------------                                                                                           
               core_8   -> LUMO+9      -0.6591                                                                            
               core_8   -> LUMO+14     -0.5340                                                                            
               core_8   -> LUMO+7      -0.2546                                                                            
               core_8   -> LUMO+13      0.2304                                                                            
                                                                                                                          
               Excited state 52                                                                                           
               ----------------                                                                                           
               core_7   -> LUMO+9      -0.5967                                                                            
               core_7   -> LUMO+8       0.3712                                                                            
               core_7   -> LUMO+7      -0.3128                                                                            
               core_7   -> LUMO+4       0.3112                                                                            
               core_7   -> LUMO+14     -0.3077                                                                            
                                                                                                                          
               Excited state 53                                                                                           
               ----------------                                                                                           
               core_6   -> LUMO+8      -0.6540                                                                            
               core_6   -> LUMO+4      -0.4132                                                                            
               core_6   -> LUMO+9       0.2488                                                                            
               core_6   -> LUMO+13     -0.2423                                                                            
               core_6   -> LUMO+11     -0.2146                                                                            
                                                                                                                          
               Excited state 54                                                                                           
               ----------------                                                                                           
               core_3   -> LUMO         0.7327                                                                            
               core_3   -> LUMO+2       0.5001                                                                            
               core_3   -> LUMO+1       0.4315                                                                            
                                                                                                                          
               Excited state 55                                                                                           
               ----------------                                                                                           
               core_9   -> LUMO+11      0.6147                                                                            
               core_9   -> LUMO+10      0.5030                                                                            
               core_9   -> LUMO+9      -0.3375                                                                            
               core_9   -> LUMO+13     -0.2887                                                                            
               core_9   -> LUMO+14      0.2021                                                                            
                                                                                                                          
               Excited state 56                                                                                           
               ----------------                                                                                           
               core_9   -> LUMO+11      0.5360                                                                            
               core_9   -> LUMO+15     -0.4378                                                                            
               core_9   -> LUMO+8       0.3571                                                                            
               core_9   -> LUMO+13      0.2866                                                                            
               core_9   -> LUMO+12      0.2644                                                                            
               core_9   -> LUMO+10     -0.2087                                                                            
                                                                                                                          
               Excited state 57                                                                                           
               ----------------                                                                                           
               core_5   -> LUMO+7       0.6490                                                                            
               core_5   -> LUMO+8      -0.5677                                                                            
               core_5   -> LUMO+6      -0.2436                                                                            
               core_5   -> LUMO+11      0.2093                                                                            
                                                                                                                          
               Excited state 58                                                                                           
               ----------------                                                                                           
               core_3   -> LUMO+3      -0.6814                                                                            
               core_3   -> LUMO+5      -0.4073                                                                            
               core_3   -> LUMO+2      -0.3452                                                                            
               core_3   -> LUMO+1       0.3380                                                                            
                                                                                                                          
               Excited state 59                                                                                           
               ----------------                                                                                           
               core_5   -> LUMO+9       0.6021                                                                            
               core_5   -> LUMO+8       0.5245                                                                            
               core_5   -> LUMO+7       0.3334                                                                            
               core_5   -> LUMO+5      -0.2826                                                                            
               core_5   -> LUMO+6      -0.2421                                                                            
                                                                                                                          
               Excited state 60                                                                                           
               ----------------                                                                                           
               core_5   -> LUMO+9       0.7419                                                                            
               core_5   -> LUMO+8      -0.3500                                                                            
               core_5   -> LUMO+5       0.2730                                                                            
               core_5   -> LUMO+6       0.2368                                                                            
               core_5   -> LUMO+4       0.2213                                                                            
               core_5   -> LUMO+7      -0.2085                                                                            
                                                                                                                          
               Excited state 61                                                                                           
               ----------------                                                                                           
               core_9   -> LUMO+10      0.6021                                                                            
               core_9   -> LUMO+15     -0.3115                                                                            
               core_9   -> LUMO+8      -0.2870                                                                            
               core_9   -> LUMO+9       0.2825                                                                            
               core_9   -> LUMO+14     -0.2455                                                                            
               core_9   -> LUMO+13      0.2350                                                                            
               core_9   -> LUMO+17     -0.2345                                                                            
               core_9   -> LUMO+12      0.2113                                                                            
                                                                                                                          
               Excited state 62                                                                                           
               ----------------                                                                                           
               core_8   -> LUMO+11      0.6778                                                                            
               core_8   -> LUMO+5       0.4192                                                                            
               core_8   -> LUMO+12      0.2932                                                                            
                                                                                                                          
               Excited state 63                                                                                           
               ----------------                                                                                           
               core_7   -> LUMO+11     -0.6454                                                                            
               core_7   -> LUMO+5      -0.5125                                                                            
               core_7   -> LUMO+6      -0.2152                                                                            
               core_7   -> LUMO+16      0.2106                                                                            
                                                                                                                          
               Excited state 64                                                                                           
               ----------------                                                                                           
               core_4   -> LUMO+3      -0.7097                                                                            
               core_4   -> LUMO+5      -0.4115                                                                            
               core_4   -> LUMO+4       0.3784                                                                            
               core_4   -> LUMO+7      -0.3774                                                                            
                                                                                                                          
               Excited state 65                                                                                           
               ----------------                                                                                           
               core_8   -> LUMO+9      -0.6478                                                                            
               core_8   -> LUMO+14      0.4043                                                                            
               core_8   -> LUMO+13     -0.3453                                                                            
               core_8   -> LUMO+15      0.2368                                                                            
               core_8   -> LUMO+11      0.2310                                                                            
               core_8   -> LUMO+10      0.2200                                                                            
                                                                                                                          
               Excited state 66                                                                                           
               ----------------                                                                                           
               core_6   -> LUMO+11     -0.7970                                                                            
               core_6   -> LUMO+7      -0.3066                                                                            
               core_6   -> LUMO+5      -0.2788                                                                            
                                                                                                                          
               Excited state 67                                                                                           
               ----------------                                                                                           
               core_9   -> LUMO+12     -0.7866                                                                            
               core_9   -> LUMO+7      -0.3143                                                                            
               core_9   -> LUMO+15     -0.2655                                                                            
                                                                                                                          
               Excited state 68                                                                                           
               ----------------                                                                                           
               core_4   -> LUMO+4      -0.7503                                                                            
               core_4   -> LUMO+5      -0.5134                                                                            
                                                                                                                          
               Excited state 69                                                                                           
               ----------------                                                                                           
               core_8   -> LUMO+10      0.7272                                                                            
               core_8   -> LUMO+7       0.3647                                                                            
               core_8   -> LUMO+8      -0.2192                                                                            
               core_8   -> LUMO+14     -0.2143                                                                            
                                                                                                                          
               Excited state 70                                                                                           
               ----------------                                                                                           
               core_7   -> LUMO+14      0.6727                                                                            
               core_7   -> LUMO+9      -0.5270                                                                            
               core_7   -> LUMO+11      0.2176                                                                            
               core_7   -> LUMO+10      0.2038                                                                            
                                                                                                                          
               Excited state 71                                                                                           
               ----------------                                                                                           
               core_6   -> LUMO+10      0.7877                                                                            
               core_6   -> LUMO+7       0.3258                                                                            
               core_6   -> LUMO+16     -0.2704                                                                            
                                                                                                                          
               Excited state 72                                                                                           
               ----------------                                                                                           
               core_9   -> LUMO+14      0.7181                                                                            
               core_9   -> LUMO+13      0.3940                                                                            
               core_9   -> LUMO+20      0.2623                                                                            
               core_9   -> LUMO+19      0.2250                                                                            
                                                                                                                          
               Excited state 73                                                                                           
               ----------------                                                                                           
               core_7   -> LUMO+10      0.7548                                                                            
               core_7   -> LUMO+7       0.3852                                                                            
               core_7   -> LUMO+14     -0.2888                                                                            
               core_7   -> LUMO+13     -0.2673                                                                            
                                                                                                                          
               Excited state 74                                                                                           
               ----------------                                                                                           
               core_3   -> LUMO+5       0.7302                                                                            
               core_3   -> LUMO+2      -0.3721                                                                            
               core_3   -> LUMO+11      0.2850                                                                            
               core_3   -> LUMO+3      -0.2188                                                                            
                                                                                                                          
               Excited state 75                                                                                           
               ----------------                                                                                           
               core_5   -> LUMO+11      0.7830                                                                            
               core_5   -> LUMO+10      0.3253                                                                            
               core_5   -> LUMO+16      0.2205                                                                            
                                                                                                                          
!========================================================================================================================!
!                               VeloxChem execution completed at Sun Jun 14 19:09:35 2026.                               !
!========================================================================================================================!
!                                          Total execution time is 1136.73 sec.                                          !
!========================================================================================================================!
!                     Rinkevicius, Z.; Li, X.; Vahtras, O.; Ahmadzadeh, K.; Brand, M.; Ringholm, M.;                     !
!                              List, N. H.; Scheurer, M.; Scott, M.; Dreuw, A.; Norman, P.                               !
!                     VeloxChem: A Python-driven Density-functional Theory Program for Spectroscopy                      !
!                                Simulations in High-performance Computing Environments.                                 !
!                                       WIREs Comput Mol Sci 2020, 10 (5), e1457.                                        !
!========================================================================================================================!
