!========================================================================================================================!
!                                                                                                                        !
!                                                       VELOXCHEM                                                        !
!                                              AN ELECTRONIC STRUCTURE CODE                                              !
!                                                                                                                        !
!                                        Copyright 2018-2025 VeloxChem developers                                        !
!========================================================================================================================!
!                     VeloxChem execution started on 192 MPI processes at Sun Jun 14 16:06:11 2026.                      !
!========================================================================================================================!
                                                                                                                          
* Info * Using 1 OpenMP threads per MPI process.                                                                          
                                                                                                                          
* Info * Reading input file 0071_c1s.in...                                                                                
                                                                                                                          
* Info * @jobs                                                                                                            
* Info * task: response                                                                                                   
* Info * @end                                                                                                             
                                                                                                                          
* Info * @method_settings                                                                                                 
* Info * basis: def2-tzvpd                                                                                                
* Info * xcfun: cam-b3lyp                                                                                                 
* Info * @end                                                                                                             
                                                                                                                          
* Info * @response                                                                                                        
* Info * property: absorption                                                                                             
* Info * tamm_dancoff: no                                                                                                 
* Info * nstates: 75                                                                                                      
* Info * core_excitation: yes                                                                                             
* Info * num_core_orbitals: 9                                                                                             
* Info * @end                                                                                                             
                                                                                                                          
                                              Molecular Geometry (Angstroms)                                              
                                             ================================                                             
                                                                                                                          
                          Atom         Coordinate X          Coordinate Y          Coordinate Z                           
                                                                                                                          
                           O          -1.439351371200       -1.112302919000       -0.035992210400                         
                           N          -1.661423210900        1.092057595800        0.092426450000                         
                           C          -0.207211867700       -0.643270777700        0.004405088700                         
                           C          -0.279458706000        0.793655854800       -0.073471705900                         
                           C           0.921873258300       -1.445007112900       -0.093616554800                         
                           C           0.808303567500        1.454029578900       -0.089711558300                         
                           C           2.125096454800       -0.771679444300        0.125771334800                         
                           C           1.959476697400        0.656426492400        0.002822351000                         
                           C          -2.216571919600       -0.024185579700        0.078007160400                         
                           H           0.999831747700       -2.523750741000       -0.061192468500                         
                           H           0.813125121100        2.455757711500       -0.278034521400                         
                           H           3.017052653000       -1.304753570500        0.204145529400                         
                           H           2.987902859800        1.099342489500        0.225601756700                         
                           H          -3.280354660100       -0.358744764300       -0.252181054800                         
                                                                                                                          
                          Molecular charge            : 0                                                                 
                          Spin multiplicity           : 1                                                                 
                          Number of atoms             : 14                                                                
                          Number of alpha electrons   : 31                                                                
                          Number of beta  electrons   : 31                                                                
                                                                                                                          
* Info * Reading basis set from file: /net/home/plgrid/plgiubru7/software/vlx-cpu/cpuvlxenv/lib/python3.11/site-packages/veloxchem/basis/DEF2-TZVPD
                                                                                                                          
                                              Molecular Basis (Atomic Basis)                                              
                                             ================================                                             
                                                                                                                          
                               Basis: DEF2-TZVPD                                                                          
                                                                                                                          
                               Atom Contracted GTOs           Primitive GTOs                                              
                                                                                                                          
                               O     (6S,4P,3D,1F)             (12S,7P,3D,1F)                                             
                               N     (6S,3P,3D,1F)             (12S,6P,3D,1F)                                             
                               C     (6S,3P,3D,1F)             (12S,6P,3D,1F)                                             
                               H     (3S,2P)                   (5S,2P)                                                    
                                                                                                                          
                               Contracted Basis Functions : 381                                                           
                               Primitive Basis Functions  : 526                                                           
                                                                                                                          
                                                                                                                          
                                            Self Consistent Field Driver Setup                                            
                                           ====================================                                           
                                                                                                                          
                   Wave Function Model             : Spin-Restricted Kohn-Sham                                            
                   Initial Guess Model             : Restart from Checkpoint                                              
                   Convergence Accelerator         : Direct Inversion of Iterative Subspace                               
                   Max. Number of Iterations       : 50                                                                   
                   Max. Number of Error Vectors    : 10                                                                   
                   Convergence Threshold           : 1.0e-06                                                              
                   ERI Screening Threshold         : 1.0e-12                                                              
                   Linear Dependence Threshold     : 1.0e-06                                                              
                   Exchange-Correlation Functional : CAM-B3LYP                                                            
                   Molecular Grid Level            : 4                                                                    
                                                                                                                          
* Info * Nuclear repulsion energy: 411.0678269671 a.u.                                                                    
                                                                                                                          
* Info * Using the CAM-B3LYP functional.                                                                                  
                                                                                                                          
         T. Yanai, D. P. Tew, and N. C. Handy.,  Chem. Phys. Lett. 393, 51 (2004)
                                                                                                                          
* Info * Using the Libxc library (v7.0.0).                                                                                
                                                                                                                          
         S. Lehtola, C. Steigemann, M. J.T. Oliveira, and M. A.L. Marques.,  SoftwareX 7, 1–5 (2018)
                                                                                                                          
* Info * Using the following algorithm for XC numerical integration.                                                      
                                                                                                                          
         J. Kussmann, H. Laqua and C. Ochsenfeld, J. Chem. Theory Comput. 2021, 17, 1512-1521
                                                                                                                          
* Info * Molecular grid with 207727 points generated in 0.22 sec.                                                         
                                                                                                                          
* Info * Restarting from checkpoint file: 0071_c1s_scf.h5                                                                 
                                                                                                                          
* Info * Overlap matrix computed in 0.00 sec.                                                                             
                                                                                                                          
* Info * Kinetic energy matrix computed in 0.00 sec.                                                                      
                                                                                                                          
* Info * Nuclear potential matrix computed in 0.01 sec.                                                                   
                                                                                                                          
* Info * Orthogonalization matrix computed in 0.01 sec.                                                                   
                                                                                                                          
                                                                                                                          
               Iter. |    Kohn-Sham Energy | Energy Change | Gradient Norm | Max. Gradient | Density Change               
               --------------------------------------------------------------------------------------------               
                  1      -399.606735196177    0.0000000000      0.00000063      0.00000002      0.00000000                
                                                                                                                          
* Info * Checkpoint written to file: 0071_c1s_scf.h5                                                                      
                                                                                                                          
* Info * SCF results written to file: 0071_c1s.h5                                                                         
                                                                                                                          
               *** SCF converged in 1 iterations. Time: 2.54 sec.                                                         
                                                                                                                          
               Spin-Restricted Kohn-Sham:                                                                                 
               --------------------------                                                                                 
               Total Energy                       :     -399.6067351962 a.u.                                              
               Electronic Energy                  :     -810.6745621633 a.u.                                              
               Nuclear Repulsion Energy           :      411.0678269671 a.u.                                              
               ------------------------------------                                                                       
               Gradient Norm                      :        0.0000006310 a.u.                                              
                                                                                                                          
                                                                                                                          
               Ground State Information                                                                                   
               ------------------------                                                                                   
               Charge of Molecule            :  0.0                                                                       
               Multiplicity (2S+1)           :  1                                                                         
               Magnetic Quantum Number (M_S) :  0.0                                                                       
                                                                                                                          
                                                                                                                          
                                                 Spin Restricted Orbitals                                                 
                                                 ------------------------                                                 
                                                                                                                          
               Molecular Orbital No.  27:                                                                                 
               --------------------------                                                                                 
               Occupation: 2.000 Energy:   -0.41585 a.u.                                                                  
               (   2 N   1p0 :     0.26) (   2 N   2p0 :     0.22) (   5 C   5s  :     0.20)                              
               (   9 C   1p0 :     0.16)                                                                                  
                                                                                                                          
               Molecular Orbital No.  28:                                                                                 
               --------------------------                                                                                 
               Occupation: 2.000 Energy:   -0.40859 a.u.                                                                  
               (   6 C   5s  :     0.22) (   7 C   1p-1:     0.19) (   7 C   3p-1:     0.21)                              
               (   8 C   5s  :    -0.27) (   8 C   1p+1:    -0.16) (   8 C   1p-1:    -0.19)                              
               (  13 H   2s  :    -0.19)                                                                                  
                                                                                                                          
               Molecular Orbital No.  29:                                                                                 
               --------------------------                                                                                 
               Occupation: 2.000 Energy:   -0.36848 a.u.                                                                  
               (   2 N   4s  :     0.22) (   2 N   5s  :     0.39) (   2 N   6s  :     0.31)                              
               (   2 N   1p+1:    -0.18) (   2 N   1p-1:     0.30) (   2 N   2p-1:     0.22)                              
               (   3 C   5s  :    -0.18) (   3 C   3p+1:     0.17) (   4 C   5s  :     0.16)                              
               (   4 C   3p-1:    -0.27)                                                                                  
                                                                                                                          
               Molecular Orbital No.  30:                                                                                 
               --------------------------                                                                                 
               Occupation: 2.000 Energy:   -0.32011 a.u.                                                                  
               (   2 N   1p0 :     0.16) (   3 C   5s  :     0.27) (   3 C   6s  :     0.17)                              
               (   4 C   5s  :    -0.27) (   4 C   3p+1:    -0.20) (   5 C   1p0 :     0.20)                              
               (   5 C   2p0 :     0.17) (   5 C   3p0 :     0.15) (   6 C   5s  :     0.24)                              
               (   6 C   1p0 :    -0.20) (   6 C   2p0 :    -0.17) (   6 C   3p-1:    -0.17)                              
               (   7 C   1p0 :     0.19) (   7 C   2p0 :     0.16) (  10 H   3s  :    -0.15)                              
                                                                                                                          
               Molecular Orbital No.  31:                                                                                 
               --------------------------                                                                                 
               Occupation: 2.000 Energy:   -0.29275 a.u.                                                                  
               (   3 C   1p0 :     0.23) (   3 C   2p0 :     0.20) (   3 C   3p0 :     0.19)                              
               (   8 C   1p0 :    -0.24) (   8 C   2p0 :    -0.21) (   8 C   3p0 :    -0.17)                              
                                                                                                                          
               Molecular Orbital No.  32:                                                                                 
               --------------------------                                                                                 
               Occupation: 0.000 Energy:    0.00080 a.u.                                                                  
               (   1 O   6s  :     0.38) (   1 O   4p+1:     0.15) (   1 O   4p0 :     0.19)                              
               (   2 N   6s  :    -0.17) (   3 C   5s  :    -0.23) (   3 C   6s  :    -0.37)                              
               (   3 C   3p+1:     0.21) (   3 C   3p-1:    -0.58) (   3 C   3d+2:     0.20)                              
               (   3 C   3d-2:    -0.23) (   4 C   5s  :    -0.78) (   4 C   3p+1:     0.15)                              
               (   4 C   3p-1:    -0.59) (   4 C   3p0 :    -0.24) (   4 C   3d+2:    -0.30)                              
               (   4 C   3d-2:    -0.31) (   5 C   5s  :    -0.42) (   5 C   1p0 :     0.19)                              
               (   5 C   2p0 :     0.18) (   5 C   3p+1:     0.40) (   5 C   3d-2:     0.16)                              
               (   6 C   5s  :    -0.64) (   6 C   1p0 :     0.19) (   6 C   2p0 :     0.18)                              
               (   6 C   3p+1:    -0.85) (   6 C   3p-1:     0.30) (   6 C   3d-2:     0.49)                              
               (   7 C   5s  :     0.52) (   7 C   1p0 :    -0.15) (   7 C   3p-1:     0.53)                              
               (   7 C   3d+2:    -0.16) (   8 C   5s  :     0.86) (   8 C   6s  :    -0.24)                              
               (   8 C   3p+1:    -0.85) (   8 C   3p-1:     0.69) (   8 C   3p0 :    -0.15)                              
               (   8 C   3d+2:     0.34) (   9 C   6s  :     0.34) (   9 C   1p0 :     0.22)                              
               (   9 C   2p0 :     0.21) (   9 C   3p+1:     0.40) (   9 C   3p-1:     0.30)                              
               (   9 C   3p0 :     0.27) (  11 H   3s  :     0.21) (  11 H   2p+1:    -0.18)                              
               (  14 H   3s  :     0.39) (  14 H   2p+1:     0.18)                                                        
                                                                                                                          
               Molecular Orbital No.  33:                                                                                 
               --------------------------                                                                                 
               Occupation: 0.000 Energy:    0.02581 a.u.                                                                  
               (   1 O   5s  :    -0.27) (   1 O   6s  :    -1.98) (   1 O   4p-1:    -0.44)                              
               (   2 N   5s  :    -0.32) (   2 N   6s  :    -1.19) (   2 N   3p+1:    -0.18)                              
               (   3 C   5s  :    -0.42) (   3 C   6s  :    -0.32) (   3 C   1p0 :     0.24)                              
               (   3 C   2p0 :     0.23) (   3 C   3p+1:    -0.23) (   3 C   3p-1:    -1.31)                              
               (   3 C   3d+1:    -0.17) (   3 C   3d+2:     0.92) (   3 C   3d-1:     0.16)                              
               (   4 C   5s  :     4.88) (   4 C   6s  :     1.53) (   4 C   3p-1:    -0.97)                              
               (   4 C   3d+1:     0.20) (   4 C   3d+2:     0.36) (   4 C   3d-2:     0.21)                              
               (   4 C   3d0 :    -0.30) (   5 C   5s  :    -0.22) (   5 C   6s  :     0.76)                              
               (   5 C   3p-1:    -0.35) (   5 C   3p0 :     0.18) (   5 C   3d+1:    -0.18)                              
               (   5 C   3d-2:     0.42) (   6 C   5s  :    -0.79) (   6 C   6s  :    -0.17)                              
               (   6 C   3p+1:     0.27) (   6 C   3p-1:     0.52) (   6 C   3p0 :    -0.35)                              
               (   6 C   3d+1:     0.17) (   6 C   3d+2:     0.15) (   6 C   3d-2:    -0.20)                              
               (   7 C   5s  :    -0.34) (   7 C   6s  :     0.25) (   7 C   1p0 :    -0.16)                              
               (   7 C   2p0 :    -0.16) (   7 C   3p+1:     0.59) (   7 C   3p-1:    -0.81)                              
               (   8 C   5s  :     0.73) (   8 C   1p0 :     0.22) (   8 C   2p0 :     0.21)                              
               (   8 C   3p+1:     0.59) (   8 C   3p-1:    -0.30) (   8 C   3p0 :     0.29)                              
               (   9 C   5s  :    -0.66) (   9 C   6s  :     1.32) (   9 C   3p+1:    -0.78)                              
               (   9 C   3d+2:    -0.24) (  10 H   3s  :    -0.36) (  10 H   2p+1:     0.22)                              
               (  11 H   3s  :    -0.33) (  12 H   3s  :    -1.29) (  12 H   2p+1:     0.21)                              
               (  13 H   3s  :    -0.81) (  14 H   3s  :    -0.43)                                                        
                                                                                                                          
               Molecular Orbital No.  34:                                                                                 
               --------------------------                                                                                 
               Occupation: 0.000 Energy:    0.03247 a.u.                                                                  
               (   1 O   5s  :     0.54) (   1 O   6s  :     4.38) (   1 O   3p+1:     0.29)                              
               (   1 O   4p+1:    -0.18) (   1 O   4p-1:     1.07) (   1 O   3d+2:     0.23)                              
               (   2 N   5s  :     0.36) (   2 N   6s  :     1.17) (   2 N   3p+1:     0.51)                              
               (   2 N   3p-1:     0.18) (   2 N   3d+2:     0.20) (   2 N   3d-2:    -0.15)                              
               (   3 C   4s  :    -0.17) (   3 C   5s  :    -5.24) (   3 C   6s  :    -0.46)                              
               (   3 C   3p+1:    -1.25) (   3 C   3p-1:     3.36) (   3 C   3p0 :     0.69)                              
               (   3 C   3d+1:     0.21) (   3 C   3d+2:    -2.69) (   4 C   5s  :   -12.50)                              
               (   4 C   6s  :     0.26) (   4 C   3p+1:    -0.31) (   4 C   3p-1:     1.67)                              
               (   4 C   3p0 :    -1.03) (   4 C   3d+1:    -0.27) (   4 C   3d+2:    -1.56)                              
               (   4 C   3d-2:    -0.88) (   4 C   3d0 :     0.34) (   5 C   4s  :     0.31)                              
               (   5 C   5s  :     3.98) (   5 C   6s  :    -1.00) (   5 C   3p+1:    -0.94)                              
               (   5 C   3p-1:     3.88) (   5 C   3d+1:     0.18) (   5 C   3d-2:    -1.22)                              
               (   5 C   3d0 :     0.23) (   6 C   4s  :     0.47) (   6 C   5s  :     0.99)                              
               (   6 C   6s  :    -2.33) (   6 C   3p+1:    -2.32) (   6 C   3p0 :     0.17)                              
               (   6 C   3d+1:    -0.43) (   6 C   3d+2:    -0.65) (   6 C   3d-1:    -0.21)                              
               (   6 C   3d-2:     1.79) (   6 C   3d0 :     0.37) (   7 C   4s  :     0.38)                              
               (   7 C   5s  :    -1.33) (   7 C   6s  :    -1.96) (   7 C   3p-1:     0.91)                              
               (   7 C   3d+1:    -0.18) (   7 C   3d+2:    -0.42) (   7 C   3d-1:     0.26)                              
               (   7 C   3d-2:     0.67) (   7 C   3d0 :     0.45) (   8 C   4s  :     0.18)                              
               (   8 C   5s  :     4.80) (   8 C   6s  :     0.22) (   8 C   3p+1:    -3.62)                              
               (   8 C   3p-1:     0.65) (   8 C   3p0 :    -0.48) (   8 C   3d-1:     0.24)                              
               (   9 C   4s  :     0.25) (   9 C   5s  :     2.61) (   9 C   6s  :    -2.69)                              
               (   9 C   3p+1:     2.53) (   9 C   3p-1:     0.74) (   9 C   3d+1:    -0.33)                              
               (   9 C   3d+2:     0.48) (   9 C   3d-1:    -0.18) (   9 C   3d-2:    -0.24)                              
               (  10 H   3s  :     3.01) (  10 H   2p+1:    -0.57) (  10 H   2p-1:     0.51)                              
               (  11 H   3s  :    -0.70) (  11 H   2p+1:    -0.73) (  11 H   2p-1:     0.15)                              
               (  12 H   3s  :     2.98) (  12 H   2p+1:    -0.24) (  13 H   3s  :     2.53)                              
               (  13 H   2p+1:    -0.47) (  13 H   2p-1:    -0.38) (  14 H   3s  :     1.48)                              
               (  14 H   2p+1:     0.28)                                                                                  
                                                                                                                          
               Molecular Orbital No.  35:                                                                                 
               --------------------------                                                                                 
               Occupation: 0.000 Energy:    0.04346 a.u.                                                                  
               (   1 O   5s  :     0.73) (   1 O   6s  :     7.24) (   1 O   3p-1:     0.18)                              
               (   1 O   4p+1:     0.82) (   1 O   4p-1:     1.07) (   1 O   4p0 :     0.21)                              
               (   1 O   3d-2:    -0.17) (   2 N   5s  :     1.37) (   2 N   6s  :     1.27)                              
               (   2 N   3p+1:     0.54) (   2 N   3p-1:    -0.36) (   3 C   5s  :    10.88)                              
               (   3 C   6s  :    -2.28) (   3 C   3p+1:     1.20) (   3 C   3p-1:    -1.19)                              
               (   3 C   3p0 :    -0.28) (   3 C   3d-1:     0.29) (   3 C   3d-2:    -3.12)                              
               (   3 C   3d0 :    -0.39) (   4 C   4s  :     0.15) (   4 C   5s  :     1.63)                              
               (   4 C   6s  :    -2.18) (   4 C   3p+1:     4.48) (   4 C   3p-1:     1.57)                              
               (   4 C   3p0 :    -0.37) (   4 C   3d+1:    -0.16) (   4 C   3d+2:     0.97)                              
               (   4 C   3d-2:    -0.82) (   4 C   3d0 :     0.43) (   5 C   5s  :    -6.01)                              
               (   5 C   6s  :    -0.52) (   5 C   3p+1:     4.17) (   5 C   3p-1:    -1.50)                              
               (   5 C   3p0 :    -0.20) (   5 C   3d+2:    -0.71) (   5 C   3d-2:     1.39)                              
               (   5 C   3d0 :     0.19) (   6 C   4s  :    -0.19) (   6 C   5s  :    -0.73)                              
               (   6 C   6s  :     1.43) (   6 C   3p+1:     1.76) (   6 C   3p-1:     1.00)                              
               (   6 C   3p0 :     0.38) (   6 C   3d+1:     0.20) (   6 C   3d+2:    -0.43)                              
               (   6 C   3d-1:    -0.42) (   6 C   3d-2:    -1.51) (   7 C   4s  :    -0.51)                              
               (   7 C   5s  :    -0.61) (   7 C   6s  :     2.77) (   7 C   3p+1:     1.42)                              
               (   7 C   3p-1:    -0.21) (   7 C   3p0 :     0.64) (   7 C   3d+1:    -0.23)                              
               (   7 C   3d+2:    -0.16) (   7 C   3d-2:    -1.12) (   7 C   3d0 :    -0.61)                              
               (   8 C   4s  :    -0.33) (   8 C   5s  :    -3.10) (   8 C   6s  :     1.12)                              
               (   8 C   3p+1:     2.22) (   8 C   3p0 :    -0.36) (   8 C   3d+1:     0.26)                              
               (   8 C   3d+2:    -0.51) (   8 C   3d0 :    -0.20) (   9 C   5s  :    -4.81)                              
               (   9 C   6s  :    -2.65) (   9 C   2p+1:    -0.19) (   9 C   3p+1:    -0.44)                              
               (   9 C   3p-1:     0.83) (   9 C   3p0 :     0.23) (   9 C   3d+1:    -0.29)                              
               (   9 C   3d+2:    -0.19) (   9 C   3d-1:    -0.17) (   9 C   3d-2:    -0.22)                              
               (   9 C   3d0 :     0.25) (  10 H   3s  :    -1.57) (  10 H   2p+1:     0.49)                              
               (  10 H   2p-1:    -0.32) (  11 H   3s  :    -1.36) (  11 H   2p+1:     0.54)                              
               (  12 H   3s  :    -3.48) (  12 H   2p+1:     0.37) (  12 H   2p0 :     0.19)                              
               (  13 H   3s  :    -1.45) (  13 H   2p+1:     0.39) (  14 H   3s  :     2.11)                              
               (  14 H   2p+1:     0.39)                                                                                  
                                                                                                                          
               Molecular Orbital No.  36:                                                                                 
               --------------------------                                                                                 
               Occupation: 0.000 Energy:    0.05392 a.u.                                                                  
               (   1 O   6s  :     1.22) (   1 O   4p+1:     0.63) (   1 O   4p-1:     0.29)                              
               (   2 N   5s  :     0.21) (   2 N   3p-1:    -0.17) (   3 C   5s  :     2.05)                              
               (   3 C   6s  :     0.69) (   3 C   3p+1:    -1.93) (   3 C   3p-1:     2.32)                              
               (   3 C   3d+2:    -1.19) (   4 C   5s  :    -0.70) (   4 C   6s  :    -2.01)                              
               (   4 C   2p+1:     0.18) (   4 C   2p-1:     0.20) (   4 C   3p+1:     3.90)                              
               (   4 C   3p-1:     1.51) (   4 C   3p0 :    -0.35) (   4 C   3d+2:     2.60)                              
               (   4 C   3d-1:     0.23) (   4 C   3d-2:    -0.31) (   5 C   4s  :     0.61)                              
               (   5 C   5s  :     1.88) (   5 C   6s  :    -3.54) (   5 C   3p+1:    -0.82)                              
               (   5 C   3p-1:     2.78) (   5 C   3p0 :     0.33) (   5 C   3d-2:    -0.63)                              
               (   5 C   3d0 :     0.59) (   6 C   4s  :    -1.05) (   6 C   5s  :    -8.53)                              
               (   6 C   6s  :     4.87) (   6 C   2p+1:     0.16) (   6 C   3p+1:    -0.32)                              
               (   6 C   3p-1:     4.02) (   6 C   3d+1:     0.24) (   6 C   3d+2:     0.74)                              
               (   6 C   3d-1:    -0.28) (   6 C   3d-2:    -1.11) (   6 C   3d0 :    -0.50)                              
               (   7 C   4s  :     0.19) (   7 C   5s  :     3.06) (   7 C   6s  :    -1.01)                              
               (   7 C   3p+1:    -2.58) (   7 C   3p-1:     3.20) (   7 C   3p0 :    -0.63)                              
               (   7 C   3d+2:    -1.71) (   7 C   3d-2:    -0.93) (   7 C   3d0 :     0.24)                              
               (   8 C   4s  :    -0.27) (   8 C   5s  :    -5.12) (   8 C   6s  :     1.73)                              
               (   8 C   3p+1:    -0.29) (   8 C   3p-1:     3.36) (   8 C   3p0 :    -0.57)                              
               (   8 C   3d+1:     0.49) (   8 C   3d+2:     1.42) (   8 C   3d-2:    -1.49)                              
               (   8 C   3d0 :    -0.37) (   9 C   4s  :    -0.35) (   9 C   6s  :     1.38)                              
               (   9 C   3p+1:    -0.25) (   9 C   3p-1:    -0.50) (   9 C   3d+2:     0.42)                              
               (   9 C   3d0 :    -0.22) (  10 H   3s  :     3.64) (  10 H   2p+1:    -0.39)                              
               (  10 H   2p-1:     0.66) (  11 H   3s  :    -1.94) (  11 H   2p+1:     0.40)                              
               (  11 H   2p-1:     0.25) (  12 H   3s  :     3.91) (  12 H   2p+1:    -0.21)                              
               (  12 H   2p-1:     1.20) (  13 H   3s  :    -1.10) (  13 H   2p-1:     0.52)                              
               (  14 H   3s  :    -1.29) (  14 H   2p0 :    -0.16)                                                        
                                                                                                                          
                                                                                                                          
                                                Ground State Dipole Moment                                                
                                               ----------------------------                                               
                                                                                                                          
                                   X   :         0.292816 a.u.         0.744264 Debye                                     
                                   Y   :        -0.556520 a.u.        -1.414532 Debye                                     
                                   Z   :        -0.077729 a.u.        -0.197567 Debye                                     
                                 Total :         0.633638 a.u.         1.610547 Debye                                     
                                                                                                                          
                                                                                                                          
                                            Linear Response EigenSolver Setup                                             
                                           ===================================                                            
                                                                                                                          
                               Number of States                : 75                                                       
                               Max. Number of Iterations       : 150                                                      
                               Convergence Threshold           : 1.0e-04                                                  
                               ERI Screening Threshold         : 1.0e-12                                                  
                               Exchange-Correlation Functional : CAM-B3LYP                                                
                               Molecular Grid Level            : 4                                                        
                                                                                                                          
* Info * Using the CAM-B3LYP functional.                                                                                  
                                                                                                                          
         T. Yanai, D. P. Tew, and N. C. Handy.,  Chem. Phys. Lett. 393, 51 (2004)
                                                                                                                          
* Info * Using the Libxc library (v7.0.0).                                                                                
                                                                                                                          
         S. Lehtola, C. Steigemann, M. J.T. Oliveira, and M. A.L. Marques.,  SoftwareX 7, 1–5 (2018)
                                                                                                                          
* Info * Using the following algorithm for XC numerical integration.                                                      
                                                                                                                          
         J. Kussmann, H. Laqua and C. Ochsenfeld, J. Chem. Theory Comput. 2021, 17, 1512-1521
                                                                                                                          
* Info * Molecular grid with 207727 points generated in 0.20 sec.                                                         
                                                                                                                          
* Info * Processing 75 Fock builds...                                                                                     
                                                                                                                          
* Info * 75 gerade trial vectors in reduced space                                                                         
* Info * 75 ungerade trial vectors in reduced space                                                                       
                                                                                                                          
* Info * 68.16 kB of memory used for subspace procedure on the master node                                                
* Info * 346.17 GB of memory available for the solver on the master node                                                  
                                                                                                                          
               *** Iteration:   1 * Residuals (Max,Min): 1.55e-01 and 4.19e-02                                            
                                                                                                                          
               Excitation 1   :     10.09784140 Residual Norm: 0.12262835                                                 
               Excitation 2   :     10.10654609 Residual Norm: 0.12557580                                                 
               Excitation 3   :     10.10777094 Residual Norm: 0.12679508                                                 
               Excitation 4   :     10.11385876 Residual Norm: 0.12679289                                                 
               Excitation 5   :     10.12732845 Residual Norm: 0.07316078                                                 
               Excitation 6   :     10.12900849 Residual Norm: 0.07568207                                                 
               Excitation 7   :     10.13195849 Residual Norm: 0.07557391                                                 
               Excitation 8   :     10.13452638 Residual Norm: 0.07325306                                                 
               Excitation 9   :     10.13457280 Residual Norm: 0.09580044                                                 
               Excitation 10  :     10.15507389 Residual Norm: 0.09775352                                                 
               Excitation 11  :     10.16706394 Residual Norm: 0.10225426                                                 
               Excitation 12  :     10.17249916 Residual Norm: 0.10840063                                                 
               Excitation 13  :     10.17920094 Residual Norm: 0.11962296                                                 
               Excitation 14  :     10.18105536 Residual Norm: 0.13750832                                                 
               Excitation 15  :     10.18374240 Residual Norm: 0.13535768                                                 
               Excitation 16  :     10.18868688 Residual Norm: 0.12200003                                                 
               Excitation 17  :     10.19514134 Residual Norm: 0.08459981                                                 
               Excitation 18  :     10.19647953 Residual Norm: 0.08224780                                                 
               Excitation 19  :     10.20081753 Residual Norm: 0.15515813                                                 
               Excitation 20  :     10.20555408 Residual Norm: 0.06813937                                                 
               Excitation 21  :     10.20802511 Residual Norm: 0.06825703                                                 
               Excitation 22  :     10.21547473 Residual Norm: 0.06827088                                                 
               Excitation 23  :     10.21609280 Residual Norm: 0.07502096                                                 
               Excitation 24  :     10.21623317 Residual Norm: 0.05698463                                                 
               Excitation 25  :     10.21814514 Residual Norm: 0.07657676                                                 
               Excitation 26  :     10.21821306 Residual Norm: 0.07341771                                                 
               Excitation 27  :     10.21977779 Residual Norm: 0.06363467                                                 
               Excitation 28  :     10.22525759 Residual Norm: 0.07045465                                                 
               Excitation 29  :     10.22548381 Residual Norm: 0.05969049                                                 
               Excitation 30  :     10.23126757 Residual Norm: 0.04812018                                                 
               Excitation 31  :     10.23163826 Residual Norm: 0.04804868                                                 
               Excitation 32  :     10.23411601 Residual Norm: 0.05326210                                                 
               Excitation 33  :     10.23691112 Residual Norm: 0.07348307                                                 
               Excitation 34  :     10.23953576 Residual Norm: 0.07279556                                                 
               Excitation 35  :     10.24403881 Residual Norm: 0.06742745                                                 
               Excitation 36  :     10.24513092 Residual Norm: 0.05842522                                                 
               Excitation 37  :     10.24572192 Residual Norm: 0.05512374                                                 
               Excitation 38  :     10.24638971 Residual Norm: 0.06219045                                                 
               Excitation 39  :     10.24667880 Residual Norm: 0.06531626                                                 
               Excitation 40  :     10.24939578 Residual Norm: 0.08321740                                                 
               Excitation 41  :     10.25001487 Residual Norm: 0.07041889                                                 
               Excitation 42  :     10.25226291 Residual Norm: 0.04187891                                                 
               Excitation 43  :     10.25235658 Residual Norm: 0.06121766                                                 
               Excitation 44  :     10.25505726 Residual Norm: 0.05666561                                                 
               Excitation 45  :     10.25567882 Residual Norm: 0.05309093                                                 
               Excitation 46  :     10.25640595 Residual Norm: 0.06438064                                                 
               Excitation 47  :     10.25696338 Residual Norm: 0.06446580                                                 
               Excitation 48  :     10.25730752 Residual Norm: 0.05911121                                                 
               Excitation 49  :     10.25815625 Residual Norm: 0.06205341                                                 
               Excitation 50  :     10.26508269 Residual Norm: 0.06162880                                                 
               Excitation 51  :     10.26553933 Residual Norm: 0.05835292                                                 
               Excitation 52  :     10.26735271 Residual Norm: 0.06407931                                                 
               Excitation 53  :     10.26769379 Residual Norm: 0.07273864                                                 
               Excitation 54  :     10.27218615 Residual Norm: 0.05280483                                                 
               Excitation 55  :     10.27575484 Residual Norm: 0.05691985                                                 
               Excitation 56  :     10.27986439 Residual Norm: 0.05551083                                                 
               Excitation 57  :     10.28002483 Residual Norm: 0.04745841                                                 
               Excitation 58  :     10.28071913 Residual Norm: 0.05186130                                                 
               Excitation 59  :     10.28134698 Residual Norm: 0.06329375                                                 
               Excitation 60  :     10.28301457 Residual Norm: 0.04717135                                                 
               Excitation 61  :     10.28549831 Residual Norm: 0.05134580                                                 
               Excitation 62  :     10.28690860 Residual Norm: 0.05996646                                                 
               Excitation 63  :     10.29015967 Residual Norm: 0.05352813                                                 
               Excitation 64  :     10.29389660 Residual Norm: 0.05825337                                                 
               Excitation 65  :     10.29390874 Residual Norm: 0.05766081                                                 
               Excitation 66  :     10.29396227 Residual Norm: 0.05119346                                                 
               Excitation 67  :     10.29966334 Residual Norm: 0.05388410                                                 
               Excitation 68  :     10.30050511 Residual Norm: 0.05478451                                                 
               Excitation 69  :     10.30056595 Residual Norm: 0.08008729                                                 
               Excitation 70  :     10.30092536 Residual Norm: 0.05507790                                                 
               Excitation 71  :     10.30208812 Residual Norm: 0.06306496                                                 
               Excitation 72  :     10.30368649 Residual Norm: 0.06173028                                                 
               Excitation 73  :     10.30530593 Residual Norm: 0.06069459                                                 
               Excitation 74  :     10.30970184 Residual Norm: 0.04734113                                                 
               Excitation 75  :     10.31115185 Residual Norm: 0.04802436                                                 
                                                                                                                          
* Info * Processing 75 Fock builds...                                                                                     
                                                                                                                          
* Info * 150 gerade trial vectors in reduced space                                                                        
* Info * 150 ungerade trial vectors in reduced space                                                                      
                                                                                                                          
* Info * 108.96 kB of memory used for subspace procedure on the master node                                               
* Info * 342.94 GB of memory available for the solver on the master node                                                  
                                                                                                                          
               *** Iteration:   2 * Residuals (Max,Min): 2.75e-01 and 6.61e-03                                            
                                                                                                                          
               Excitation 1   :     10.08510842 Residual Norm: 0.02353269                                                 
               Excitation 2   :     10.09408182 Residual Norm: 0.02569076                                                 
               Excitation 3   :     10.09507801 Residual Norm: 0.02112594                                                 
               Excitation 4   :     10.10200608 Residual Norm: 0.02599161                                                 
               Excitation 5   :     10.12391790 Residual Norm: 0.00829742                                                 
               Excitation 6   :     10.12597484 Residual Norm: 0.01342727                                                 
               Excitation 7   :     10.12666412 Residual Norm: 0.02474632                                                 
               Excitation 8   :     10.12914068 Residual Norm: 0.01134771                                                 
               Excitation 9   :     10.13147451 Residual Norm: 0.00660578                                                 
               Excitation 10  :     10.14761054 Residual Norm: 0.01887751                                                 
               Excitation 11  :     10.15476348 Residual Norm: 0.03052400                                                 
               Excitation 12  :     10.16055816 Residual Norm: 0.07639401                                                 
               Excitation 13  :     10.16708546 Residual Norm: 0.01777761                                                 
               Excitation 14  :     10.17300689 Residual Norm: 0.05000978                                                 
               Excitation 15  :     10.17426684 Residual Norm: 0.06333587                                                 
               Excitation 16  :     10.17666819 Residual Norm: 0.06189871                                                 
               Excitation 17  :     10.17999875 Residual Norm: 0.06417911                                                 
               Excitation 18  :     10.18578836 Residual Norm: 0.02174409                                                 
               Excitation 19  :     10.19152281 Residual Norm: 0.01546987                                                 
               Excitation 20  :     10.19818922 Residual Norm: 0.01841633                                                 
               Excitation 21  :     10.20006759 Residual Norm: 0.02286463                                                 
               Excitation 22  :     10.20924364 Residual Norm: 0.02753904                                                 
               Excitation 23  :     10.21075481 Residual Norm: 0.03356094                                                 
               Excitation 24  :     10.21142305 Residual Norm: 0.02008640                                                 
               Excitation 25  :     10.21215469 Residual Norm: 0.01808472                                                 
               Excitation 26  :     10.21229156 Residual Norm: 0.02766056                                                 
               Excitation 27  :     10.21386385 Residual Norm: 0.02141304                                                 
               Excitation 28  :     10.22051645 Residual Norm: 0.02433646                                                 
               Excitation 29  :     10.22194514 Residual Norm: 0.01479628                                                 
               Excitation 30  :     10.22826632 Residual Norm: 0.02498882                                                 
               Excitation 31  :     10.22845912 Residual Norm: 0.02110601                                                 
               Excitation 32  :     10.22965172 Residual Norm: 0.01229088                                                 
               Excitation 33  :     10.23079840 Residual Norm: 0.01598052                                                 
               Excitation 34  :     10.23534349 Residual Norm: 0.03168799                                                 
               Excitation 35  :     10.23616418 Residual Norm: 0.02417117                                                 
               Excitation 36  :     10.23805392 Residual Norm: 0.02747080                                                 
               Excitation 37  :     10.23992371 Residual Norm: 0.02287255                                                 
               Excitation 38  :     10.24013209 Residual Norm: 0.02258406                                                 
               Excitation 39  :     10.24043751 Residual Norm: 0.03129960                                                 
               Excitation 40  :     10.24204816 Residual Norm: 0.01537668                                                 
               Excitation 41  :     10.24218870 Residual Norm: 0.02560658                                                 
               Excitation 42  :     10.24699391 Residual Norm: 0.01747105                                                 
               Excitation 43  :     10.24813627 Residual Norm: 0.01760225                                                 
               Excitation 44  :     10.24953915 Residual Norm: 0.01767452                                                 
               Excitation 45  :     10.25039105 Residual Norm: 0.02596840                                                 
               Excitation 46  :     10.25042395 Residual Norm: 0.02541960                                                 
               Excitation 47  :     10.25188121 Residual Norm: 0.03138663                                                 
               Excitation 48  :     10.25206435 Residual Norm: 0.03246526                                                 
               Excitation 49  :     10.25275319 Residual Norm: 0.01944102                                                 
               Excitation 50  :     10.25858682 Residual Norm: 0.02908283                                                 
               Excitation 51  :     10.25950188 Residual Norm: 0.02818284                                                 
               Excitation 52  :     10.25957372 Residual Norm: 0.05193099                                                 
               Excitation 53  :     10.26403807 Residual Norm: 0.02329312                                                 
               Excitation 54  :     10.26651263 Residual Norm: 0.03779586                                                 
               Excitation 55  :     10.26693828 Residual Norm: 0.02119411                                                 
               Excitation 56  :     10.26941583 Residual Norm: 0.04139225                                                 
               Excitation 57  :     10.27136070 Residual Norm: 0.04693462                                                 
               Excitation 58  :     10.27228756 Residual Norm: 0.03209559                                                 
               Excitation 59  :     10.27481702 Residual Norm: 0.02681107                                                 
               Excitation 60  :     10.27639149 Residual Norm: 0.02127689                                                 
               Excitation 61  :     10.27811936 Residual Norm: 0.02318316                                                 
               Excitation 62  :     10.27929523 Residual Norm: 0.03221566                                                 
               Excitation 63  :     10.27976297 Residual Norm: 0.02036213                                                 
               Excitation 64  :     10.28281548 Residual Norm: 0.03963603                                                 
               Excitation 65  :     10.28325081 Residual Norm: 0.03167500                                                 
               Excitation 66  :     10.28745407 Residual Norm: 0.04692269                                                 
               Excitation 67  :     10.28789171 Residual Norm: 0.02399873                                                 
               Excitation 68  :     10.28942410 Residual Norm: 0.05611019                                                 
               Excitation 69  :     10.29088744 Residual Norm: 0.03496300                                                 
               Excitation 70  :     10.29253701 Residual Norm: 0.02951369                                                 
               Excitation 71  :     10.29426992 Residual Norm: 0.05165857                                                 
               Excitation 72  :     10.29460918 Residual Norm: 0.03440598                                                 
               Excitation 73  :     10.29743521 Residual Norm: 0.03266170                                                 
               Excitation 74  :     10.30205326 Residual Norm: 0.27548155                                                 
               Excitation 75  :     10.30359986 Residual Norm: 0.03751813                                                 
                                                                                                                          
* Info * Processing 75 Fock builds...                                                                                     
                                                                                                                          
* Info * 225 gerade trial vectors in reduced space                                                                        
* Info * 225 ungerade trial vectors in reduced space                                                                      
                                                                                                                          
* Info * 149.76 kB of memory used for subspace procedure on the master node                                               
* Info * 342.49 GB of memory available for the solver on the master node                                                  
                                                                                                                          
               *** Iteration:   3 * Residuals (Max,Min): 1.47e-01 and 1.04e-03                                            
                                                                                                                          
               Excitation 1   :     10.08496561 Residual Norm: 0.00333661                                                 
               Excitation 2   :     10.09397757 Residual Norm: 0.00403951                                                 
               Excitation 3   :     10.09500200 Residual Norm: 0.00276524                                                 
               Excitation 4   :     10.10190550 Residual Norm: 0.00349196                                                 
               Excitation 5   :     10.12388953 Residual Norm: 0.00128738                                                 
               Excitation 6   :     10.12594859 Residual Norm: 0.00218664                                                 
               Excitation 7   :     10.12646456 Residual Norm: 0.00525254                                                 
               Excitation 8   :     10.12912148 Residual Norm: 0.00167391                                                 
               Excitation 9   :     10.13145606 Residual Norm: 0.00103643                                                 
               Excitation 10  :     10.14747475 Residual Norm: 0.00424277                                                 
               Excitation 11  :     10.15449689 Residual Norm: 0.00886418                                                 
               Excitation 12  :     10.15890142 Residual Norm: 0.02159661                                                 
               Excitation 13  :     10.16701375 Residual Norm: 0.00624545                                                 
               Excitation 14  :     10.17289545 Residual Norm: 0.00784281                                                 
               Excitation 15  :     10.17412730 Residual Norm: 0.01222618                                                 
               Excitation 16  :     10.17643934 Residual Norm: 0.01164036                                                 
               Excitation 17  :     10.17963636 Residual Norm: 0.01307830                                                 
               Excitation 18  :     10.18558973 Residual Norm: 0.00562473                                                 
               Excitation 19  :     10.19132386 Residual Norm: 0.00358492                                                 
               Excitation 20  :     10.19798664 Residual Norm: 0.00463684                                                 
               Excitation 21  :     10.19965046 Residual Norm: 0.00883119                                                 
               Excitation 22  :     10.20905561 Residual Norm: 0.00673705                                                 
               Excitation 23  :     10.21043553 Residual Norm: 0.00874306                                                 
               Excitation 24  :     10.21120121 Residual Norm: 0.00491585                                                 
               Excitation 25  :     10.21207070 Residual Norm: 0.00289628                                                 
               Excitation 26  :     10.21220929 Residual Norm: 0.00431681                                                 
               Excitation 27  :     10.21363791 Residual Norm: 0.00317437                                                 
               Excitation 28  :     10.22038705 Residual Norm: 0.00522711                                                 
               Excitation 29  :     10.22186683 Residual Norm: 0.00299392                                                 
               Excitation 30  :     10.22800262 Residual Norm: 0.00549577                                                 
               Excitation 31  :     10.22807049 Residual Norm: 0.00624786                                                 
               Excitation 32  :     10.22957649 Residual Norm: 0.00303586                                                 
               Excitation 33  :     10.23057597 Residual Norm: 0.00439915                                                 
               Excitation 34  :     10.23495602 Residual Norm: 0.00597062                                                 
               Excitation 35  :     10.23563964 Residual Norm: 0.00553108                                                 
               Excitation 36  :     10.23745868 Residual Norm: 0.00727030                                                 
               Excitation 37  :     10.23921725 Residual Norm: 0.01396349                                                 
               Excitation 38  :     10.23972229 Residual Norm: 0.01189761                                                 
               Excitation 39  :     10.23973395 Residual Norm: 0.00593295                                                 
               Excitation 40  :     10.24165156 Residual Norm: 0.00626299                                                 
               Excitation 41  :     10.24187504 Residual Norm: 0.00284374                                                 
               Excitation 42  :     10.24670227 Residual Norm: 0.00414074                                                 
               Excitation 43  :     10.24772197 Residual Norm: 0.00550892                                                 
               Excitation 44  :     10.24921377 Residual Norm: 0.00628776                                                 
               Excitation 45  :     10.24958749 Residual Norm: 0.01959905                                                 
               Excitation 46  :     10.24971095 Residual Norm: 0.00692335                                                 
               Excitation 47  :     10.25148495 Residual Norm: 0.00811872                                                 
               Excitation 48  :     10.25179482 Residual Norm: 0.00455335                                                 
               Excitation 49  :     10.25226936 Residual Norm: 0.00696048                                                 
               Excitation 50  :     10.25741103 Residual Norm: 0.01825187                                                 
               Excitation 51  :     10.25760351 Residual Norm: 0.03252072                                                 
               Excitation 52  :     10.25877584 Residual Norm: 0.01192038                                                 
               Excitation 53  :     10.26381378 Residual Norm: 0.00578515                                                 
               Excitation 54  :     10.26438716 Residual Norm: 0.01151929                                                 
               Excitation 55  :     10.26632338 Residual Norm: 0.01075739                                                 
               Excitation 56  :     10.26736701 Residual Norm: 0.01416080                                                 
               Excitation 57  :     10.26745678 Residual Norm: 0.04325840                                                 
               Excitation 58  :     10.27068314 Residual Norm: 0.01130362                                                 
               Excitation 59  :     10.27380725 Residual Norm: 0.00905532                                                 
               Excitation 60  :     10.27610814 Residual Norm: 0.00798253                                                 
               Excitation 61  :     10.27741733 Residual Norm: 0.01404185                                                 
               Excitation 62  :     10.27861350 Residual Norm: 0.00970656                                                 
               Excitation 63  :     10.27923391 Residual Norm: 0.00679166                                                 
               Excitation 64  :     10.28153632 Residual Norm: 0.01914077                                                 
               Excitation 65  :     10.28262157 Residual Norm: 0.01032313                                                 
               Excitation 66  :     10.28533835 Residual Norm: 0.11678066                                                 
               Excitation 67  :     10.28588329 Residual Norm: 0.02356854                                                 
               Excitation 68  :     10.28651410 Residual Norm: 0.02996647                                                 
               Excitation 69  :     10.28712336 Residual Norm: 0.01239163                                                 
               Excitation 70  :     10.28947729 Residual Norm: 0.01268326                                                 
               Excitation 71  :     10.29122359 Residual Norm: 0.01068817                                                 
               Excitation 72  :     10.29199448 Residual Norm: 0.02359099                                                 
               Excitation 73  :     10.29322098 Residual Norm: 0.01219438                                                 
               Excitation 74  :     10.29470361 Residual Norm: 0.14674759                                                 
               Excitation 75  :     10.29637256 Residual Norm: 0.01333686                                                 
                                                                                                                          
* Info * Processing 75 Fock builds...                                                                                     
                                                                                                                          
* Info * 300 gerade trial vectors in reduced space                                                                        
* Info * 300 ungerade trial vectors in reduced space                                                                      
                                                                                                                          
* Info * 190.56 kB of memory used for subspace procedure on the master node                                               
* Info * 342.40 GB of memory available for the solver on the master node                                                  
                                                                                                                          
               *** Iteration:   4 * Residuals (Max,Min): 6.23e-02 and 1.27e-04                                            
                                                                                                                          
               Excitation 1   :     10.08496514 Residual Norm: 0.00025328                                                 
               Excitation 2   :     10.09397684 Residual Norm: 0.00049344                                                 
               Excitation 3   :     10.09500162 Residual Norm: 0.00029093                                                 
               Excitation 4   :     10.10190477 Residual Norm: 0.00036980                                                 
               Excitation 5   :     10.12388932 Residual Norm: 0.00014247                                                 
               Excitation 6   :     10.12594827 Residual Norm: 0.00019848                                                 
               Excitation 7   :     10.12646329 Residual Norm: 0.00064291                                                 
               Excitation 8   :     10.12912117 Residual Norm: 0.00016530                                                 
               Excitation 9   :     10.13145589 Residual Norm: 0.00012668                                                 
               Excitation 10  :     10.14747354 Residual Norm: 0.00065845                                                 
               Excitation 11  :     10.15449363 Residual Norm: 0.00139348                                                 
               Excitation 12  :     10.15887999 Residual Norm: 0.00497234                                                 
               Excitation 13  :     10.16701233 Residual Norm: 0.00081352                                                 
               Excitation 14  :     10.17289339 Residual Norm: 0.00025688                                                 
               Excitation 15  :     10.17412215 Residual Norm: 0.00086163                                                 
               Excitation 16  :     10.17643236 Residual Norm: 0.00055664                                                 
               Excitation 17  :     10.17962638 Residual Norm: 0.00109045                                                 
               Excitation 18  :     10.18558739 Residual Norm: 0.00091881                                                 
               Excitation 19  :     10.19132024 Residual Norm: 0.00052969                                                 
               Excitation 20  :     10.19798411 Residual Norm: 0.00049436                                                 
               Excitation 21  :     10.19963759 Residual Norm: 0.00103718                                                 
               Excitation 22  :     10.20905194 Residual Norm: 0.00050570                                                 
               Excitation 23  :     10.21042745 Residual Norm: 0.00087194                                                 
               Excitation 24  :     10.21119623 Residual Norm: 0.00054327                                                 
               Excitation 25  :     10.21206967 Residual Norm: 0.00051177                                                 
               Excitation 26  :     10.21220737 Residual Norm: 0.00037291                                                 
               Excitation 27  :     10.21363417 Residual Norm: 0.00052968                                                 
               Excitation 28  :     10.22038332 Residual Norm: 0.00051926                                                 
               Excitation 29  :     10.22186445 Residual Norm: 0.00043469                                                 
               Excitation 30  :     10.22799540 Residual Norm: 0.00098260                                                 
               Excitation 31  :     10.22806442 Residual Norm: 0.00119490                                                 
               Excitation 32  :     10.22957467 Residual Norm: 0.00041495                                                 
               Excitation 33  :     10.23056675 Residual Norm: 0.00118725                                                 
               Excitation 34  :     10.23494519 Residual Norm: 0.00156054                                                 
               Excitation 35  :     10.23562441 Residual Norm: 0.00121293                                                 
               Excitation 36  :     10.23744694 Residual Norm: 0.00100829                                                 
               Excitation 37  :     10.23919916 Residual Norm: 0.00190920                                                 
               Excitation 38  :     10.23968693 Residual Norm: 0.00258945                                                 
               Excitation 39  :     10.23972224 Residual Norm: 0.00127985                                                 
               Excitation 40  :     10.24163687 Residual Norm: 0.00149592                                                 
               Excitation 41  :     10.24187063 Residual Norm: 0.00064209                                                 
               Excitation 42  :     10.24669139 Residual Norm: 0.00156195                                                 
               Excitation 43  :     10.24770778 Residual Norm: 0.00102583                                                 
               Excitation 44  :     10.24919841 Residual Norm: 0.00150412                                                 
               Excitation 45  :     10.24956013 Residual Norm: 0.00324417                                                 
               Excitation 46  :     10.24968222 Residual Norm: 0.00217374                                                 
               Excitation 47  :     10.25147264 Residual Norm: 0.00085686                                                 
               Excitation 48  :     10.25178574 Residual Norm: 0.00103779                                                 
               Excitation 49  :     10.25225461 Residual Norm: 0.00188218                                                 
               Excitation 50  :     10.25682809 Residual Norm: 0.01188155                                                 
               Excitation 51  :     10.25734631 Residual Norm: 0.00223180                                                 
               Excitation 52  :     10.25875056 Residual Norm: 0.00198929                                                 
               Excitation 53  :     10.26380135 Residual Norm: 0.00130531                                                 
               Excitation 54  :     10.26428018 Residual Norm: 0.00316637                                                 
               Excitation 55  :     10.26620468 Residual Norm: 0.01549277                                                 
               Excitation 56  :     10.26629244 Residual Norm: 0.00295920                                                 
               Excitation 57  :     10.26723965 Residual Norm: 0.00444185                                                 
               Excitation 58  :     10.27063150 Residual Norm: 0.00209860                                                 
               Excitation 59  :     10.27377587 Residual Norm: 0.00224471                                                 
               Excitation 60  :     10.27608285 Residual Norm: 0.00207972                                                 
               Excitation 61  :     10.27736959 Residual Norm: 0.00438857                                                 
               Excitation 62  :     10.27857978 Residual Norm: 0.00211657                                                 
               Excitation 63  :     10.27920709 Residual Norm: 0.00247719                                                 
               Excitation 64  :     10.28139921 Residual Norm: 0.00576095                                                 
               Excitation 65  :     10.28259229 Residual Norm: 0.00188833                                                 
               Excitation 66  :     10.28465692 Residual Norm: 0.04815880                                                 
               Excitation 67  :     10.28571041 Residual Norm: 0.00507732                                                 
               Excitation 68  :     10.28619416 Residual Norm: 0.00818563                                                 
               Excitation 69  :     10.28697987 Residual Norm: 0.00757574                                                 
               Excitation 70  :     10.28854892 Residual Norm: 0.03627916                                                 
               Excitation 71  :     10.28929241 Residual Norm: 0.00671600                                                 
               Excitation 72  :     10.29115075 Residual Norm: 0.00404510                                                 
               Excitation 73  :     10.29165597 Residual Norm: 0.00842434                                                 
               Excitation 74  :     10.29304864 Residual Norm: 0.00609737                                                 
               Excitation 75  :     10.29386799 Residual Norm: 0.06227418                                                 
                                                                                                                          
* Info * Processing 75 Fock builds...                                                                                     
                                                                                                                          
* Info * 375 gerade trial vectors in reduced space                                                                        
* Info * 375 ungerade trial vectors in reduced space                                                                      
                                                                                                                          
* Info * 232.46 kB of memory used for subspace procedure on the master node                                               
* Info * 340.97 GB of memory available for the solver on the master node                                                  
                                                                                                                          
               *** Iteration:   5 * Residuals (Max,Min): 2.69e-02 and 8.62e-06                                            
                                                                                                                          
               Excitation 1   :     10.08496514 Residual Norm: 0.00001303   converged                                     
               Excitation 2   :     10.09397683 Residual Norm: 0.00002415   converged                                     
               Excitation 3   :     10.09500162 Residual Norm: 0.00001320   converged                                     
               Excitation 4   :     10.10190477 Residual Norm: 0.00002369   converged                                     
               Excitation 5   :     10.12388931 Residual Norm: 0.00001183   converged                                     
               Excitation 6   :     10.12594827 Residual Norm: 0.00001839   converged                                     
               Excitation 7   :     10.12646328 Residual Norm: 0.00004925   converged                                     
               Excitation 8   :     10.12912116 Residual Norm: 0.00001309   converged                                     
               Excitation 9   :     10.13145589 Residual Norm: 0.00000862   converged                                     
               Excitation 10  :     10.14747352 Residual Norm: 0.00005554   converged                                     
               Excitation 11  :     10.15449354 Residual Norm: 0.00011389                                                 
               Excitation 12  :     10.15887924 Residual Norm: 0.00036193                                                 
               Excitation 13  :     10.16701229 Residual Norm: 0.00006311   converged                                     
               Excitation 14  :     10.17289338 Residual Norm: 0.00002220   converged                                     
               Excitation 15  :     10.17412208 Residual Norm: 0.00005557   converged                                     
               Excitation 16  :     10.17643231 Residual Norm: 0.00005183   converged                                     
               Excitation 17  :     10.17962622 Residual Norm: 0.00010399                                                 
               Excitation 18  :     10.18558735 Residual Norm: 0.00009834   converged                                     
               Excitation 19  :     10.19132020 Residual Norm: 0.00005658   converged                                     
               Excitation 20  :     10.19798409 Residual Norm: 0.00005416   converged                                     
               Excitation 21  :     10.19963746 Residual Norm: 0.00009194   converged                                     
               Excitation 22  :     10.20905189 Residual Norm: 0.00005242   converged                                     
               Excitation 23  :     10.21042732 Residual Norm: 0.00009399   converged                                     
               Excitation 24  :     10.21119618 Residual Norm: 0.00005237   converged                                     
               Excitation 25  :     10.21206965 Residual Norm: 0.00004527   converged                                     
               Excitation 26  :     10.21220735 Residual Norm: 0.00003695   converged                                     
               Excitation 27  :     10.21363412 Residual Norm: 0.00005381   converged                                     
               Excitation 28  :     10.22038328 Residual Norm: 0.00004187   converged                                     
               Excitation 29  :     10.22186440 Residual Norm: 0.00007017   converged                                     
               Excitation 30  :     10.22799522 Residual Norm: 0.00012483                                                 
               Excitation 31  :     10.22806424 Residual Norm: 0.00012073                                                 
               Excitation 32  :     10.22957465 Residual Norm: 0.00004336   converged                                     
               Excitation 33  :     10.23056644 Residual Norm: 0.00016166                                                 
               Excitation 34  :     10.23494482 Residual Norm: 0.00025165                                                 
               Excitation 35  :     10.23562421 Residual Norm: 0.00012141                                                 
               Excitation 36  :     10.23744676 Residual Norm: 0.00012208                                                 
               Excitation 37  :     10.23919854 Residual Norm: 0.00025981                                                 
               Excitation 38  :     10.23968591 Residual Norm: 0.00031257                                                 
               Excitation 39  :     10.23972202 Residual Norm: 0.00013765                                                 
               Excitation 40  :     10.24163645 Residual Norm: 0.00018141                                                 
               Excitation 41  :     10.24187052 Residual Norm: 0.00007482   converged                                     
               Excitation 42  :     10.24669087 Residual Norm: 0.00023025                                                 
               Excitation 43  :     10.24770754 Residual Norm: 0.00011499                                                 
               Excitation 44  :     10.24919795 Residual Norm: 0.00025981                                                 
               Excitation 45  :     10.24955890 Residual Norm: 0.00038294                                                 
               Excitation 46  :     10.24968119 Residual Norm: 0.00027760                                                 
               Excitation 47  :     10.25147246 Residual Norm: 0.00009550   converged                                     
               Excitation 48  :     10.25178546 Residual Norm: 0.00012323                                                 
               Excitation 49  :     10.25225417 Residual Norm: 0.00029144                                                 
               Excitation 50  :     10.25669513 Residual Norm: 0.00339791                                                 
               Excitation 51  :     10.25734519 Residual Norm: 0.00027942                                                 
               Excitation 52  :     10.25874992 Residual Norm: 0.00022172                                                 
               Excitation 53  :     10.26380090 Residual Norm: 0.00027397                                                 
               Excitation 54  :     10.26427584 Residual Norm: 0.00066846                                                 
               Excitation 55  :     10.26597467 Residual Norm: 0.00478663                                                 
               Excitation 56  :     10.26629109 Residual Norm: 0.00049629                                                 
               Excitation 57  :     10.26723479 Residual Norm: 0.00088998                                                 
               Excitation 58  :     10.27063056 Residual Norm: 0.00028380                                                 
               Excitation 59  :     10.27377370 Residual Norm: 0.00063569                                                 
               Excitation 60  :     10.27608154 Residual Norm: 0.00039334                                                 
               Excitation 61  :     10.27736642 Residual Norm: 0.00082474                                                 
               Excitation 62  :     10.27857874 Residual Norm: 0.00024232                                                 
               Excitation 63  :     10.27920647 Residual Norm: 0.00026452                                                 
               Excitation 64  :     10.28139212 Residual Norm: 0.00105098                                                 
               Excitation 65  :     10.28259127 Residual Norm: 0.00036068                                                 
               Excitation 66  :     10.28447309 Residual Norm: 0.00817974                                                 
               Excitation 67  :     10.28570417 Residual Norm: 0.00082182                                                 
               Excitation 68  :     10.28618075 Residual Norm: 0.00165813                                                 
               Excitation 69  :     10.28695145 Residual Norm: 0.00240518                                                 
               Excitation 70  :     10.28822354 Residual Norm: 0.00818211                                                 
               Excitation 71  :     10.28927965 Residual Norm: 0.00105322                                                 
               Excitation 72  :     10.29114471 Residual Norm: 0.00083594                                                 
               Excitation 73  :     10.29163890 Residual Norm: 0.00177019                                                 
               Excitation 74  :     10.29272206 Residual Norm: 0.02693080                                                 
               Excitation 75  :     10.29284388 Residual Norm: 0.01192791                                                 
                                                                                                                          
* Info * Processing 45 Fock builds...                                                                                     
                                                                                                                          
* Info * 420 gerade trial vectors in reduced space                                                                        
* Info * 420 ungerade trial vectors in reduced space                                                                      
                                                                                                                          
* Info * 256.40 kB of memory used for subspace procedure on the master node                                               
* Info * 348.08 GB of memory available for the solver on the master node                                                  
                                                                                                                          
               *** Iteration:   6 * Residuals (Max,Min): 9.58e-03 and 5.88e-06                                            
                                                                                                                          
               Excitation 1   :     10.08496514 Residual Norm: 0.00000874   converged                                     
               Excitation 2   :     10.09397683 Residual Norm: 0.00001519   converged                                     
               Excitation 3   :     10.09500162 Residual Norm: 0.00000913   converged                                     
               Excitation 4   :     10.10190477 Residual Norm: 0.00001309   converged                                     
               Excitation 5   :     10.12388931 Residual Norm: 0.00000588   converged                                     
               Excitation 6   :     10.12594827 Residual Norm: 0.00000850   converged                                     
               Excitation 7   :     10.12646328 Residual Norm: 0.00002311   converged                                     
               Excitation 8   :     10.12912116 Residual Norm: 0.00000753   converged                                     
               Excitation 9   :     10.13145589 Residual Norm: 0.00000691   converged                                     
               Excitation 10  :     10.14747352 Residual Norm: 0.00002266   converged                                     
               Excitation 11  :     10.15449354 Residual Norm: 0.00000778   converged                                     
               Excitation 12  :     10.15887923 Residual Norm: 0.00003037   converged                                     
               Excitation 13  :     10.16701229 Residual Norm: 0.00001999   converged                                     
               Excitation 14  :     10.17289338 Residual Norm: 0.00001899   converged                                     
               Excitation 15  :     10.17412208 Residual Norm: 0.00003198   converged                                     
               Excitation 16  :     10.17643231 Residual Norm: 0.00003006   converged                                     
               Excitation 17  :     10.17962622 Residual Norm: 0.00000883   converged                                     
               Excitation 18  :     10.18558735 Residual Norm: 0.00004661   converged                                     
               Excitation 19  :     10.19132020 Residual Norm: 0.00001470   converged                                     
               Excitation 20  :     10.19798409 Residual Norm: 0.00001482   converged                                     
               Excitation 21  :     10.19963746 Residual Norm: 0.00004421   converged                                     
               Excitation 22  :     10.20905189 Residual Norm: 0.00002445   converged                                     
               Excitation 23  :     10.21042732 Residual Norm: 0.00003202   converged                                     
               Excitation 24  :     10.21119618 Residual Norm: 0.00002868   converged                                     
               Excitation 25  :     10.21206965 Residual Norm: 0.00003156   converged                                     
               Excitation 26  :     10.21220735 Residual Norm: 0.00001628   converged                                     
               Excitation 27  :     10.21363412 Residual Norm: 0.00002277   converged                                     
               Excitation 28  :     10.22038327 Residual Norm: 0.00002280   converged                                     
               Excitation 29  :     10.22186440 Residual Norm: 0.00002173   converged                                     
               Excitation 30  :     10.22799522 Residual Norm: 0.00001226   converged                                     
               Excitation 31  :     10.22806424 Residual Norm: 0.00002495   converged                                     
               Excitation 32  :     10.22957465 Residual Norm: 0.00002290   converged                                     
               Excitation 33  :     10.23056644 Residual Norm: 0.00002658   converged                                     
               Excitation 34  :     10.23494481 Residual Norm: 0.00002278   converged                                     
               Excitation 35  :     10.23562421 Residual Norm: 0.00001141   converged                                     
               Excitation 36  :     10.23744676 Residual Norm: 0.00001256   converged                                     
               Excitation 37  :     10.23919853 Residual Norm: 0.00003349   converged                                     
               Excitation 38  :     10.23968590 Residual Norm: 0.00004399   converged                                     
               Excitation 39  :     10.23972201 Residual Norm: 0.00001256   converged                                     
               Excitation 40  :     10.24163645 Residual Norm: 0.00001802   converged                                     
               Excitation 41  :     10.24187052 Residual Norm: 0.00003227   converged                                     
               Excitation 42  :     10.24669086 Residual Norm: 0.00002666   converged                                     
               Excitation 43  :     10.24770753 Residual Norm: 0.00001024   converged                                     
               Excitation 44  :     10.24919794 Residual Norm: 0.00002372   converged                                     
               Excitation 45  :     10.24955887 Residual Norm: 0.00005175   converged                                     
               Excitation 46  :     10.24968117 Residual Norm: 0.00003509   converged                                     
               Excitation 47  :     10.25147246 Residual Norm: 0.00007297   converged                                     
               Excitation 48  :     10.25178546 Residual Norm: 0.00001308   converged                                     
               Excitation 49  :     10.25225416 Residual Norm: 0.00003296   converged                                     
               Excitation 50  :     10.25669022 Residual Norm: 0.00154256                                                 
               Excitation 51  :     10.25734517 Residual Norm: 0.00003695   converged                                     
               Excitation 52  :     10.25874991 Residual Norm: 0.00003164   converged                                     
               Excitation 53  :     10.26380090 Residual Norm: 0.00002668   converged                                     
               Excitation 54  :     10.26427572 Residual Norm: 0.00011051                                                 
               Excitation 55  :     10.26596522 Residual Norm: 0.00184622                                                 
               Excitation 56  :     10.26629106 Residual Norm: 0.00005875   converged                                     
               Excitation 57  :     10.26723471 Residual Norm: 0.00008758   converged                                     
               Excitation 58  :     10.27063054 Residual Norm: 0.00002682   converged                                     
               Excitation 59  :     10.27377360 Residual Norm: 0.00010908                                                 
               Excitation 60  :     10.27608150 Residual Norm: 0.00007366   converged                                     
               Excitation 61  :     10.27736630 Residual Norm: 0.00011562                                                 
               Excitation 62  :     10.27857872 Residual Norm: 0.00002467   converged                                     
               Excitation 63  :     10.27920646 Residual Norm: 0.00003115   converged                                     
               Excitation 64  :     10.28139197 Residual Norm: 0.00011630                                                 
               Excitation 65  :     10.28259125 Residual Norm: 0.00004642   converged                                     
               Excitation 66  :     10.28445856 Residual Norm: 0.00289096                                                 
               Excitation 67  :     10.28570402 Residual Norm: 0.00015832                                                 
               Excitation 68  :     10.28618048 Residual Norm: 0.00017880                                                 
               Excitation 69  :     10.28695040 Residual Norm: 0.00040814                                                 
               Excitation 70  :     10.28821225 Residual Norm: 0.00148002                                                 
               Excitation 71  :     10.28927938 Residual Norm: 0.00016164                                                 
               Excitation 72  :     10.29114453 Residual Norm: 0.00011312                                                 
               Excitation 73  :     10.29163825 Residual Norm: 0.00032167                                                 
               Excitation 74  :     10.29243435 Residual Norm: 0.00957565                                                 
               Excitation 75  :     10.29282526 Residual Norm: 0.00115364                                                 
                                                                                                                          
* Info * Processing 14 Fock builds...                                                                                     
                                                                                                                          
* Info * 434 gerade trial vectors in reduced space                                                                        
* Info * 434 ungerade trial vectors in reduced space                                                                      
                                                                                                                          
* Info * 263.74 kB of memory used for subspace procedure on the master node                                               
* Info * 352.31 GB of memory available for the solver on the master node                                                  
                                                                                                                          
               *** Iteration:   7 * Residuals (Max,Min): 4.28e-03 and 5.77e-06                                            
                                                                                                                          
               Excitation 1   :     10.08496514 Residual Norm: 0.00000876   converged                                     
               Excitation 2   :     10.09397683 Residual Norm: 0.00001520   converged                                     
               Excitation 3   :     10.09500162 Residual Norm: 0.00000916   converged                                     
               Excitation 4   :     10.10190477 Residual Norm: 0.00001283   converged                                     
               Excitation 5   :     10.12388931 Residual Norm: 0.00000577   converged                                     
               Excitation 6   :     10.12594827 Residual Norm: 0.00000873   converged                                     
               Excitation 7   :     10.12646328 Residual Norm: 0.00002142   converged                                     
               Excitation 8   :     10.12912116 Residual Norm: 0.00000767   converged                                     
               Excitation 9   :     10.13145589 Residual Norm: 0.00000698   converged                                     
               Excitation 10  :     10.14747352 Residual Norm: 0.00002170   converged                                     
               Excitation 11  :     10.15449354 Residual Norm: 0.00000610   converged                                     
               Excitation 12  :     10.15887923 Residual Norm: 0.00002824   converged                                     
               Excitation 13  :     10.16701229 Residual Norm: 0.00001940   converged                                     
               Excitation 14  :     10.17289338 Residual Norm: 0.00001899   converged                                     
               Excitation 15  :     10.17412208 Residual Norm: 0.00003234   converged                                     
               Excitation 16  :     10.17643231 Residual Norm: 0.00002961   converged                                     
               Excitation 17  :     10.17962622 Residual Norm: 0.00000582   converged                                     
               Excitation 18  :     10.18558735 Residual Norm: 0.00004586   converged                                     
               Excitation 19  :     10.19132020 Residual Norm: 0.00001467   converged                                     
               Excitation 20  :     10.19798409 Residual Norm: 0.00001478   converged                                     
               Excitation 21  :     10.19963746 Residual Norm: 0.00004424   converged                                     
               Excitation 22  :     10.20905189 Residual Norm: 0.00002305   converged                                     
               Excitation 23  :     10.21042732 Residual Norm: 0.00003263   converged                                     
               Excitation 24  :     10.21119618 Residual Norm: 0.00002864   converged                                     
               Excitation 25  :     10.21206965 Residual Norm: 0.00002922   converged                                     
               Excitation 26  :     10.21220735 Residual Norm: 0.00001571   converged                                     
               Excitation 27  :     10.21363412 Residual Norm: 0.00002104   converged                                     
               Excitation 28  :     10.22038327 Residual Norm: 0.00002365   converged                                     
               Excitation 29  :     10.22186440 Residual Norm: 0.00001847   converged                                     
               Excitation 30  :     10.22799522 Residual Norm: 0.00001138   converged                                     
               Excitation 31  :     10.22806424 Residual Norm: 0.00002563   converged                                     
               Excitation 32  :     10.22957465 Residual Norm: 0.00002335   converged                                     
               Excitation 33  :     10.23056644 Residual Norm: 0.00001604   converged                                     
               Excitation 34  :     10.23494481 Residual Norm: 0.00001930   converged                                     
               Excitation 35  :     10.23562421 Residual Norm: 0.00000859   converged                                     
               Excitation 36  :     10.23744676 Residual Norm: 0.00001004   converged                                     
               Excitation 37  :     10.23919853 Residual Norm: 0.00001886   converged                                     
               Excitation 38  :     10.23968590 Residual Norm: 0.00002029   converged                                     
               Excitation 39  :     10.23972201 Residual Norm: 0.00001089   converged                                     
               Excitation 40  :     10.24163645 Residual Norm: 0.00001343   converged                                     
               Excitation 41  :     10.24187052 Residual Norm: 0.00003145   converged                                     
               Excitation 42  :     10.24669086 Residual Norm: 0.00002566   converged                                     
               Excitation 43  :     10.24770753 Residual Norm: 0.00000767   converged                                     
               Excitation 44  :     10.24919794 Residual Norm: 0.00000801   converged                                     
               Excitation 45  :     10.24955887 Residual Norm: 0.00003596   converged                                     
               Excitation 46  :     10.24968117 Residual Norm: 0.00003342   converged                                     
               Excitation 47  :     10.25147246 Residual Norm: 0.00007187   converged                                     
               Excitation 48  :     10.25178546 Residual Norm: 0.00000931   converged                                     
               Excitation 49  :     10.25225416 Residual Norm: 0.00002116   converged                                     
               Excitation 50  :     10.25668978 Residual Norm: 0.00032391                                                 
               Excitation 51  :     10.25734517 Residual Norm: 0.00003097   converged                                     
               Excitation 52  :     10.25874991 Residual Norm: 0.00003004   converged                                     
               Excitation 53  :     10.26380090 Residual Norm: 0.00000974   converged                                     
               Excitation 54  :     10.26427572 Residual Norm: 0.00002008   converged                                     
               Excitation 55  :     10.26596447 Residual Norm: 0.00045365                                                 
               Excitation 56  :     10.26629105 Residual Norm: 0.00004641   converged                                     
               Excitation 57  :     10.26723471 Residual Norm: 0.00004458   converged                                     
               Excitation 58  :     10.27063054 Residual Norm: 0.00002621   converged                                     
               Excitation 59  :     10.27377360 Residual Norm: 0.00001664   converged                                     
               Excitation 60  :     10.27608150 Residual Norm: 0.00003289   converged                                     
               Excitation 61  :     10.27736630 Residual Norm: 0.00005569   converged                                     
               Excitation 62  :     10.27857872 Residual Norm: 0.00002244   converged                                     
               Excitation 63  :     10.27920646 Residual Norm: 0.00003027   converged                                     
               Excitation 64  :     10.28139197 Residual Norm: 0.00002927   converged                                     
               Excitation 65  :     10.28259125 Residual Norm: 0.00004372   converged                                     
               Excitation 66  :     10.28445759 Residual Norm: 0.00052029                                                 
               Excitation 67  :     10.28570402 Residual Norm: 0.00006299   converged                                     
               Excitation 68  :     10.28618048 Residual Norm: 0.00003016   converged                                     
               Excitation 69  :     10.28695038 Residual Norm: 0.00007321   converged                                     
               Excitation 70  :     10.28821195 Residual Norm: 0.00027247                                                 
               Excitation 71  :     10.28927938 Residual Norm: 0.00002059   converged                                     
               Excitation 72  :     10.29114453 Residual Norm: 0.00007275   converged                                     
               Excitation 73  :     10.29163822 Residual Norm: 0.00006590   converged                                     
               Excitation 74  :     10.29238568 Residual Norm: 0.00427965                                                 
               Excitation 75  :     10.29282500 Residual Norm: 0.00018963                                                 
                                                                                                                          
* Info * Processing 5 Fock builds...                                                                                      
                                                                                                                          
* Info * 439 gerade trial vectors in reduced space                                                                        
* Info * 439 ungerade trial vectors in reduced space                                                                      
                                                                                                                          
* Info * 266.33 kB of memory used for subspace procedure on the master node                                               
* Info * 353.81 GB of memory available for the solver on the master node                                                  
                                                                                                                          
               *** Iteration:   8 * Residuals (Max,Min): 1.35e-03 and 5.75e-06                                            
                                                                                                                          
               Excitation 1   :     10.08496514 Residual Norm: 0.00000872   converged                                     
               Excitation 2   :     10.09397683 Residual Norm: 0.00001520   converged                                     
               Excitation 3   :     10.09500162 Residual Norm: 0.00000916   converged                                     
               Excitation 4   :     10.10190477 Residual Norm: 0.00001283   converged                                     
               Excitation 5   :     10.12388931 Residual Norm: 0.00000575   converged                                     
               Excitation 6   :     10.12594827 Residual Norm: 0.00000873   converged                                     
               Excitation 7   :     10.12646328 Residual Norm: 0.00002144   converged                                     
               Excitation 8   :     10.12912116 Residual Norm: 0.00000767   converged                                     
               Excitation 9   :     10.13145589 Residual Norm: 0.00000697   converged                                     
               Excitation 10  :     10.14747352 Residual Norm: 0.00002171   converged                                     
               Excitation 11  :     10.15449354 Residual Norm: 0.00000623   converged                                     
               Excitation 12  :     10.15887923 Residual Norm: 0.00002838   converged                                     
               Excitation 13  :     10.16701229 Residual Norm: 0.00001953   converged                                     
               Excitation 14  :     10.17289338 Residual Norm: 0.00001911   converged                                     
               Excitation 15  :     10.17412208 Residual Norm: 0.00003234   converged                                     
               Excitation 16  :     10.17643231 Residual Norm: 0.00002961   converged                                     
               Excitation 17  :     10.17962622 Residual Norm: 0.00000582   converged                                     
               Excitation 18  :     10.18558735 Residual Norm: 0.00004587   converged                                     
               Excitation 19  :     10.19132020 Residual Norm: 0.00001440   converged                                     
               Excitation 20  :     10.19798409 Residual Norm: 0.00001469   converged                                     
               Excitation 21  :     10.19963746 Residual Norm: 0.00004424   converged                                     
               Excitation 22  :     10.20905189 Residual Norm: 0.00002305   converged                                     
               Excitation 23  :     10.21042732 Residual Norm: 0.00003263   converged                                     
               Excitation 24  :     10.21119618 Residual Norm: 0.00002863   converged                                     
               Excitation 25  :     10.21206965 Residual Norm: 0.00002912   converged                                     
               Excitation 26  :     10.21220735 Residual Norm: 0.00001570   converged                                     
               Excitation 27  :     10.21363412 Residual Norm: 0.00002104   converged                                     
               Excitation 28  :     10.22038327 Residual Norm: 0.00002364   converged                                     
               Excitation 29  :     10.22186440 Residual Norm: 0.00001847   converged                                     
               Excitation 30  :     10.22799522 Residual Norm: 0.00001118   converged                                     
               Excitation 31  :     10.22806424 Residual Norm: 0.00002563   converged                                     
               Excitation 32  :     10.22957465 Residual Norm: 0.00002335   converged                                     
               Excitation 33  :     10.23056644 Residual Norm: 0.00001574   converged                                     
               Excitation 34  :     10.23494481 Residual Norm: 0.00001878   converged                                     
               Excitation 35  :     10.23562421 Residual Norm: 0.00000859   converged                                     
               Excitation 36  :     10.23744676 Residual Norm: 0.00001031   converged                                     
               Excitation 37  :     10.23919853 Residual Norm: 0.00001888   converged                                     
               Excitation 38  :     10.23968590 Residual Norm: 0.00002025   converged                                     
               Excitation 39  :     10.23972201 Residual Norm: 0.00001089   converged                                     
               Excitation 40  :     10.24163645 Residual Norm: 0.00001344   converged                                     
               Excitation 41  :     10.24187052 Residual Norm: 0.00003144   converged                                     
               Excitation 42  :     10.24669086 Residual Norm: 0.00002566   converged                                     
               Excitation 43  :     10.24770753 Residual Norm: 0.00000764   converged                                     
               Excitation 44  :     10.24919794 Residual Norm: 0.00000801   converged                                     
               Excitation 45  :     10.24955887 Residual Norm: 0.00003656   converged                                     
               Excitation 46  :     10.24968117 Residual Norm: 0.00003342   converged                                     
               Excitation 47  :     10.25147246 Residual Norm: 0.00007188   converged                                     
               Excitation 48  :     10.25178546 Residual Norm: 0.00000931   converged                                     
               Excitation 49  :     10.25225416 Residual Norm: 0.00002133   converged                                     
               Excitation 50  :     10.25668975 Residual Norm: 0.00006111   converged                                     
               Excitation 51  :     10.25734517 Residual Norm: 0.00003097   converged                                     
               Excitation 52  :     10.25874991 Residual Norm: 0.00003004   converged                                     
               Excitation 53  :     10.26380090 Residual Norm: 0.00000974   converged                                     
               Excitation 54  :     10.26427572 Residual Norm: 0.00002059   converged                                     
               Excitation 55  :     10.26596443 Residual Norm: 0.00008957   converged                                     
               Excitation 56  :     10.26629105 Residual Norm: 0.00004620   converged                                     
               Excitation 57  :     10.26723471 Residual Norm: 0.00004444   converged                                     
               Excitation 58  :     10.27063054 Residual Norm: 0.00002585   converged                                     
               Excitation 59  :     10.27377360 Residual Norm: 0.00001631   converged                                     
               Excitation 60  :     10.27608150 Residual Norm: 0.00003412   converged                                     
               Excitation 61  :     10.27736630 Residual Norm: 0.00005676   converged                                     
               Excitation 62  :     10.27857872 Residual Norm: 0.00002267   converged                                     
               Excitation 63  :     10.27920646 Residual Norm: 0.00003030   converged                                     
               Excitation 64  :     10.28139197 Residual Norm: 0.00002910   converged                                     
               Excitation 65  :     10.28259125 Residual Norm: 0.00004372   converged                                     
               Excitation 66  :     10.28445751 Residual Norm: 0.00010351                                                 
               Excitation 67  :     10.28570402 Residual Norm: 0.00006300   converged                                     
               Excitation 68  :     10.28618048 Residual Norm: 0.00003005   converged                                     
               Excitation 69  :     10.28695038 Residual Norm: 0.00003473   converged                                     
               Excitation 70  :     10.28821195 Residual Norm: 0.00005925   converged                                     
               Excitation 71  :     10.28927938 Residual Norm: 0.00002046   converged                                     
               Excitation 72  :     10.29114453 Residual Norm: 0.00007039   converged                                     
               Excitation 73  :     10.29163822 Residual Norm: 0.00006584   converged                                     
               Excitation 74  :     10.29237880 Residual Norm: 0.00134538                                                 
               Excitation 75  :     10.29282499 Residual Norm: 0.00002335   converged                                     
                                                                                                                          
* Info * Processing 2 Fock builds...                                                                                      
                                                                                                                          
* Info * 441 gerade trial vectors in reduced space                                                                        
* Info * 441 ungerade trial vectors in reduced space                                                                      
                                                                                                                          
* Info * 267.42 kB of memory used for subspace procedure on the master node                                               
* Info * 354.11 GB of memory available for the solver on the master node                                                  
                                                                                                                          
               *** Iteration:   9 * Residuals (Max,Min): 3.21e-04 and 5.75e-06                                            
                                                                                                                          
               Excitation 1   :     10.08496514 Residual Norm: 0.00000872   converged                                     
               Excitation 2   :     10.09397683 Residual Norm: 0.00001520   converged                                     
               Excitation 3   :     10.09500162 Residual Norm: 0.00000916   converged                                     
               Excitation 4   :     10.10190477 Residual Norm: 0.00001283   converged                                     
               Excitation 5   :     10.12388931 Residual Norm: 0.00000575   converged                                     
               Excitation 6   :     10.12594827 Residual Norm: 0.00000873   converged                                     
               Excitation 7   :     10.12646328 Residual Norm: 0.00002144   converged                                     
               Excitation 8   :     10.12912116 Residual Norm: 0.00000767   converged                                     
               Excitation 9   :     10.13145589 Residual Norm: 0.00000697   converged                                     
               Excitation 10  :     10.14747352 Residual Norm: 0.00002171   converged                                     
               Excitation 11  :     10.15449354 Residual Norm: 0.00000623   converged                                     
               Excitation 12  :     10.15887923 Residual Norm: 0.00002955   converged                                     
               Excitation 13  :     10.16701229 Residual Norm: 0.00001953   converged                                     
               Excitation 14  :     10.17289338 Residual Norm: 0.00001911   converged                                     
               Excitation 15  :     10.17412208 Residual Norm: 0.00003234   converged                                     
               Excitation 16  :     10.17643231 Residual Norm: 0.00002961   converged                                     
               Excitation 17  :     10.17962622 Residual Norm: 0.00000582   converged                                     
               Excitation 18  :     10.18558735 Residual Norm: 0.00004586   converged                                     
               Excitation 19  :     10.19132020 Residual Norm: 0.00001440   converged                                     
               Excitation 20  :     10.19798409 Residual Norm: 0.00001469   converged                                     
               Excitation 21  :     10.19963746 Residual Norm: 0.00004424   converged                                     
               Excitation 22  :     10.20905189 Residual Norm: 0.00002305   converged                                     
               Excitation 23  :     10.21042732 Residual Norm: 0.00003263   converged                                     
               Excitation 24  :     10.21119618 Residual Norm: 0.00002863   converged                                     
               Excitation 25  :     10.21206965 Residual Norm: 0.00002912   converged                                     
               Excitation 26  :     10.21220735 Residual Norm: 0.00001570   converged                                     
               Excitation 27  :     10.21363412 Residual Norm: 0.00002104   converged                                     
               Excitation 28  :     10.22038327 Residual Norm: 0.00002364   converged                                     
               Excitation 29  :     10.22186440 Residual Norm: 0.00001847   converged                                     
               Excitation 30  :     10.22799522 Residual Norm: 0.00001118   converged                                     
               Excitation 31  :     10.22806424 Residual Norm: 0.00002563   converged                                     
               Excitation 32  :     10.22957465 Residual Norm: 0.00002335   converged                                     
               Excitation 33  :     10.23056644 Residual Norm: 0.00001574   converged                                     
               Excitation 34  :     10.23494481 Residual Norm: 0.00001878   converged                                     
               Excitation 35  :     10.23562421 Residual Norm: 0.00000859   converged                                     
               Excitation 36  :     10.23744676 Residual Norm: 0.00001031   converged                                     
               Excitation 37  :     10.23919853 Residual Norm: 0.00001888   converged                                     
               Excitation 38  :     10.23968590 Residual Norm: 0.00002025   converged                                     
               Excitation 39  :     10.23972201 Residual Norm: 0.00001089   converged                                     
               Excitation 40  :     10.24163645 Residual Norm: 0.00001344   converged                                     
               Excitation 41  :     10.24187052 Residual Norm: 0.00003144   converged                                     
               Excitation 42  :     10.24669086 Residual Norm: 0.00002566   converged                                     
               Excitation 43  :     10.24770753 Residual Norm: 0.00000764   converged                                     
               Excitation 44  :     10.24919794 Residual Norm: 0.00000801   converged                                     
               Excitation 45  :     10.24955887 Residual Norm: 0.00003655   converged                                     
               Excitation 46  :     10.24968117 Residual Norm: 0.00003342   converged                                     
               Excitation 47  :     10.25147246 Residual Norm: 0.00007188   converged                                     
               Excitation 48  :     10.25178546 Residual Norm: 0.00000931   converged                                     
               Excitation 49  :     10.25225416 Residual Norm: 0.00002133   converged                                     
               Excitation 50  :     10.25668975 Residual Norm: 0.00005078   converged                                     
               Excitation 51  :     10.25734517 Residual Norm: 0.00003097   converged                                     
               Excitation 52  :     10.25874991 Residual Norm: 0.00003004   converged                                     
               Excitation 53  :     10.26380090 Residual Norm: 0.00000974   converged                                     
               Excitation 54  :     10.26427572 Residual Norm: 0.00002059   converged                                     
               Excitation 55  :     10.26596443 Residual Norm: 0.00005548   converged                                     
               Excitation 56  :     10.26629105 Residual Norm: 0.00004619   converged                                     
               Excitation 57  :     10.26723471 Residual Norm: 0.00004444   converged                                     
               Excitation 58  :     10.27063054 Residual Norm: 0.00002585   converged                                     
               Excitation 59  :     10.27377360 Residual Norm: 0.00001631   converged                                     
               Excitation 60  :     10.27608150 Residual Norm: 0.00003412   converged                                     
               Excitation 61  :     10.27736630 Residual Norm: 0.00005676   converged                                     
               Excitation 62  :     10.27857872 Residual Norm: 0.00002267   converged                                     
               Excitation 63  :     10.27920646 Residual Norm: 0.00003030   converged                                     
               Excitation 64  :     10.28139197 Residual Norm: 0.00002910   converged                                     
               Excitation 65  :     10.28259125 Residual Norm: 0.00004372   converged                                     
               Excitation 66  :     10.28445751 Residual Norm: 0.00001841   converged                                     
               Excitation 67  :     10.28570402 Residual Norm: 0.00006300   converged                                     
               Excitation 68  :     10.28618048 Residual Norm: 0.00003005   converged                                     
               Excitation 69  :     10.28695038 Residual Norm: 0.00003473   converged                                     
               Excitation 70  :     10.28821195 Residual Norm: 0.00005923   converged                                     
               Excitation 71  :     10.28927938 Residual Norm: 0.00002045   converged                                     
               Excitation 72  :     10.29114453 Residual Norm: 0.00007038   converged                                     
               Excitation 73  :     10.29163822 Residual Norm: 0.00006584   converged                                     
               Excitation 74  :     10.29237832 Residual Norm: 0.00032092                                                 
               Excitation 75  :     10.29282499 Residual Norm: 0.00002203   converged                                     
                                                                                                                          
* Info * Processing 1 Fock build...                                                                                       
                                                                                                                          
* Info * 442 gerade trial vectors in reduced space                                                                        
* Info * 442 ungerade trial vectors in reduced space                                                                      
                                                                                                                          
* Info * 267.80 kB of memory used for subspace procedure on the master node                                               
* Info * 354.38 GB of memory available for the solver on the master node                                                  
                                                                                                                          
               *** Iteration:   10 * Residuals (Max,Min): 8.47e-05 and 5.75e-06                                           
                                                                                                                          
               Excitation 1   :     10.08496514 Residual Norm: 0.00000872   converged                                     
               Excitation 2   :     10.09397683 Residual Norm: 0.00001520   converged                                     
               Excitation 3   :     10.09500162 Residual Norm: 0.00000916   converged                                     
               Excitation 4   :     10.10190477 Residual Norm: 0.00001283   converged                                     
               Excitation 5   :     10.12388931 Residual Norm: 0.00000575   converged                                     
               Excitation 6   :     10.12594827 Residual Norm: 0.00000873   converged                                     
               Excitation 7   :     10.12646328 Residual Norm: 0.00002144   converged                                     
               Excitation 8   :     10.12912116 Residual Norm: 0.00000767   converged                                     
               Excitation 9   :     10.13145589 Residual Norm: 0.00000697   converged                                     
               Excitation 10  :     10.14747352 Residual Norm: 0.00002171   converged                                     
               Excitation 11  :     10.15449354 Residual Norm: 0.00000623   converged                                     
               Excitation 12  :     10.15887923 Residual Norm: 0.00002824   converged                                     
               Excitation 13  :     10.16701229 Residual Norm: 0.00001953   converged                                     
               Excitation 14  :     10.17289338 Residual Norm: 0.00001911   converged                                     
               Excitation 15  :     10.17412208 Residual Norm: 0.00003234   converged                                     
               Excitation 16  :     10.17643231 Residual Norm: 0.00002961   converged                                     
               Excitation 17  :     10.17962622 Residual Norm: 0.00000582   converged                                     
               Excitation 18  :     10.18558735 Residual Norm: 0.00004586   converged                                     
               Excitation 19  :     10.19132020 Residual Norm: 0.00001440   converged                                     
               Excitation 20  :     10.19798409 Residual Norm: 0.00001469   converged                                     
               Excitation 21  :     10.19963746 Residual Norm: 0.00004424   converged                                     
               Excitation 22  :     10.20905189 Residual Norm: 0.00002305   converged                                     
               Excitation 23  :     10.21042732 Residual Norm: 0.00003263   converged                                     
               Excitation 24  :     10.21119618 Residual Norm: 0.00002863   converged                                     
               Excitation 25  :     10.21206965 Residual Norm: 0.00002912   converged                                     
               Excitation 26  :     10.21220735 Residual Norm: 0.00001570   converged                                     
               Excitation 27  :     10.21363412 Residual Norm: 0.00002104   converged                                     
               Excitation 28  :     10.22038327 Residual Norm: 0.00002364   converged                                     
               Excitation 29  :     10.22186440 Residual Norm: 0.00001847   converged                                     
               Excitation 30  :     10.22799522 Residual Norm: 0.00001118   converged                                     
               Excitation 31  :     10.22806424 Residual Norm: 0.00002563   converged                                     
               Excitation 32  :     10.22957465 Residual Norm: 0.00002335   converged                                     
               Excitation 33  :     10.23056644 Residual Norm: 0.00001574   converged                                     
               Excitation 34  :     10.23494481 Residual Norm: 0.00001878   converged                                     
               Excitation 35  :     10.23562421 Residual Norm: 0.00000859   converged                                     
               Excitation 36  :     10.23744676 Residual Norm: 0.00001031   converged                                     
               Excitation 37  :     10.23919853 Residual Norm: 0.00001888   converged                                     
               Excitation 38  :     10.23968590 Residual Norm: 0.00002025   converged                                     
               Excitation 39  :     10.23972201 Residual Norm: 0.00001089   converged                                     
               Excitation 40  :     10.24163645 Residual Norm: 0.00001344   converged                                     
               Excitation 41  :     10.24187052 Residual Norm: 0.00003144   converged                                     
               Excitation 42  :     10.24669086 Residual Norm: 0.00002566   converged                                     
               Excitation 43  :     10.24770753 Residual Norm: 0.00000764   converged                                     
               Excitation 44  :     10.24919794 Residual Norm: 0.00000801   converged                                     
               Excitation 45  :     10.24955887 Residual Norm: 0.00003655   converged                                     
               Excitation 46  :     10.24968117 Residual Norm: 0.00003342   converged                                     
               Excitation 47  :     10.25147246 Residual Norm: 0.00007188   converged                                     
               Excitation 48  :     10.25178546 Residual Norm: 0.00000931   converged                                     
               Excitation 49  :     10.25225416 Residual Norm: 0.00002133   converged                                     
               Excitation 50  :     10.25668975 Residual Norm: 0.00005302   converged                                     
               Excitation 51  :     10.25734517 Residual Norm: 0.00003097   converged                                     
               Excitation 52  :     10.25874991 Residual Norm: 0.00003004   converged                                     
               Excitation 53  :     10.26380090 Residual Norm: 0.00000974   converged                                     
               Excitation 54  :     10.26427572 Residual Norm: 0.00002059   converged                                     
               Excitation 55  :     10.26596443 Residual Norm: 0.00005117   converged                                     
               Excitation 56  :     10.26629105 Residual Norm: 0.00004619   converged                                     
               Excitation 57  :     10.26723471 Residual Norm: 0.00004444   converged                                     
               Excitation 58  :     10.27063054 Residual Norm: 0.00002585   converged                                     
               Excitation 59  :     10.27377360 Residual Norm: 0.00001631   converged                                     
               Excitation 60  :     10.27608150 Residual Norm: 0.00003412   converged                                     
               Excitation 61  :     10.27736630 Residual Norm: 0.00005676   converged                                     
               Excitation 62  :     10.27857872 Residual Norm: 0.00002267   converged                                     
               Excitation 63  :     10.27920646 Residual Norm: 0.00003030   converged                                     
               Excitation 64  :     10.28139197 Residual Norm: 0.00002910   converged                                     
               Excitation 65  :     10.28259125 Residual Norm: 0.00004372   converged                                     
               Excitation 66  :     10.28445751 Residual Norm: 0.00001921   converged                                     
               Excitation 67  :     10.28570402 Residual Norm: 0.00006300   converged                                     
               Excitation 68  :     10.28618048 Residual Norm: 0.00003005   converged                                     
               Excitation 69  :     10.28695038 Residual Norm: 0.00003473   converged                                     
               Excitation 70  :     10.28821195 Residual Norm: 0.00005923   converged                                     
               Excitation 71  :     10.28927938 Residual Norm: 0.00002045   converged                                     
               Excitation 72  :     10.29114453 Residual Norm: 0.00007038   converged                                     
               Excitation 73  :     10.29163822 Residual Norm: 0.00006584   converged                                     
               Excitation 74  :     10.29237830 Residual Norm: 0.00008471   converged                                     
               Excitation 75  :     10.29282499 Residual Norm: 0.00002195   converged                                     
                                                                                                                          
* Info * Checkpoint written to file: 0071_c1s_rsp.h5                                                                      
                                                                                                                          
* Info * Time spent in writing checkpoint file: 1.29 sec                                                                  
                                                                                                                          
               *** Linear response converged in 10 iterations. Time: 922.91 sec                                           
                                                                                                                          
                                                                                                                          
* Info * Response solution vectors written to file: 0071_c1s.h5                                                           
                                                                                                                          
               Electric Transition Dipole Moments (dipole length, a.u.)                                                   
               --------------------------------------------------------                                                   
                                                X            Y            Z                                               
               Excited State    S1:      0.000232    -0.012750    -0.071468                                               
               Excited State    S2:     -0.003615    -0.003467     0.065613                                               
               Excited State    S3:      0.009504     0.000071    -0.083348                                               
               Excited State    S4:     -0.014078     0.001000     0.079778                                               
               Excited State    S5:     -0.007055    -0.000122    -0.008705                                               
               Excited State    S6:      0.000960    -0.001154     0.012778                                               
               Excited State    S7:      0.011887    -0.002513     0.047245                                               
               Excited State    S8:     -0.003179    -0.002593     0.009951                                               
               Excited State    S9:      0.004804    -0.000643    -0.008267                                               
               Excited State   S10:     -0.003307     0.002770    -0.044053                                               
               Excited State   S11:      0.000086     0.001766    -0.077367                                               
               Excited State   S12:     -0.016720    -0.006033     0.083094                                               
               Excited State   S13:      0.000024    -0.004112     0.017707                                               
               Excited State   S14:      0.001263     0.023298    -0.007522                                               
               Excited State   S15:      0.025299    -0.007767     0.004598                                               
               Excited State   S16:      0.000094     0.034131     0.001972                                               
               Excited State   S17:     -0.034603    -0.021438    -0.006372                                               
               Excited State   S18:      0.005337    -0.008649    -0.043719                                               
               Excited State   S19:     -0.000444    -0.007968     0.002576                                               
               Excited State   S20:     -0.001444    -0.019866    -0.004542                                               
               Excited State   S21:     -0.000065    -0.016192    -0.008315                                               
               Excited State   S22:      0.008510    -0.010957     0.005842                                               
               Excited State   S23:      0.018923     0.014727    -0.001761                                               
               Excited State   S24:     -0.000889    -0.003046     0.016886                                               
               Excited State   S25:     -0.003290     0.010176     0.000215                                               
               Excited State   S26:     -0.000994    -0.013106     0.001815                                               
               Excited State   S27:      0.004005     0.003043    -0.004186                                               
               Excited State   S28:      0.000275     0.018437    -0.003783                                               
               Excited State   S29:      0.002073     0.002709    -0.002724                                               
               Excited State   S30:      0.008840     0.008857    -0.000552                                               
               Excited State   S31:     -0.005227     0.004319     0.015814                                               
               Excited State   S32:     -0.007830     0.001336    -0.005126                                               
               Excited State   S33:     -0.005093     0.004835     0.002613                                               
               Excited State   S34:     -0.003018     0.003649     0.004296                                               
               Excited State   S35:      0.002836     0.003930    -0.026189                                               
               Excited State   S36:     -0.001317    -0.002485    -0.022955                                               
               Excited State   S37:     -0.011829     0.012282     0.001144                                               
               Excited State   S38:      0.009665     0.004731     0.004385                                               
               Excited State   S39:     -0.001188    -0.002785     0.022204                                               
               Excited State   S40:     -0.001341     0.002106    -0.012928                                               
               Excited State   S41:     -0.001491     0.002972     0.003281                                               
               Excited State   S42:      0.000414    -0.003314    -0.007042                                               
               Excited State   S43:      0.004368     0.003867     0.003055                                               
               Excited State   S44:     -0.004059    -0.003946    -0.024130                                               
               Excited State   S45:     -0.018377     0.006507    -0.002525                                               
               Excited State   S46:     -0.005323     0.009614     0.008781                                               
               Excited State   S47:     -0.010519    -0.002084     0.003654                                               
               Excited State   S48:     -0.001419     0.008129    -0.002412                                               
               Excited State   S49:      0.007795    -0.011179     0.008795                                               
               Excited State   S50:      0.038881    -0.000544     0.011881                                               
               Excited State   S51:     -0.001035    -0.004841     0.006922                                               
               Excited State   S52:     -0.010092    -0.001047     0.004410                                               
               Excited State   S53:     -0.000568    -0.001000     0.003970                                               
               Excited State   S54:     -0.023048    -0.009250     0.002209                                               
               Excited State   S55:     -0.027078    -0.001637    -0.005505                                               
               Excited State   S56:      0.003631    -0.005762    -0.008335                                               
               Excited State   S57:      0.002546    -0.008802    -0.004028                                               
               Excited State   S58:      0.003165    -0.008020     0.002327                                               
               Excited State   S59:      0.010384    -0.011616    -0.001386                                               
               Excited State   S60:     -0.001954    -0.005741    -0.000930                                               
               Excited State   S61:      0.017549    -0.005190     0.001656                                               
               Excited State   S62:     -0.008765    -0.007351     0.009556                                               
               Excited State   S63:      0.007191     0.000969    -0.004176                                               
               Excited State   S64:      0.012833     0.005062     0.022759                                               
               Excited State   S65:      0.010324     0.002427     0.014699                                               
               Excited State   S66:      0.001704     0.000452     0.013263                                               
               Excited State   S67:     -0.003521    -0.019987     0.001614                                               
               Excited State   S68:     -0.013334    -0.006620     0.015266                                               
               Excited State   S69:     -0.007286     0.001581    -0.000373                                               
               Excited State   S70:     -0.002683    -0.000903    -0.014695                                               
               Excited State   S71:      0.015193     0.002035    -0.008066                                               
               Excited State   S72:     -0.001354     0.005192    -0.001119                                               
               Excited State   S73:     -0.001770    -0.008484     0.012930                                               
               Excited State   S74:      0.013787     0.007471     0.018314                                               
               Excited State   S75:     -0.000740     0.006729    -0.025679                                               
                                                                                                                          
               Electric Transition Dipole Moments (dipole velocity, a.u.)                                                 
               ----------------------------------------------------------                                                 
                                                X            Y            Z                                               
               Excited State    S1:      0.000239    -0.012602    -0.070489                                               
               Excited State    S2:     -0.003571    -0.003394     0.064703                                               
               Excited State    S3:      0.009363     0.000081    -0.082200                                               
               Excited State    S4:     -0.013908     0.000978     0.078642                                               
               Excited State    S5:     -0.007024    -0.000128    -0.008575                                               
               Excited State    S6:      0.000976    -0.001158     0.012619                                               
               Excited State    S7:      0.011786    -0.002475     0.046612                                               
               Excited State    S8:     -0.003148    -0.002590     0.009809                                               
               Excited State    S9:      0.004785    -0.000622    -0.008137                                               
               Excited State   S10:     -0.003268     0.002769    -0.043499                                               
               Excited State   S11:      0.000097     0.001733    -0.076353                                               
               Excited State   S12:     -0.016556    -0.005988     0.081962                                               
               Excited State   S13:      0.000031    -0.004079     0.017461                                               
               Excited State   S14:      0.001291     0.023256    -0.007590                                               
               Excited State   S15:      0.025234    -0.007711     0.004543                                               
               Excited State   S16:      0.000014     0.033991     0.001897                                               
               Excited State   S17:     -0.034467    -0.021321    -0.006225                                               
               Excited State   S18:      0.005316    -0.008572    -0.043155                                               
               Excited State   S19:     -0.000467    -0.007935     0.002479                                               
               Excited State   S20:     -0.001530    -0.019768    -0.004575                                               
               Excited State   S21:     -0.000001    -0.016041    -0.008287                                               
               Excited State   S22:      0.008522    -0.010826     0.005916                                               
               Excited State   S23:      0.018820     0.014592    -0.001586                                               
               Excited State   S24:     -0.000842    -0.002975     0.016681                                               
               Excited State   S25:     -0.003223     0.010075     0.000240                                               
               Excited State   S26:     -0.000919    -0.013129     0.001974                                               
               Excited State   S27:      0.003788     0.002928    -0.004132                                               
               Excited State   S28:      0.000194     0.018426    -0.003697                                               
               Excited State   S29:      0.002075     0.002802    -0.002580                                               
               Excited State   S30:      0.008689     0.008791    -0.000490                                               
               Excited State   S31:     -0.005223     0.004271     0.015585                                               
               Excited State   S32:     -0.007871     0.001323    -0.005118                                               
               Excited State   S33:     -0.005062     0.004824     0.002565                                               
               Excited State   S34:     -0.002881     0.003618     0.004285                                               
               Excited State   S35:      0.002906     0.003692    -0.026149                                               
               Excited State   S36:     -0.001218    -0.002491    -0.022854                                               
               Excited State   S37:     -0.011856     0.012185     0.001108                                               
               Excited State   S38:      0.009560     0.004653     0.004340                                               
               Excited State   S39:     -0.001018    -0.002929     0.022026                                               
               Excited State   S40:     -0.001513     0.002170    -0.012917                                               
               Excited State   S41:     -0.001550     0.002895     0.003436                                               
               Excited State   S42:      0.000522    -0.003304    -0.007123                                               
               Excited State   S43:      0.004552     0.003943     0.003120                                               
               Excited State   S44:     -0.003765    -0.003866    -0.023987                                               
               Excited State   S45:     -0.018152     0.006374    -0.002537                                               
               Excited State   S46:     -0.005351     0.009512     0.008718                                               
               Excited State   S47:     -0.010480    -0.001906     0.003620                                               
               Excited State   S48:     -0.001414     0.007940    -0.002468                                               
               Excited State   S49:      0.007723    -0.011177     0.008777                                               
               Excited State   S50:      0.038571    -0.000504     0.011891                                               
               Excited State   S51:     -0.000831    -0.004883     0.006932                                               
               Excited State   S52:     -0.010133    -0.000966     0.004242                                               
               Excited State   S53:     -0.000705    -0.000937     0.003930                                               
               Excited State   S54:     -0.022923    -0.009069     0.002308                                               
               Excited State   S55:     -0.026859    -0.001644    -0.005608                                               
               Excited State   S56:      0.003624    -0.005662    -0.008592                                               
               Excited State   S57:      0.002610    -0.008482    -0.004029                                               
               Excited State   S58:      0.003392    -0.007853     0.002173                                               
               Excited State   S59:      0.010221    -0.011241    -0.001380                                               
               Excited State   S60:     -0.001790    -0.005701    -0.001010                                               
               Excited State   S61:      0.017530    -0.004992     0.001592                                               
               Excited State   S62:     -0.008684    -0.007215     0.009462                                               
               Excited State   S63:      0.007382     0.000923    -0.004051                                               
               Excited State   S64:      0.012546     0.004948     0.022525                                               
               Excited State   S65:      0.010157     0.002453     0.014435                                               
               Excited State   S66:      0.001719     0.000428     0.013067                                               
               Excited State   S67:     -0.003548    -0.019791     0.001558                                               
               Excited State   S68:     -0.013032    -0.006388     0.015085                                               
               Excited State   S69:     -0.007150     0.001576    -0.000431                                               
               Excited State   S70:     -0.002800    -0.000885    -0.014662                                               
               Excited State   S71:      0.014847     0.002115    -0.007904                                               
               Excited State   S72:     -0.001325     0.005247    -0.001128                                               
               Excited State   S73:     -0.001780    -0.008182     0.012635                                               
               Excited State   S74:      0.013661     0.007440     0.018151                                               
               Excited State   S75:     -0.000659     0.006586    -0.025178                                               
                                                                                                                          
               Magnetic Transition Dipole Moments (a.u.)                                                                  
               -----------------------------------------                                                                  
                                                X            Y            Z                                               
               Excited State    S1:     -1.010598     0.534368    -0.102991                                               
               Excited State    S2:     -0.957781    -0.470574    -0.087382                                               
               Excited State    S3:      0.682347     1.598486     0.075916                                               
               Excited State    S4:      0.451450    -1.473945     0.100204                                               
               Excited State    S5:     -0.064908    -0.019373     0.079128                                               
               Excited State    S6:      0.095560    -0.175771    -0.028437                                               
               Excited State    S7:      0.356571     0.128173    -0.078461                                               
               Excited State    S8:     -0.071344    -0.204437    -0.074338                                               
               Excited State    S9:      0.095798     0.074375     0.060879                                               
               Excited State   S10:     -0.330173    -0.099490     0.015113                                               
               Excited State   S11:      0.485160    -0.115061     0.003262                                               
               Excited State   S12:     -0.023616     1.693918     0.122077                                               
               Excited State   S13:     -0.114917     0.032863     0.009012                                               
               Excited State   S14:     -0.083496     0.060753     0.144087                                               
               Excited State   S15:     -0.022007    -0.057993     0.003913                                               
               Excited State   S16:      0.000126    -0.017833     0.334317                                               
               Excited State   S17:     -0.034859     0.119439    -0.191999                                               
               Excited State   S18:     -0.332437    -0.111986    -0.012854                                               
               Excited State   S19:      0.058544    -0.067407    -0.041617                                               
               Excited State   S20:     -0.085254     0.044626    -0.138219                                               
               Excited State   S21:      0.099769     0.075126    -0.140909                                               
               Excited State   S22:     -0.025949    -0.113778    -0.113605                                               
               Excited State   S23:     -0.017142     0.029536     0.176152                                               
               Excited State   S24:     -0.232299    -0.149383    -0.043596                                               
               Excited State   S25:      0.007573     0.006678     0.047657                                               
               Excited State   S26:      0.016828    -0.013556    -0.107749                                               
               Excited State   S27:      0.028362     0.088516     0.088678                                               
               Excited State   S28:      0.068838     0.030985     0.167534                                               
               Excited State   S29:     -0.015838     0.047606     0.031127                                               
               Excited State   S30:     -0.050147    -0.036732    -0.052697                                               
               Excited State   S31:     -0.101405    -0.322793     0.080513                                               
               Excited State   S32:     -0.059009     0.091112     0.061215                                               
               Excited State   S33:     -0.010444     0.006184    -0.042461                                               
               Excited State   S34:      0.064130    -0.027402     0.074664                                               
               Excited State   S35:      0.377707     0.215099     0.072142                                               
               Excited State   S36:     -0.329973     0.174610    -0.004680                                               
               Excited State   S37:      0.013536     0.010218     0.075282                                               
               Excited State   S38:     -0.026160     0.030977     0.035722                                               
               Excited State   S39:     -0.186889    -0.431653    -0.069722                                               
               Excited State   S40:     -0.065145     0.240917     0.050231                                               
               Excited State   S41:     -0.035190    -0.042675     0.002733                                               
               Excited State   S42:      0.080061     0.146750    -0.070730                                               
               Excited State   S43:      0.055860    -0.025162    -0.035970                                               
               Excited State   S44:     -0.151811     0.448361    -0.051545                                               
               Excited State   S45:     -0.011121     0.001825     0.125947                                               
               Excited State   S46:     -0.057185    -0.187282     0.133265                                               
               Excited State   S47:      0.015792    -0.070657     0.020790                                               
               Excited State   S48:      0.037263     0.030146     0.036985                                               
               Excited State   S49:      0.061046     0.014739    -0.029225                                               
               Excited State   S50:     -0.002664     0.284747     0.021557                                               
               Excited State   S51:     -0.096668    -0.074250    -0.045901                                               
               Excited State   S52:     -0.027462    -0.107581    -0.101356                                               
               Excited State   S53:      0.022074    -0.075047    -0.020265                                               
               Excited State   S54:     -0.010556     0.003935    -0.124505                                               
               Excited State   S55:      0.003294    -0.141491     0.031688                                               
               Excited State   S56:     -0.074165    -0.025203    -0.002018                                               
               Excited State   S57:     -0.045465     0.006583    -0.087783                                               
               Excited State   S58:      0.021491    -0.021619    -0.128379                                               
               Excited State   S59:     -0.018170    -0.011452    -0.055147                                               
               Excited State   S60:      0.006007    -0.002594    -0.008106                                               
               Excited State   S61:      0.005191    -0.005628    -0.127036                                               
               Excited State   S62:      0.130925    -0.058553     0.074100                                               
               Excited State   S63:      0.057680     0.022467     0.112190                                               
               Excited State   S64:      0.169192    -0.428409     0.001972                                               
               Excited State   S65:     -0.052271    -0.278198     0.089964                                               
               Excited State   S66:     -0.003495     0.283754    -0.008640                                               
               Excited State   S67:     -0.034256    -0.014987    -0.230155                                               
               Excited State   S68:      0.101484    -0.291423    -0.031064                                               
               Excited State   S69:      0.001755     0.001115    -0.050117                                               
               Excited State   S70:      0.092240    -0.027355    -0.017286                                               
               Excited State   S71:      0.031979     0.192620     0.158117                                               
               Excited State   S72:     -0.019948     0.019069     0.075028                                               
               Excited State   S73:     -0.177500    -0.127199    -0.091905                                               
               Excited State   S74:     -0.012584     0.407115    -0.155968                                               
               Excited State   S75:     -0.342467     0.192658     0.060506                                               
                                                                                                                          
               One-Photon Absorption                                                                                      
               ---------------------                                                                                      
               Excited State    S1:     10.08496514 a.u.    274.42588 eV    Osc.Str.    0.0354                            
               Excited State    S2:     10.09397683 a.u.    274.67110 eV    Osc.Str.    0.0291                            
               Excited State    S3:     10.09500162 a.u.    274.69899 eV    Osc.Str.    0.0474                            
               Excited State    S4:     10.10190477 a.u.    274.88683 eV    Osc.Str.    0.0442                            
               Excited State    S5:     10.12388931 a.u.    275.48506 eV    Osc.Str.    0.0008                            
               Excited State    S6:     10.12594827 a.u.    275.54109 eV    Osc.Str.    0.0011                            
               Excited State    S7:     10.12646328 a.u.    275.55510 eV    Osc.Str.    0.0161                            
               Excited State    S8:     10.12912116 a.u.    275.62743 eV    Osc.Str.    0.0008                            
               Excited State    S9:     10.13145589 a.u.    275.69096 eV    Osc.Str.    0.0006                            
               Excited State   S10:     10.14747352 a.u.    276.12682 eV    Osc.Str.    0.0133                            
               Excited State   S11:     10.15449354 a.u.    276.31785 eV    Osc.Str.    0.0405                            
               Excited State   S12:     10.15887923 a.u.    276.43719 eV    Osc.Str.    0.0489                            
               Excited State   S13:     10.16701229 a.u.    276.65850 eV    Osc.Str.    0.0022                            
               Excited State   S14:     10.17289338 a.u.    276.81853 eV    Osc.Str.    0.0041                            
               Excited State   S15:     10.17412208 a.u.    276.85197 eV    Osc.Str.    0.0049                            
               Excited State   S16:     10.17643231 a.u.    276.91483 eV    Osc.Str.    0.0079                            
               Excited State   S17:     10.17962622 a.u.    277.00174 eV    Osc.Str.    0.0115                            
               Excited State   S18:     10.18558735 a.u.    277.16395 eV    Osc.Str.    0.0137                            
               Excited State   S19:     10.19132020 a.u.    277.31995 eV    Osc.Str.    0.0005                            
               Excited State   S20:     10.19798409 a.u.    277.50128 eV    Osc.Str.    0.0028                            
               Excited State   S21:     10.19963746 a.u.    277.54627 eV    Osc.Str.    0.0023                            
               Excited State   S22:     10.20905189 a.u.    277.80245 eV    Osc.Str.    0.0015                            
               Excited State   S23:     10.21042732 a.u.    277.83988 eV    Osc.Str.    0.0039                            
               Excited State   S24:     10.21119618 a.u.    277.86080 eV    Osc.Str.    0.0020                            
               Excited State   S25:     10.21206965 a.u.    277.88457 eV    Osc.Str.    0.0008                            
               Excited State   S26:     10.21220735 a.u.    277.88832 eV    Osc.Str.    0.0012                            
               Excited State   S27:     10.21363412 a.u.    277.92714 eV    Osc.Str.    0.0003                            
               Excited State   S28:     10.22038327 a.u.    278.11080 eV    Osc.Str.    0.0024                            
               Excited State   S29:     10.22186440 a.u.    278.15110 eV    Osc.Str.    0.0001                            
               Excited State   S30:     10.22799522 a.u.    278.31793 eV    Osc.Str.    0.0011                            
               Excited State   S31:     10.22806424 a.u.    278.31981 eV    Osc.Str.    0.0020                            
               Excited State   S32:     10.22957465 a.u.    278.36091 eV    Osc.Str.    0.0006                            
               Excited State   S33:     10.23056644 a.u.    278.38789 eV    Osc.Str.    0.0004                            
               Excited State   S34:     10.23494481 a.u.    278.50704 eV    Osc.Str.    0.0003                            
               Excited State   S35:     10.23562421 a.u.    278.52552 eV    Osc.Str.    0.0048                            
               Excited State   S36:     10.23744676 a.u.    278.57512 eV    Osc.Str.    0.0037                            
               Excited State   S37:     10.23919853 a.u.    278.62279 eV    Osc.Str.    0.0020                            
               Excited State   S38:     10.23968590 a.u.    278.63605 eV    Osc.Str.    0.0009                            
               Excited State   S39:     10.23972201 a.u.    278.63703 eV    Osc.Str.    0.0034                            
               Excited State   S40:     10.24163645 a.u.    278.68913 eV    Osc.Str.    0.0012                            
               Excited State   S41:     10.24187052 a.u.    278.69549 eV    Osc.Str.    0.0001                            
               Excited State   S42:     10.24669086 a.u.    278.82666 eV    Osc.Str.    0.0004                            
               Excited State   S43:     10.24770753 a.u.    278.85433 eV    Osc.Str.    0.0003                            
               Excited State   S44:     10.24919794 a.u.    278.89488 eV    Osc.Str.    0.0042                            
               Excited State   S45:     10.24955887 a.u.    278.90471 eV    Osc.Str.    0.0026                            
               Excited State   S46:     10.24968117 a.u.    278.90803 eV    Osc.Str.    0.0014                            
               Excited State   S47:     10.25147246 a.u.    278.95678 eV    Osc.Str.    0.0009                            
               Excited State   S48:     10.25178546 a.u.    278.96529 eV    Osc.Str.    0.0005                            
               Excited State   S49:     10.25225416 a.u.    278.97805 eV    Osc.Str.    0.0018                            
               Excited State   S50:     10.25668975 a.u.    279.09875 eV    Osc.Str.    0.0113                            
               Excited State   S51:     10.25734517 a.u.    279.11658 eV    Osc.Str.    0.0005                            
               Excited State   S52:     10.25874991 a.u.    279.15481 eV    Osc.Str.    0.0008                            
               Excited State   S53:     10.26380090 a.u.    279.29225 eV    Osc.Str.    0.0001                            
               Excited State   S54:     10.26427572 a.u.    279.30517 eV    Osc.Str.    0.0043                            
               Excited State   S55:     10.26596443 a.u.    279.35112 eV    Osc.Str.    0.0052                            
               Excited State   S56:     10.26629105 a.u.    279.36001 eV    Osc.Str.    0.0008                            
               Excited State   S57:     10.26723471 a.u.    279.38569 eV    Osc.Str.    0.0007                            
               Excited State   S58:     10.27063054 a.u.    279.47809 eV    Osc.Str.    0.0005                            
               Excited State   S59:     10.27377360 a.u.    279.56362 eV    Osc.Str.    0.0017                            
               Excited State   S60:     10.27608150 a.u.    279.62642 eV    Osc.Str.    0.0003                            
               Excited State   S61:     10.27736630 a.u.    279.66138 eV    Osc.Str.    0.0023                            
               Excited State   S62:     10.27857872 a.u.    279.69438 eV    Osc.Str.    0.0015                            
               Excited State   S63:     10.27920646 a.u.    279.71146 eV    Osc.Str.    0.0005                            
               Excited State   S64:     10.28139197 a.u.    279.77093 eV    Osc.Str.    0.0049                            
               Excited State   S65:     10.28259125 a.u.    279.80356 eV    Osc.Str.    0.0023                            
               Excited State   S66:     10.28445751 a.u.    279.85435 eV    Osc.Str.    0.0012                            
               Excited State   S67:     10.28570402 a.u.    279.88826 eV    Osc.Str.    0.0028                            
               Excited State   S68:     10.28618048 a.u.    279.90123 eV    Osc.Str.    0.0031                            
               Excited State   S69:     10.28695038 a.u.    279.92218 eV    Osc.Str.    0.0004                            
               Excited State   S70:     10.28821195 a.u.    279.95651 eV    Osc.Str.    0.0015                            
               Excited State   S71:     10.28927938 a.u.    279.98556 eV    Osc.Str.    0.0021                            
               Excited State   S72:     10.29114453 a.u.    280.03631 eV    Osc.Str.    0.0002                            
               Excited State   S73:     10.29163822 a.u.    280.04974 eV    Osc.Str.    0.0017                            
               Excited State   S74:     10.29237830 a.u.    280.06988 eV    Osc.Str.    0.0040                            
               Excited State   S75:     10.29282499 a.u.    280.08204 eV    Osc.Str.    0.0048                            
                                                                                                                          
               Electronic Circular Dichroism                                                                              
               -----------------------------                                                                              
               Excited State    S1:     Rot.Str.      0.000284 a.u.     0.1339 [10**(-40) cgs]                            
               Excited State    S2:     Rot.Str.     -0.000636 a.u.    -0.3001 [10**(-40) cgs]                            
               Excited State    S3:     Rot.Str.      0.000277 a.u.     0.1308 [10**(-40) cgs]                            
               Excited State    S4:     Rot.Str.      0.000159 a.u.     0.0752 [10**(-40) cgs]                            
               Excited State    S5:     Rot.Str.     -0.000220 a.u.    -0.1038 [10**(-40) cgs]                            
               Excited State    S6:     Rot.Str.     -0.000062 a.u.    -0.0292 [10**(-40) cgs]                            
               Excited State    S7:     Rot.Str.      0.000228 a.u.     0.1075 [10**(-40) cgs]                            
               Excited State    S8:     Rot.Str.      0.000025 a.u.     0.0118 [10**(-40) cgs]                            
               Excited State    S9:     Rot.Str.     -0.000083 a.u.    -0.0392 [10**(-40) cgs]                            
               Excited State   S10:     Rot.Str.      0.000146 a.u.     0.0689 [10**(-40) cgs]                            
               Excited State   S11:     Rot.Str.     -0.000401 a.u.    -0.1893 [10**(-40) cgs]                            
               Excited State   S12:     Rot.Str.      0.000253 a.u.     0.1193 [10**(-40) cgs]                            
               Excited State   S13:     Rot.Str.      0.000020 a.u.     0.0093 [10**(-40) cgs]                            
               Excited State   S14:     Rot.Str.      0.000211 a.u.     0.0997 [10**(-40) cgs]                            
               Excited State   S15:     Rot.Str.     -0.000090 a.u.    -0.0426 [10**(-40) cgs]                            
               Excited State   S16:     Rot.Str.      0.000028 a.u.     0.0132 [10**(-40) cgs]                            
               Excited State   S17:     Rot.Str.     -0.000150 a.u.    -0.0707 [10**(-40) cgs]                            
               Excited State   S18:     Rot.Str.     -0.000253 a.u.    -0.1191 [10**(-40) cgs]                            
               Excited State   S19:     Rot.Str.      0.000404 a.u.     0.1906 [10**(-40) cgs]                            
               Excited State   S20:     Rot.Str.     -0.000119 a.u.    -0.0563 [10**(-40) cgs]                            
               Excited State   S21:     Rot.Str.     -0.000037 a.u.    -0.0177 [10**(-40) cgs]                            
               Excited State   S22:     Rot.Str.      0.000339 a.u.     0.1596 [10**(-40) cgs]                            
               Excited State   S23:     Rot.Str.     -0.000171 a.u.    -0.0806 [10**(-40) cgs]                            
               Excited State   S24:     Rot.Str.     -0.000087 a.u.    -0.0411 [10**(-40) cgs]                            
               Excited State   S25:     Rot.Str.      0.000054 a.u.     0.0256 [10**(-40) cgs]                            
               Excited State   S26:     Rot.Str.     -0.000050 a.u.    -0.0237 [10**(-40) cgs]                            
               Excited State   S27:     Rot.Str.      0.000000 a.u.     0.0001 [10**(-40) cgs]                            
               Excited State   S28:     Rot.Str.     -0.000035 a.u.    -0.0166 [10**(-40) cgs]                            
               Excited State   S29:     Rot.Str.      0.000020 a.u.     0.0095 [10**(-40) cgs]                            
               Excited State   S30:     Rot.Str.     -0.000733 a.u.    -0.3455 [10**(-40) cgs]                            
               Excited State   S31:     Rot.Str.      0.000406 a.u.     0.1912 [10**(-40) cgs]                            
               Excited State   S32:     Rot.Str.      0.000272 a.u.     0.1281 [10**(-40) cgs]                            
               Excited State   S33:     Rot.Str.     -0.000026 a.u.    -0.0124 [10**(-40) cgs]                            
               Excited State   S34:     Rot.Str.      0.000036 a.u.     0.0170 [10**(-40) cgs]                            
               Excited State   S35:     Rot.Str.      0.000005 a.u.     0.0025 [10**(-40) cgs]                            
               Excited State   S36:     Rot.Str.      0.000074 a.u.     0.0348 [10**(-40) cgs]                            
               Excited State   S37:     Rot.Str.      0.000047 a.u.     0.0224 [10**(-40) cgs]                            
               Excited State   S38:     Rot.Str.      0.000049 a.u.     0.0231 [10**(-40) cgs]                            
               Excited State   S39:     Rot.Str.     -0.000081 a.u.    -0.0383 [10**(-40) cgs]                            
               Excited State   S40:     Rot.Str.     -0.000027 a.u.    -0.0130 [10**(-40) cgs]                            
               Excited State   S41:     Rot.Str.     -0.000060 a.u.    -0.0281 [10**(-40) cgs]                            
               Excited State   S42:     Rot.Str.      0.000061 a.u.     0.0286 [10**(-40) cgs]                            
               Excited State   S43:     Rot.Str.      0.000043 a.u.     0.0202 [10**(-40) cgs]                            
               Excited State   S44:     Rot.Str.      0.000075 a.u.     0.0352 [10**(-40) cgs]                            
               Excited State   S45:     Rot.Str.     -0.000106 a.u.    -0.0500 [10**(-40) cgs]                            
               Excited State   S46:     Rot.Str.     -0.000314 a.u.    -0.1479 [10**(-40) cgs]                            
               Excited State   S47:     Rot.Str.      0.000044 a.u.     0.0210 [10**(-40) cgs]                            
               Excited State   S48:     Rot.Str.      0.000095 a.u.     0.0450 [10**(-40) cgs]                            
               Excited State   S49:     Rot.Str.      0.000050 a.u.     0.0237 [10**(-40) cgs]                            
               Excited State   S50:     Rot.Str.      0.000010 a.u.     0.0048 [10**(-40) cgs]                            
               Excited State   S51:     Rot.Str.      0.000125 a.u.     0.0588 [10**(-40) cgs]                            
               Excited State   S52:     Rot.Str.     -0.000048 a.u.    -0.0225 [10**(-40) cgs]                            
               Excited State   S53:     Rot.Str.     -0.000025 a.u.    -0.0117 [10**(-40) cgs]                            
               Excited State   S54:     Rot.Str.     -0.000081 a.u.    -0.0382 [10**(-40) cgs]                            
               Excited State   S55:     Rot.Str.     -0.000034 a.u.    -0.0158 [10**(-40) cgs]                            
               Excited State   S56:     Rot.Str.     -0.000109 a.u.    -0.0513 [10**(-40) cgs]                            
               Excited State   S57:     Rot.Str.      0.000179 a.u.     0.0845 [10**(-40) cgs]                            
               Excited State   S58:     Rot.Str.     -0.000036 a.u.    -0.0171 [10**(-40) cgs]                            
               Excited State   S59:     Rot.Str.      0.000019 a.u.     0.0090 [10**(-40) cgs]                            
               Excited State   S60:     Rot.Str.      0.000012 a.u.     0.0058 [10**(-40) cgs]                            
               Excited State   S61:     Rot.Str.     -0.000083 a.u.    -0.0392 [10**(-40) cgs]                            
               Excited State   S62:     Rot.Str.     -0.000013 a.u.    -0.0063 [10**(-40) cgs]                            
               Excited State   S63:     Rot.Str.     -0.000008 a.u.    -0.0037 [10**(-40) cgs]                            
               Excited State   S64:     Rot.Str.      0.000047 a.u.     0.0222 [10**(-40) cgs]                            
               Excited State   S65:     Rot.Str.      0.000085 a.u.     0.0402 [10**(-40) cgs]                            
               Excited State   S66:     Rot.Str.      0.000002 a.u.     0.0011 [10**(-40) cgs]                            
               Excited State   S67:     Rot.Str.      0.000060 a.u.     0.0281 [10**(-40) cgs]                            
               Excited State   S68:     Rot.Str.      0.000070 a.u.     0.0332 [10**(-40) cgs]                            
               Excited State   S69:     Rot.Str.      0.000011 a.u.     0.0051 [10**(-40) cgs]                            
               Excited State   S70:     Rot.Str.      0.000019 a.u.     0.0091 [10**(-40) cgs]                            
               Excited State   S71:     Rot.Str.     -0.000368 a.u.    -0.1733 [10**(-40) cgs]                            
               Excited State   S72:     Rot.Str.      0.000042 a.u.     0.0197 [10**(-40) cgs]                            
               Excited State   S73:     Rot.Str.      0.000195 a.u.     0.0922 [10**(-40) cgs]                            
               Excited State   S74:     Rot.Str.      0.000026 a.u.     0.0124 [10**(-40) cgs]                            
               Excited State   S75:     Rot.Str.     -0.000029 a.u.    -0.0136 [10**(-40) cgs]                            
                                                                                                                          
               Character of excitations:                                                                                  
                                                                                                                          
               Excited state 1                                                                                            
               ---------------                                                                                            
               core_9   -> LUMO         0.8397                                                                            
               core_9   -> LUMO+1      -0.3761                                                                            
                                                                                                                          
               Excited state 2                                                                                            
               ---------------                                                                                            
               core_8   -> LUMO        -0.7327                                                                            
               core_7   -> LUMO        -0.4515                                                                            
               core_8   -> LUMO+5      -0.2919                                                                            
                                                                                                                          
               Excited state 3                                                                                            
               ---------------                                                                                            
               core_7   -> LUMO        -0.5691                                                                            
               core_7   -> LUMO+1      -0.4580                                                                            
               core_8   -> LUMO         0.3943                                                                            
               core_7   -> LUMO+5      -0.2934                                                                            
               core_8   -> LUMO+1       0.2222                                                                            
                                                                                                                          
               Excited state 4                                                                                            
               ---------------                                                                                            
               core_6   -> LUMO+1      -0.8397                                                                            
               core_6   -> LUMO+2      -0.3405                                                                            
               core_6   -> LUMO         0.2998                                                                            
                                                                                                                          
               Excited state 5                                                                                            
               ---------------                                                                                            
               core_9   -> LUMO+1       0.8259                                                                            
               core_9   -> LUMO         0.3780                                                                            
               core_9   -> LUMO+2       0.2845                                                                            
                                                                                                                          
               Excited state 6                                                                                            
               ---------------                                                                                            
               core_6   -> LUMO        -0.8829                                                                            
               core_6   -> LUMO+5      -0.2878                                                                            
               core_6   -> LUMO+1      -0.2460                                                                            
                                                                                                                          
               Excited state 7                                                                                            
               ---------------                                                                                            
               core_5   -> LUMO        -0.9387                                                                            
                                                                                                                          
               Excited state 8                                                                                            
               ---------------                                                                                            
               core_7   -> LUMO+1       0.6251                                                                            
               core_7   -> LUMO        -0.5216                                                                            
               core_8   -> LUMO+1      -0.4058                                                                            
               core_8   -> LUMO         0.2439                                                                            
               core_7   -> LUMO+2       0.2192                                                                            
                                                                                                                          
               Excited state 9                                                                                            
               ---------------                                                                                            
               core_8   -> LUMO+1      -0.7872                                                                            
               core_7   -> LUMO+1      -0.4775                                                                            
               core_8   -> LUMO+2      -0.2599                                                                            
                                                                                                                          
               Excited state 10                                                                                           
               ----------------                                                                                           
               core_5   -> LUMO+1       0.9085                                                                            
               core_5   -> LUMO+2       0.3002                                                                            
                                                                                                                          
               Excited state 11                                                                                           
               ----------------                                                                                           
               core_4   -> LUMO+1      -0.8272                                                                            
               core_4   -> LUMO         0.3562                                                                            
               core_4   -> LUMO+2      -0.2546                                                                            
               core_4   -> LUMO+5       0.2010                                                                            
                                                                                                                          
               Excited state 12                                                                                           
               ----------------                                                                                           
               core_3   -> LUMO         0.8122                                                                            
               core_3   -> LUMO+5      -0.3828                                                                            
               core_3   -> LUMO+6      -0.2722                                                                            
                                                                                                                          
               Excited state 13                                                                                           
               ----------------                                                                                           
               core_4   -> LUMO         0.9151                                                                            
               core_4   -> LUMO+1       0.3692                                                                            
                                                                                                                          
               Excited state 14                                                                                           
               ----------------                                                                                           
               core_9   -> LUMO+2      -0.6310                                                                            
               core_9   -> LUMO+4       0.6103                                                                            
               core_9   -> LUMO+3       0.2923                                                                            
               core_9   -> LUMO+1       0.2081                                                                            
                                                                                                                          
               Excited state 15                                                                                           
               ----------------                                                                                           
               core_7   -> LUMO+2      -0.5869                                                                            
               core_7   -> LUMO+3       0.4528                                                                            
               core_8   -> LUMO+2       0.4125                                                                            
               core_8   -> LUMO+3      -0.2702                                                                            
               core_7   -> LUMO+4      -0.2002                                                                            
                                                                                                                          
               Excited state 16                                                                                           
               ----------------                                                                                           
               core_8   -> LUMO+2       0.6186                                                                            
               core_7   -> LUMO+2       0.4238                                                                            
               core_8   -> LUMO+4       0.4033                                                                            
               core_7   -> LUMO+4       0.2428                                                                            
                                                                                                                          
               Excited state 17                                                                                           
               ----------------                                                                                           
               core_6   -> LUMO+2       0.6452                                                                            
               core_6   -> LUMO+3      -0.5401                                                                            
               core_6   -> LUMO+4      -0.3071                                                                            
               core_6   -> LUMO+5      -0.2167                                                                            
                                                                                                                          
               Excited state 18                                                                                           
               ----------------                                                                                           
               core_5   -> LUMO+5       0.7371                                                                            
               core_5   -> LUMO+6       0.4795                                                                            
               core_5   -> LUMO+8      -0.2266                                                                            
                                                                                                                          
               Excited state 19                                                                                           
               ----------------                                                                                           
               core_9   -> LUMO+5      -0.8235                                                                            
               core_9   -> LUMO+6      -0.3511                                                                            
               core_9   -> LUMO         0.2402                                                                            
                                                                                                                          
               Excited state 20                                                                                           
               ----------------                                                                                           
               core_9   -> LUMO+7      -0.5404                                                                            
               core_9   -> LUMO+3      -0.4198                                                                            
               core_9   -> LUMO+6       0.3560                                                                            
               core_9   -> LUMO+2      -0.3220                                                                            
               core_9   -> LUMO+8      -0.3070                                                                            
                                                                                                                          
               Excited state 21                                                                                           
               ----------------                                                                                           
               core_8   -> LUMO+5       0.6089                                                                            
               core_7   -> LUMO+5       0.2937                                                                            
               core_8   -> LUMO+2       0.2915                                                                            
               core_8   -> LUMO+8       0.2657                                                                            
               core_8   -> LUMO+4      -0.2615                                                                            
               core_8   -> LUMO+3       0.2502                                                                            
               core_8   -> LUMO        -0.2265                                                                            
                                                                                                                          
               Excited state 22                                                                                           
               ----------------                                                                                           
               core_7   -> LUMO+5       0.5731                                                                            
               core_7   -> LUMO+2       0.3557                                                                            
               core_8   -> LUMO+5      -0.2649                                                                            
               core_7   -> LUMO+1      -0.2497                                                                            
               core_7   -> LUMO+3       0.2273                                                                            
               core_7   -> LUMO+8       0.2015                                                                            
                                                                                                                          
               Excited state 23                                                                                           
               ----------------                                                                                           
               core_6   -> LUMO+5       0.6147                                                                            
               core_6   -> LUMO+2       0.4114                                                                            
               core_6   -> LUMO+1      -0.3243                                                                            
               core_6   -> LUMO+7       0.3069                                                                            
               core_6   -> LUMO+11     -0.2592                                                                            
               core_6   -> LUMO+6      -0.2443                                                                            
                                                                                                                          
               Excited state 24                                                                                           
               ----------------                                                                                           
               core_8   -> LUMO+3       0.4473                                                                            
               core_8   -> LUMO+6      -0.4321                                                                            
               core_8   -> LUMO+5      -0.3668                                                                            
               core_8   -> LUMO         0.3127                                                                            
               core_8   -> LUMO+8       0.2972                                                                            
               core_7   -> LUMO+3       0.2308                                                                            
               core_7   -> LUMO+6      -0.2198                                                                            
                                                                                                                          
               Excited state 25                                                                                           
               ----------------                                                                                           
               core_5   -> LUMO+2      -0.6942                                                                            
               core_5   -> LUMO+4       0.3312                                                                            
               core_5   -> LUMO+7      -0.2888                                                                            
               core_5   -> LUMO+6       0.2786                                                                            
               core_5   -> LUMO+5      -0.2471                                                                            
                                                                                                                          
               Excited state 26                                                                                           
               ----------------                                                                                           
               core_9   -> LUMO+3       0.4762                                                                            
               core_9   -> LUMO+4      -0.4334                                                                            
               core_9   -> LUMO+8      -0.3727                                                                            
               core_9   -> LUMO+2      -0.3551                                                                            
               core_9   -> LUMO+6      -0.3340                                                                            
               core_9   -> LUMO+5       0.2249                                                                            
                                                                                                                          
               Excited state 27                                                                                           
               ----------------                                                                                           
               core_7   -> LUMO+4      -0.6594                                                                            
               core_7   -> LUMO+8       0.3565                                                                            
               core_8   -> LUMO+4       0.3531                                                                            
               core_7   -> LUMO+6       0.2640                                                                            
               core_7   -> LUMO+3      -0.2275                                                                            
                                                                                                                          
               Excited state 28                                                                                           
               ----------------                                                                                           
               core_8   -> LUMO+3       0.5073                                                                            
               core_8   -> LUMO+4       0.4155                                                                            
               core_8   -> LUMO+7      -0.3595                                                                            
               core_7   -> LUMO+3       0.2693                                                                            
               core_8   -> LUMO+5       0.2401                                                                            
               core_7   -> LUMO+4       0.2367                                                                            
               core_8   -> LUMO+2      -0.2083                                                                            
                                                                                                                          
               Excited state 29                                                                                           
               ----------------                                                                                           
               core_6   -> LUMO+4       0.8531                                                                            
               core_6   -> LUMO+6       0.2689                                                                            
               core_6   -> LUMO+7       0.2473                                                                            
               core_6   -> LUMO+3      -0.2200                                                                            
                                                                                                                          
               Excited state 30                                                                                           
               ----------------                                                                                           
               core_9   -> LUMO+8       0.5054                                                                            
               core_9   -> LUMO+4      -0.4433                                                                            
               core_9   -> LUMO+2      -0.4160                                                                            
               core_9   -> LUMO+3      -0.3296                                                                            
                                                                                                                          
               Excited state 31                                                                                           
               ----------------                                                                                           
               core_7   -> LUMO+6       0.4731                                                                            
               core_7   -> LUMO+5       0.4468                                                                            
               core_7   -> LUMO+3      -0.3278                                                                            
               core_7   -> LUMO        -0.3225                                                                            
               core_7   -> LUMO+2      -0.2451                                                                            
               core_8   -> LUMO+6      -0.2353                                                                            
               core_8   -> LUMO+5      -0.2216                                                                            
                                                                                                                          
               Excited state 32                                                                                           
               ----------------                                                                                           
               core_6   -> LUMO+5       0.5793                                                                            
               core_6   -> LUMO+6       0.5490                                                                            
               core_6   -> LUMO+3      -0.3036                                                                            
               core_6   -> LUMO        -0.2956                                                                            
               core_6   -> LUMO+2      -0.2652                                                                            
               core_6   -> LUMO+7      -0.2350                                                                            
                                                                                                                          
               Excited state 33                                                                                           
               ----------------                                                                                           
               core_4   -> LUMO+5      -0.8085                                                                            
               core_4   -> LUMO+6      -0.3882                                                                            
               core_4   -> LUMO+2      -0.3177                                                                            
                                                                                                                          
               Excited state 34                                                                                           
               ----------------                                                                                           
               core_9   -> LUMO+3      -0.5916                                                                            
               core_9   -> LUMO+6      -0.5048                                                                            
               core_9   -> LUMO+8      -0.3216                                                                            
               core_9   -> LUMO+4       0.2955                                                                            
               core_9   -> LUMO+7       0.2683                                                                            
                                                                                                                          
               Excited state 35                                                                                           
               ----------------                                                                                           
               core_8   -> LUMO+9      -0.7413                                                                            
               core_7   -> LUMO+9      -0.3380                                                                            
               core_8   -> LUMO+8       0.2935                                                                            
               core_8   -> LUMO+6       0.2286                                                                            
                                                                                                                          
               Excited state 36                                                                                           
               ----------------                                                                                           
               core_9   -> LUMO+9      -0.7745                                                                            
               core_9   -> LUMO+7       0.3251                                                                            
               core_9   -> LUMO+12     -0.2581                                                                            
               core_9   -> LUMO+13     -0.2149                                                                            
                                                                                                                          
               Excited state 37                                                                                           
               ----------------                                                                                           
               core_5   -> LUMO+3      -0.5855                                                                            
               core_5   -> LUMO+4      -0.4284                                                                            
               core_5   -> LUMO+7      -0.3477                                                                            
               core_5   -> LUMO+5      -0.3285                                                                            
               core_5   -> LUMO+8      -0.2561                                                                            
               core_5   -> LUMO+2       0.2376                                                                            
                                                                                                                          
               Excited state 38                                                                                           
               ----------------                                                                                           
               core_4   -> LUMO+2       0.7132                                                                            
               core_4   -> LUMO+6      -0.3731                                                                            
               core_4   -> LUMO+3       0.3016                                                                            
               core_4   -> LUMO+8       0.2966                                                                            
               core_4   -> LUMO+1      -0.2662                                                                            
               core_4   -> LUMO+7       0.2022                                                                            
                                                                                                                          
               Excited state 39                                                                                           
               ----------------                                                                                           
               core_7   -> LUMO+7      -0.4765                                                                            
               core_7   -> LUMO+9       0.4647                                                                            
               core_7   -> LUMO+8      -0.3356                                                                            
               core_8   -> LUMO+7       0.2635                                                                            
               core_7   -> LUMO+10     -0.2629                                                                            
               core_7   -> LUMO+12      0.2309                                                                            
               core_7   -> LUMO+6      -0.2028                                                                            
                                                                                                                          
               Excited state 40                                                                                           
               ----------------                                                                                           
               core_6   -> LUMO+8       0.7447                                                                            
               core_6   -> LUMO+7       0.3895                                                                            
               core_6   -> LUMO+6       0.3196                                                                            
                                                                                                                          
               Excited state 41                                                                                           
               ----------------                                                                                           
               core_8   -> LUMO+6       0.4686                                                                            
               core_8   -> LUMO+7      -0.4602                                                                            
               core_8   -> LUMO+2       0.2962                                                                            
               core_8   -> LUMO+4      -0.2877                                                                            
               core_8   -> LUMO+11      0.2535                                                                            
               core_7   -> LUMO+7      -0.2412                                                                            
               core_8   -> LUMO+5      -0.2218                                                                            
               core_7   -> LUMO+6       0.2151                                                                            
                                                                                                                          
               Excited state 42                                                                                           
               ----------------                                                                                           
               core_7   -> LUMO+7      -0.4814                                                                            
               core_7   -> LUMO+9      -0.4210                                                                            
               core_7   -> LUMO+11      0.2818                                                                            
               core_7   -> LUMO+12     -0.2502                                                                            
               core_7   -> LUMO+2       0.2367                                                                            
               core_8   -> LUMO+7       0.2334                                                                            
               core_7   -> LUMO+6       0.2329                                                                            
               core_7   -> LUMO+3       0.2277                                                                            
               core_8   -> LUMO+9       0.2132                                                                            
                                                                                                                          
               Excited state 43                                                                                           
               ----------------                                                                                           
               core_9   -> LUMO+7       0.5634                                                                            
               core_9   -> LUMO+6       0.4290                                                                            
               core_9   -> LUMO+9       0.3098                                                                            
               core_9   -> LUMO+4      -0.2832                                                                            
               core_9   -> LUMO+11      0.2775                                                                            
               core_9   -> LUMO+5      -0.2621                                                                            
               core_9   -> LUMO+8      -0.2358                                                                            
                                                                                                                          
               Excited state 44                                                                                           
               ----------------                                                                                           
               core_6   -> LUMO+9      -0.7020                                                                            
               core_6   -> LUMO+12     -0.4248                                                                            
               core_6   -> LUMO+10      0.2622                                                                            
               core_6   -> LUMO+3       0.2506                                                                            
                                                                                                                          
               Excited state 45                                                                                           
               ----------------                                                                                           
               core_5   -> LUMO+3       0.5320                                                                            
               core_5   -> LUMO+2       0.4073                                                                            
               core_5   -> LUMO+6       0.3953                                                                            
               core_5   -> LUMO+7      -0.3144                                                                            
               core_5   -> LUMO+5      -0.3142                                                                            
               core_5   -> LUMO+4       0.2429                                                                            
               core_5   -> LUMO+1      -0.2007                                                                            
                                                                                                                          
               Excited state 46                                                                                           
               ----------------                                                                                           
               core_7   -> LUMO+3       0.4182                                                                            
               core_7   -> LUMO+6       0.3779                                                                            
               core_7   -> LUMO+9       0.3660                                                                            
               core_7   -> LUMO+4       0.2885                                                                            
               core_8   -> LUMO+3      -0.2376                                                                            
               core_7   -> LUMO+8       0.2310                                                                            
               core_8   -> LUMO+6      -0.2289                                                                            
               core_8   -> LUMO+9      -0.2094                                                                            
               core_7   -> LUMO+11      0.2024                                                                            
                                                                                                                          
               Excited state 47                                                                                           
               ----------------                                                                                           
               core_6   -> LUMO+3       0.6244                                                                            
               core_6   -> LUMO+7      -0.3979                                                                            
               core_6   -> LUMO+9       0.3190                                                                            
               core_6   -> LUMO+6       0.2910                                                                            
               core_6   -> LUMO+2       0.2862                                                                            
               core_6   -> LUMO+11      0.2139                                                                            
                                                                                                                          
               Excited state 48                                                                                           
               ----------------                                                                                           
               core_8   -> LUMO+7      -0.4460                                                                            
               core_8   -> LUMO+6      -0.3764                                                                            
               core_8   -> LUMO+3      -0.3482                                                                            
               core_8   -> LUMO+4      -0.2715                                                                            
               core_8   -> LUMO+10     -0.2568                                                                            
               core_7   -> LUMO+7      -0.2323                                                                            
               core_7   -> LUMO+6      -0.2230                                                                            
               core_7   -> LUMO+3      -0.2061                                                                            
                                                                                                                          
               Excited state 49                                                                                           
               ----------------                                                                                           
               core_5   -> LUMO+4       0.6559                                                                            
               core_5   -> LUMO+3      -0.5041                                                                            
               core_5   -> LUMO+2       0.3679                                                                            
               core_5   -> LUMO+8       0.3391                                                                            
                                                                                                                          
               Excited state 50                                                                                           
               ----------------                                                                                           
               core_3   -> LUMO+1       0.7218                                                                            
               core_3   -> LUMO+3      -0.5076                                                                            
               core_3   -> LUMO+2      -0.2841                                                                            
                                                                                                                          
               Excited state 51                                                                                           
               ----------------                                                                                           
               core_8   -> LUMO+8       0.5964                                                                            
               core_8   -> LUMO+4       0.4136                                                                            
               core_8   -> LUMO+9       0.2463                                                                            
               core_7   -> LUMO+8       0.2363                                                                            
               core_8   -> LUMO+14     -0.2013                                                                            
                                                                                                                          
               Excited state 52                                                                                           
               ----------------                                                                                           
               core_7   -> LUMO+8      -0.5121                                                                            
               core_7   -> LUMO+7       0.3542                                                                            
               core_7   -> LUMO+4      -0.3509                                                                            
               core_7   -> LUMO+10      0.3369                                                                            
               core_7   -> LUMO+3       0.2922                                                                            
                                                                                                                          
               Excited state 53                                                                                           
               ----------------                                                                                           
               core_6   -> LUMO+7       0.5132                                                                            
               core_6   -> LUMO+8      -0.4388                                                                            
               core_6   -> LUMO+4      -0.3228                                                                            
               core_6   -> LUMO+10      0.3214                                                                            
               core_6   -> LUMO+12      0.2961                                                                            
               core_6   -> LUMO+6       0.2918                                                                            
               core_6   -> LUMO+9       0.2118                                                                            
                                                                                                                          
               Excited state 54                                                                                           
               ----------------                                                                                           
               core_4   -> LUMO+3      -0.4963                                                                            
               core_4   -> LUMO+4       0.4868                                                                            
               core_4   -> LUMO+2       0.4200                                                                            
               core_4   -> LUMO+5      -0.2807                                                                            
               core_4   -> LUMO+8      -0.2649                                                                            
               core_4   -> LUMO+7      -0.2367                                                                            
                                                                                                                          
               Excited state 55                                                                                           
               ----------------                                                                                           
               core_3   -> LUMO+1       0.6007                                                                            
               core_3   -> LUMO+2       0.5050                                                                            
               core_3   -> LUMO+3       0.4557                                                                            
               core_3   -> LUMO+5      -0.2468                                                                            
               core_3   -> LUMO        -0.2273                                                                            
                                                                                                                          
               Excited state 56                                                                                           
               ----------------                                                                                           
               core_5   -> LUMO+9       0.6475                                                                            
               core_5   -> LUMO+8      -0.4935                                                                            
               core_5   -> LUMO+6      -0.3509                                                                            
               core_5   -> LUMO+4       0.2404                                                                            
                                                                                                                          
               Excited state 57                                                                                           
               ----------------                                                                                           
               core_9   -> LUMO+12      0.5291                                                                            
               core_9   -> LUMO+13      0.4261                                                                            
               core_9   -> LUMO+15      0.3583                                                                            
               core_9   -> LUMO+8       0.3016                                                                            
               core_9   -> LUMO+9      -0.2980                                                                            
               core_9   -> LUMO+19     -0.2179                                                                            
                                                                                                                          
               Excited state 58                                                                                           
               ----------------                                                                                           
               core_9   -> LUMO+11      0.5464                                                                            
               core_9   -> LUMO+10      0.4500                                                                            
               core_9   -> LUMO+16     -0.3610                                                                            
               core_9   -> LUMO+8       0.3570                                                                            
               core_9   -> LUMO+9       0.2079                                                                            
                                                                                                                          
               Excited state 59                                                                                           
               ----------------                                                                                           
               core_5   -> LUMO+9      -0.5808                                                                            
               core_5   -> LUMO+8      -0.5656                                                                            
               core_5   -> LUMO+7       0.3261                                                                            
               core_5   -> LUMO+4       0.2972                                                                            
                                                                                                                          
               Excited state 60                                                                                           
               ----------------                                                                                           
               core_4   -> LUMO+3       0.7369                                                                            
               core_4   -> LUMO+7      -0.4061                                                                            
               core_4   -> LUMO+4       0.3833                                                                            
               core_4   -> LUMO+6       0.2790                                                                            
                                                                                                                          
               Excited state 61                                                                                           
               ----------------                                                                                           
               core_5   -> LUMO+7       0.5682                                                                            
               core_5   -> LUMO+6       0.5475                                                                            
               core_5   -> LUMO+9       0.3314                                                                            
               core_5   -> LUMO+5      -0.3101                                                                            
                                                                                                                          
               Excited state 62                                                                                           
               ----------------                                                                                           
               core_9   -> LUMO+10      0.6817                                                                            
               core_9   -> LUMO+11     -0.5951                                                                            
               core_9   -> LUMO+15      0.2042                                                                            
                                                                                                                          
               Excited state 63                                                                                           
               ----------------                                                                                           
               core_8   -> LUMO+10      0.5570                                                                            
               core_8   -> LUMO+11      0.5429                                                                            
               core_8   -> LUMO+12     -0.2715                                                                            
               core_7   -> LUMO+10      0.2522                                                                            
               core_7   -> LUMO+11      0.2313                                                                            
               core_8   -> LUMO+6      -0.2143                                                                            
                                                                                                                          
               Excited state 64                                                                                           
               ----------------                                                                                           
               core_6   -> LUMO+12      0.4280                                                                            
               core_6   -> LUMO+9      -0.4223                                                                            
               core_6   -> LUMO+11     -0.4118                                                                            
               core_6   -> LUMO+6       0.3313                                                                            
               core_6   -> LUMO+15      0.2722                                                                            
                                                                                                                          
               Excited state 65                                                                                           
               ----------------                                                                                           
               core_7   -> LUMO+11     -0.4895                                                                            
               core_7   -> LUMO+10     -0.3729                                                                            
               core_7   -> LUMO+6       0.3318                                                                            
               core_7   -> LUMO+12      0.3078                                                                            
               core_7   -> LUMO+9      -0.3024                                                                            
               core_8   -> LUMO+11      0.2096                                                                            
                                                                                                                          
               Excited state 66                                                                                           
               ----------------                                                                                           
               core_3   -> LUMO+5      -0.5847                                                                            
               core_3   -> LUMO        -0.5073                                                                            
               core_3   -> LUMO+6      -0.4771                                                                            
               core_3   -> LUMO+8       0.2111                                                                            
                                                                                                                          
               Excited state 67                                                                                           
               ----------------                                                                                           
               core_8   -> LUMO+10      0.5404                                                                            
               core_8   -> LUMO+11     -0.3934                                                                            
               core_8   -> LUMO+7      -0.3594                                                                            
               core_7   -> LUMO+10      0.2443                                                                            
               core_8   -> LUMO+14     -0.2178                                                                            
                                                                                                                          
               Excited state 68                                                                                           
               ----------------                                                                                           
               core_6   -> LUMO+11      0.4812                                                                            
               core_6   -> LUMO+13      0.4127                                                                            
               core_6   -> LUMO+12      0.3720                                                                            
               core_6   -> LUMO+5       0.2641                                                                            
               core_6   -> LUMO+6      -0.2510                                                                            
               core_6   -> LUMO+8       0.2453                                                                            
               core_6   -> LUMO+15      0.2207                                                                            
               core_6   -> LUMO+9      -0.2046                                                                            
                                                                                                                          
               Excited state 69                                                                                           
               ----------------                                                                                           
               core_4   -> LUMO+4      -0.6835                                                                            
               core_4   -> LUMO+6       0.3809                                                                            
               core_4   -> LUMO+5      -0.3304                                                                            
               core_4   -> LUMO+2       0.3076                                                                            
               core_4   -> LUMO+8      -0.3027                                                                            
                                                                                                                          
               Excited state 70                                                                                           
               ----------------                                                                                           
               core_4   -> LUMO+9       0.8228                                                                            
               core_4   -> LUMO+6      -0.3672                                                                            
               core_4   -> LUMO+8      -0.3450                                                                            
                                                                                                                          
               Excited state 71                                                                                           
               ----------------                                                                                           
               core_7   -> LUMO+12     -0.4992                                                                            
               core_7   -> LUMO+11     -0.3566                                                                            
               core_8   -> LUMO+12      0.3455                                                                            
               core_7   -> LUMO+9       0.2603                                                                            
               core_7   -> LUMO+13     -0.2572                                                                            
               core_8   -> LUMO+11      0.2171                                                                            
                                                                                                                          
               Excited state 72                                                                                           
               ----------------                                                                                           
               core_9   -> LUMO+13     -0.6300                                                                            
               core_9   -> LUMO+12      0.5284                                                                            
               core_9   -> LUMO+7      -0.3318                                                                            
               core_9   -> LUMO+14      0.2123                                                                            
                                                                                                                          
               Excited state 73                                                                                           
               ----------------                                                                                           
               core_8   -> LUMO+12      0.6010                                                                            
               core_7   -> LUMO+12      0.3815                                                                            
               core_8   -> LUMO+11      0.3211                                                                            
               core_8   -> LUMO+14     -0.2623                                                                            
               core_8   -> LUMO+21     -0.2168                                                                            
               core_7   -> LUMO+11      0.2086                                                                            
                                                                                                                          
               Excited state 74                                                                                           
               ----------------                                                                                           
               core_3   -> LUMO+2       0.4771                                                                            
               core_3   -> LUMO+5       0.4646                                                                            
               core_3   -> LUMO+6      -0.4118                                                                            
               core_3   -> LUMO+7       0.3402                                                                            
               core_3   -> LUMO+8       0.2677                                                                            
               core_3   -> LUMO+11      0.2533                                                                            
                                                                                                                          
               Excited state 75                                                                                           
               ----------------                                                                                           
               core_9   -> LUMO+14      0.6588                                                                            
               core_9   -> LUMO+21     -0.3116                                                                            
               core_9   -> LUMO+16      0.2929                                                                            
               core_9   -> LUMO+19     -0.2881                                                                            
               core_9   -> LUMO+12     -0.2265                                                                            
                                                                                                                          
!========================================================================================================================!
!                               VeloxChem execution completed at Sun Jun 14 16:21:38 2026.                               !
!========================================================================================================================!
!                                          Total execution time is 926.41 sec.                                           !
!========================================================================================================================!
!                     Rinkevicius, Z.; Li, X.; Vahtras, O.; Ahmadzadeh, K.; Brand, M.; Ringholm, M.;                     !
!                              List, N. H.; Scheurer, M.; Scott, M.; Dreuw, A.; Norman, P.                               !
!                     VeloxChem: A Python-driven Density-functional Theory Program for Spectroscopy                      !
!                                Simulations in High-performance Computing Environments.                                 !
!                                       WIREs Comput Mol Sci 2020, 10 (5), e1457.                                        !
!========================================================================================================================!
