!========================================================================================================================!
!                                                                                                                        !
!                                                       VELOXCHEM                                                        !
!                                              AN ELECTRONIC STRUCTURE CODE                                              !
!                                                                                                                        !
!                                        Copyright 2018-2025 VeloxChem developers                                        !
!========================================================================================================================!
!                     VeloxChem execution started on 192 MPI processes at Sun Jun 14 16:05:47 2026.                      !
!========================================================================================================================!
                                                                                                                          
* Info * Using 1 OpenMP threads per MPI process.                                                                          
                                                                                                                          
* Info * Reading input file 0078_c1s.in...                                                                                
                                                                                                                          
* Info * @jobs                                                                                                            
* Info * task: response                                                                                                   
* Info * @end                                                                                                             
                                                                                                                          
* Info * @method_settings                                                                                                 
* Info * basis: def2-tzvpd                                                                                                
* Info * xcfun: cam-b3lyp                                                                                                 
* Info * @end                                                                                                             
                                                                                                                          
* Info * @response                                                                                                        
* Info * property: absorption                                                                                             
* Info * tamm_dancoff: no                                                                                                 
* Info * nstates: 75                                                                                                      
* Info * core_excitation: yes                                                                                             
* Info * num_core_orbitals: 9                                                                                             
* Info * @end                                                                                                             
                                                                                                                          
                                              Molecular Geometry (Angstroms)                                              
                                             ================================                                             
                                                                                                                          
                          Atom         Coordinate X          Coordinate Y          Coordinate Z                           
                                                                                                                          
                           O          -1.592154935800       -1.148554529000        0.010152249800                         
                           N          -1.565370956500        1.065959266000       -0.059201799800                         
                           C          -0.225748158700       -0.703935591300        0.097464151500                         
                           C          -0.228974769600        0.626879229300        0.006540012800                         
                           C           0.967304838000       -1.410628242800       -0.001092991500                         
                           C           0.871508142000        1.434741305500        0.072465734000                         
                           C           2.098640010200       -0.671134632900       -0.040565437200                         
                           C           2.043779191700        0.744428701800       -0.032052883500                         
                           C          -2.300242020500        0.027382587900       -0.021011268700                         
                           H           0.846861638600       -2.546957460200       -0.041580487700                         
                           H           0.788663667800        2.358858625300        0.249558498400                         
                           H           3.061585566200       -1.169291275900       -0.083640390400                         
                           H           2.919109587700        1.452954914700       -0.262505398800                         
                           H          -3.355413729200       -0.120463423500       -0.168630631900                         
                                                                                                                          
                          Molecular charge            : 0                                                                 
                          Spin multiplicity           : 1                                                                 
                          Number of atoms             : 14                                                                
                          Number of alpha electrons   : 31                                                                
                          Number of beta  electrons   : 31                                                                
                                                                                                                          
* Info * Reading basis set from file: /net/home/plgrid/plgiubru7/software/vlx-cpu/cpuvlxenv/lib/python3.11/site-packages/veloxchem/basis/DEF2-TZVPD
                                                                                                                          
                                              Molecular Basis (Atomic Basis)                                              
                                             ================================                                             
                                                                                                                          
                               Basis: DEF2-TZVPD                                                                          
                                                                                                                          
                               Atom Contracted GTOs           Primitive GTOs                                              
                                                                                                                          
                               O     (6S,4P,3D,1F)             (12S,7P,3D,1F)                                             
                               N     (6S,3P,3D,1F)             (12S,6P,3D,1F)                                             
                               C     (6S,3P,3D,1F)             (12S,6P,3D,1F)                                             
                               H     (3S,2P)                   (5S,2P)                                                    
                                                                                                                          
                               Contracted Basis Functions : 381                                                           
                               Primitive Basis Functions  : 526                                                           
                                                                                                                          
                                                                                                                          
                                            Self Consistent Field Driver Setup                                            
                                           ====================================                                           
                                                                                                                          
                   Wave Function Model             : Spin-Restricted Kohn-Sham                                            
                   Initial Guess Model             : Restart from Checkpoint                                              
                   Convergence Accelerator         : Direct Inversion of Iterative Subspace                               
                   Max. Number of Iterations       : 50                                                                   
                   Max. Number of Error Vectors    : 10                                                                   
                   Convergence Threshold           : 1.0e-06                                                              
                   ERI Screening Threshold         : 1.0e-12                                                              
                   Linear Dependence Threshold     : 1.0e-06                                                              
                   Exchange-Correlation Functional : CAM-B3LYP                                                            
                   Molecular Grid Level            : 4                                                                    
                                                                                                                          
* Info * Nuclear repulsion energy: 408.4832574216 a.u.                                                                    
                                                                                                                          
* Info * Using the CAM-B3LYP functional.                                                                                  
                                                                                                                          
         T. Yanai, D. P. Tew, and N. C. Handy.,  Chem. Phys. Lett. 393, 51 (2004)
                                                                                                                          
* Info * Using the Libxc library (v7.0.0).                                                                                
                                                                                                                          
         S. Lehtola, C. Steigemann, M. J.T. Oliveira, and M. A.L. Marques.,  SoftwareX 7, 1–5 (2018)
                                                                                                                          
* Info * Using the following algorithm for XC numerical integration.                                                      
                                                                                                                          
         J. Kussmann, H. Laqua and C. Ochsenfeld, J. Chem. Theory Comput. 2021, 17, 1512-1521
                                                                                                                          
* Info * Molecular grid with 207827 points generated in 0.22 sec.                                                         
                                                                                                                          
* Info * Restarting from checkpoint file: 0078_c1s_scf.h5                                                                 
                                                                                                                          
* Info * Overlap matrix computed in 0.00 sec.                                                                             
                                                                                                                          
* Info * Kinetic energy matrix computed in 0.00 sec.                                                                      
                                                                                                                          
* Info * Nuclear potential matrix computed in 0.01 sec.                                                                   
                                                                                                                          
* Info * Orthogonalization matrix computed in 0.01 sec.                                                                   
                                                                                                                          
* Info * Removed 1 linearly dependent vector.                                                                             
                                                                                                                          
* Info * ERI screening threshold tightened to 1.0e-13.                                                                    
                                                                                                                          
                                                                                                                          
               Iter. |    Kohn-Sham Energy | Energy Change | Gradient Norm | Max. Gradient | Density Change               
               --------------------------------------------------------------------------------------------               
                  1      -399.631375317473    0.0000000000      0.00000033      0.00000001      0.00000000                
                                                                                                                          
* Info * Checkpoint written to file: 0078_c1s_scf.h5                                                                      
                                                                                                                          
* Info * SCF results written to file: 0078_c1s.h5                                                                         
                                                                                                                          
               *** SCF converged in 1 iterations. Time: 3.51 sec.                                                         
                                                                                                                          
               Spin-Restricted Kohn-Sham:                                                                                 
               --------------------------                                                                                 
               Total Energy                       :     -399.6313753175 a.u.                                              
               Electronic Energy                  :     -808.1146327391 a.u.                                              
               Nuclear Repulsion Energy           :      408.4832574216 a.u.                                              
               ------------------------------------                                                                       
               Gradient Norm                      :        0.0000003332 a.u.                                              
                                                                                                                          
                                                                                                                          
               Ground State Information                                                                                   
               ------------------------                                                                                   
               Charge of Molecule            :  0.0                                                                       
               Multiplicity (2S+1)           :  1                                                                         
               Magnetic Quantum Number (M_S) :  0.0                                                                       
                                                                                                                          
                                                                                                                          
                                                 Spin Restricted Orbitals                                                 
                                                 ------------------------                                                 
                                                                                                                          
               Molecular Orbital No.  27:                                                                                 
               --------------------------                                                                                 
               Occupation: 2.000 Energy:   -0.43021 a.u.                                                                  
               (   3 C   5s  :    -0.17) (   3 C   3p-1:    -0.20) (   4 C   3p+1:    -0.26)                              
               (   6 C   3p+1:    -0.18) (   6 C   3p-1:    -0.27) (   8 C   1p+1:     0.16)                              
               (   8 C   3p-1:     0.19) (  13 H   2s  :     0.16)                                                        
                                                                                                                          
               Molecular Orbital No.  28:                                                                                 
               --------------------------                                                                                 
               Occupation: 2.000 Energy:   -0.39811 a.u.                                                                  
               (   1 O   1p0 :    -0.23) (   1 O   2p0 :    -0.19) (   2 N   1p0 :     0.27)                              
               (   2 N   2p0 :     0.23)                                                                                  
                                                                                                                          
               Molecular Orbital No.  29:                                                                                 
               --------------------------                                                                                 
               Occupation: 2.000 Energy:   -0.35886 a.u.                                                                  
               (   1 O   6s  :    -0.16) (   2 N   4s  :     0.22) (   2 N   5s  :     0.42)                              
               (   2 N   6s  :     0.37) (   2 N   1p-1:     0.35) (   2 N   2p-1:     0.26)                              
               (   2 N   3p-1:     0.18) (   3 C   3p+1:     0.25) (   4 C   3p-1:    -0.19)                              
               (   4 C   3d-2:     0.15) (   5 C   5s  :    -0.19) (   9 C   5s  :    -0.16)                              
                                                                                                                          
               Molecular Orbital No.  30:                                                                                 
               --------------------------                                                                                 
               Occupation: 2.000 Energy:   -0.31705 a.u.                                                                  
               (   1 O   1p0 :    -0.16) (   3 C   1p0 :     0.18) (   3 C   2p0 :     0.16)                              
               (   5 C   1p0 :     0.18) (   5 C   2p0 :     0.16) (   6 C   5s  :    -0.21)                              
               (   6 C   1p0 :    -0.20) (   6 C   2p0 :    -0.17) (   8 C   5s  :     0.18)                              
               (   8 C   1p0 :    -0.23) (   8 C   2p0 :    -0.20)                                                        
                                                                                                                          
               Molecular Orbital No.  31:                                                                                 
               --------------------------                                                                                 
               Occupation: 2.000 Energy:   -0.31020 a.u.                                                                  
               (   3 C   1p0 :     0.16) (   4 C   5s  :    -0.21) (   4 C   1p0 :     0.20)                              
               (   4 C   2p0 :     0.17) (   4 C   3p0 :     0.18) (   6 C   5s  :     0.18)                              
               (   7 C   1p0 :    -0.23) (   7 C   2p0 :    -0.20) (   7 C   3p0 :    -0.16)                              
               (   8 C   5s  :     0.21) (   9 C   1p0 :    -0.18) (   9 C   2p0 :    -0.16)                              
                                                                                                                          
               Molecular Orbital No.  32:                                                                                 
               --------------------------                                                                                 
               Occupation: 0.000 Energy:    0.00385 a.u.                                                                  
               (   1 O   4p0 :    -0.18) (   2 N   6s  :     0.29) (   3 C   5s  :    -0.38)                              
               (   3 C   3p+1:     0.21) (   3 C   3p-1:     0.39) (   3 C   3d-2:     0.29)                              
               (   4 C   5s  :    -0.66) (   4 C   3p+1:    -0.51) (   4 C   3p-1:     0.23)                              
               (   4 C   3p0 :     0.27) (   4 C   3d+1:    -0.16) (   4 C   3d-2:     0.22)                              
               (   5 C   5s  :     0.80) (   5 C   1p0 :    -0.20) (   5 C   2p0 :    -0.19)                              
               (   5 C   3p+1:    -0.36) (   6 C   5s  :    -0.81) (   6 C   1p0 :    -0.21)                              
               (   6 C   2p0 :    -0.20) (   6 C   3p-1:    -0.25) (   6 C   3d-2:     0.18)                              
               (   7 C   5s  :     0.54) (   7 C   1p0 :     0.17) (   7 C   2p0 :     0.16)                              
               (   8 C   3p+1:    -0.20) (   8 C   3d+2:     0.15) (   9 C   5s  :     0.15)                              
               (   9 C   6s  :    -0.26) (   9 C   1p0 :    -0.21) (   9 C   2p0 :    -0.20)                              
               (   9 C   3p0 :    -0.17) (  11 H   3s  :     0.61)                                                        
                                                                                                                          
               Molecular Orbital No.  33:                                                                                 
               --------------------------                                                                                 
               Occupation: 0.000 Energy:    0.02750 a.u.                                                                  
               (   1 O   6s  :    -2.01) (   1 O   3p0 :    -0.15) (   1 O   4p-1:    -0.40)                              
               (   2 N   5s  :    -0.33) (   2 N   6s  :    -0.40) (   2 N   3p+1:    -0.19)                              
               (   3 C   5s  :     1.51) (   3 C   6s  :     0.73) (   3 C   1p0 :     0.24)                              
               (   3 C   2p0 :     0.22) (   3 C   3p+1:     1.64) (   3 C   3p-1:    -0.77)                              
               (   3 C   3p0 :     0.17) (   3 C   3d+1:    -0.16) (   3 C   3d+2:     1.18)                              
               (   3 C   3d-1:     0.17) (   3 C   3d-2:     0.45) (   4 C   5s  :     4.17)                              
               (   4 C   6s  :     0.24) (   4 C   3p+1:    -0.78) (   4 C   3p0 :    -0.30)                              
               (   4 C   3d-2:     0.98) (   5 C   4s  :    -0.18) (   5 C   5s  :    -1.53)                              
               (   5 C   6s  :     0.78) (   5 C   3p+1:     0.75) (   5 C   3p-1:    -1.07)                              
               (   5 C   3d+1:    -0.16) (   5 C   3d+2:     0.49) (   5 C   3d-2:     0.67)                              
               (   6 C   5s  :    -0.43) (   6 C   6s  :     0.52) (   6 C   3p+1:     1.11)                              
               (   6 C   3p-1:    -0.75) (   6 C   3d-2:    -0.58) (   6 C   3d0 :    -0.21)                              
               (   7 C   5s  :    -0.66) (   7 C   3p+1:     0.20) (   7 C   3p-1:     0.37)                              
               (   7 C   3d-2:    -0.36) (   7 C   3d0 :    -0.17) (   8 C   5s  :    -3.01)                              
               (   8 C   6s  :     0.52) (   8 C   1p0 :     0.21) (   8 C   2p0 :     0.20)                              
               (   8 C   3p+1:     1.03) (   8 C   3d+2:    -0.22) (   9 C   5s  :    -0.81)                              
               (   9 C   6s  :     1.03) (   9 C   3p+1:    -0.38) (   9 C   3d+2:    -0.20)                              
               (   9 C   3d-2:     0.28) (  10 H   2p+1:     0.23) (  11 H   3s  :     0.22)                              
               (  11 H   2p+1:     0.29) (  12 H   3s  :    -0.93) (  14 H   2p-1:     0.17)                              
                                                                                                                          
               Molecular Orbital No.  34:                                                                                 
               --------------------------                                                                                 
               Occupation: 0.000 Energy:    0.03205 a.u.                                                                  
               (   1 O   5s  :     0.27) (   1 O   6s  :     3.48) (   1 O   3p+1:     0.16)                              
               (   1 O   4p-1:     0.88) (   2 N   5s  :     0.65) (   2 N   6s  :     0.65)                              
               (   2 N   3p+1:     0.47) (   2 N   3d-2:    -0.16) (   3 C   5s  :    -4.70)                              
               (   3 C   6s  :     0.31) (   3 C   3p+1:    -2.42) (   3 C   3p-1:     0.49)                              
               (   3 C   3p0 :     0.34) (   3 C   3d+2:    -2.62) (   3 C   3d-2:    -1.01)                              
               (   4 C   5s  :    -7.67) (   4 C   3p+1:     1.57) (   4 C   3p-1:    -0.73)                              
               (   4 C   3p0 :    -0.19) (   4 C   3d+2:    -0.88) (   4 C   3d-2:    -1.62)                              
               (   5 C   4s  :     0.39) (   5 C   5s  :     0.45) (   5 C   6s  :    -1.80)                              
               (   5 C   3p+1:    -0.80) (   5 C   3p-1:     2.00) (   5 C   3p0 :     0.19)                              
               (   5 C   3d+2:    -0.62) (   5 C   3d-1:     0.22) (   5 C   3d-2:    -1.97)                              
               (   5 C   3d0 :     0.34) (   6 C   4s  :     0.35) (   6 C   5s  :    -1.24)                              
               (   6 C   6s  :    -1.54) (   6 C   3p+1:    -2.11) (   6 C   3p-1:     0.31)                              
               (   6 C   3d+1:     0.21) (   6 C   3d-2:     1.25) (   6 C   3d0 :     0.38)                              
               (   7 C   4s  :     0.45) (   7 C   5s  :     2.13) (   7 C   6s  :    -1.84)                              
               (   7 C   3p+1:    -1.85) (   7 C   3d+2:     0.33) (   7 C   3d-2:     0.18)                              
               (   7 C   3d0 :     0.49) (   8 C   4s  :     0.28) (   8 C   5s  :     4.33)                              
               (   8 C   6s  :    -0.39) (   8 C   3p+1:    -2.38) (   8 C   3p-1:    -0.36)                              
               (   8 C   3p0 :     0.31) (   8 C   3d+2:     0.50) (   8 C   3d-2:    -0.74)                              
               (   8 C   3d0 :     0.18) (   9 C   4s  :     0.17) (   9 C   5s  :     1.59)                              
               (   9 C   6s  :    -2.08) (   9 C   3p+1:     1.68) (   9 C   3p0 :     0.18)                              
               (   9 C   3d+2:     0.36) (   9 C   3d-2:    -0.51) (  10 H   3s  :     1.30)                              
               (  10 H   2p+1:    -0.65) (  10 H   2p-1:     0.32) (  11 H   3s  :     1.05)                              
               (  11 H   2p+1:    -0.53) (  12 H   3s  :     2.40) (  12 H   2p+1:    -0.49)                              
               (  13 H   3s  :     2.78) (  13 H   2p+1:    -0.56) (  13 H   2p-1:    -0.20)                              
               (  13 H   2p0 :     0.23) (  14 H   3s  :     1.00) (  14 H   2p+1:     0.21)                              
               (  14 H   2p-1:    -0.25)                                                                                  
                                                                                                                          
               Molecular Orbital No.  35:                                                                                 
               --------------------------                                                                                 
               Occupation: 0.000 Energy:    0.04452 a.u.                                                                  
               (   1 O   5s  :    -0.82) (   1 O   6s  :    -5.98) (   1 O   3p-1:    -0.30)                              
               (   1 O   4p+1:    -0.59) (   1 O   4p-1:    -1.00) (   2 N   5s  :    -1.83)                              
               (   2 N   6s  :    -1.54) (   2 N   3p+1:    -0.31) (   2 N   3p-1:     0.63)                              
               (   3 C   5s  :    -7.05) (   3 C   6s  :     2.64) (   3 C   3p+1:     1.60)                              
               (   3 C   3p-1:    -1.27) (   3 C   3p0 :     0.29) (   3 C   3d+1:    -0.19)                              
               (   3 C   3d+2:     0.95) (   3 C   3d-1:     0.25) (   3 C   3d-2:     2.19)                              
               (   4 C   6s  :     1.76) (   4 C   3p+1:    -4.28) (   4 C   3p-1:    -2.46)                              
               (   4 C   3d+2:    -1.69) (   4 C   3d-1:     0.23) (   4 C   3d-2:     0.61)                              
               (   4 C   3d0 :    -0.37) (   5 C   5s  :    -3.92) (   5 C   3p+1:    -2.45)                              
               (   5 C   3p-1:    -2.63) (   5 C   3d+1:    -0.24) (   5 C   3d+2:     0.88)                              
               (   5 C   3d-2:    -0.81) (   5 C   3d0 :     0.17) (   6 C   5s  :     0.90)                              
               (   6 C   6s  :    -0.63) (   6 C   3p+1:    -1.07) (   6 C   3p-1:    -2.18)                              
               (   6 C   3p0 :    -0.28) (   6 C   3d+1:     0.33) (   6 C   3d+2:    -0.15)                              
               (   6 C   3d-2:     1.92) (   7 C   4s  :     0.42) (   7 C   5s  :     5.09)                              
               (   7 C   6s  :    -1.45) (   7 C   3p+1:    -3.11) (   7 C   3p-1:     0.19)                              
               (   7 C   3p0 :     0.32) (   7 C   3d+2:     0.76) (   7 C   3d-1:    -0.15)                              
               (   7 C   3d-2:     0.61) (   7 C   3d0 :     0.15) (   8 C   4s  :     0.49)                              
               (   8 C   5s  :     1.56) (   8 C   6s  :    -2.42) (   8 C   3p+1:    -1.11)                              
               (   8 C   3d+1:     0.17) (   8 C   3d+2:     0.68) (   8 C   3d-2:    -0.31)                              
               (   8 C   3d0 :     0.52) (   9 C   5s  :     4.54) (   9 C   6s  :     3.24)                              
               (   9 C   2p+1:     0.20) (   9 C   3p+1:     1.37) (   9 C   3p-1:    -0.23)                              
               (   9 C   3d+2:     0.43) (   9 C   3d-2:     0.41) (   9 C   3d0 :    -0.42)                              
               (  10 H   3s  :     0.52) (  10 H   2p+1:    -0.21) (  11 H   3s  :     2.10)                              
               (  11 H   2p+1:    -0.89) (  11 H   2p-1:    -0.37) (  12 H   3s  :     2.38)                              
               (  12 H   2p+1:    -0.59) (  13 H   3s  :     1.83) (  13 H   2p+1:    -0.37)                              
               (  14 H   3s  :    -1.40) (  14 H   2p-1:     0.17)                                                        
                                                                                                                          
               Molecular Orbital No.  36:                                                                                 
               --------------------------                                                                                 
               Occupation: 0.000 Energy:    0.05318 a.u.                                                                  
               (   1 O   6s  :    -0.23) (   1 O   4p-1:    -0.46) (   2 N   5s  :    -0.27)                              
               (   2 N   6s  :    -0.98) (   2 N   3p-1:    -0.32) (   3 C   5s  :    -0.76)                              
               (   3 C   6s  :    -2.95) (   3 C   2p-1:    -0.18) (   3 C   3p+1:     0.94)                              
               (   3 C   3p0 :     0.18) (   3 C   3d+2:     1.69) (   3 C   3d0 :     0.17)                              
               (   4 C   5s  :    -2.98) (   4 C   6s  :     2.67) (   4 C   2p-1:    -0.20)                              
               (   4 C   3p+1:    -3.98) (   4 C   3p-1:    -1.57) (   4 C   3p0 :     0.18)                              
               (   4 C   3d+2:    -1.70) (   4 C   3d-1:     0.29) (   4 C   3d-2:    -1.27)                              
               (   5 C   4s  :    -0.70) (   5 C   5s  :    -3.05) (   5 C   6s  :     4.41)                              
               (   5 C   3p-1:    -2.19) (   5 C   3d+1:    -0.22) (   5 C   3d+2:     0.65)                              
               (   5 C   3d-2:     1.49) (   5 C   3d0 :    -0.72) (   6 C   4s  :     0.74)                              
               (   6 C   5s  :     5.70) (   6 C   6s  :    -3.93) (   6 C   3p+1:    -1.84)                              
               (   6 C   3p-1:    -2.45) (   6 C   3p0 :    -0.25) (   6 C   3d+1:     0.51)                              
               (   6 C   3d+2:    -0.58) (   6 C   3d-2:     2.21) (   6 C   3d0 :     0.58)                              
               (   7 C   4s  :    -0.38) (   7 C   5s  :    -5.01) (   7 C   6s  :     1.81)                              
               (   7 C   3p+1:     1.13) (   7 C   3p-1:    -2.30) (   7 C   3d+1:    -0.18)                              
               (   7 C   3d+2:     1.07) (   7 C   3d-1:    -0.22) (   7 C   3d-2:     1.79)                              
               (   7 C   3d0 :    -0.24) (   8 C   4s  :     0.30) (   8 C   5s  :     8.15)                              
               (   8 C   6s  :    -2.33) (   8 C   3p+1:    -2.23) (   8 C   3p-1:    -2.24)                              
               (   8 C   3d+1:     0.30) (   8 C   3d+2:    -0.72) (   8 C   3d-1:    -0.20)                              
               (   8 C   3d-2:     1.28) (   8 C   3d0 :     0.17) (   9 C   5s  :    -1.73)                              
               (   9 C   6s  :    -1.14) (   9 C   3p+1:     0.87) (   9 C   3p-1:     0.54)                              
               (   9 C   3d+2:    -0.65) (   9 C   3d-2:    -0.18) (   9 C   3d0 :     0.44)                              
               (  10 H   3s  :    -2.09) (  10 H   2p+1:     0.53) (  10 H   2p-1:    -0.44)                              
               (  11 H   3s  :     2.39) (  11 H   2p+1:    -1.12) (  11 H   2p-1:    -0.23)                              
               (  12 H   3s  :    -0.64) (  12 H   2p-1:    -0.76) (  13 H   3s  :     0.82)                              
               (  13 H   2p-1:    -0.50) (  14 H   3s  :     3.01) (  14 H   2p+1:     0.34)                              
                                                                                                                          
                                                                                                                          
                                                Ground State Dipole Moment                                                
                                               ----------------------------                                               
                                                                                                                          
                                   X   :         0.296687 a.u.         0.754103 Debye                                     
                                   Y   :        -0.376088 a.u.        -0.955919 Debye                                     
                                   Z   :        -0.029568 a.u.        -0.075155 Debye                                     
                                 Total :         0.479937 a.u.         1.219877 Debye                                     
                                                                                                                          
                                                                                                                          
                                            Linear Response EigenSolver Setup                                             
                                           ===================================                                            
                                                                                                                          
                               Number of States                : 75                                                       
                               Max. Number of Iterations       : 150                                                      
                               Convergence Threshold           : 1.0e-04                                                  
                               ERI Screening Threshold         : 1.0e-13                                                  
                               Exchange-Correlation Functional : CAM-B3LYP                                                
                               Molecular Grid Level            : 4                                                        
                                                                                                                          
* Info * Using the CAM-B3LYP functional.                                                                                  
                                                                                                                          
         T. Yanai, D. P. Tew, and N. C. Handy.,  Chem. Phys. Lett. 393, 51 (2004)
                                                                                                                          
* Info * Using the Libxc library (v7.0.0).                                                                                
                                                                                                                          
         S. Lehtola, C. Steigemann, M. J.T. Oliveira, and M. A.L. Marques.,  SoftwareX 7, 1–5 (2018)
                                                                                                                          
* Info * Using the following algorithm for XC numerical integration.                                                      
                                                                                                                          
         J. Kussmann, H. Laqua and C. Ochsenfeld, J. Chem. Theory Comput. 2021, 17, 1512-1521
                                                                                                                          
* Info * Molecular grid with 207827 points generated in 0.21 sec.                                                         
                                                                                                                          
* Info * Processing 75 Fock builds...                                                                                     
                                                                                                                          
* Info * 75 gerade trial vectors in reduced space                                                                         
* Info * 75 ungerade trial vectors in reduced space                                                                       
                                                                                                                          
* Info * 68.16 kB of memory used for subspace procedure on the master node                                                
* Info * 358.23 GB of memory available for the solver on the master node                                                  
                                                                                                                          
               *** Iteration:   1 * Residuals (Max,Min): 1.48e-01 and 4.50e-02                                            
                                                                                                                          
               Excitation 1   :     10.08299553 Residual Norm: 0.12737656                                                 
               Excitation 2   :     10.11154149 Residual Norm: 0.11782866                                                 
               Excitation 3   :     10.11232405 Residual Norm: 0.11634932                                                 
               Excitation 4   :     10.11762731 Residual Norm: 0.12298880                                                 
               Excitation 5   :     10.12562084 Residual Norm: 0.07061776                                                 
               Excitation 6   :     10.12709083 Residual Norm: 0.09083115                                                 
               Excitation 7   :     10.13680243 Residual Norm: 0.08597986                                                 
               Excitation 8   :     10.13760412 Residual Norm: 0.08590262                                                 
               Excitation 9   :     10.14605903 Residual Norm: 0.08959383                                                 
               Excitation 10  :     10.15485935 Residual Norm: 0.07698823                                                 
               Excitation 11  :     10.16688175 Residual Norm: 0.07115522                                                 
               Excitation 12  :     10.16972281 Residual Norm: 0.11015936                                                 
               Excitation 13  :     10.17209253 Residual Norm: 0.13183469                                                 
               Excitation 14  :     10.18344760 Residual Norm: 0.12617146                                                 
               Excitation 15  :     10.18504884 Residual Norm: 0.14269041                                                 
               Excitation 16  :     10.19082717 Residual Norm: 0.10392368                                                 
               Excitation 17  :     10.19238241 Residual Norm: 0.06275102                                                 
               Excitation 18  :     10.19436273 Residual Norm: 0.14225242                                                 
               Excitation 19  :     10.19931685 Residual Norm: 0.14829079                                                 
               Excitation 20  :     10.20039518 Residual Norm: 0.06058731                                                 
               Excitation 21  :     10.20893201 Residual Norm: 0.07127735                                                 
               Excitation 22  :     10.21065802 Residual Norm: 0.07503821                                                 
               Excitation 23  :     10.21896943 Residual Norm: 0.07375930                                                 
               Excitation 24  :     10.22212693 Residual Norm: 0.07440761                                                 
               Excitation 25  :     10.22301245 Residual Norm: 0.07020682                                                 
               Excitation 26  :     10.22324941 Residual Norm: 0.06233435                                                 
               Excitation 27  :     10.22496968 Residual Norm: 0.06018140                                                 
               Excitation 28  :     10.22917122 Residual Norm: 0.04948747                                                 
               Excitation 29  :     10.23377382 Residual Norm: 0.05548899                                                 
               Excitation 30  :     10.23408792 Residual Norm: 0.07205361                                                 
               Excitation 31  :     10.23442750 Residual Norm: 0.08179928                                                 
               Excitation 32  :     10.23642326 Residual Norm: 0.05777943                                                 
               Excitation 33  :     10.23673115 Residual Norm: 0.04925213                                                 
               Excitation 34  :     10.23780777 Residual Norm: 0.04944018                                                 
               Excitation 35  :     10.23843440 Residual Norm: 0.07263760                                                 
               Excitation 36  :     10.24066182 Residual Norm: 0.04504256                                                 
               Excitation 37  :     10.24180405 Residual Norm: 0.10819581                                                 
               Excitation 38  :     10.24204970 Residual Norm: 0.07035298                                                 
               Excitation 39  :     10.24532439 Residual Norm: 0.05536538                                                 
               Excitation 40  :     10.24612029 Residual Norm: 0.05127437                                                 
               Excitation 41  :     10.25054115 Residual Norm: 0.05970582                                                 
               Excitation 42  :     10.25276730 Residual Norm: 0.05220304                                                 
               Excitation 43  :     10.25603547 Residual Norm: 0.05789477                                                 
               Excitation 44  :     10.25787579 Residual Norm: 0.07018108                                                 
               Excitation 45  :     10.25849574 Residual Norm: 0.04731791                                                 
               Excitation 46  :     10.26416557 Residual Norm: 0.06845703                                                 
               Excitation 47  :     10.26436222 Residual Norm: 0.07928909                                                 
               Excitation 48  :     10.26579074 Residual Norm: 0.05837579                                                 
               Excitation 49  :     10.26609403 Residual Norm: 0.06455003                                                 
               Excitation 50  :     10.26613720 Residual Norm: 0.05068945                                                 
               Excitation 51  :     10.26671295 Residual Norm: 0.06122189                                                 
               Excitation 52  :     10.26678078 Residual Norm: 0.05847115                                                 
               Excitation 53  :     10.27019603 Residual Norm: 0.05151874                                                 
               Excitation 54  :     10.27050117 Residual Norm: 0.05455150                                                 
               Excitation 55  :     10.27160160 Residual Norm: 0.04554983                                                 
               Excitation 56  :     10.27322428 Residual Norm: 0.05177262                                                 
               Excitation 57  :     10.27516493 Residual Norm: 0.05305416                                                 
               Excitation 58  :     10.27562676 Residual Norm: 0.05069880                                                 
               Excitation 59  :     10.27608810 Residual Norm: 0.10774601                                                 
               Excitation 60  :     10.27748334 Residual Norm: 0.05438956                                                 
               Excitation 61  :     10.27826199 Residual Norm: 0.04675612                                                 
               Excitation 62  :     10.28472741 Residual Norm: 0.06073523                                                 
               Excitation 63  :     10.28804846 Residual Norm: 0.06258006                                                 
               Excitation 64  :     10.29600076 Residual Norm: 0.05850231                                                 
               Excitation 65  :     10.29615458 Residual Norm: 0.05385524                                                 
               Excitation 66  :     10.29938238 Residual Norm: 0.04864304                                                 
               Excitation 67  :     10.30023372 Residual Norm: 0.05981772                                                 
               Excitation 68  :     10.30097292 Residual Norm: 0.05087805                                                 
               Excitation 69  :     10.30194735 Residual Norm: 0.04970021                                                 
               Excitation 70  :     10.30206443 Residual Norm: 0.04785232                                                 
               Excitation 71  :     10.30273646 Residual Norm: 0.05246161                                                 
               Excitation 72  :     10.30518689 Residual Norm: 0.05448570                                                 
               Excitation 73  :     10.30633635 Residual Norm: 0.05173572                                                 
               Excitation 74  :     10.31153824 Residual Norm: 0.04966325                                                 
               Excitation 75  :     10.32286493 Residual Norm: 0.05071283                                                 
                                                                                                                          
* Info * Processing 75 Fock builds...                                                                                     
                                                                                                                          
* Info * 150 gerade trial vectors in reduced space                                                                        
* Info * 150 ungerade trial vectors in reduced space                                                                      
                                                                                                                          
* Info * 108.96 kB of memory used for subspace procedure on the master node                                               
* Info * 356.78 GB of memory available for the solver on the master node                                                  
                                                                                                                          
               *** Iteration:   2 * Residuals (Max,Min): 1.79e-01 and 7.96e-03                                            
                                                                                                                          
               Excitation 1   :     10.07048467 Residual Norm: 0.02249108                                                 
               Excitation 2   :     10.10078544 Residual Norm: 0.02413910                                                 
               Excitation 3   :     10.10157950 Residual Norm: 0.02284185                                                 
               Excitation 4   :     10.10545416 Residual Norm: 0.02246048                                                 
               Excitation 5   :     10.11935758 Residual Norm: 0.02279399                                                 
               Excitation 6   :     10.12265048 Residual Norm: 0.00796146                                                 
               Excitation 7   :     10.13227639 Residual Norm: 0.01384956                                                 
               Excitation 8   :     10.13321713 Residual Norm: 0.01128355                                                 
               Excitation 9   :     10.13998800 Residual Norm: 0.01616059                                                 
               Excitation 10  :     10.15098277 Residual Norm: 0.01001730                                                 
               Excitation 11  :     10.15740693 Residual Norm: 0.04030934                                                 
               Excitation 12  :     10.15940323 Residual Norm: 0.05846141                                                 
               Excitation 13  :     10.16388215 Residual Norm: 0.04609119                                                 
               Excitation 14  :     10.16392666 Residual Norm: 0.00964585                                                 
               Excitation 15  :     10.17516433 Residual Norm: 0.05987873                                                 
               Excitation 16  :     10.17631100 Residual Norm: 0.07721549                                                 
               Excitation 17  :     10.18020501 Residual Norm: 0.02860135                                                 
               Excitation 18  :     10.18475055 Residual Norm: 0.07034426                                                 
               Excitation 19  :     10.18843974 Residual Norm: 0.01329295                                                 
               Excitation 20  :     10.19476189 Residual Norm: 0.01523989                                                 
               Excitation 21  :     10.20465219 Residual Norm: 0.02083115                                                 
               Excitation 22  :     10.20529363 Residual Norm: 0.02700468                                                 
               Excitation 23  :     10.21179557 Residual Norm: 0.02629479                                                 
               Excitation 24  :     10.21264699 Residual Norm: 0.02396607                                                 
               Excitation 25  :     10.21447126 Residual Norm: 0.04306979                                                 
               Excitation 26  :     10.21898061 Residual Norm: 0.00990227                                                 
               Excitation 27  :     10.22076920 Residual Norm: 0.01872882                                                 
               Excitation 28  :     10.22481951 Residual Norm: 0.01861680                                                 
               Excitation 29  :     10.22796010 Residual Norm: 0.03969916                                                 
               Excitation 30  :     10.22906057 Residual Norm: 0.02777823                                                 
               Excitation 31  :     10.22960691 Residual Norm: 0.03177733                                                 
               Excitation 32  :     10.23013658 Residual Norm: 0.01840410                                                 
               Excitation 33  :     10.23039491 Residual Norm: 0.03016708                                                 
               Excitation 34  :     10.23296444 Residual Norm: 0.03378618                                                 
               Excitation 35  :     10.23413291 Residual Norm: 0.02492906                                                 
               Excitation 36  :     10.23479789 Residual Norm: 0.02575753                                                 
               Excitation 37  :     10.23535192 Residual Norm: 0.01744224                                                 
               Excitation 38  :     10.23630328 Residual Norm: 0.02040237                                                 
               Excitation 39  :     10.23942860 Residual Norm: 0.02089020                                                 
               Excitation 40  :     10.24242401 Residual Norm: 0.03046843                                                 
               Excitation 41  :     10.24287036 Residual Norm: 0.01457285                                                 
               Excitation 42  :     10.24875676 Residual Norm: 0.04289905                                                 
               Excitation 43  :     10.24881972 Residual Norm: 0.02357906                                                 
               Excitation 44  :     10.24898973 Residual Norm: 0.03220159                                                 
               Excitation 45  :     10.25286266 Residual Norm: 0.04567760                                                 
               Excitation 46  :     10.25418693 Residual Norm: 0.02357296                                                 
               Excitation 47  :     10.25519680 Residual Norm: 0.02944380                                                 
               Excitation 48  :     10.25704470 Residual Norm: 0.03742471                                                 
               Excitation 49  :     10.26057380 Residual Norm: 0.04110982                                                 
               Excitation 50  :     10.26138237 Residual Norm: 0.01833427                                                 
               Excitation 51  :     10.26226650 Residual Norm: 0.03285517                                                 
               Excitation 52  :     10.26261453 Residual Norm: 0.03535275                                                 
               Excitation 53  :     10.26332998 Residual Norm: 0.03749550                                                 
               Excitation 54  :     10.26376367 Residual Norm: 0.02600560                                                 
               Excitation 55  :     10.26467158 Residual Norm: 0.04716996                                                 
               Excitation 56  :     10.26542924 Residual Norm: 0.03470977                                                 
               Excitation 57  :     10.26566611 Residual Norm: 0.04132278                                                 
               Excitation 58  :     10.26675457 Residual Norm: 0.02519946                                                 
               Excitation 59  :     10.26863355 Residual Norm: 0.01510814                                                 
               Excitation 60  :     10.27186698 Residual Norm: 0.02305245                                                 
               Excitation 61  :     10.27298207 Residual Norm: 0.03539093                                                 
               Excitation 62  :     10.27356936 Residual Norm: 0.02258887                                                 
               Excitation 63  :     10.28219049 Residual Norm: 0.02908783                                                 
               Excitation 64  :     10.28566890 Residual Norm: 0.03385512                                                 
               Excitation 65  :     10.28660069 Residual Norm: 0.04518049                                                 
               Excitation 66  :     10.28990199 Residual Norm: 0.05469472                                                 
               Excitation 67  :     10.29363744 Residual Norm: 0.05145328                                                 
               Excitation 68  :     10.29424410 Residual Norm: 0.05924433                                                 
               Excitation 69  :     10.29468626 Residual Norm: 0.02582063                                                 
               Excitation 70  :     10.29519346 Residual Norm: 0.04936394                                                 
               Excitation 71  :     10.29604253 Residual Norm: 0.04651209                                                 
               Excitation 72  :     10.29617794 Residual Norm: 0.03510190                                                 
               Excitation 73  :     10.29784574 Residual Norm: 0.02937111                                                 
               Excitation 74  :     10.30269054 Residual Norm: 0.17927319                                                 
               Excitation 75  :     10.30456710 Residual Norm: 0.04393472                                                 
                                                                                                                          
* Info * Processing 75 Fock builds...                                                                                     
                                                                                                                          
* Info * 225 gerade trial vectors in reduced space                                                                        
* Info * 225 ungerade trial vectors in reduced space                                                                      
                                                                                                                          
* Info * 149.76 kB of memory used for subspace procedure on the master node                                               
* Info * 357.21 GB of memory available for the solver on the master node                                                  
                                                                                                                          
               *** Iteration:   3 * Residuals (Max,Min): 8.31e-02 and 1.57e-03                                            
                                                                                                                          
               Excitation 1   :     10.07037563 Residual Norm: 0.00342040                                                 
               Excitation 2   :     10.10068052 Residual Norm: 0.00445895                                                 
               Excitation 3   :     10.10149258 Residual Norm: 0.00360651                                                 
               Excitation 4   :     10.10532177 Residual Norm: 0.00373827                                                 
               Excitation 5   :     10.11919349 Residual Norm: 0.00393542                                                 
               Excitation 6   :     10.12262634 Residual Norm: 0.00156665                                                 
               Excitation 7   :     10.13222066 Residual Norm: 0.00265456                                                 
               Excitation 8   :     10.13318200 Residual Norm: 0.00167097                                                 
               Excitation 9   :     10.13989568 Residual Norm: 0.00325066                                                 
               Excitation 10  :     10.15093898 Residual Norm: 0.00201965                                                 
               Excitation 11  :     10.15707352 Residual Norm: 0.01014510                                                 
               Excitation 12  :     10.15768182 Residual Norm: 0.01298353                                                 
               Excitation 13  :     10.16379567 Residual Norm: 0.00856921                                                 
               Excitation 14  :     10.16389246 Residual Norm: 0.00386786                                                 
               Excitation 15  :     10.17495127 Residual Norm: 0.01246379                                                 
               Excitation 16  :     10.17602859 Residual Norm: 0.02296818                                                 
               Excitation 17  :     10.17995236 Residual Norm: 0.00675919                                                 
               Excitation 18  :     10.18439885 Residual Norm: 0.01271272                                                 
               Excitation 19  :     10.18833101 Residual Norm: 0.00468326                                                 
               Excitation 20  :     10.19458067 Residual Norm: 0.00375395                                                 
               Excitation 21  :     10.20457828 Residual Norm: 0.00490914                                                 
               Excitation 22  :     10.20522400 Residual Norm: 0.00365995                                                 
               Excitation 23  :     10.21147204 Residual Norm: 0.00602762                                                 
               Excitation 24  :     10.21223977 Residual Norm: 0.00597782                                                 
               Excitation 25  :     10.21403475 Residual Norm: 0.01460590                                                 
               Excitation 26  :     10.21890913 Residual Norm: 0.00225968                                                 
               Excitation 27  :     10.22066717 Residual Norm: 0.00443737                                                 
               Excitation 28  :     10.22455417 Residual Norm: 0.00501155                                                 
               Excitation 29  :     10.22772083 Residual Norm: 0.00945316                                                 
               Excitation 30  :     10.22786097 Residual Norm: 0.01217776                                                 
               Excitation 31  :     10.22829441 Residual Norm: 0.01035642                                                 
               Excitation 32  :     10.22993493 Residual Norm: 0.00528718                                                 
               Excitation 33  :     10.23012398 Residual Norm: 0.00595936                                                 
               Excitation 34  :     10.23261589 Residual Norm: 0.00645012                                                 
               Excitation 35  :     10.23386669 Residual Norm: 0.00943625                                                 
               Excitation 36  :     10.23463314 Residual Norm: 0.00568087                                                 
               Excitation 37  :     10.23507233 Residual Norm: 0.00510354                                                 
               Excitation 38  :     10.23584620 Residual Norm: 0.00515764                                                 
               Excitation 39  :     10.23894984 Residual Norm: 0.00563987                                                 
               Excitation 40  :     10.24171695 Residual Norm: 0.00925630                                                 
               Excitation 41  :     10.24266562 Residual Norm: 0.00885292                                                 
               Excitation 42  :     10.24566798 Residual Norm: 0.01879617                                                 
               Excitation 43  :     10.24817683 Residual Norm: 0.00638834                                                 
               Excitation 44  :     10.24849765 Residual Norm: 0.00741149                                                 
               Excitation 45  :     10.25170344 Residual Norm: 0.01908633                                                 
               Excitation 46  :     10.25293572 Residual Norm: 0.01609178                                                 
               Excitation 47  :     10.25420128 Residual Norm: 0.01128633                                                 
               Excitation 48  :     10.25518975 Residual Norm: 0.01604815                                                 
               Excitation 49  :     10.25971478 Residual Norm: 0.01686458                                                 
               Excitation 50  :     10.25993957 Residual Norm: 0.04016839                                                 
               Excitation 51  :     10.26095291 Residual Norm: 0.01024389                                                 
               Excitation 52  :     10.26223373 Residual Norm: 0.01145315                                                 
               Excitation 53  :     10.26227164 Residual Norm: 0.01545956                                                 
               Excitation 54  :     10.26256415 Residual Norm: 0.00801582                                                 
               Excitation 55  :     10.26331468 Residual Norm: 0.00898947                                                 
               Excitation 56  :     10.26383775 Residual Norm: 0.01532768                                                 
               Excitation 57  :     10.26465252 Residual Norm: 0.04680757                                                 
               Excitation 58  :     10.26598630 Residual Norm: 0.00669056                                                 
               Excitation 59  :     10.26829374 Residual Norm: 0.00609395                                                 
               Excitation 60  :     10.27096290 Residual Norm: 0.01970515                                                 
               Excitation 61  :     10.27111343 Residual Norm: 0.00914791                                                 
               Excitation 62  :     10.27320619 Residual Norm: 0.01192728                                                 
               Excitation 63  :     10.28103880 Residual Norm: 0.02388804                                                 
               Excitation 64  :     10.28455035 Residual Norm: 0.02832467                                                 
               Excitation 65  :     10.28464552 Residual Norm: 0.01436669                                                 
               Excitation 66  :     10.28552140 Residual Norm: 0.04806113                                                 
               Excitation 67  :     10.28669436 Residual Norm: 0.04300482                                                 
               Excitation 68  :     10.28699272 Residual Norm: 0.03705885                                                 
               Excitation 69  :     10.29064386 Residual Norm: 0.03472123                                                 
               Excitation 70  :     10.29102343 Residual Norm: 0.03136535                                                 
               Excitation 71  :     10.29275009 Residual Norm: 0.02263671                                                 
               Excitation 72  :     10.29448335 Residual Norm: 0.04766625                                                 
               Excitation 73  :     10.29457472 Residual Norm: 0.08314246                                                 
               Excitation 74  :     10.29507976 Residual Norm: 0.02236389                                                 
               Excitation 75  :     10.29564575 Residual Norm: 0.03012800                                                 
                                                                                                                          
* Info * Processing 75 Fock builds...                                                                                     
                                                                                                                          
* Info * 300 gerade trial vectors in reduced space                                                                        
* Info * 300 ungerade trial vectors in reduced space                                                                      
                                                                                                                          
* Info * 190.56 kB of memory used for subspace procedure on the master node                                               
* Info * 355.66 GB of memory available for the solver on the master node                                                  
                                                                                                                          
               *** Iteration:   4 * Residuals (Max,Min): 9.39e-02 and 1.19e-04                                            
                                                                                                                          
               Excitation 1   :     10.07037526 Residual Norm: 0.00021712                                                 
               Excitation 2   :     10.10067946 Residual Norm: 0.00055818                                                 
               Excitation 3   :     10.10149192 Residual Norm: 0.00041992                                                 
               Excitation 4   :     10.10532105 Residual Norm: 0.00049269                                                 
               Excitation 5   :     10.11919253 Residual Norm: 0.00040941                                                 
               Excitation 6   :     10.12262598 Residual Norm: 0.00011884                                                 
               Excitation 7   :     10.13222003 Residual Norm: 0.00034258                                                 
               Excitation 8   :     10.13318157 Residual Norm: 0.00021271                                                 
               Excitation 9   :     10.13989477 Residual Norm: 0.00036217                                                 
               Excitation 10  :     10.15093853 Residual Norm: 0.00027880                                                 
               Excitation 11  :     10.15707057 Residual Norm: 0.00072190                                                 
               Excitation 12  :     10.15766979 Residual Norm: 0.00212192                                                 
               Excitation 13  :     10.16379248 Residual Norm: 0.00043605                                                 
               Excitation 14  :     10.16389145 Residual Norm: 0.00047290                                                 
               Excitation 15  :     10.17494452 Residual Norm: 0.00087408                                                 
               Excitation 16  :     10.17601298 Residual Norm: 0.00190253                                                 
               Excitation 17  :     10.17994959 Residual Norm: 0.00076796                                                 
               Excitation 18  :     10.18439112 Residual Norm: 0.00064443                                                 
               Excitation 19  :     10.18832778 Residual Norm: 0.00051110                                                 
               Excitation 20  :     10.19457560 Residual Norm: 0.00073586                                                 
               Excitation 21  :     10.20457733 Residual Norm: 0.00045788                                                 
               Excitation 22  :     10.20522254 Residual Norm: 0.00029740                                                 
               Excitation 23  :     10.21146340 Residual Norm: 0.00077861                                                 
               Excitation 24  :     10.21223041 Residual Norm: 0.00082539                                                 
               Excitation 25  :     10.21402234 Residual Norm: 0.00173302                                                 
               Excitation 26  :     10.21890632 Residual Norm: 0.00049645                                                 
               Excitation 27  :     10.22066406 Residual Norm: 0.00067214                                                 
               Excitation 28  :     10.22454874 Residual Norm: 0.00085869                                                 
               Excitation 29  :     10.22771277 Residual Norm: 0.00095884                                                 
               Excitation 30  :     10.22782653 Residual Norm: 0.00228083                                                 
               Excitation 31  :     10.22825667 Residual Norm: 0.00209941                                                 
               Excitation 32  :     10.22992956 Residual Norm: 0.00072927                                                 
               Excitation 33  :     10.23011818 Residual Norm: 0.00059753                                                 
               Excitation 34  :     10.23260749 Residual Norm: 0.00106315                                                 
               Excitation 35  :     10.23385687 Residual Norm: 0.00081997                                                 
               Excitation 36  :     10.23462692 Residual Norm: 0.00099444                                                 
               Excitation 37  :     10.23506671 Residual Norm: 0.00071911                                                 
               Excitation 38  :     10.23583238 Residual Norm: 0.00089765                                                 
               Excitation 39  :     10.23893729 Residual Norm: 0.00081008                                                 
               Excitation 40  :     10.24170105 Residual Norm: 0.00139328                                                 
               Excitation 41  :     10.24265725 Residual Norm: 0.00144233                                                 
               Excitation 42  :     10.24557951 Residual Norm: 0.00435392                                                 
               Excitation 43  :     10.24814362 Residual Norm: 0.00152164                                                 
               Excitation 44  :     10.24848816 Residual Norm: 0.00125472                                                 
               Excitation 45  :     10.25161586 Residual Norm: 0.00472290                                                 
               Excitation 46  :     10.25275539 Residual Norm: 0.00404579                                                 
               Excitation 47  :     10.25411336 Residual Norm: 0.00345001                                                 
               Excitation 48  :     10.25503912 Residual Norm: 0.00372019                                                 
               Excitation 49  :     10.25955149 Residual Norm: 0.00543032                                                 
               Excitation 50  :     10.25985869 Residual Norm: 0.01633208                                                 
               Excitation 51  :     10.26092235 Residual Norm: 0.00342496                                                 
               Excitation 52  :     10.26211046 Residual Norm: 0.00437238                                                 
               Excitation 53  :     10.26214804 Residual Norm: 0.00366207                                                 
               Excitation 54  :     10.26253557 Residual Norm: 0.00190758                                                 
               Excitation 55  :     10.26327679 Residual Norm: 0.00242569                                                 
               Excitation 56  :     10.26375232 Residual Norm: 0.00227888                                                 
               Excitation 57  :     10.26441429 Residual Norm: 0.01410176                                                 
               Excitation 58  :     10.26595955 Residual Norm: 0.00181930                                                 
               Excitation 59  :     10.26827830 Residual Norm: 0.00159768                                                 
               Excitation 60  :     10.27071992 Residual Norm: 0.00475406                                                 
               Excitation 61  :     10.27105781 Residual Norm: 0.00243161                                                 
               Excitation 62  :     10.27319347 Residual Norm: 0.00279350                                                 
               Excitation 63  :     10.28097856 Residual Norm: 0.00452978                                                 
               Excitation 64  :     10.28422075 Residual Norm: 0.00983114                                                 
               Excitation 65  :     10.28426096 Residual Norm: 0.01298132                                                 
               Excitation 66  :     10.28498427 Residual Norm: 0.02335124                                                 
               Excitation 67  :     10.28559098 Residual Norm: 0.01258155                                                 
               Excitation 68  :     10.28580914 Residual Norm: 0.01909124                                                 
               Excitation 69  :     10.28895668 Residual Norm: 0.05086187                                                 
               Excitation 70  :     10.28925281 Residual Norm: 0.03441817                                                 
               Excitation 71  :     10.28954513 Residual Norm: 0.09392808                                                 
               Excitation 72  :     10.28956944 Residual Norm: 0.02883553                                                 
               Excitation 73  :     10.28979872 Residual Norm: 0.01769881                                                 
               Excitation 74  :     10.29087324 Residual Norm: 0.03649471                                                 
               Excitation 75  :     10.29227138 Residual Norm: 0.01599016                                                 
                                                                                                                          
* Info * Processing 75 Fock builds...                                                                                     
                                                                                                                          
* Info * 375 gerade trial vectors in reduced space                                                                        
* Info * 375 ungerade trial vectors in reduced space                                                                      
                                                                                                                          
* Info * 232.46 kB of memory used for subspace procedure on the master node                                               
* Info * 355.72 GB of memory available for the solver on the master node                                                  
                                                                                                                          
               *** Iteration:   5 * Residuals (Max,Min): 2.92e-02 and 9.37e-06                                            
                                                                                                                          
               Excitation 1   :     10.07037526 Residual Norm: 0.00000937   converged                                     
               Excitation 2   :     10.10067945 Residual Norm: 0.00002937   converged                                     
               Excitation 3   :     10.10149191 Residual Norm: 0.00002302   converged                                     
               Excitation 4   :     10.10532104 Residual Norm: 0.00003074   converged                                     
               Excitation 5   :     10.11919252 Residual Norm: 0.00003012   converged                                     
               Excitation 6   :     10.12262598 Residual Norm: 0.00000988   converged                                     
               Excitation 7   :     10.13222003 Residual Norm: 0.00002350   converged                                     
               Excitation 8   :     10.13318157 Residual Norm: 0.00001738   converged                                     
               Excitation 9   :     10.13989476 Residual Norm: 0.00003559   converged                                     
               Excitation 10  :     10.15093853 Residual Norm: 0.00002446   converged                                     
               Excitation 11  :     10.15707053 Residual Norm: 0.00007346   converged                                     
               Excitation 12  :     10.15766961 Residual Norm: 0.00022622                                                 
               Excitation 13  :     10.16379245 Residual Norm: 0.00003487   converged                                     
               Excitation 14  :     10.16389143 Residual Norm: 0.00005248   converged                                     
               Excitation 15  :     10.17494444 Residual Norm: 0.00005973   converged                                     
               Excitation 16  :     10.17601274 Residual Norm: 0.00010447                                                 
               Excitation 17  :     10.17994956 Residual Norm: 0.00007394   converged                                     
               Excitation 18  :     10.18439106 Residual Norm: 0.00005820   converged                                     
               Excitation 19  :     10.18832774 Residual Norm: 0.00004657   converged                                     
               Excitation 20  :     10.19457552 Residual Norm: 0.00007875   converged                                     
               Excitation 21  :     10.20457732 Residual Norm: 0.00003838   converged                                     
               Excitation 22  :     10.20522252 Residual Norm: 0.00002783   converged                                     
               Excitation 23  :     10.21146330 Residual Norm: 0.00009435   converged                                     
               Excitation 24  :     10.21223030 Residual Norm: 0.00010245                                                 
               Excitation 25  :     10.21402211 Residual Norm: 0.00012191                                                 
               Excitation 26  :     10.21890626 Residual Norm: 0.00007788   converged                                     
               Excitation 27  :     10.22066398 Residual Norm: 0.00007709   converged                                     
               Excitation 28  :     10.22454861 Residual Norm: 0.00009679   converged                                     
               Excitation 29  :     10.22771259 Residual Norm: 0.00012792                                                 
               Excitation 30  :     10.22782558 Residual Norm: 0.00035534                                                 
               Excitation 31  :     10.22825593 Residual Norm: 0.00033997                                                 
               Excitation 32  :     10.22992948 Residual Norm: 0.00008618   converged                                     
               Excitation 33  :     10.23011813 Residual Norm: 0.00008315   converged                                     
               Excitation 34  :     10.23260729 Residual Norm: 0.00016249                                                 
               Excitation 35  :     10.23385674 Residual Norm: 0.00008577   converged                                     
               Excitation 36  :     10.23462676 Residual Norm: 0.00014618                                                 
               Excitation 37  :     10.23506662 Residual Norm: 0.00011435                                                 
               Excitation 38  :     10.23583219 Residual Norm: 0.00011111                                                 
               Excitation 39  :     10.23893712 Residual Norm: 0.00009363   converged                                     
               Excitation 40  :     10.24170066 Residual Norm: 0.00018961                                                 
               Excitation 41  :     10.24265698 Residual Norm: 0.00018572                                                 
               Excitation 42  :     10.24557714 Residual Norm: 0.00067456                                                 
               Excitation 43  :     10.24814304 Residual Norm: 0.00018989                                                 
               Excitation 44  :     10.24848781 Residual Norm: 0.00023049                                                 
               Excitation 45  :     10.25161394 Residual Norm: 0.00036214                                                 
               Excitation 46  :     10.25274988 Residual Norm: 0.00051439                                                 
               Excitation 47  :     10.25411068 Residual Norm: 0.00061671                                                 
               Excitation 48  :     10.25503357 Residual Norm: 0.00059455                                                 
               Excitation 49  :     10.25954823 Residual Norm: 0.00048635                                                 
               Excitation 50  :     10.25984711 Residual Norm: 0.00341626                                                 
               Excitation 51  :     10.26092086 Residual Norm: 0.00049025                                                 
               Excitation 52  :     10.26210356 Residual Norm: 0.00067018                                                 
               Excitation 53  :     10.26214415 Residual Norm: 0.00059379                                                 
               Excitation 54  :     10.26253442 Residual Norm: 0.00031053                                                 
               Excitation 55  :     10.26327555 Residual Norm: 0.00036473                                                 
               Excitation 56  :     10.26375085 Residual Norm: 0.00030478                                                 
               Excitation 57  :     10.26439377 Residual Norm: 0.00212339                                                 
               Excitation 58  :     10.26595860 Residual Norm: 0.00039108                                                 
               Excitation 59  :     10.26827752 Residual Norm: 0.00036468                                                 
               Excitation 60  :     10.27071279 Residual Norm: 0.00087269                                                 
               Excitation 61  :     10.27105638 Residual Norm: 0.00050146                                                 
               Excitation 62  :     10.27319307 Residual Norm: 0.00034425                                                 
               Excitation 63  :     10.28097617 Residual Norm: 0.00094184                                                 
               Excitation 64  :     10.28416966 Residual Norm: 0.00254401                                                 
               Excitation 65  :     10.28419527 Residual Norm: 0.00207969                                                 
               Excitation 66  :     10.28487004 Residual Norm: 0.01003635                                                 
               Excitation 67  :     10.28555295 Residual Norm: 0.00236242                                                 
               Excitation 68  :     10.28577424 Residual Norm: 0.00180807                                                 
               Excitation 69  :     10.28797459 Residual Norm: 0.02918006                                                 
               Excitation 70  :     10.28832346 Residual Norm: 0.01075359                                                 
               Excitation 71  :     10.28865455 Residual Norm: 0.00760560                                                 
               Excitation 72  :     10.28927073 Residual Norm: 0.00632977                                                 
               Excitation 73  :     10.28974852 Residual Norm: 0.00188743                                                 
               Excitation 74  :     10.29040099 Residual Norm: 0.00493135                                                 
               Excitation 75  :     10.29219382 Residual Norm: 0.00480057                                                 
                                                                                                                          
* Info * Processing 45 Fock builds...                                                                                     
                                                                                                                          
* Info * 420 gerade trial vectors in reduced space                                                                        
* Info * 420 ungerade trial vectors in reduced space                                                                      
                                                                                                                          
* Info * 256.40 kB of memory used for subspace procedure on the master node                                               
* Info * 359.67 GB of memory available for the solver on the master node                                                  
                                                                                                                          
               *** Iteration:   6 * Residuals (Max,Min): 1.28e-02 and 7.76e-06                                            
                                                                                                                          
               Excitation 1   :     10.07037526 Residual Norm: 0.00000776   converged                                     
               Excitation 2   :     10.10067945 Residual Norm: 0.00001947   converged                                     
               Excitation 3   :     10.10149191 Residual Norm: 0.00001204   converged                                     
               Excitation 4   :     10.10532104 Residual Norm: 0.00001833   converged                                     
               Excitation 5   :     10.11919252 Residual Norm: 0.00001539   converged                                     
               Excitation 6   :     10.12262598 Residual Norm: 0.00000801   converged                                     
               Excitation 7   :     10.13222003 Residual Norm: 0.00001670   converged                                     
               Excitation 8   :     10.13318157 Residual Norm: 0.00000921   converged                                     
               Excitation 9   :     10.13989476 Residual Norm: 0.00001538   converged                                     
               Excitation 10  :     10.15093853 Residual Norm: 0.00001439   converged                                     
               Excitation 11  :     10.15707053 Residual Norm: 0.00003821   converged                                     
               Excitation 12  :     10.15766961 Residual Norm: 0.00001628   converged                                     
               Excitation 13  :     10.16379245 Residual Norm: 0.00002631   converged                                     
               Excitation 14  :     10.16389143 Residual Norm: 0.00001383   converged                                     
               Excitation 15  :     10.17494444 Residual Norm: 0.00003020   converged                                     
               Excitation 16  :     10.17601274 Residual Norm: 0.00002242   converged                                     
               Excitation 17  :     10.17994956 Residual Norm: 0.00002566   converged                                     
               Excitation 18  :     10.18439106 Residual Norm: 0.00003140   converged                                     
               Excitation 19  :     10.18832774 Residual Norm: 0.00002913   converged                                     
               Excitation 20  :     10.19457552 Residual Norm: 0.00004560   converged                                     
               Excitation 21  :     10.20457732 Residual Norm: 0.00002634   converged                                     
               Excitation 22  :     10.20522252 Residual Norm: 0.00002253   converged                                     
               Excitation 23  :     10.21146330 Residual Norm: 0.00002794   converged                                     
               Excitation 24  :     10.21223030 Residual Norm: 0.00001144   converged                                     
               Excitation 25  :     10.21402211 Residual Norm: 0.00002712   converged                                     
               Excitation 26  :     10.21890626 Residual Norm: 0.00001716   converged                                     
               Excitation 27  :     10.22066398 Residual Norm: 0.00001816   converged                                     
               Excitation 28  :     10.22454861 Residual Norm: 0.00004879   converged                                     
               Excitation 29  :     10.22771259 Residual Norm: 0.00001996   converged                                     
               Excitation 30  :     10.22782557 Residual Norm: 0.00004535   converged                                     
               Excitation 31  :     10.22825592 Residual Norm: 0.00004688   converged                                     
               Excitation 32  :     10.22992948 Residual Norm: 0.00004416   converged                                     
               Excitation 33  :     10.23011813 Residual Norm: 0.00004761   converged                                     
               Excitation 34  :     10.23260729 Residual Norm: 0.00001704   converged                                     
               Excitation 35  :     10.23385674 Residual Norm: 0.00005723   converged                                     
               Excitation 36  :     10.23462676 Residual Norm: 0.00001638   converged                                     
               Excitation 37  :     10.23506661 Residual Norm: 0.00002098   converged                                     
               Excitation 38  :     10.23583219 Residual Norm: 0.00003378   converged                                     
               Excitation 39  :     10.23893712 Residual Norm: 0.00004239   converged                                     
               Excitation 40  :     10.24170065 Residual Norm: 0.00002577   converged                                     
               Excitation 41  :     10.24265698 Residual Norm: 0.00002284   converged                                     
               Excitation 42  :     10.24557709 Residual Norm: 0.00009668   converged                                     
               Excitation 43  :     10.24814304 Residual Norm: 0.00002083   converged                                     
               Excitation 44  :     10.24848780 Residual Norm: 0.00003044   converged                                     
               Excitation 45  :     10.25161392 Residual Norm: 0.00004313   converged                                     
               Excitation 46  :     10.25274982 Residual Norm: 0.00005892   converged                                     
               Excitation 47  :     10.25411062 Residual Norm: 0.00006496   converged                                     
               Excitation 48  :     10.25503350 Residual Norm: 0.00006640   converged                                     
               Excitation 49  :     10.25954820 Residual Norm: 0.00005114   converged                                     
               Excitation 50  :     10.25984563 Residual Norm: 0.00052083                                                 
               Excitation 51  :     10.26092082 Residual Norm: 0.00006687   converged                                     
               Excitation 52  :     10.26210346 Residual Norm: 0.00007300   converged                                     
               Excitation 53  :     10.26214409 Residual Norm: 0.00006111   converged                                     
               Excitation 54  :     10.26253440 Residual Norm: 0.00003451   converged                                     
               Excitation 55  :     10.26327553 Residual Norm: 0.00004123   converged                                     
               Excitation 56  :     10.26375084 Residual Norm: 0.00003820   converged                                     
               Excitation 57  :     10.26439257 Residual Norm: 0.00054922                                                 
               Excitation 58  :     10.26595857 Residual Norm: 0.00005997   converged                                     
               Excitation 59  :     10.26827749 Residual Norm: 0.00005426   converged                                     
               Excitation 60  :     10.27071268 Residual Norm: 0.00010186                                                 
               Excitation 61  :     10.27105634 Residual Norm: 0.00006248   converged                                     
               Excitation 62  :     10.27319306 Residual Norm: 0.00004524   converged                                     
               Excitation 63  :     10.28097608 Residual Norm: 0.00015285                                                 
               Excitation 64  :     10.28416797 Residual Norm: 0.00032401                                                 
               Excitation 65  :     10.28419441 Residual Norm: 0.00028136                                                 
               Excitation 66  :     10.28484185 Residual Norm: 0.00320515                                                 
               Excitation 67  :     10.28555180 Residual Norm: 0.00037100                                                 
               Excitation 68  :     10.28577371 Residual Norm: 0.00027603                                                 
               Excitation 69  :     10.28773760 Residual Norm: 0.01282149                                                 
               Excitation 70  :     10.28828882 Residual Norm: 0.00241308                                                 
               Excitation 71  :     10.28864115 Residual Norm: 0.00091191                                                 
               Excitation 72  :     10.28926396 Residual Norm: 0.00071273                                                 
               Excitation 73  :     10.28974772 Residual Norm: 0.00025430                                                 
               Excitation 74  :     10.29039489 Residual Norm: 0.00067173                                                 
               Excitation 75  :     10.29218888 Residual Norm: 0.00084944                                                 
                                                                                                                          
* Info * Processing 15 Fock builds...                                                                                     
                                                                                                                          
* Info * 435 gerade trial vectors in reduced space                                                                        
* Info * 435 ungerade trial vectors in reduced space                                                                      
                                                                                                                          
* Info * 264.28 kB of memory used for subspace procedure on the master node                                               
* Info * 362.61 GB of memory available for the solver on the master node                                                  
                                                                                                                          
               *** Iteration:   7 * Residuals (Max,Min): 2.59e-03 and 7.24e-06                                            
                                                                                                                          
               Excitation 1   :     10.07037526 Residual Norm: 0.00000771   converged                                     
               Excitation 2   :     10.10067945 Residual Norm: 0.00001944   converged                                     
               Excitation 3   :     10.10149191 Residual Norm: 0.00001198   converged                                     
               Excitation 4   :     10.10532104 Residual Norm: 0.00001822   converged                                     
               Excitation 5   :     10.11919252 Residual Norm: 0.00001518   converged                                     
               Excitation 6   :     10.12262598 Residual Norm: 0.00000724   converged                                     
               Excitation 7   :     10.13222003 Residual Norm: 0.00001620   converged                                     
               Excitation 8   :     10.13318157 Residual Norm: 0.00000904   converged                                     
               Excitation 9   :     10.13989476 Residual Norm: 0.00001482   converged                                     
               Excitation 10  :     10.15093853 Residual Norm: 0.00001439   converged                                     
               Excitation 11  :     10.15707053 Residual Norm: 0.00003809   converged                                     
               Excitation 12  :     10.15766961 Residual Norm: 0.00001542   converged                                     
               Excitation 13  :     10.16379245 Residual Norm: 0.00002357   converged                                     
               Excitation 14  :     10.16389143 Residual Norm: 0.00001368   converged                                     
               Excitation 15  :     10.17494444 Residual Norm: 0.00002981   converged                                     
               Excitation 16  :     10.17601274 Residual Norm: 0.00002080   converged                                     
               Excitation 17  :     10.17994956 Residual Norm: 0.00002565   converged                                     
               Excitation 18  :     10.18439106 Residual Norm: 0.00003079   converged                                     
               Excitation 19  :     10.18832774 Residual Norm: 0.00002852   converged                                     
               Excitation 20  :     10.19457552 Residual Norm: 0.00004481   converged                                     
               Excitation 21  :     10.20457732 Residual Norm: 0.00002594   converged                                     
               Excitation 22  :     10.20522252 Residual Norm: 0.00002250   converged                                     
               Excitation 23  :     10.21146330 Residual Norm: 0.00002822   converged                                     
               Excitation 24  :     10.21223030 Residual Norm: 0.00000973   converged                                     
               Excitation 25  :     10.21402211 Residual Norm: 0.00002355   converged                                     
               Excitation 26  :     10.21890626 Residual Norm: 0.00001386   converged                                     
               Excitation 27  :     10.22066398 Residual Norm: 0.00001813   converged                                     
               Excitation 28  :     10.22454861 Residual Norm: 0.00004717   converged                                     
               Excitation 29  :     10.22771259 Residual Norm: 0.00001970   converged                                     
               Excitation 30  :     10.22782557 Residual Norm: 0.00002302   converged                                     
               Excitation 31  :     10.22825592 Residual Norm: 0.00002303   converged                                     
               Excitation 32  :     10.22992948 Residual Norm: 0.00004397   converged                                     
               Excitation 33  :     10.23011813 Residual Norm: 0.00004988   converged                                     
               Excitation 34  :     10.23260729 Residual Norm: 0.00000873   converged                                     
               Excitation 35  :     10.23385674 Residual Norm: 0.00005759   converged                                     
               Excitation 36  :     10.23462676 Residual Norm: 0.00001295   converged                                     
               Excitation 37  :     10.23506661 Residual Norm: 0.00001090   converged                                     
               Excitation 38  :     10.23583219 Residual Norm: 0.00003381   converged                                     
               Excitation 39  :     10.23893712 Residual Norm: 0.00003492   converged                                     
               Excitation 40  :     10.24170065 Residual Norm: 0.00002036   converged                                     
               Excitation 41  :     10.24265698 Residual Norm: 0.00001459   converged                                     
               Excitation 42  :     10.24557709 Residual Norm: 0.00004138   converged                                     
               Excitation 43  :     10.24814304 Residual Norm: 0.00001494   converged                                     
               Excitation 44  :     10.24848780 Residual Norm: 0.00001988   converged                                     
               Excitation 45  :     10.25161392 Residual Norm: 0.00001827   converged                                     
               Excitation 46  :     10.25274982 Residual Norm: 0.00004741   converged                                     
               Excitation 47  :     10.25411062 Residual Norm: 0.00005887   converged                                     
               Excitation 48  :     10.25503350 Residual Norm: 0.00005642   converged                                     
               Excitation 49  :     10.25954819 Residual Norm: 0.00004125   converged                                     
               Excitation 50  :     10.25984556 Residual Norm: 0.00007343   converged                                     
               Excitation 51  :     10.26092082 Residual Norm: 0.00005556   converged                                     
               Excitation 52  :     10.26210346 Residual Norm: 0.00004857   converged                                     
               Excitation 53  :     10.26214408 Residual Norm: 0.00002879   converged                                     
               Excitation 54  :     10.26253440 Residual Norm: 0.00002355   converged                                     
               Excitation 55  :     10.26327553 Residual Norm: 0.00004095   converged                                     
               Excitation 56  :     10.26375084 Residual Norm: 0.00003081   converged                                     
               Excitation 57  :     10.26439250 Residual Norm: 0.00010098                                                 
               Excitation 58  :     10.26595857 Residual Norm: 0.00002817   converged                                     
               Excitation 59  :     10.26827749 Residual Norm: 0.00002277   converged                                     
               Excitation 60  :     10.27071268 Residual Norm: 0.00004583   converged                                     
               Excitation 61  :     10.27105634 Residual Norm: 0.00003511   converged                                     
               Excitation 62  :     10.27319306 Residual Norm: 0.00003817   converged                                     
               Excitation 63  :     10.28097607 Residual Norm: 0.00002665   converged                                     
               Excitation 64  :     10.28416794 Residual Norm: 0.00003848   converged                                     
               Excitation 65  :     10.28419440 Residual Norm: 0.00003175   converged                                     
               Excitation 66  :     10.28483800 Residual Norm: 0.00082712                                                 
               Excitation 67  :     10.28555177 Residual Norm: 0.00005500   converged                                     
               Excitation 68  :     10.28577370 Residual Norm: 0.00004291   converged                                     
               Excitation 69  :     10.28769795 Residual Norm: 0.00259214                                                 
               Excitation 70  :     10.28828750 Residual Norm: 0.00035180                                                 
               Excitation 71  :     10.28864095 Residual Norm: 0.00011548                                                 
               Excitation 72  :     10.28926388 Residual Norm: 0.00008403   converged                                     
               Excitation 73  :     10.28974770 Residual Norm: 0.00003270   converged                                     
               Excitation 74  :     10.29039479 Residual Norm: 0.00008376   converged                                     
               Excitation 75  :     10.29218878 Residual Norm: 0.00012822                                                 
                                                                                                                          
* Info * Processing 5 Fock builds...                                                                                      
                                                                                                                          
* Info * 440 gerade trial vectors in reduced space                                                                        
* Info * 440 ungerade trial vectors in reduced space                                                                      
                                                                                                                          
* Info * 266.88 kB of memory used for subspace procedure on the master node                                               
* Info * 362.85 GB of memory available for the solver on the master node                                                  
                                                                                                                          
               *** Iteration:   8 * Residuals (Max,Min): 6.40e-04 and 7.24e-06                                            
                                                                                                                          
               Excitation 1   :     10.07037526 Residual Norm: 0.00000771   converged                                     
               Excitation 2   :     10.10067945 Residual Norm: 0.00001944   converged                                     
               Excitation 3   :     10.10149191 Residual Norm: 0.00001198   converged                                     
               Excitation 4   :     10.10532104 Residual Norm: 0.00001822   converged                                     
               Excitation 5   :     10.11919252 Residual Norm: 0.00001510   converged                                     
               Excitation 6   :     10.12262598 Residual Norm: 0.00000724   converged                                     
               Excitation 7   :     10.13222003 Residual Norm: 0.00001620   converged                                     
               Excitation 8   :     10.13318157 Residual Norm: 0.00000904   converged                                     
               Excitation 9   :     10.13989476 Residual Norm: 0.00001500   converged                                     
               Excitation 10  :     10.15093853 Residual Norm: 0.00001440   converged                                     
               Excitation 11  :     10.15707053 Residual Norm: 0.00003837   converged                                     
               Excitation 12  :     10.15766961 Residual Norm: 0.00001272   converged                                     
               Excitation 13  :     10.16379245 Residual Norm: 0.00002357   converged                                     
               Excitation 14  :     10.16389143 Residual Norm: 0.00001368   converged                                     
               Excitation 15  :     10.17494444 Residual Norm: 0.00002981   converged                                     
               Excitation 16  :     10.17601274 Residual Norm: 0.00002078   converged                                     
               Excitation 17  :     10.17994956 Residual Norm: 0.00002470   converged                                     
               Excitation 18  :     10.18439106 Residual Norm: 0.00003079   converged                                     
               Excitation 19  :     10.18832774 Residual Norm: 0.00002852   converged                                     
               Excitation 20  :     10.19457552 Residual Norm: 0.00004482   converged                                     
               Excitation 21  :     10.20457732 Residual Norm: 0.00002584   converged                                     
               Excitation 22  :     10.20522252 Residual Norm: 0.00002250   converged                                     
               Excitation 23  :     10.21146330 Residual Norm: 0.00002822   converged                                     
               Excitation 24  :     10.21223030 Residual Norm: 0.00000973   converged                                     
               Excitation 25  :     10.21402211 Residual Norm: 0.00002354   converged                                     
               Excitation 26  :     10.21890626 Residual Norm: 0.00001386   converged                                     
               Excitation 27  :     10.22066398 Residual Norm: 0.00001812   converged                                     
               Excitation 28  :     10.22454861 Residual Norm: 0.00004718   converged                                     
               Excitation 29  :     10.22771259 Residual Norm: 0.00001969   converged                                     
               Excitation 30  :     10.22782557 Residual Norm: 0.00002321   converged                                     
               Excitation 31  :     10.22825592 Residual Norm: 0.00002310   converged                                     
               Excitation 32  :     10.22992948 Residual Norm: 0.00004396   converged                                     
               Excitation 33  :     10.23011813 Residual Norm: 0.00004987   converged                                     
               Excitation 34  :     10.23260729 Residual Norm: 0.00000873   converged                                     
               Excitation 35  :     10.23385674 Residual Norm: 0.00005759   converged                                     
               Excitation 36  :     10.23462676 Residual Norm: 0.00001295   converged                                     
               Excitation 37  :     10.23506661 Residual Norm: 0.00001049   converged                                     
               Excitation 38  :     10.23583219 Residual Norm: 0.00003381   converged                                     
               Excitation 39  :     10.23893712 Residual Norm: 0.00003493   converged                                     
               Excitation 40  :     10.24170065 Residual Norm: 0.00002036   converged                                     
               Excitation 41  :     10.24265698 Residual Norm: 0.00001584   converged                                     
               Excitation 42  :     10.24557709 Residual Norm: 0.00004147   converged                                     
               Excitation 43  :     10.24814304 Residual Norm: 0.00001494   converged                                     
               Excitation 44  :     10.24848780 Residual Norm: 0.00001988   converged                                     
               Excitation 45  :     10.25161392 Residual Norm: 0.00001827   converged                                     
               Excitation 46  :     10.25274982 Residual Norm: 0.00004741   converged                                     
               Excitation 47  :     10.25411062 Residual Norm: 0.00005887   converged                                     
               Excitation 48  :     10.25503350 Residual Norm: 0.00005642   converged                                     
               Excitation 49  :     10.25954819 Residual Norm: 0.00004124   converged                                     
               Excitation 50  :     10.25984556 Residual Norm: 0.00003454   converged                                     
               Excitation 51  :     10.26092082 Residual Norm: 0.00006211   converged                                     
               Excitation 52  :     10.26210346 Residual Norm: 0.00004856   converged                                     
               Excitation 53  :     10.26214408 Residual Norm: 0.00002885   converged                                     
               Excitation 54  :     10.26253440 Residual Norm: 0.00002355   converged                                     
               Excitation 55  :     10.26327553 Residual Norm: 0.00004095   converged                                     
               Excitation 56  :     10.26375084 Residual Norm: 0.00003081   converged                                     
               Excitation 57  :     10.26439250 Residual Norm: 0.00001599   converged                                     
               Excitation 58  :     10.26595857 Residual Norm: 0.00002699   converged                                     
               Excitation 59  :     10.26827749 Residual Norm: 0.00002274   converged                                     
               Excitation 60  :     10.27071268 Residual Norm: 0.00004582   converged                                     
               Excitation 61  :     10.27105634 Residual Norm: 0.00003510   converged                                     
               Excitation 62  :     10.27319306 Residual Norm: 0.00003775   converged                                     
               Excitation 63  :     10.28097607 Residual Norm: 0.00002027   converged                                     
               Excitation 64  :     10.28416794 Residual Norm: 0.00003847   converged                                     
               Excitation 65  :     10.28419440 Residual Norm: 0.00003173   converged                                     
               Excitation 66  :     10.28483780 Residual Norm: 0.00020173                                                 
               Excitation 67  :     10.28555177 Residual Norm: 0.00005499   converged                                     
               Excitation 68  :     10.28577370 Residual Norm: 0.00004290   converged                                     
               Excitation 69  :     10.28769635 Residual Norm: 0.00063961                                                 
               Excitation 70  :     10.28828748 Residual Norm: 0.00005208   converged                                     
               Excitation 71  :     10.28864095 Residual Norm: 0.00011548                                                 
               Excitation 72  :     10.28926388 Residual Norm: 0.00008398   converged                                     
               Excitation 73  :     10.28974770 Residual Norm: 0.00003260   converged                                     
               Excitation 74  :     10.29039479 Residual Norm: 0.00008376   converged                                     
               Excitation 75  :     10.29218877 Residual Norm: 0.00002623   converged                                     
                                                                                                                          
* Info * Processing 3 Fock builds...                                                                                      
                                                                                                                          
* Info * 443 gerade trial vectors in reduced space                                                                        
* Info * 443 ungerade trial vectors in reduced space                                                                      
                                                                                                                          
* Info * 268.51 kB of memory used for subspace procedure on the master node                                               
* Info * 363.66 GB of memory available for the solver on the master node                                                  
                                                                                                                          
               *** Iteration:   9 * Residuals (Max,Min): 1.50e-04 and 7.24e-06                                            
                                                                                                                          
               Excitation 1   :     10.07037526 Residual Norm: 0.00000771   converged                                     
               Excitation 2   :     10.10067945 Residual Norm: 0.00001944   converged                                     
               Excitation 3   :     10.10149191 Residual Norm: 0.00001197   converged                                     
               Excitation 4   :     10.10532104 Residual Norm: 0.00001822   converged                                     
               Excitation 5   :     10.11919252 Residual Norm: 0.00001510   converged                                     
               Excitation 6   :     10.12262598 Residual Norm: 0.00000724   converged                                     
               Excitation 7   :     10.13222003 Residual Norm: 0.00001620   converged                                     
               Excitation 8   :     10.13318157 Residual Norm: 0.00000862   converged                                     
               Excitation 9   :     10.13989476 Residual Norm: 0.00001500   converged                                     
               Excitation 10  :     10.15093853 Residual Norm: 0.00001440   converged                                     
               Excitation 11  :     10.15707053 Residual Norm: 0.00003837   converged                                     
               Excitation 12  :     10.15766961 Residual Norm: 0.00001298   converged                                     
               Excitation 13  :     10.16379245 Residual Norm: 0.00002357   converged                                     
               Excitation 14  :     10.16389143 Residual Norm: 0.00001368   converged                                     
               Excitation 15  :     10.17494444 Residual Norm: 0.00002983   converged                                     
               Excitation 16  :     10.17601274 Residual Norm: 0.00002078   converged                                     
               Excitation 17  :     10.17994956 Residual Norm: 0.00002470   converged                                     
               Excitation 18  :     10.18439106 Residual Norm: 0.00003082   converged                                     
               Excitation 19  :     10.18832774 Residual Norm: 0.00002852   converged                                     
               Excitation 20  :     10.19457552 Residual Norm: 0.00004482   converged                                     
               Excitation 21  :     10.20457732 Residual Norm: 0.00002584   converged                                     
               Excitation 22  :     10.20522252 Residual Norm: 0.00002250   converged                                     
               Excitation 23  :     10.21146330 Residual Norm: 0.00002883   converged                                     
               Excitation 24  :     10.21223030 Residual Norm: 0.00000963   converged                                     
               Excitation 25  :     10.21402211 Residual Norm: 0.00002354   converged                                     
               Excitation 26  :     10.21890626 Residual Norm: 0.00001393   converged                                     
               Excitation 27  :     10.22066398 Residual Norm: 0.00001812   converged                                     
               Excitation 28  :     10.22454861 Residual Norm: 0.00004718   converged                                     
               Excitation 29  :     10.22771259 Residual Norm: 0.00001970   converged                                     
               Excitation 30  :     10.22782557 Residual Norm: 0.00002321   converged                                     
               Excitation 31  :     10.22825592 Residual Norm: 0.00002310   converged                                     
               Excitation 32  :     10.22992948 Residual Norm: 0.00004395   converged                                     
               Excitation 33  :     10.23011813 Residual Norm: 0.00004987   converged                                     
               Excitation 34  :     10.23260729 Residual Norm: 0.00000851   converged                                     
               Excitation 35  :     10.23385674 Residual Norm: 0.00005760   converged                                     
               Excitation 36  :     10.23462676 Residual Norm: 0.00001268   converged                                     
               Excitation 37  :     10.23506661 Residual Norm: 0.00001049   converged                                     
               Excitation 38  :     10.23583219 Residual Norm: 0.00003381   converged                                     
               Excitation 39  :     10.23893712 Residual Norm: 0.00003493   converged                                     
               Excitation 40  :     10.24170065 Residual Norm: 0.00002036   converged                                     
               Excitation 41  :     10.24265698 Residual Norm: 0.00001584   converged                                     
               Excitation 42  :     10.24557709 Residual Norm: 0.00004147   converged                                     
               Excitation 43  :     10.24814304 Residual Norm: 0.00001495   converged                                     
               Excitation 44  :     10.24848780 Residual Norm: 0.00001988   converged                                     
               Excitation 45  :     10.25161392 Residual Norm: 0.00001823   converged                                     
               Excitation 46  :     10.25274982 Residual Norm: 0.00004687   converged                                     
               Excitation 47  :     10.25411062 Residual Norm: 0.00005886   converged                                     
               Excitation 48  :     10.25503350 Residual Norm: 0.00005572   converged                                     
               Excitation 49  :     10.25954819 Residual Norm: 0.00004124   converged                                     
               Excitation 50  :     10.25984556 Residual Norm: 0.00002477   converged                                     
               Excitation 51  :     10.26092082 Residual Norm: 0.00006211   converged                                     
               Excitation 52  :     10.26210346 Residual Norm: 0.00004876   converged                                     
               Excitation 53  :     10.26214408 Residual Norm: 0.00002885   converged                                     
               Excitation 54  :     10.26253440 Residual Norm: 0.00002367   converged                                     
               Excitation 55  :     10.26327553 Residual Norm: 0.00004098   converged                                     
               Excitation 56  :     10.26375084 Residual Norm: 0.00003081   converged                                     
               Excitation 57  :     10.26439250 Residual Norm: 0.00000960   converged                                     
               Excitation 58  :     10.26595857 Residual Norm: 0.00002699   converged                                     
               Excitation 59  :     10.26827749 Residual Norm: 0.00002274   converged                                     
               Excitation 60  :     10.27071268 Residual Norm: 0.00004582   converged                                     
               Excitation 61  :     10.27105634 Residual Norm: 0.00003510   converged                                     
               Excitation 62  :     10.27319306 Residual Norm: 0.00003775   converged                                     
               Excitation 63  :     10.28097607 Residual Norm: 0.00002027   converged                                     
               Excitation 64  :     10.28416794 Residual Norm: 0.00001918   converged                                     
               Excitation 65  :     10.28419440 Residual Norm: 0.00002945   converged                                     
               Excitation 66  :     10.28483779 Residual Norm: 0.00004952   converged                                     
               Excitation 67  :     10.28555177 Residual Norm: 0.00005503   converged                                     
               Excitation 68  :     10.28577370 Residual Norm: 0.00004289   converged                                     
               Excitation 69  :     10.28769625 Residual Norm: 0.00014998                                                 
               Excitation 70  :     10.28828748 Residual Norm: 0.00005208   converged                                     
               Excitation 71  :     10.28864095 Residual Norm: 0.00001357   converged                                     
               Excitation 72  :     10.28926388 Residual Norm: 0.00008398   converged                                     
               Excitation 73  :     10.28974770 Residual Norm: 0.00002979   converged                                     
               Excitation 74  :     10.29039479 Residual Norm: 0.00004876   converged                                     
               Excitation 75  :     10.29218877 Residual Norm: 0.00002380   converged                                     
                                                                                                                          
* Info * Processing 1 Fock build...                                                                                       
                                                                                                                          
* Info * 444 gerade trial vectors in reduced space                                                                        
* Info * 444 ungerade trial vectors in reduced space                                                                      
                                                                                                                          
* Info * 268.89 kB of memory used for subspace procedure on the master node                                               
* Info * 363.70 GB of memory available for the solver on the master node                                                  
                                                                                                                          
               *** Iteration:   10 * Residuals (Max,Min): 8.40e-05 and 7.24e-06                                           
                                                                                                                          
               Excitation 1   :     10.07037526 Residual Norm: 0.00000771   converged                                     
               Excitation 2   :     10.10067945 Residual Norm: 0.00001944   converged                                     
               Excitation 3   :     10.10149191 Residual Norm: 0.00001197   converged                                     
               Excitation 4   :     10.10532104 Residual Norm: 0.00001822   converged                                     
               Excitation 5   :     10.11919252 Residual Norm: 0.00001510   converged                                     
               Excitation 6   :     10.12262598 Residual Norm: 0.00000724   converged                                     
               Excitation 7   :     10.13222003 Residual Norm: 0.00001620   converged                                     
               Excitation 8   :     10.13318157 Residual Norm: 0.00000862   converged                                     
               Excitation 9   :     10.13989476 Residual Norm: 0.00001500   converged                                     
               Excitation 10  :     10.15093853 Residual Norm: 0.00001440   converged                                     
               Excitation 11  :     10.15707053 Residual Norm: 0.00003836   converged                                     
               Excitation 12  :     10.15766961 Residual Norm: 0.00001309   converged                                     
               Excitation 13  :     10.16379245 Residual Norm: 0.00002357   converged                                     
               Excitation 14  :     10.16389143 Residual Norm: 0.00001368   converged                                     
               Excitation 15  :     10.17494444 Residual Norm: 0.00002983   converged                                     
               Excitation 16  :     10.17601274 Residual Norm: 0.00002078   converged                                     
               Excitation 17  :     10.17994956 Residual Norm: 0.00002470   converged                                     
               Excitation 18  :     10.18439106 Residual Norm: 0.00003082   converged                                     
               Excitation 19  :     10.18832774 Residual Norm: 0.00002852   converged                                     
               Excitation 20  :     10.19457552 Residual Norm: 0.00004482   converged                                     
               Excitation 21  :     10.20457732 Residual Norm: 0.00002584   converged                                     
               Excitation 22  :     10.20522252 Residual Norm: 0.00002250   converged                                     
               Excitation 23  :     10.21146330 Residual Norm: 0.00002883   converged                                     
               Excitation 24  :     10.21223030 Residual Norm: 0.00000963   converged                                     
               Excitation 25  :     10.21402211 Residual Norm: 0.00002354   converged                                     
               Excitation 26  :     10.21890626 Residual Norm: 0.00001393   converged                                     
               Excitation 27  :     10.22066398 Residual Norm: 0.00001812   converged                                     
               Excitation 28  :     10.22454861 Residual Norm: 0.00004718   converged                                     
               Excitation 29  :     10.22771259 Residual Norm: 0.00001970   converged                                     
               Excitation 30  :     10.22782557 Residual Norm: 0.00002321   converged                                     
               Excitation 31  :     10.22825592 Residual Norm: 0.00002310   converged                                     
               Excitation 32  :     10.22992948 Residual Norm: 0.00004395   converged                                     
               Excitation 33  :     10.23011813 Residual Norm: 0.00004987   converged                                     
               Excitation 34  :     10.23260729 Residual Norm: 0.00000851   converged                                     
               Excitation 35  :     10.23385674 Residual Norm: 0.00005760   converged                                     
               Excitation 36  :     10.23462676 Residual Norm: 0.00001268   converged                                     
               Excitation 37  :     10.23506661 Residual Norm: 0.00001049   converged                                     
               Excitation 38  :     10.23583219 Residual Norm: 0.00003381   converged                                     
               Excitation 39  :     10.23893712 Residual Norm: 0.00003493   converged                                     
               Excitation 40  :     10.24170065 Residual Norm: 0.00002036   converged                                     
               Excitation 41  :     10.24265698 Residual Norm: 0.00001584   converged                                     
               Excitation 42  :     10.24557709 Residual Norm: 0.00004147   converged                                     
               Excitation 43  :     10.24814304 Residual Norm: 0.00001495   converged                                     
               Excitation 44  :     10.24848780 Residual Norm: 0.00001988   converged                                     
               Excitation 45  :     10.25161392 Residual Norm: 0.00001823   converged                                     
               Excitation 46  :     10.25274982 Residual Norm: 0.00004687   converged                                     
               Excitation 47  :     10.25411062 Residual Norm: 0.00005886   converged                                     
               Excitation 48  :     10.25503350 Residual Norm: 0.00005572   converged                                     
               Excitation 49  :     10.25954819 Residual Norm: 0.00004124   converged                                     
               Excitation 50  :     10.25984556 Residual Norm: 0.00002459   converged                                     
               Excitation 51  :     10.26092082 Residual Norm: 0.00006210   converged                                     
               Excitation 52  :     10.26210346 Residual Norm: 0.00004876   converged                                     
               Excitation 53  :     10.26214408 Residual Norm: 0.00002885   converged                                     
               Excitation 54  :     10.26253440 Residual Norm: 0.00002367   converged                                     
               Excitation 55  :     10.26327553 Residual Norm: 0.00004098   converged                                     
               Excitation 56  :     10.26375084 Residual Norm: 0.00003081   converged                                     
               Excitation 57  :     10.26439250 Residual Norm: 0.00000904   converged                                     
               Excitation 58  :     10.26595857 Residual Norm: 0.00002699   converged                                     
               Excitation 59  :     10.26827749 Residual Norm: 0.00002274   converged                                     
               Excitation 60  :     10.27071268 Residual Norm: 0.00004582   converged                                     
               Excitation 61  :     10.27105634 Residual Norm: 0.00003510   converged                                     
               Excitation 62  :     10.27319306 Residual Norm: 0.00003775   converged                                     
               Excitation 63  :     10.28097607 Residual Norm: 0.00002027   converged                                     
               Excitation 64  :     10.28416794 Residual Norm: 0.00001918   converged                                     
               Excitation 65  :     10.28419440 Residual Norm: 0.00002945   converged                                     
               Excitation 66  :     10.28483779 Residual Norm: 0.00002231   converged                                     
               Excitation 67  :     10.28555177 Residual Norm: 0.00005503   converged                                     
               Excitation 68  :     10.28577370 Residual Norm: 0.00004289   converged                                     
               Excitation 69  :     10.28769625 Residual Norm: 0.00002645   converged                                     
               Excitation 70  :     10.28828748 Residual Norm: 0.00005208   converged                                     
               Excitation 71  :     10.28864095 Residual Norm: 0.00001357   converged                                     
               Excitation 72  :     10.28926388 Residual Norm: 0.00008398   converged                                     
               Excitation 73  :     10.28974770 Residual Norm: 0.00002979   converged                                     
               Excitation 74  :     10.29039479 Residual Norm: 0.00004876   converged                                     
               Excitation 75  :     10.29218877 Residual Norm: 0.00002380   converged                                     
                                                                                                                          
* Info * Checkpoint written to file: 0078_c1s_rsp.h5                                                                      
                                                                                                                          
* Info * Time spent in writing checkpoint file: 1.25 sec                                                                  
                                                                                                                          
               *** Linear response converged in 10 iterations. Time: 1319.22 sec                                          
                                                                                                                          
                                                                                                                          
* Info * Response solution vectors written to file: 0078_c1s.h5                                                           
                                                                                                                          
               Electric Transition Dipole Moments (dipole length, a.u.)                                                   
               --------------------------------------------------------                                                   
                                                X            Y            Z                                               
               Excited State    S1:      0.002494    -0.011644     0.075252                                               
               Excited State    S2:     -0.010803    -0.002525    -0.027933                                               
               Excited State    S3:      0.008976     0.003233     0.096852                                               
               Excited State    S4:     -0.004331     0.003291    -0.074060                                               
               Excited State    S5:     -0.003858     0.002668     0.054714                                               
               Excited State    S6:     -0.001177    -0.000795     0.002388                                               
               Excited State    S7:      0.008542     0.000258     0.031362                                               
               Excited State    S8:      0.000273    -0.000487    -0.028332                                               
               Excited State    S9:      0.001855     0.005657    -0.033100                                               
               Excited State   S10:      0.007589    -0.002881    -0.014932                                               
               Excited State   S11:     -0.003976    -0.002969     0.064031                                               
               Excited State   S12:     -0.008002     0.000398     0.095629                                               
               Excited State   S13:      0.002589    -0.019472    -0.003415                                               
               Excited State   S14:     -0.002294     0.003349     0.005641                                               
               Excited State   S15:     -0.020150     0.019171    -0.000981                                               
               Excited State   S16:     -0.039777    -0.016088     0.008327                                               
               Excited State   S17:      0.006131    -0.003217    -0.049830                                               
               Excited State   S18:      0.004863    -0.041266     0.000256                                               
               Excited State   S19:      0.001450    -0.007647    -0.003412                                               
               Excited State   S20:      0.001149    -0.005299    -0.001427                                               
               Excited State   S21:     -0.003078     0.002579    -0.000889                                               
               Excited State   S22:     -0.001140     0.017498     0.004079                                               
               Excited State   S23:     -0.002807    -0.002831    -0.009085                                               
               Excited State   S24:      0.015597    -0.023286     0.003433                                               
               Excited State   S25:      0.019213     0.010475    -0.009438                                               
               Excited State   S26:     -0.002893    -0.002524     0.000062                                               
               Excited State   S27:      0.002238     0.002951     0.004176                                               
               Excited State   S28:     -0.004502    -0.009046    -0.003048                                               
               Excited State   S29:      0.001241     0.019099    -0.001020                                               
               Excited State   S30:     -0.007877    -0.016269    -0.005404                                               
               Excited State   S31:     -0.033421    -0.014893    -0.012420                                               
               Excited State   S32:     -0.004290    -0.001393    -0.016551                                               
               Excited State   S33:      0.001511     0.001934     0.012523                                               
               Excited State   S34:     -0.000086     0.002752     0.012330                                               
               Excited State   S35:     -0.006144    -0.002744    -0.004660                                               
               Excited State   S36:     -0.007172     0.001211     0.012162                                               
               Excited State   S37:     -0.007993    -0.007162     0.002534                                               
               Excited State   S38:     -0.000116     0.003236    -0.015647                                               
               Excited State   S39:      0.001754    -0.000477     0.015391                                               
               Excited State   S40:      0.001407    -0.003070    -0.004357                                               
               Excited State   S41:      0.002631     0.001370     0.000247                                               
               Excited State   S42:     -0.034507    -0.017970    -0.005348                                               
               Excited State   S43:      0.005504    -0.005053    -0.002308                                               
               Excited State   S44:      0.012426    -0.005937     0.000374                                               
               Excited State   S45:      0.007456     0.002560    -0.018688                                               
               Excited State   S46:      0.000686     0.000609    -0.013188                                               
               Excited State   S47:      0.001048     0.002461    -0.032177                                               
               Excited State   S48:     -0.012449     0.001815    -0.012564                                               
               Excited State   S49:     -0.007737    -0.001676    -0.021569                                               
               Excited State   S50:      0.033816    -0.007476     0.002533                                               
               Excited State   S51:     -0.009860     0.001410     0.007037                                               
               Excited State   S52:      0.004288    -0.004280    -0.004394                                               
               Excited State   S53:     -0.002337    -0.011712     0.004450                                               
               Excited State   S54:     -0.001941    -0.001676    -0.003077                                               
               Excited State   S55:     -0.002224     0.001832    -0.009184                                               
               Excited State   S56:      0.005175     0.008868     0.000770                                               
               Excited State   S57:     -0.018652     0.001398     0.000579                                               
               Excited State   S58:      0.009736    -0.007289     0.002007                                               
               Excited State   S59:     -0.006277    -0.002448    -0.002308                                               
               Excited State   S60:     -0.009751    -0.007788     0.003014                                               
               Excited State   S61:     -0.010044     0.006272    -0.001291                                               
               Excited State   S62:      0.002776     0.000568     0.001521                                               
               Excited State   S63:     -0.017274    -0.009456    -0.004268                                               
               Excited State   S64:     -0.020581    -0.001666     0.012127                                               
               Excited State   S65:     -0.006085     0.003133    -0.009287                                               
               Excited State   S66:     -0.005049    -0.006843    -0.015032                                               
               Excited State   S67:      0.009916    -0.016203    -0.001722                                               
               Excited State   S68:      0.013408     0.009204    -0.021493                                               
               Excited State   S69:      0.012084     0.020032     0.002795                                               
               Excited State   S70:      0.006019     0.004166    -0.014567                                               
               Excited State   S71:     -0.005211     0.004125    -0.002430                                               
               Excited State   S72:      0.001154    -0.000573     0.006389                                               
               Excited State   S73:     -0.010227    -0.004776    -0.011431                                               
               Excited State   S74:     -0.005827    -0.004669    -0.017331                                               
               Excited State   S75:     -0.009768    -0.000572    -0.001341                                               
                                                                                                                          
               Electric Transition Dipole Moments (dipole velocity, a.u.)                                                 
               ----------------------------------------------------------                                                 
                                                X            Y            Z                                               
               Excited State    S1:      0.002467    -0.011486     0.074204                                               
               Excited State    S2:     -0.010669    -0.002491    -0.027531                                               
               Excited State    S3:      0.008871     0.003191     0.095502                                               
               Excited State    S4:     -0.004273     0.003247    -0.073025                                               
               Excited State    S5:     -0.003801     0.002626     0.053994                                               
               Excited State    S6:     -0.001152    -0.000777     0.002363                                               
               Excited State    S7:      0.008434     0.000254     0.030937                                               
               Excited State    S8:      0.000274    -0.000483    -0.027949                                               
               Excited State    S9:      0.001847     0.005620    -0.032662                                               
               Excited State   S10:      0.007542    -0.002855    -0.014746                                               
               Excited State   S11:     -0.003953    -0.002927     0.063192                                               
               Excited State   S12:     -0.007915     0.000375     0.094311                                               
               Excited State   S13:      0.002535    -0.019435    -0.003426                                               
               Excited State   S14:     -0.002291     0.003330     0.005575                                               
               Excited State   S15:     -0.020114     0.019096    -0.001012                                               
               Excited State   S16:     -0.039604    -0.016030     0.008369                                               
               Excited State   S17:      0.006085    -0.003182    -0.049180                                               
               Excited State   S18:      0.004914    -0.041094     0.000276                                               
               Excited State   S19:      0.001372    -0.007597    -0.003428                                               
               Excited State   S20:      0.001080    -0.005281    -0.001376                                               
               Excited State   S21:     -0.003003     0.002547    -0.000826                                               
               Excited State   S22:     -0.001127     0.017469     0.004129                                               
               Excited State   S23:     -0.002836    -0.002842    -0.008959                                               
               Excited State   S24:      0.015599    -0.023047     0.003273                                               
               Excited State   S25:      0.019104     0.010449    -0.009285                                               
               Excited State   S26:     -0.002693    -0.002317     0.000022                                               
               Excited State   S27:      0.002109     0.003122     0.004034                                               
               Excited State   S28:     -0.004452    -0.008967    -0.003017                                               
               Excited State   S29:      0.001275     0.019026    -0.000922                                               
               Excited State   S30:     -0.007734    -0.016073    -0.005303                                               
               Excited State   S31:     -0.033197    -0.014720    -0.012353                                               
               Excited State   S32:     -0.004295    -0.001407    -0.016362                                               
               Excited State   S33:      0.001478     0.001913     0.012518                                               
               Excited State   S34:      0.000096     0.002680     0.012224                                               
               Excited State   S35:     -0.006031    -0.002697    -0.004595                                               
               Excited State   S36:     -0.007331     0.001183     0.012041                                               
               Excited State   S37:     -0.007925    -0.007085     0.002497                                               
               Excited State   S38:     -0.000290     0.003225    -0.015642                                               
               Excited State   S39:      0.001661    -0.000463     0.015174                                               
               Excited State   S40:      0.001164    -0.003079    -0.004194                                               
               Excited State   S41:      0.002441     0.001437     0.000292                                               
               Excited State   S42:     -0.034240    -0.017782    -0.005238                                               
               Excited State   S43:      0.005346    -0.004857    -0.002348                                               
               Excited State   S44:      0.012267    -0.005891     0.000323                                               
               Excited State   S45:      0.007464     0.002462    -0.018507                                               
               Excited State   S46:      0.000762     0.000725    -0.013103                                               
               Excited State   S47:      0.001157     0.002268    -0.032124                                               
               Excited State   S48:     -0.012383     0.001688    -0.012504                                               
               Excited State   S49:     -0.007759    -0.001586    -0.021372                                               
               Excited State   S50:      0.033550    -0.007413     0.002597                                               
               Excited State   S51:     -0.009952     0.001236     0.007271                                               
               Excited State   S52:      0.004056    -0.004289    -0.004314                                               
               Excited State   S53:     -0.002128    -0.011482     0.004404                                               
               Excited State   S54:     -0.001977    -0.001662    -0.003055                                               
               Excited State   S55:     -0.002212     0.001753    -0.009134                                               
               Excited State   S56:      0.005059     0.008772     0.000858                                               
               Excited State   S57:     -0.018486     0.001398     0.000449                                               
               Excited State   S58:      0.009581    -0.007020     0.002219                                               
               Excited State   S59:     -0.006304    -0.002284    -0.002343                                               
               Excited State   S60:     -0.009700    -0.007674     0.002984                                               
               Excited State   S61:     -0.010108     0.006364    -0.001271                                               
               Excited State   S62:      0.002824     0.000528     0.001464                                               
               Excited State   S63:     -0.017016    -0.009361    -0.004324                                               
               Excited State   S64:     -0.020279    -0.001722     0.011993                                               
               Excited State   S65:     -0.005953     0.003041    -0.009102                                               
               Excited State   S66:     -0.005056    -0.006737    -0.014855                                               
               Excited State   S67:      0.009686    -0.016060    -0.001517                                               
               Excited State   S68:      0.013163     0.008937    -0.021158                                               
               Excited State   S69:      0.012046     0.019818     0.002858                                               
               Excited State   S70:      0.005897     0.004156    -0.014480                                               
               Excited State   S71:     -0.005198     0.003721    -0.002408                                               
               Excited State   S72:      0.001244    -0.000416     0.006319                                               
               Excited State   S73:     -0.010088    -0.004728    -0.011463                                               
               Excited State   S74:     -0.005747    -0.004555    -0.017062                                               
               Excited State   S75:     -0.009586    -0.000898    -0.001305                                               
                                                                                                                          
               Magnetic Transition Dipole Moments (a.u.)                                                                  
               -----------------------------------------                                                                  
                                                X            Y            Z                                               
               Excited State    S1:      1.032794    -0.614713    -0.129344                                               
               Excited State    S2:     -0.667300     0.541392     0.047162                                               
               Excited State    S3:     -0.169752    -1.905893     0.033937                                               
               Excited State    S4:      0.984659     0.678304    -0.024524                                               
               Excited State    S5:      0.325228     0.109469     0.018192                                               
               Excited State    S6:      0.006890     0.006665     0.005809                                               
               Excited State    S7:      0.213728    -0.606124    -0.055359                                               
               Excited State    S8:      0.201436     0.559339    -0.014998                                               
               Excited State    S9:     -0.182300    -0.061550    -0.021397                                               
               Excited State   S10:      0.172986     0.112621     0.072897                                               
               Excited State   S11:     -0.520191    -0.105655    -0.025508                                               
               Excited State   S12:     -0.051971     1.867694    -0.020065                                               
               Excited State   S13:     -0.029985     0.032054    -0.185900                                               
               Excited State   S14:     -0.031345     0.018651    -0.021501                                               
               Excited State   S15:     -0.015372     0.027742     0.153619                                               
               Excited State   S16:      0.051215    -0.152588    -0.122061                                               
               Excited State   S17:     -0.282395    -0.110793    -0.027052                                               
               Excited State   S18:     -0.003261     0.000864    -0.339171                                               
               Excited State   S19:     -0.027656     0.011778    -0.081858                                               
               Excited State   S20:     -0.018881     0.018620    -0.061862                                               
               Excited State   S21:     -0.008736    -0.000339     0.011096                                               
               Excited State   S22:      0.044218    -0.036100     0.156676                                               
               Excited State   S23:      0.073696     0.157705     0.088854                                               
               Excited State   S24:      0.009165    -0.097284    -0.156503                                               
               Excited State   S25:     -0.072344     0.177974     0.094072                                               
               Excited State   S26:     -0.006413    -0.000413    -0.067067                                               
               Excited State   S27:      0.031877    -0.077166     0.034360                                               
               Excited State   S28:     -0.035198     0.021368    -0.017657                                               
               Excited State   S29:      0.008140     0.006216     0.211748                                               
               Excited State   S30:      0.072715    -0.031043    -0.150850                                               
               Excited State   S31:      0.083636    -0.054629    -0.124739                                               
               Excited State   S32:      0.209091     0.171328    -0.063096                                               
               Excited State   S33:      0.175400    -0.102909    -0.012858                                               
               Excited State   S34:     -0.062233    -0.262393     0.033277                                               
               Excited State   S35:     -0.023467     0.094615     0.002907                                               
               Excited State   S36:     -0.081560    -0.250169     0.001034                                               
               Excited State   S37:     -0.021283    -0.002541    -0.040320                                               
               Excited State   S38:     -0.221038     0.129354     0.029126                                               
               Excited State   S39:      0.213914    -0.121414    -0.027413                                               
               Excited State   S40:     -0.036605     0.074795    -0.073705                                               
               Excited State   S41:      0.010867    -0.003702    -0.059556                                               
               Excited State   S42:      0.050335    -0.044949    -0.192447                                               
               Excited State   S43:      0.032103     0.019177     0.041269                                               
               Excited State   S44:      0.000895     0.003197    -0.058756                                               
               Excited State   S45:     -0.163477     0.351569    -0.005840                                               
               Excited State   S46:     -0.018843     0.348340     0.008305                                               
               Excited State   S47:      0.402962     0.344581     0.024983                                               
               Excited State   S48:      0.128195     0.215151    -0.058067                                               
               Excited State   S49:     -0.147017     0.422285     0.010289                                               
               Excited State   S50:     -0.001296     0.054169     0.155878                                               
               Excited State   S51:      0.052294     0.008123     0.054577                                               
               Excited State   S52:      0.054795     0.067248    -0.056488                                               
               Excited State   S53:      0.076865    -0.039607    -0.063848                                               
               Excited State   S54:      0.032439     0.025192    -0.003456                                               
               Excited State   S55:     -0.055781     0.182034     0.061541                                               
               Excited State   S56:      0.007633    -0.004050     0.018287                                               
               Excited State   S57:      0.000343     0.013978    -0.025324                                               
               Excited State   S58:      0.017599     0.004424    -0.049185                                               
               Excited State   S59:     -0.016495    -0.003256     0.043470                                               
               Excited State   S60:      0.049599    -0.033112     0.075571                                               
               Excited State   S61:      0.019337     0.009271    -0.070576                                               
               Excited State   S62:     -0.009988     0.007206     0.024184                                               
               Excited State   S63:      0.038632    -0.026856    -0.098150                                               
               Excited State   S64:     -0.011716    -0.182153    -0.188128                                               
               Excited State   S65:     -0.203149     0.031367    -0.068818                                               
               Excited State   S66:     -0.005295    -0.332246     0.153280                                               
               Excited State   S67:     -0.011231     0.016227    -0.018522                                               
               Excited State   S68:     -0.149051     0.406232     0.084197                                               
               Excited State   S69:      0.004815     0.061032    -0.449263                                               
               Excited State   S70:      0.095089    -0.025376     0.033397                                               
               Excited State   S71:      0.026416     0.047518     0.015975                                               
               Excited State   S72:      0.086301    -0.036711    -0.043701                                               
               Excited State   S73:     -0.132083     0.221593    -0.018944                                               
               Excited State   S74:      0.044685     0.350645    -0.095711                                               
               Excited State   S75:     -0.012396     0.001456     0.075667                                               
                                                                                                                          
               One-Photon Absorption                                                                                      
               ---------------------                                                                                      
               Excited State    S1:     10.07037526 a.u.    274.02887 eV    Osc.Str.    0.0390                            
               Excited State    S2:     10.10067945 a.u.    274.85349 eV    Osc.Str.    0.0061                            
               Excited State    S3:     10.10149191 a.u.    274.87560 eV    Osc.Str.    0.0638                            
               Excited State    S4:     10.10532104 a.u.    274.97979 eV    Osc.Str.    0.0372                            
               Excited State    S5:     10.11919252 a.u.    275.35726 eV    Osc.Str.    0.0203                            
               Excited State    S6:     10.12262598 a.u.    275.45069 eV    Osc.Str.    0.0001                            
               Excited State    S7:     10.13222003 a.u.    275.71175 eV    Osc.Str.    0.0071                            
               Excited State    S8:     10.13318157 a.u.    275.73792 eV    Osc.Str.    0.0054                            
               Excited State    S9:     10.13989476 a.u.    275.92059 eV    Osc.Str.    0.0076                            
               Excited State   S10:     10.15093853 a.u.    276.22111 eV    Osc.Str.    0.0020                            
               Excited State   S11:     10.15707053 a.u.    276.38797 eV    Osc.Str.    0.0279                            
               Excited State   S12:     10.15766961 a.u.    276.40427 eV    Osc.Str.    0.0624                            
               Excited State   S13:     10.16379245 a.u.    276.57088 eV    Osc.Str.    0.0027                            
               Excited State   S14:     10.16389143 a.u.    276.57358 eV    Osc.Str.    0.0003                            
               Excited State   S15:     10.17494444 a.u.    276.87434 eV    Osc.Str.    0.0053                            
               Excited State   S16:     10.17601274 a.u.    276.90341 eV    Osc.Str.    0.0130                            
               Excited State   S17:     10.17994956 a.u.    277.01054 eV    Osc.Str.    0.0172                            
               Excited State   S18:     10.18439106 a.u.    277.13140 eV    Osc.Str.    0.0117                            
               Excited State   S19:     10.18832774 a.u.    277.23852 eV    Osc.Str.    0.0005                            
               Excited State   S20:     10.19457552 a.u.    277.40853 eV    Osc.Str.    0.0002                            
               Excited State   S21:     10.20457732 a.u.    277.68069 eV    Osc.Str.    0.0001                            
               Excited State   S22:     10.20522252 a.u.    277.69825 eV    Osc.Str.    0.0022                            
               Excited State   S23:     10.21146330 a.u.    277.86807 eV    Osc.Str.    0.0007                            
               Excited State   S24:     10.21223030 a.u.    277.88894 eV    Osc.Str.    0.0054                            
               Excited State   S25:     10.21402211 a.u.    277.93770 eV    Osc.Str.    0.0039                            
               Excited State   S26:     10.21890626 a.u.    278.07061 eV    Osc.Str.    0.0001                            
               Excited State   S27:     10.22066398 a.u.    278.11844 eV    Osc.Str.    0.0002                            
               Excited State   S28:     10.22454861 a.u.    278.22414 eV    Osc.Str.    0.0008                            
               Excited State   S29:     10.22771259 a.u.    278.31024 eV    Osc.Str.    0.0025                            
               Excited State   S30:     10.22782557 a.u.    278.31331 eV    Osc.Str.    0.0024                            
               Excited State   S31:     10.22825592 a.u.    278.32502 eV    Osc.Str.    0.0102                            
               Excited State   S32:     10.22992948 a.u.    278.37056 eV    Osc.Str.    0.0020                            
               Excited State   S33:     10.23011813 a.u.    278.37570 eV    Osc.Str.    0.0011                            
               Excited State   S34:     10.23260729 a.u.    278.44343 eV    Osc.Str.    0.0011                            
               Excited State   S35:     10.23385674 a.u.    278.47743 eV    Osc.Str.    0.0005                            
               Excited State   S36:     10.23462676 a.u.    278.49838 eV    Osc.Str.    0.0014                            
               Excited State   S37:     10.23506661 a.u.    278.51035 eV    Osc.Str.    0.0008                            
               Excited State   S38:     10.23583219 a.u.    278.53118 eV    Osc.Str.    0.0017                            
               Excited State   S39:     10.23893712 a.u.    278.61567 eV    Osc.Str.    0.0016                            
               Excited State   S40:     10.24170065 a.u.    278.69087 eV    Osc.Str.    0.0002                            
               Excited State   S41:     10.24265698 a.u.    278.71690 eV    Osc.Str.    0.0001                            
               Excited State   S42:     10.24557709 a.u.    278.79636 eV    Osc.Str.    0.0105                            
               Excited State   S43:     10.24814304 a.u.    278.86618 eV    Osc.Str.    0.0004                            
               Excited State   S44:     10.24848780 a.u.    278.87556 eV    Osc.Str.    0.0013                            
               Excited State   S45:     10.25161392 a.u.    278.96063 eV    Osc.Str.    0.0028                            
               Excited State   S46:     10.25274982 a.u.    278.99154 eV    Osc.Str.    0.0012                            
               Excited State   S47:     10.25411062 a.u.    279.02856 eV    Osc.Str.    0.0071                            
               Excited State   S48:     10.25503350 a.u.    279.05368 eV    Osc.Str.    0.0022                            
               Excited State   S49:     10.25954819 a.u.    279.17653 eV    Osc.Str.    0.0036                            
               Excited State   S50:     10.25984556 a.u.    279.18462 eV    Osc.Str.    0.0082                            
               Excited State   S51:     10.26092082 a.u.    279.21388 eV    Osc.Str.    0.0010                            
               Excited State   S52:     10.26210346 a.u.    279.24606 eV    Osc.Str.    0.0004                            
               Excited State   S53:     10.26214408 a.u.    279.24717 eV    Osc.Str.    0.0011                            
               Excited State   S54:     10.26253440 a.u.    279.25779 eV    Osc.Str.    0.0001                            
               Excited State   S55:     10.26327553 a.u.    279.27795 eV    Osc.Str.    0.0006                            
               Excited State   S56:     10.26375084 a.u.    279.29089 eV    Osc.Str.    0.0007                            
               Excited State   S57:     10.26439250 a.u.    279.30835 eV    Osc.Str.    0.0024                            
               Excited State   S58:     10.26595857 a.u.    279.35096 eV    Osc.Str.    0.0010                            
               Excited State   S59:     10.26827749 a.u.    279.41406 eV    Osc.Str.    0.0003                            
               Excited State   S60:     10.27071268 a.u.    279.48033 eV    Osc.Str.    0.0011                            
               Excited State   S61:     10.27105634 a.u.    279.48968 eV    Osc.Str.    0.0010                            
               Excited State   S62:     10.27319306 a.u.    279.54782 eV    Osc.Str.    0.0001                            
               Excited State   S63:     10.28097607 a.u.    279.75961 eV    Osc.Str.    0.0028                            
               Excited State   S64:     10.28416794 a.u.    279.84647 eV    Osc.Str.    0.0039                            
               Excited State   S65:     10.28419440 a.u.    279.84719 eV    Osc.Str.    0.0009                            
               Excited State   S66:     10.28483779 a.u.    279.86469 eV    Osc.Str.    0.0020                            
               Excited State   S67:     10.28555177 a.u.    279.88412 eV    Osc.Str.    0.0025                            
               Excited State   S68:     10.28577370 a.u.    279.89016 eV    Osc.Str.    0.0050                            
               Excited State   S69:     10.28769625 a.u.    279.94248 eV    Osc.Str.    0.0038                            
               Excited State   S70:     10.28828748 a.u.    279.95856 eV    Osc.Str.    0.0018                            
               Excited State   S71:     10.28864095 a.u.    279.96818 eV    Osc.Str.    0.0003                            
               Excited State   S72:     10.28926388 a.u.    279.98513 eV    Osc.Str.    0.0003                            
               Excited State   S73:     10.28974770 a.u.    279.99830 eV    Osc.Str.    0.0018                            
               Excited State   S74:     10.29039479 a.u.    280.01591 eV    Osc.Str.    0.0024                            
               Excited State   S75:     10.29218877 a.u.    280.06472 eV    Osc.Str.    0.0007                            
                                                                                                                          
               Electronic Circular Dichroism                                                                              
               -----------------------------                                                                              
               Excited State    S1:     Rot.Str.      0.000011 a.u.     0.0053 [10**(-40) cgs]                            
               Excited State    S2:     Rot.Str.      0.004473 a.u.     2.1086 [10**(-40) cgs]                            
               Excited State    S3:     Rot.Str.     -0.004347 a.u.    -2.0495 [10**(-40) cgs]                            
               Excited State    S4:     Rot.Str.     -0.000214 a.u.    -0.1008 [10**(-40) cgs]                            
               Excited State    S5:     Rot.Str.      0.000034 a.u.     0.0158 [10**(-40) cgs]                            
               Excited State    S6:     Rot.Str.      0.000001 a.u.     0.0003 [10**(-40) cgs]                            
               Excited State    S7:     Rot.Str.     -0.000064 a.u.    -0.0303 [10**(-40) cgs]                            
               Excited State    S8:     Rot.Str.      0.000204 a.u.     0.0962 [10**(-40) cgs]                            
               Excited State    S9:     Rot.Str.      0.000016 a.u.     0.0077 [10**(-40) cgs]                            
               Excited State   S10:     Rot.Str.     -0.000092 a.u.    -0.0433 [10**(-40) cgs]                            
               Excited State   S11:     Rot.Str.      0.000754 a.u.     0.3553 [10**(-40) cgs]                            
               Excited State   S12:     Rot.Str.     -0.000780 a.u.    -0.3677 [10**(-40) cgs]                            
               Excited State   S13:     Rot.Str.     -0.000062 a.u.    -0.0292 [10**(-40) cgs]                            
               Excited State   S14:     Rot.Str.      0.000014 a.u.     0.0066 [10**(-40) cgs]                            
               Excited State   S15:     Rot.Str.      0.000683 a.u.     0.3222 [10**(-40) cgs]                            
               Excited State   S16:     Rot.Str.     -0.000604 a.u.    -0.2847 [10**(-40) cgs]                            
               Excited State   S17:     Rot.Str.     -0.000035 a.u.    -0.0167 [10**(-40) cgs]                            
               Excited State   S18:     Rot.Str.     -0.000145 a.u.    -0.0685 [10**(-40) cgs]                            
               Excited State   S19:     Rot.Str.      0.000153 a.u.     0.0722 [10**(-40) cgs]                            
               Excited State   S20:     Rot.Str.     -0.000034 a.u.    -0.0158 [10**(-40) cgs]                            
               Excited State   S21:     Rot.Str.      0.000016 a.u.     0.0076 [10**(-40) cgs]                            
               Excited State   S22:     Rot.Str.     -0.000034 a.u.    -0.0158 [10**(-40) cgs]                            
               Excited State   S23:     Rot.Str.     -0.001453 a.u.    -0.6852 [10**(-40) cgs]                            
               Excited State   S24:     Rot.Str.      0.001873 a.u.     0.8829 [10**(-40) cgs]                            
               Excited State   S25:     Rot.Str.     -0.000396 a.u.    -0.1866 [10**(-40) cgs]                            
               Excited State   S26:     Rot.Str.      0.000017 a.u.     0.0079 [10**(-40) cgs]                            
               Excited State   S27:     Rot.Str.     -0.000035 a.u.    -0.0165 [10**(-40) cgs]                            
               Excited State   S28:     Rot.Str.      0.000018 a.u.     0.0087 [10**(-40) cgs]                            
               Excited State   S29:     Rot.Str.     -0.000067 a.u.    -0.0314 [10**(-40) cgs]                            
               Excited State   S30:     Rot.Str.      0.000736 a.u.     0.3472 [10**(-40) cgs]                            
               Excited State   S31:     Rot.Str.     -0.000431 a.u.    -0.2034 [10**(-40) cgs]                            
               Excited State   S32:     Rot.Str.     -0.000107 a.u.    -0.0504 [10**(-40) cgs]                            
               Excited State   S33:     Rot.Str.     -0.000099 a.u.    -0.0465 [10**(-40) cgs]                            
               Excited State   S34:     Rot.Str.     -0.000302 a.u.    -0.1426 [10**(-40) cgs]                            
               Excited State   S35:     Rot.Str.     -0.000127 a.u.    -0.0599 [10**(-40) cgs]                            
               Excited State   S36:     Rot.Str.      0.000314 a.u.     0.1482 [10**(-40) cgs]                            
               Excited State   S37:     Rot.Str.      0.000086 a.u.     0.0406 [10**(-40) cgs]                            
               Excited State   S38:     Rot.Str.      0.000026 a.u.     0.0122 [10**(-40) cgs]                            
               Excited State   S39:     Rot.Str.     -0.000004 a.u.    -0.0021 [10**(-40) cgs]                            
               Excited State   S40:     Rot.Str.      0.000036 a.u.     0.0170 [10**(-40) cgs]                            
               Excited State   S41:     Rot.Str.      0.000004 a.u.     0.0018 [10**(-40) cgs]                            
               Excited State   S42:     Rot.Str.      0.000084 a.u.     0.0395 [10**(-40) cgs]                            
               Excited State   S43:     Rot.Str.     -0.000018 a.u.    -0.0087 [10**(-40) cgs]                            
               Excited State   S44:     Rot.Str.     -0.000027 a.u.    -0.0126 [10**(-40) cgs]                            
               Excited State   S45:     Rot.Str.     -0.000247 a.u.    -0.1162 [10**(-40) cgs]                            
               Excited State   S46:     Rot.Str.      0.000129 a.u.     0.0610 [10**(-40) cgs]                            
               Excited State   S47:     Rot.Str.      0.000445 a.u.     0.2099 [10**(-40) cgs]                            
               Excited State   S48:     Rot.Str.     -0.000498 a.u.    -0.2349 [10**(-40) cgs]                            
               Excited State   S49:     Rot.Str.      0.000251 a.u.     0.1183 [10**(-40) cgs]                            
               Excited State   S50:     Rot.Str.     -0.000040 a.u.    -0.0190 [10**(-40) cgs]                            
               Excited State   S51:     Rot.Str.     -0.000114 a.u.    -0.0535 [10**(-40) cgs]                            
               Excited State   S52:     Rot.Str.      0.000177 a.u.     0.0837 [10**(-40) cgs]                            
               Excited State   S53:     Rot.Str.      0.000010 a.u.     0.0047 [10**(-40) cgs]                            
               Excited State   S54:     Rot.Str.     -0.000095 a.u.    -0.0450 [10**(-40) cgs]                            
               Excited State   S55:     Rot.Str.     -0.000120 a.u.    -0.0564 [10**(-40) cgs]                            
               Excited State   S56:     Rot.Str.      0.000019 a.u.     0.0089 [10**(-40) cgs]                            
               Excited State   S57:     Rot.Str.      0.000002 a.u.     0.0009 [10**(-40) cgs]                            
               Excited State   S58:     Rot.Str.      0.000028 a.u.     0.0134 [10**(-40) cgs]                            
               Excited State   S59:     Rot.Str.      0.000010 a.u.     0.0045 [10**(-40) cgs]                            
               Excited State   S60:     Rot.Str.     -0.000001 a.u.    -0.0007 [10**(-40) cgs]                            
               Excited State   S61:     Rot.Str.     -0.000047 a.u.    -0.0220 [10**(-40) cgs]                            
               Excited State   S62:     Rot.Str.      0.000011 a.u.     0.0052 [10**(-40) cgs]                            
               Excited State   S63:     Rot.Str.      0.000018 a.u.     0.0087 [10**(-40) cgs]                            
               Excited State   S64:     Rot.Str.     -0.001705 a.u.    -0.8038 [10**(-40) cgs]                            
               Excited State   S65:     Rot.Str.      0.001931 a.u.     0.9104 [10**(-40) cgs]                            
               Excited State   S66:     Rot.Str.     -0.000012 a.u.    -0.0055 [10**(-40) cgs]                            
               Excited State   S67:     Rot.Str.     -0.000341 a.u.    -0.1609 [10**(-40) cgs]                            
               Excited State   S68:     Rot.Str.     -0.000113 a.u.    -0.0533 [10**(-40) cgs]                            
               Excited State   S69:     Rot.Str.     -0.000016 a.u.    -0.0077 [10**(-40) cgs]                            
               Excited State   S70:     Rot.Str.     -0.000028 a.u.    -0.0134 [10**(-40) cgs]                            
               Excited State   S71:     Rot.Str.      0.000001 a.u.     0.0005 [10**(-40) cgs]                            
               Excited State   S72:     Rot.Str.     -0.000154 a.u.    -0.0724 [10**(-40) cgs]                            
               Excited State   S73:     Rot.Str.      0.000502 a.u.     0.2366 [10**(-40) cgs]                            
               Excited State   S74:     Rot.Str.     -0.000221 a.u.    -0.1042 [10**(-40) cgs]                            
               Excited State   S75:     Rot.Str.      0.000019 a.u.     0.0089 [10**(-40) cgs]                            
                                                                                                                          
               Character of excitations:                                                                                  
                                                                                                                          
               Excited state 1                                                                                            
               ---------------                                                                                            
               core_9   -> LUMO        -0.8147                                                                            
               core_9   -> LUMO+1      -0.4861                                                                            
                                                                                                                          
               Excited state 2                                                                                            
               ---------------                                                                                            
               core_7   -> LUMO+1       0.6383                                                                            
               core_8   -> LUMO        -0.5004                                                                            
               core_7   -> LUMO         0.3886                                                                            
               core_7   -> LUMO+2       0.2659                                                                            
                                                                                                                          
               Excited state 3                                                                                            
               ---------------                                                                                            
               core_8   -> LUMO        -0.6909                                                                            
               core_7   -> LUMO        -0.4118                                                                            
               core_8   -> LUMO+6      -0.3281                                                                            
               core_7   -> LUMO+1      -0.3079                                                                            
                                                                                                                          
               Excited state 4                                                                                            
               ---------------                                                                                            
               core_6   -> LUMO        -0.8812                                                                            
               core_6   -> LUMO+6      -0.2925                                                                            
               core_6   -> LUMO+1      -0.2448                                                                            
                                                                                                                          
               Excited state 5                                                                                            
               ---------------                                                                                            
               core_5   -> LUMO        -0.9528                                                                            
                                                                                                                          
               Excited state 6                                                                                            
               ---------------                                                                                            
               core_9   -> LUMO+1      -0.7339                                                                            
               core_9   -> LUMO         0.4848                                                                            
               core_9   -> LUMO+2      -0.2909                                                                            
               core_9   -> LUMO+6       0.2903                                                                            
                                                                                                                          
               Excited state 7                                                                                            
               ---------------                                                                                            
               core_7   -> LUMO         0.7630                                                                            
               core_7   -> LUMO+1      -0.3769                                                                            
               core_7   -> LUMO+6       0.3558                                                                            
                                                                                                                          
               Excited state 8                                                                                            
               ---------------                                                                                            
               core_8   -> LUMO+1      -0.8242                                                                            
               core_8   -> LUMO+2      -0.3451                                                                            
               core_8   -> LUMO        -0.2910                                                                            
                                                                                                                          
               Excited state 9                                                                                            
               ---------------                                                                                            
               core_5   -> LUMO+1      -0.9021                                                                            
               core_5   -> LUMO+2      -0.3169                                                                            
                                                                                                                          
               Excited state 10                                                                                           
               ----------------                                                                                           
               core_6   -> LUMO+1      -0.8836                                                                            
               core_6   -> LUMO+2      -0.3378                                                                            
                                                                                                                          
               Excited state 11                                                                                           
               ----------------                                                                                           
               core_4   -> LUMO+1       0.8978                                                                            
               core_4   -> LUMO+2       0.3043                                                                            
                                                                                                                          
               Excited state 12                                                                                           
               ----------------                                                                                           
               core_3   -> LUMO         0.7346                                                                            
               core_3   -> LUMO+6      -0.4611                                                                            
               core_3   -> LUMO+1      -0.3417                                                                            
                                                                                                                          
               Excited state 13                                                                                           
               ----------------                                                                                           
               core_9   -> LUMO+2      -0.6696                                                                            
               core_9   -> LUMO+4      -0.5345                                                                            
               core_9   -> LUMO+3      -0.3287                                                                            
               core_9   -> LUMO+1       0.2556                                                                            
                                                                                                                          
               Excited state 14                                                                                           
               ----------------                                                                                           
               core_4   -> LUMO         0.9822                                                                            
                                                                                                                          
               Excited state 15                                                                                           
               ----------------                                                                                           
               core_8   -> LUMO+2       0.7360                                                                            
               core_8   -> LUMO+3       0.4584                                                                            
               core_8   -> LUMO+1      -0.2654                                                                            
               core_8   -> LUMO+4      -0.2302                                                                            
                                                                                                                          
               Excited state 16                                                                                           
               ----------------                                                                                           
               core_7   -> LUMO+2       0.6691                                                                            
               core_7   -> LUMO+3       0.5245                                                                            
               core_7   -> LUMO+4       0.2807                                                                            
               core_7   -> LUMO+1      -0.2514                                                                            
                                                                                                                          
               Excited state 17                                                                                           
               ----------------                                                                                           
               core_5   -> LUMO+6       0.8541                                                                            
               core_5   -> LUMO+5       0.3314                                                                            
                                                                                                                          
               Excited state 18                                                                                           
               ----------------                                                                                           
               core_6   -> LUMO+2      -0.7174                                                                            
               core_6   -> LUMO+4       0.5070                                                                            
               core_6   -> LUMO+1       0.2430                                                                            
                                                                                                                          
               Excited state 19                                                                                           
               ----------------                                                                                           
               core_9   -> LUMO+6      -0.6941                                                                            
               core_9   -> LUMO+5      -0.4355                                                                            
               core_9   -> LUMO+1      -0.3169                                                                            
               core_9   -> LUMO+3      -0.3139                                                                            
                                                                                                                          
               Excited state 20                                                                                           
               ----------------                                                                                           
               core_9   -> LUMO+7       0.6336                                                                            
               core_9   -> LUMO+6       0.4911                                                                            
               core_9   -> LUMO+3      -0.4390                                                                            
               core_9   -> LUMO+2       0.2492                                                                            
                                                                                                                          
               Excited state 21                                                                                           
               ----------------                                                                                           
               core_5   -> LUMO+2       0.6867                                                                            
               core_5   -> LUMO+7       0.3650                                                                            
               core_5   -> LUMO+5      -0.3515                                                                            
               core_5   -> LUMO+1      -0.2902                                                                            
               core_5   -> LUMO+4       0.2754                                                                            
               core_5   -> LUMO+3      -0.2264                                                                            
                                                                                                                          
               Excited state 22                                                                                           
               ----------------                                                                                           
               core_9   -> LUMO+4       0.5814                                                                            
               core_9   -> LUMO+2      -0.4652                                                                            
               core_9   -> LUMO+8      -0.4004                                                                            
               core_9   -> LUMO+5      -0.3094                                                                            
               core_9   -> LUMO+3      -0.2943                                                                            
               core_9   -> LUMO+10      0.2077                                                                            
                                                                                                                          
               Excited state 23                                                                                           
               ----------------                                                                                           
               core_8   -> LUMO+5       0.4056                                                                            
               core_6   -> LUMO+5      -0.3136                                                                            
               core_6   -> LUMO+3      -0.2641                                                                            
               core_8   -> LUMO+2      -0.2590                                                                            
               core_8   -> LUMO+3       0.2512                                                                            
               core_6   -> LUMO+8       0.2471                                                                            
               core_8   -> LUMO+1       0.2413                                                                            
               core_6   -> LUMO+2       0.2330                                                                            
               core_6   -> LUMO+7       0.2241                                                                            
               core_8   -> LUMO+7      -0.2240                                                                            
                                                                                                                          
               Excited state 24                                                                                           
               ----------------                                                                                           
               core_6   -> LUMO+5      -0.3648                                                                            
               core_8   -> LUMO+5      -0.3582                                                                            
               core_6   -> LUMO+3      -0.3020                                                                            
               core_6   -> LUMO+8       0.2775                                                                            
               core_6   -> LUMO+2       0.2664                                                                            
               core_6   -> LUMO+7       0.2550                                                                            
               core_8   -> LUMO+2       0.2248                                                                            
               core_8   -> LUMO+3      -0.2164                                                                            
               core_8   -> LUMO+1      -0.2160                                                                            
                                                                                                                          
               Excited state 25                                                                                           
               ----------------                                                                                           
               core_7   -> LUMO+7       0.5730                                                                            
               core_7   -> LUMO+2       0.4187                                                                            
               core_7   -> LUMO+5      -0.3502                                                                            
               core_7   -> LUMO+1      -0.3197                                                                            
               core_7   -> LUMO+3      -0.2776                                                                            
                                                                                                                          
               Excited state 26                                                                                           
               ----------------                                                                                           
               core_8   -> LUMO+4      -0.7782                                                                            
               core_8   -> LUMO+3      -0.4135                                                                            
               core_8   -> LUMO+8      -0.3312                                                                            
                                                                                                                          
               Excited state 27                                                                                           
               ----------------                                                                                           
               core_7   -> LUMO+4      -0.7394                                                                            
               core_7   -> LUMO+5       0.4821                                                                            
               core_7   -> LUMO+3       0.2335                                                                            
                                                                                                                          
               Excited state 28                                                                                           
               ----------------                                                                                           
               core_9   -> LUMO+8       0.5102                                                                            
               core_9   -> LUMO+3       0.4633                                                                            
               core_9   -> LUMO+2      -0.3510                                                                            
               core_9   -> LUMO+7       0.3264                                                                            
               core_9   -> LUMO+4       0.3263                                                                            
                                                                                                                          
               Excited state 29                                                                                           
               ----------------                                                                                           
               core_6   -> LUMO+3      -0.6175                                                                            
               core_6   -> LUMO+7      -0.4953                                                                            
               core_6   -> LUMO+5      -0.3171                                                                            
               core_6   -> LUMO+2      -0.2729                                                                            
               core_6   -> LUMO+4      -0.2644                                                                            
                                                                                                                          
               Excited state 30                                                                                           
               ----------------                                                                                           
               core_5   -> LUMO+3       0.5522                                                                            
               core_5   -> LUMO+2       0.3998                                                                            
               core_5   -> LUMO+7      -0.2933                                                                            
               core_4   -> LUMO+5       0.2597                                                                            
               core_4   -> LUMO+2      -0.2492                                                                            
               core_5   -> LUMO+8      -0.2366                                                                            
               core_4   -> LUMO+3       0.2153                                                                            
                                                                                                                          
               Excited state 31                                                                                           
               ----------------                                                                                           
               core_4   -> LUMO+5       0.4234                                                                            
               core_4   -> LUMO+2      -0.4145                                                                            
               core_4   -> LUMO+3       0.3485                                                                            
               core_5   -> LUMO+3      -0.3432                                                                            
               core_4   -> LUMO+8      -0.2465                                                                            
               core_5   -> LUMO+2      -0.2451                                                                            
                                                                                                                          
               Excited state 32                                                                                           
               ----------------                                                                                           
               core_6   -> LUMO+6      -0.8386                                                                            
               core_6   -> LUMO         0.3597                                                                            
                                                                                                                          
               Excited state 33                                                                                           
               ----------------                                                                                           
               core_9   -> LUMO+3       0.4791                                                                            
               core_9   -> LUMO+9      -0.3716                                                                            
               core_9   -> LUMO+4      -0.3692                                                                            
               core_9   -> LUMO+8      -0.3645                                                                            
               core_9   -> LUMO+7       0.3228                                                                            
               core_9   -> LUMO+10      0.2927                                                                            
               core_9   -> LUMO+5      -0.2816                                                                            
                                                                                                                          
               Excited state 34                                                                                           
               ----------------                                                                                           
               core_8   -> LUMO+7      -0.6812                                                                            
               core_8   -> LUMO+6      -0.3918                                                                            
               core_8   -> LUMO+5      -0.2620                                                                            
               core_8   -> LUMO         0.2474                                                                            
               core_8   -> LUMO+1      -0.2224                                                                            
               core_8   -> LUMO+8      -0.2203                                                                            
                                                                                                                          
               Excited state 35                                                                                           
               ----------------                                                                                           
               core_7   -> LUMO+6      -0.7340                                                                            
               core_7   -> LUMO+7      -0.3195                                                                            
               core_7   -> LUMO+1      -0.2799                                                                            
               core_8   -> LUMO+6       0.2562                                                                            
               core_7   -> LUMO         0.2366                                                                            
                                                                                                                          
               Excited state 36                                                                                           
               ----------------                                                                                           
               core_8   -> LUMO+6      -0.6811                                                                            
               core_8   -> LUMO+7       0.3517                                                                            
               core_7   -> LUMO+6      -0.3036                                                                            
               core_8   -> LUMO+2      -0.2899                                                                            
               core_8   -> LUMO         0.2313                                                                            
               core_8   -> LUMO+10      0.2144                                                                            
                                                                                                                          
               Excited state 37                                                                                           
               ----------------                                                                                           
               core_4   -> LUMO+6      -0.8820                                                                            
               core_4   -> LUMO+7      -0.2481                                                                            
               core_4   -> LUMO+5      -0.2312                                                                            
                                                                                                                          
               Excited state 38                                                                                           
               ----------------                                                                                           
               core_9   -> LUMO+9       0.5330                                                                            
               core_9   -> LUMO+8      -0.4045                                                                            
               core_9   -> LUMO+12      0.3794                                                                            
               core_9   -> LUMO+7       0.3613                                                                            
               core_9   -> LUMO+5       0.3184                                                                            
               core_9   -> LUMO+11     -0.2103                                                                            
                                                                                                                          
               Excited state 39                                                                                           
               ----------------                                                                                           
               core_9   -> LUMO+5       0.5918                                                                            
               core_9   -> LUMO+9      -0.4699                                                                            
               core_9   -> LUMO+6      -0.3332                                                                            
               core_9   -> LUMO+4       0.3174                                                                            
               core_9   -> LUMO+7       0.2776                                                                            
                                                                                                                          
               Excited state 40                                                                                           
               ----------------                                                                                           
               core_7   -> LUMO+8       0.5529                                                                            
               core_7   -> LUMO+7       0.3795                                                                            
               core_7   -> LUMO+4       0.3382                                                                            
               core_7   -> LUMO+2      -0.3250                                                                            
               core_7   -> LUMO+3       0.2822                                                                            
               core_7   -> LUMO+6      -0.2628                                                                            
                                                                                                                          
               Excited state 41                                                                                           
               ----------------                                                                                           
               core_5   -> LUMO+4      -0.7726                                                                            
               core_5   -> LUMO+2       0.3819                                                                            
               core_5   -> LUMO+3      -0.2882                                                                            
               core_5   -> LUMO+5       0.2242                                                                            
               core_5   -> LUMO+7      -0.2066                                                                            
                                                                                                                          
               Excited state 42                                                                                           
               ----------------                                                                                           
               core_4   -> LUMO+2       0.6872                                                                            
               core_4   -> LUMO+4      -0.3678                                                                            
               core_4   -> LUMO+8      -0.2442                                                                            
               core_4   -> LUMO+16     -0.2186                                                                            
               core_4   -> LUMO+14     -0.2129                                                                            
               core_4   -> LUMO+1      -0.2079                                                                            
               core_4   -> LUMO+7      -0.2018                                                                            
                                                                                                                          
               Excited state 43                                                                                           
               ----------------                                                                                           
               core_6   -> LUMO+4      -0.6765                                                                            
               core_6   -> LUMO+7       0.4985                                                                            
               core_6   -> LUMO+2      -0.2878                                                                            
               core_6   -> LUMO+11      0.2352                                                                            
                                                                                                                          
               Excited state 44                                                                                           
               ----------------                                                                                           
               core_5   -> LUMO+3      -0.6055                                                                            
               core_5   -> LUMO+5       0.4392                                                                            
               core_5   -> LUMO+4       0.4227                                                                            
               core_5   -> LUMO+8      -0.3347                                                                            
               core_5   -> LUMO+7      -0.3029                                                                            
                                                                                                                          
               Excited state 45                                                                                           
               ----------------                                                                                           
               core_7   -> LUMO+3       0.4247                                                                            
               core_7   -> LUMO+9      -0.4133                                                                            
               core_7   -> LUMO+8      -0.3970                                                                            
               core_7   -> LUMO+10      0.3400                                                                            
               core_7   -> LUMO+12     -0.2296                                                                            
               core_8   -> LUMO+9       0.2096                                                                            
               core_7   -> LUMO+13     -0.2009                                                                            
                                                                                                                          
               Excited state 46                                                                                           
               ----------------                                                                                           
               core_8   -> LUMO+9      -0.6286                                                                            
               core_8   -> LUMO+15      0.2941                                                                            
               core_8   -> LUMO+5      -0.2916                                                                            
               core_8   -> LUMO+12     -0.2455                                                                            
               core_8   -> LUMO+8      -0.2233                                                                            
               core_7   -> LUMO+9      -0.2142                                                                            
               core_6   -> LUMO+9       0.2036                                                                            
                                                                                                                          
               Excited state 47                                                                                           
               ----------------                                                                                           
               core_6   -> LUMO+9      -0.8436                                                                            
               core_6   -> LUMO+15      0.2638                                                                            
                                                                                                                          
               Excited state 48                                                                                           
               ----------------                                                                                           
               core_8   -> LUMO+3      -0.5380                                                                            
               core_8   -> LUMO+9      -0.4126                                                                            
               core_8   -> LUMO+5       0.3153                                                                            
               core_8   -> LUMO+8       0.3130                                                                            
               core_8   -> LUMO+11     -0.2923                                                                            
               core_8   -> LUMO+12     -0.2368                                                                            
                                                                                                                          
               Excited state 49                                                                                           
               ----------------                                                                                           
               core_7   -> LUMO+9      -0.5235                                                                            
               core_7   -> LUMO+12     -0.4324                                                                            
               core_7   -> LUMO+3      -0.4140                                                                            
               core_7   -> LUMO+8       0.3246                                                                            
               core_7   -> LUMO+5       0.2171                                                                            
                                                                                                                          
               Excited state 50                                                                                           
               ----------------                                                                                           
               core_3   -> LUMO+3      -0.6046                                                                            
               core_3   -> LUMO+1      -0.5856                                                                            
               core_3   -> LUMO+2       0.3588                                                                            
                                                                                                                          
               Excited state 51                                                                                           
               ----------------                                                                                           
               core_5   -> LUMO+9       0.7585                                                                            
               core_5   -> LUMO+5       0.3984                                                                            
               core_5   -> LUMO+7       0.3737                                                                            
                                                                                                                          
               Excited state 52                                                                                           
               ----------------                                                                                           
               core_8   -> LUMO+8       0.5764                                                                            
               core_8   -> LUMO+4      -0.3840                                                                            
               core_8   -> LUMO+10     -0.2844                                                                            
               core_8   -> LUMO+3       0.2437                                                                            
               core_8   -> LUMO+7      -0.2352                                                                            
               core_6   -> LUMO+5       0.2276                                                                            
               core_8   -> LUMO+13     -0.2243                                                                            
               core_8   -> LUMO+5      -0.2161                                                                            
                                                                                                                          
               Excited state 53                                                                                           
               ----------------                                                                                           
               core_9   -> LUMO+11      0.6966                                                                            
               core_9   -> LUMO+17      0.3627                                                                            
               core_9   -> LUMO+13     -0.3283                                                                            
               core_9   -> LUMO+8      -0.3202                                                                            
                                                                                                                          
               Excited state 54                                                                                           
               ----------------                                                                                           
               core_6   -> LUMO+5       0.6157                                                                            
               core_6   -> LUMO+3      -0.5137                                                                            
               core_6   -> LUMO+6      -0.2425                                                                            
               core_6   -> LUMO+9      -0.2301                                                                            
               core_8   -> LUMO+8      -0.2144                                                                            
                                                                                                                          
               Excited state 55                                                                                           
               ----------------                                                                                           
               core_7   -> LUMO+5      -0.4699                                                                            
               core_7   -> LUMO+8       0.4386                                                                            
               core_7   -> LUMO+4      -0.3675                                                                            
               core_7   -> LUMO+11      0.2901                                                                            
               core_7   -> LUMO+3       0.2724                                                                            
               core_7   -> LUMO+10     -0.2629                                                                            
               core_7   -> LUMO+7      -0.2593                                                                            
               core_7   -> LUMO+6       0.2465                                                                            
                                                                                                                          
               Excited state 56                                                                                           
               ----------------                                                                                           
               core_9   -> LUMO+10      0.5971                                                                            
               core_9   -> LUMO+9       0.4438                                                                            
               core_9   -> LUMO+12     -0.4051                                                                            
               core_9   -> LUMO+16      0.2478                                                                            
                                                                                                                          
               Excited state 57                                                                                           
               ----------------                                                                                           
               core_3   -> LUMO+1      -0.6212                                                                            
               core_3   -> LUMO        -0.4541                                                                            
               core_3   -> LUMO+2      -0.4322                                                                            
               core_3   -> LUMO+3       0.3576                                                                            
               core_3   -> LUMO+5      -0.2239                                                                            
                                                                                                                          
               Excited state 58                                                                                           
               ----------------                                                                                           
               core_5   -> LUMO+7      -0.5530                                                                            
               core_5   -> LUMO+8       0.5099                                                                            
               core_5   -> LUMO+9       0.4632                                                                            
               core_5   -> LUMO+4       0.2083                                                                            
                                                                                                                          
               Excited state 59                                                                                           
               ----------------                                                                                           
               core_5   -> LUMO+8       0.6132                                                                            
               core_5   -> LUMO+5       0.4946                                                                            
               core_5   -> LUMO+9      -0.3664                                                                            
               core_5   -> LUMO+6      -0.2748                                                                            
               core_5   -> LUMO+4       0.2213                                                                            
                                                                                                                          
               Excited state 60                                                                                           
               ----------------                                                                                           
               core_9   -> LUMO+10     -0.5273                                                                            
               core_9   -> LUMO+12     -0.5071                                                                            
               core_9   -> LUMO+14     -0.3070                                                                            
               core_9   -> LUMO+11     -0.2639                                                                            
               core_9   -> LUMO+8      -0.2397                                                                            
               core_9   -> LUMO+9       0.2044                                                                            
                                                                                                                          
               Excited state 61                                                                                           
               ----------------                                                                                           
               core_6   -> LUMO+8      -0.7453                                                                            
               core_6   -> LUMO+4       0.3592                                                                            
               core_6   -> LUMO+7       0.2491                                                                            
               core_6   -> LUMO+11      0.2356                                                                            
               core_6   -> LUMO+3      -0.2321                                                                            
                                                                                                                          
               Excited state 62                                                                                           
               ----------------                                                                                           
               core_4   -> LUMO+3      -0.6123                                                                            
               core_4   -> LUMO+4      -0.5114                                                                            
               core_4   -> LUMO+7      -0.4994                                                                            
               core_4   -> LUMO+2      -0.2023                                                                            
                                                                                                                          
               Excited state 63                                                                                           
               ----------------                                                                                           
               core_4   -> LUMO+4       0.5607                                                                            
               core_4   -> LUMO+3      -0.5345                                                                            
               core_4   -> LUMO+5       0.4796                                                                            
                                                                                                                          
               Excited state 64                                                                                           
               ----------------                                                                                           
               core_8   -> LUMO+11     -0.5546                                                                            
               core_8   -> LUMO+5      -0.3744                                                                            
               core_8   -> LUMO+13      0.3347                                                                            
               core_8   -> LUMO+10      0.2867                                                                            
               core_9   -> LUMO+13     -0.2242                                                                            
                                                                                                                          
               Excited state 65                                                                                           
               ----------------                                                                                           
               core_9   -> LUMO+13      0.6320                                                                            
               core_9   -> LUMO+11      0.3391                                                                            
               core_9   -> LUMO+15     -0.2463                                                                            
               core_9   -> LUMO+7       0.2277                                                                            
               core_9   -> LUMO+21     -0.2133                                                                            
                                                                                                                          
               Excited state 66                                                                                           
               ----------------                                                                                           
               core_3   -> LUMO+6       0.7539                                                                            
               core_3   -> LUMO         0.4415                                                                            
               core_3   -> LUMO+1      -0.2597                                                                            
               core_3   -> LUMO+7       0.2394                                                                            
                                                                                                                          
               Excited state 67                                                                                           
               ----------------                                                                                           
               core_6   -> LUMO+10      0.5056                                                                            
               core_6   -> LUMO+16      0.4123                                                                            
               core_6   -> LUMO+13      0.3449                                                                            
               core_6   -> LUMO+8      -0.2764                                                                            
               core_6   -> LUMO+7      -0.2512                                                                            
               core_6   -> LUMO+14      0.2386                                                                            
               core_6   -> LUMO+19     -0.2181                                                                            
               core_6   -> LUMO+18      0.2057                                                                            
                                                                                                                          
               Excited state 68                                                                                           
               ----------------                                                                                           
               core_7   -> LUMO+9       0.4642                                                                            
               core_7   -> LUMO+11      0.4602                                                                            
               core_7   -> LUMO+13     -0.4177                                                                            
               core_7   -> LUMO+5       0.3010                                                                            
               core_7   -> LUMO+7      -0.2380                                                                            
                                                                                                                          
               Excited state 69                                                                                           
               ----------------                                                                                           
               core_3   -> LUMO+5       0.7566                                                                            
               core_3   -> LUMO+2      -0.3402                                                                            
               core_3   -> LUMO+8      -0.2889                                                                            
               core_3   -> LUMO+11      0.2263                                                                            
                                                                                                                          
               Excited state 70                                                                                           
               ----------------                                                                                           
               core_4   -> LUMO+9       0.9452                                                                            
                                                                                                                          
               Excited state 71                                                                                           
               ----------------                                                                                           
               core_8   -> LUMO+14     -0.4356                                                                            
               core_8   -> LUMO+13     -0.3969                                                                            
               core_8   -> LUMO+11     -0.3757                                                                            
               core_8   -> LUMO+16     -0.3212                                                                            
               core_8   -> LUMO+7       0.3075                                                                            
               core_8   -> LUMO+10     -0.2779                                                                            
               core_8   -> LUMO+8      -0.2041                                                                            
                                                                                                                          
               Excited state 72                                                                                           
               ----------------                                                                                           
               core_9   -> LUMO+14      0.6524                                                                            
               core_9   -> LUMO+12     -0.4171                                                                            
               core_9   -> LUMO+15      0.2495                                                                            
               core_9   -> LUMO+21      0.2495                                                                            
               core_9   -> LUMO+17      0.2124                                                                            
               core_9   -> LUMO+19      0.2098                                                                            
                                                                                                                          
               Excited state 73                                                                                           
               ----------------                                                                                           
               core_7   -> LUMO+11     -0.4354                                                                            
               core_7   -> LUMO+12     -0.3925                                                                            
               core_7   -> LUMO+9       0.3908                                                                            
               core_7   -> LUMO+10      0.2897                                                                            
               core_8   -> LUMO+9      -0.2089                                                                            
               core_8   -> LUMO+12      0.2050                                                                            
                                                                                                                          
               Excited state 74                                                                                           
               ----------------                                                                                           
               core_8   -> LUMO+9       0.4502                                                                            
               core_8   -> LUMO+12     -0.4353                                                                            
               core_8   -> LUMO+10      0.3840                                                                            
               core_8   -> LUMO+13     -0.2947                                                                            
               core_8   -> LUMO+15      0.2869                                                                            
               core_7   -> LUMO+9       0.2267                                                                            
               core_7   -> LUMO+12     -0.2149                                                                            
                                                                                                                          
               Excited state 75                                                                                           
               ----------------                                                                                           
               core_5   -> LUMO+10      0.6678                                                                            
               core_5   -> LUMO+16      0.3193                                                                            
               core_5   -> LUMO+11     -0.3180                                                                            
               core_5   -> LUMO+14      0.3027                                                                            
                                                                                                                          
!========================================================================================================================!
!                               VeloxChem execution completed at Sun Jun 14 16:27:50 2026.                               !
!========================================================================================================================!
!                                          Total execution time is 1323.44 sec.                                          !
!========================================================================================================================!
!                     Rinkevicius, Z.; Li, X.; Vahtras, O.; Ahmadzadeh, K.; Brand, M.; Ringholm, M.;                     !
!                              List, N. H.; Scheurer, M.; Scott, M.; Dreuw, A.; Norman, P.                               !
!                     VeloxChem: A Python-driven Density-functional Theory Program for Spectroscopy                      !
!                                Simulations in High-performance Computing Environments.                                 !
!                                       WIREs Comput Mol Sci 2020, 10 (5), e1457.                                        !
!========================================================================================================================!
