!========================================================================================================================!
!                                                                                                                        !
!                                                       VELOXCHEM                                                        !
!                                              AN ELECTRONIC STRUCTURE CODE                                              !
!                                                                                                                        !
!                                        Copyright 2018-2025 VeloxChem developers                                        !
!========================================================================================================================!
!                     VeloxChem execution started on 192 MPI processes at Sun Jun 14 16:06:12 2026.                      !
!========================================================================================================================!
                                                                                                                          
* Info * Using 1 OpenMP threads per MPI process.                                                                          
                                                                                                                          
* Info * Reading input file 0092_c1s.in...                                                                                
                                                                                                                          
* Info * @jobs                                                                                                            
* Info * task: response                                                                                                   
* Info * @end                                                                                                             
                                                                                                                          
* Info * @method_settings                                                                                                 
* Info * basis: def2-tzvpd                                                                                                
* Info * xcfun: cam-b3lyp                                                                                                 
* Info * @end                                                                                                             
                                                                                                                          
* Info * @response                                                                                                        
* Info * property: absorption                                                                                             
* Info * tamm_dancoff: no                                                                                                 
* Info * nstates: 75                                                                                                      
* Info * core_excitation: yes                                                                                             
* Info * num_core_orbitals: 9                                                                                             
* Info * @end                                                                                                             
                                                                                                                          
                                              Molecular Geometry (Angstroms)                                              
                                             ================================                                             
                                                                                                                          
                          Atom         Coordinate X          Coordinate Y          Coordinate Z                           
                                                                                                                          
                           O          -1.552933199500       -1.141857532900       -0.049588955500                         
                           N          -1.600327610900        1.066520754400        0.023619443700                         
                           C          -0.231837026100       -0.730974048900        0.104468745400                         
                           C          -0.306186658600        0.658128020300        0.008608982400                         
                           C           0.938226689700       -1.446261299000        0.010762974400                         
                           C           0.923745316900        1.500740589300        0.025409972600                         
                           C           2.042952815800       -0.692805232000       -0.019282638300                         
                           C           2.140523644000        0.766080651000       -0.048593581200                         
                           C          -2.343925505700       -0.023728895000       -0.022253576300                         
                           H           0.998373650300       -2.460691640700        0.117222895300                         
                           H           0.961381307400        2.673361692500       -0.137101734500                         
                           H           3.075951841400       -1.331198194300       -0.092431935600                         
                           H           3.110982664200        1.334556138300        0.034099541500                         
                           H          -3.274767015300       -0.157783955000       -0.161605959200                         
                                                                                                                          
                          Molecular charge            : 0                                                                 
                          Spin multiplicity           : 1                                                                 
                          Number of atoms             : 14                                                                
                          Number of alpha electrons   : 31                                                                
                          Number of beta  electrons   : 31                                                                
                                                                                                                          
* Info * Reading basis set from file: /net/home/plgrid/plgiubru7/software/vlx-cpu/cpuvlxenv/lib/python3.11/site-packages/veloxchem/basis/DEF2-TZVPD
                                                                                                                          
                                              Molecular Basis (Atomic Basis)                                              
                                             ================================                                             
                                                                                                                          
                               Basis: DEF2-TZVPD                                                                          
                                                                                                                          
                               Atom Contracted GTOs           Primitive GTOs                                              
                                                                                                                          
                               O     (6S,4P,3D,1F)             (12S,7P,3D,1F)                                             
                               N     (6S,3P,3D,1F)             (12S,6P,3D,1F)                                             
                               C     (6S,3P,3D,1F)             (12S,6P,3D,1F)                                             
                               H     (3S,2P)                   (5S,2P)                                                    
                                                                                                                          
                               Contracted Basis Functions : 381                                                           
                               Primitive Basis Functions  : 526                                                           
                                                                                                                          
                                                                                                                          
                                            Self Consistent Field Driver Setup                                            
                                           ====================================                                           
                                                                                                                          
                   Wave Function Model             : Spin-Restricted Kohn-Sham                                            
                   Initial Guess Model             : Restart from Checkpoint                                              
                   Convergence Accelerator         : Direct Inversion of Iterative Subspace                               
                   Max. Number of Iterations       : 50                                                                   
                   Max. Number of Error Vectors    : 10                                                                   
                   Convergence Threshold           : 1.0e-06                                                              
                   ERI Screening Threshold         : 1.0e-12                                                              
                   Linear Dependence Threshold     : 1.0e-06                                                              
                   Exchange-Correlation Functional : CAM-B3LYP                                                            
                   Molecular Grid Level            : 4                                                                    
                                                                                                                          
* Info * Nuclear repulsion energy: 402.6452750659 a.u.                                                                    
                                                                                                                          
* Info * Using the CAM-B3LYP functional.                                                                                  
                                                                                                                          
         T. Yanai, D. P. Tew, and N. C. Handy.,  Chem. Phys. Lett. 393, 51 (2004)
                                                                                                                          
* Info * Using the Libxc library (v7.0.0).                                                                                
                                                                                                                          
         S. Lehtola, C. Steigemann, M. J.T. Oliveira, and M. A.L. Marques.,  SoftwareX 7, 1–5 (2018)
                                                                                                                          
* Info * Using the following algorithm for XC numerical integration.                                                      
                                                                                                                          
         J. Kussmann, H. Laqua and C. Ochsenfeld, J. Chem. Theory Comput. 2021, 17, 1512-1521
                                                                                                                          
* Info * Molecular grid with 208292 points generated in 0.26 sec.                                                         
                                                                                                                          
* Info * Restarting from checkpoint file: 0092_c1s_scf.h5                                                                 
                                                                                                                          
* Info * Overlap matrix computed in 0.00 sec.                                                                             
                                                                                                                          
* Info * Kinetic energy matrix computed in 0.00 sec.                                                                      
                                                                                                                          
* Info * Nuclear potential matrix computed in 0.01 sec.                                                                   
                                                                                                                          
* Info * Orthogonalization matrix computed in 0.01 sec.                                                                   
                                                                                                                          
                                                                                                                          
               Iter. |    Kohn-Sham Energy | Energy Change | Gradient Norm | Max. Gradient | Density Change               
               --------------------------------------------------------------------------------------------               
                  1      -399.613192911100    0.0000000000      0.00000039      0.00000001      0.00000000                
                                                                                                                          
* Info * Checkpoint written to file: 0092_c1s_scf.h5                                                                      
                                                                                                                          
* Info * SCF results written to file: 0092_c1s.h5                                                                         
                                                                                                                          
               *** SCF converged in 1 iterations. Time: 2.73 sec.                                                         
                                                                                                                          
               Spin-Restricted Kohn-Sham:                                                                                 
               --------------------------                                                                                 
               Total Energy                       :     -399.6131929111 a.u.                                              
               Electronic Energy                  :     -802.2584679770 a.u.                                              
               Nuclear Repulsion Energy           :      402.6452750659 a.u.                                              
               ------------------------------------                                                                       
               Gradient Norm                      :        0.0000003889 a.u.                                              
                                                                                                                          
                                                                                                                          
               Ground State Information                                                                                   
               ------------------------                                                                                   
               Charge of Molecule            :  0.0                                                                       
               Multiplicity (2S+1)           :  1                                                                         
               Magnetic Quantum Number (M_S) :  0.0                                                                       
                                                                                                                          
                                                                                                                          
                                                 Spin Restricted Orbitals                                                 
                                                 ------------------------                                                 
                                                                                                                          
               Molecular Orbital No.  27:                                                                                 
               --------------------------                                                                                 
               Occupation: 2.000 Energy:   -0.41682 a.u.                                                                  
               (   3 C   3p-1:     0.15) (   5 C   5s  :     0.19) (   6 C   1p-1:     0.17)                              
               (   6 C   3p-1:     0.16) (   7 C   5s  :    -0.21) (   7 C   1p-1:     0.17)                              
               (   8 C   1p-1:    -0.17) (  12 H   2s  :    -0.19)                                                        
                                                                                                                          
               Molecular Orbital No.  28:                                                                                 
               --------------------------                                                                                 
               Occupation: 2.000 Energy:   -0.40444 a.u.                                                                  
               (   1 O   1p0 :     0.21) (   1 O   2p0 :     0.18) (   2 N   1p0 :    -0.28)                              
               (   2 N   2p0 :    -0.23) (   4 C   1p0 :    -0.15)                                                        
                                                                                                                          
               Molecular Orbital No.  29:                                                                                 
               --------------------------                                                                                 
               Occupation: 2.000 Energy:   -0.36150 a.u.                                                                  
               (   2 N   4s  :     0.23) (   2 N   5s  :     0.42) (   2 N   6s  :     0.36)                              
               (   2 N   1p-1:     0.36) (   2 N   2p-1:     0.26) (   2 N   3p-1:     0.18)                              
               (   3 C   3p+1:     0.22) (   4 C   5s  :     0.30) (   4 C   3p-1:    -0.23)                              
               (   5 C   5s  :    -0.17) (   6 C   5s  :    -0.16)                                                        
                                                                                                                          
               Molecular Orbital No.  30:                                                                                 
               --------------------------                                                                                 
               Occupation: 2.000 Energy:   -0.31681 a.u.                                                                  
               (   1 O   1p0 :     0.15) (   3 C   1p0 :    -0.17) (   5 C   1p0 :    -0.18)                              
               (   5 C   2p0 :    -0.15) (   6 C   1p0 :     0.21) (   6 C   2p0 :     0.18)                              
               (   8 C   1p0 :     0.24) (   8 C   2p0 :     0.21) (   8 C   3p0 :     0.16)                              
                                                                                                                          
               Molecular Orbital No.  31:                                                                                 
               --------------------------                                                                                 
               Occupation: 2.000 Energy:   -0.29745 a.u.                                                                  
               (   3 C   1p0 :    -0.17) (   3 C   2p0 :    -0.15) (   4 C   1p0 :    -0.20)                              
               (   4 C   2p0 :    -0.17) (   4 C   3p0 :    -0.18) (   7 C   1p0 :     0.22)                              
               (   7 C   2p0 :     0.19) (   9 C   1p0 :     0.21) (   9 C   2p0 :     0.18)                              
                                                                                                                          
               Molecular Orbital No.  32:                                                                                 
               --------------------------                                                                                 
               Occupation: 0.000 Energy:   -0.00859 a.u.                                                                  
               (   3 C   5s  :     0.24) (   3 C   6s  :     0.35) (   3 C   3p+1:     0.33)                              
               (   3 C   3p-1:    -0.77) (   3 C   3d-1:     0.15) (   3 C   3d-2:    -0.21)                              
               (   4 C   6s  :    -0.35) (   4 C   3p-1:    -0.62) (   4 C   3p0 :    -0.31)                              
               (   4 C   3d+2:    -0.28) (   5 C   5s  :    -0.29) (   5 C   6s  :    -0.22)                              
               (   5 C   1p0 :     0.17) (   5 C   2p0 :     0.16) (   5 C   3p+1:     0.72)                              
               (   5 C   3d-2:     0.23) (   6 C   5s  :    -0.47) (   6 C   6s  :     0.31)                              
               (   6 C   1p0 :     0.21) (   6 C   2p0 :     0.20) (   6 C   3p+1:    -0.41)                              
               (   6 C   3p0 :     0.18) (   6 C   3d-2:     0.25) (   7 C   5s  :     0.20)                              
               (   7 C   1p0 :    -0.16) (   7 C   2p0 :    -0.16) (   7 C   3p+1:     0.28)                              
               (   7 C   3p-1:     0.63) (   7 C   3d+2:    -0.18) (   8 C   6s  :    -0.17)                              
               (   8 C   3p+1:    -0.19) (   8 C   3p-1:     0.56) (   8 C   3d+2:     0.29)                              
               (   9 C   6s  :     0.26) (   9 C   1p0 :     0.23) (   9 C   2p0 :     0.23)                              
               (   9 C   3p+1:     0.17) (   9 C   3p0 :     0.18) (  10 H   3s  :    -0.22)                              
               (  11 H   3s  :     0.26) (  13 H   3s  :    -0.17) (  14 H   3s  :     0.16)                              
                                                                                                                          
               Molecular Orbital No.  33:                                                                                 
               --------------------------                                                                                 
               Occupation: 0.000 Energy:    0.02251 a.u.                                                                  
               (   1 O   5s  :    -0.27) (   1 O   6s  :    -1.64) (   1 O   3p0 :    -0.16)                              
               (   1 O   4p-1:    -0.39) (   2 N   5s  :    -0.45) (   2 N   6s  :    -0.83)                              
               (   2 N   3p-1:     0.15) (   3 C   5s  :    -2.42) (   3 C   1p0 :     0.24)                              
               (   3 C   2p0 :     0.23) (   3 C   3p-1:    -1.51) (   3 C   3p0 :     0.22)                              
               (   3 C   3d+2:     0.88) (   4 C   5s  :     4.27) (   4 C   6s  :     1.01)                              
               (   4 C   3p-1:    -1.17) (   4 C   3d+2:    -0.24) (   4 C   3d-2:     0.20)                              
               (   4 C   3d0 :    -0.20) (   5 C   4s  :    -0.17) (   5 C   5s  :    -0.69)                              
               (   5 C   6s  :     0.99) (   5 C   3d+2:     0.17) (   5 C   3d-2:     0.20)                              
               (   6 C   5s  :    -0.41) (   6 C   6s  :    -0.23) (   6 C   3p-1:     0.57)                              
               (   7 C   5s  :    -0.76) (   7 C   6s  :    -0.27) (   7 C   3p+1:     0.54)                              
               (   7 C   3p-1:    -0.39) (   8 C   5s  :     1.35) (   8 C   6s  :     0.19)                              
               (   8 C   1p0 :     0.22) (   8 C   2p0 :     0.21) (   8 C   3d-2:     0.16)                              
               (   9 C   5s  :    -0.65) (   9 C   6s  :     1.18) (   9 C   3p+1:     0.16)                              
               (   9 C   3d-2:     0.29) (  10 H   3s  :     0.47) (  10 H   2p-1:     0.16)                              
               (  11 H   3s  :    -0.72) (  11 H   2p-1:     0.17) (  12 H   3s  :    -0.68)                              
               (  13 H   3s  :    -0.54) (  14 H   3s  :     0.53) (  14 H   2p+1:     0.18)                              
               (  14 H   2p-1:     0.21)                                                                                  
                                                                                                                          
               Molecular Orbital No.  34:                                                                                 
               --------------------------                                                                                 
               Occupation: 0.000 Energy:    0.03205 a.u.                                                                  
               (   1 O   5s  :     0.34) (   1 O   6s  :     2.49) (   1 O   3p+1:     0.25)                              
               (   1 O   4p+1:    -0.19) (   1 O   4p-1:     0.77) (   2 N   5s  :     0.67)                              
               (   2 N   6s  :     0.49) (   2 N   3p+1:     0.49) (   2 N   3d-2:    -0.16)                              
               (   3 C   5s  :    -1.98) (   3 C   6s  :     1.27) (   3 C   3p+1:    -0.88)                              
               (   3 C   3p-1:     1.39) (   3 C   3p0 :     0.55) (   3 C   3d+2:    -2.59)                              
               (   3 C   3d-2:    -0.36) (   4 C   5s  :   -10.64) (   4 C   6s  :    -0.91)                              
               (   4 C   3p+1:    -0.32) (   4 C   3p-1:    -0.26) (   4 C   3p0 :    -0.66)                              
               (   4 C   3d+1:    -0.17) (   4 C   3d+2:    -0.88) (   4 C   3d-2:    -1.35)                              
               (   4 C   3d0 :     0.32) (   5 C   4s  :     0.45) (   5 C   5s  :    -1.36)                              
               (   5 C   6s  :    -2.34) (   5 C   3p+1:    -0.52) (   5 C   3p-1:     1.03)                              
               (   5 C   3d+1:     0.31) (   5 C   3d-1:     0.15) (   5 C   3d-2:    -1.67)                              
               (   5 C   3d0 :     0.42) (   6 C   4s  :     0.16) (   6 C   5s  :     1.67)                              
               (   6 C   6s  :    -0.46) (   6 C   3p+1:    -2.48) (   6 C   3p-1:    -1.76)                              
               (   6 C   3p0 :     0.32) (   6 C   3d+2:     0.19) (   6 C   3d-2:     0.98)                              
               (   7 C   4s  :     0.31) (   7 C   5s  :     4.15) (   7 C   6s  :    -1.25)                              
               (   7 C   3p+1:    -2.85) (   7 C   3p-1:     1.14) (   7 C   3p0 :    -0.16)                              
               (   7 C   3d+2:     0.17) (   7 C   3d-1:     0.16) (   7 C   3d0 :     0.34)                              
               (   8 C   4s  :     0.34) (   8 C   5s  :    -0.44) (   8 C   6s  :    -1.30)                              
               (   8 C   3p+1:    -1.31) (   8 C   3p-1:     0.50) (   8 C   3d-2:    -1.06)                              
               (   8 C   3d0 :     0.38) (   9 C   5s  :     1.74) (   9 C   6s  :    -1.78)                              
               (   9 C   3p+1:     2.01) (   9 C   3p0 :     0.19) (   9 C   3d+2:     0.24)                              
               (   9 C   3d-2:    -0.56) (  10 H   3s  :     1.54) (  10 H   2p+1:    -0.74)                              
               (  10 H   2p-1:     0.19) (  11 H   3s  :     1.89) (  11 H   2p+1:    -0.31)                              
               (  11 H   2p-1:    -0.44) (  12 H   3s  :     2.87) (  12 H   2p+1:    -0.69)                              
               (  12 H   2p-1:     0.30) (  13 H   3s  :     3.14) (  13 H   2p+1:    -0.54)                              
               (  14 H   3s  :     1.51) (  14 H   2p+1:     0.18) (  14 H   2p-1:    -0.35)                              
                                                                                                                          
               Molecular Orbital No.  35:                                                                                 
               --------------------------                                                                                 
               Occupation: 0.000 Energy:    0.04181 a.u.                                                                  
               (   1 O   5s  :    -0.88) (   1 O   6s  :    -6.64) (   1 O   3p-1:    -0.29)                              
               (   1 O   4p+1:    -0.52) (   1 O   4p-1:    -1.11) (   1 O   4p0 :    -0.20)                              
               (   2 N   5s  :    -1.86) (   2 N   6s  :    -1.67) (   2 N   3p+1:    -0.23)                              
               (   2 N   3p-1:     0.76) (   3 C   5s  :    -9.47) (   3 C   6s  :     2.50)                              
               (   3 C   3p+1:     0.92) (   3 C   3p-1:    -1.90) (   3 C   3p0 :     0.17)                              
               (   3 C   3d+2:     1.10) (   3 C   3d-2:     2.43) (   4 C   5s  :     3.38)                              
               (   4 C   6s  :     1.72) (   4 C   3p+1:    -3.30) (   4 C   3p-1:    -3.59)                              
               (   4 C   3d+2:    -1.54) (   4 C   3d-2:     0.61) (   4 C   3d0 :    -0.37)                              
               (   5 C   5s  :    -1.04) (   5 C   6s  :     0.25) (   5 C   3p+1:    -2.70)                              
               (   5 C   3p-1:    -2.12) (   5 C   3p0 :     0.34) (   5 C   3d+2:     0.68)                              
               (   5 C   3d-2:    -0.92) (   6 C   5s  :     1.19) (   6 C   6s  :    -0.76)                              
               (   6 C   3p+1:    -1.07) (   6 C   3p-1:    -2.01) (   6 C   3d+2:     0.26)                              
               (   6 C   3d-1:     0.25) (   6 C   3d-2:     1.07) (   7 C   4s  :     0.36)                              
               (   7 C   5s  :     4.04) (   7 C   6s  :    -1.35) (   7 C   3p+1:    -2.30)                              
               (   7 C   3p-1:    -0.29) (   7 C   3p0 :    -0.16) (   7 C   3d+2:     0.54)                              
               (   7 C   3d-2:     0.56) (   8 C   4s  :     0.46) (   8 C   5s  :    -0.45)                              
               (   8 C   6s  :    -1.67) (   8 C   3p+1:    -0.93) (   8 C   3p-1:    -0.31)                              
               (   8 C   3p0 :     0.28) (   8 C   3d+1:    -0.22) (   8 C   3d-2:    -0.47)                              
               (   8 C   3d0 :     0.48) (   9 C   5s  :     3.08) (   9 C   6s  :     3.42)                              
               (   9 C   2p+1:     0.19) (   9 C   3p+1:     2.07) (   9 C   3d+2:     0.29)                              
               (   9 C   3d-2:     0.56) (   9 C   3d0 :    -0.36) (  10 H   3s  :    -0.24)                              
               (  10 H   2p+1:    -0.42) (  11 H   3s  :     1.72) (  11 H   2p+1:    -0.34)                              
               (  11 H   2p-1:    -0.39) (  12 H   3s  :     1.45) (  12 H   2p+1:    -0.38)                              
               (  13 H   3s  :     2.41) (  13 H   2p+1:    -0.41) (  14 H   3s  :     0.25)                              
               (  14 H   2p+1:     0.39) (  14 H   2p-1:     0.40)                                                        
                                                                                                                          
               Molecular Orbital No.  36:                                                                                 
               --------------------------                                                                                 
               Occupation: 0.000 Energy:    0.05275 a.u.                                                                  
               (   1 O   6s  :    -0.28) (   1 O   4p+1:    -0.17) (   1 O   4p-1:    -0.33)                              
               (   2 N   6s  :    -0.68) (   2 N   3p-1:    -0.19) (   3 C   5s  :    -3.69)                              
               (   3 C   6s  :    -2.90) (   3 C   3p+1:     0.52) (   3 C   3p-1:    -1.14)                              
               (   3 C   3d+2:     1.52) (   3 C   3d-2:     0.31) (   3 C   3d0 :     0.24)                              
               (   4 C   5s  :     2.91) (   4 C   6s  :     2.33) (   4 C   3p+1:    -2.14)                              
               (   4 C   3p-1:    -2.31) (   4 C   3p0 :     0.46) (   4 C   3d+2:    -1.29)                              
               (   4 C   3d-2:    -0.47) (   5 C   4s  :    -0.76) (   5 C   5s  :    -4.05)                              
               (   5 C   6s  :     4.43) (   5 C   3p+1:    -1.04) (   5 C   3p-1:    -2.75)                              
               (   5 C   3d+2:     0.35) (   5 C   3d-1:    -0.16) (   5 C   3d-2:     0.38)                              
               (   5 C   3d0 :    -0.56) (   6 C   4s  :     0.54) (   6 C   5s  :     5.86)                              
               (   6 C   6s  :    -3.81) (   6 C   3p+1:    -0.30) (   6 C   3p-1:    -2.82)                              
               (   6 C   3p0 :    -0.31) (   6 C   3d-1:     0.29) (   6 C   3d-2:     0.40)                              
               (   6 C   3d0 :     0.43) (   7 C   4s  :    -0.26) (   7 C   5s  :    -4.07)                              
               (   7 C   6s  :     1.23) (   7 C   3p+1:    -0.83) (   7 C   3p-1:    -4.36)                              
               (   7 C   3p0 :     0.21) (   7 C   3d+2:     1.99) (   7 C   3d-2:     1.12)                              
               (   7 C   3d0 :    -0.36) (   8 C   4s  :     0.21) (   8 C   5s  :     4.04)                              
               (   8 C   6s  :    -1.48) (   8 C   3p+1:    -0.94) (   8 C   3p-1:    -4.11)                              
               (   8 C   3p0 :     0.19) (   8 C   3d+1:    -0.25) (   8 C   3d+2:    -2.03)                              
               (   8 C   3d-2:     1.05) (   8 C   3d0 :     0.32) (   9 C   5s  :    -2.17)                              
               (   9 C   6s  :    -1.47) (   9 C   3p+1:     0.60) (   9 C   3p-1:     0.56)                              
               (   9 C   3d+2:    -0.78) (   9 C   3d0 :     0.46) (  10 H   3s  :    -2.24)                              
               (  10 H   2p+1:     0.27) (  10 H   2p-1:    -0.30) (  11 H   3s  :     2.43)                              
               (  11 H   2p+1:    -0.23) (  11 H   2p-1:    -0.49) (  12 H   3s  :    -1.55)                              
               (  12 H   2p-1:    -0.67) (  13 H   3s  :     2.91) (  13 H   2p-1:    -1.01)                              
               (  14 H   3s  :     3.09) (  14 H   2p0 :     0.19)                                                        
                                                                                                                          
                                                                                                                          
                                                Ground State Dipole Moment                                                
                                               ----------------------------                                               
                                                                                                                          
                                   X   :         0.267817 a.u.         0.680724 Debye                                     
                                   Y   :        -0.465277 a.u.        -1.182616 Debye                                     
                                   Z   :        -0.039015 a.u.        -0.099166 Debye                                     
                                 Total :         0.538266 a.u.         1.368137 Debye                                     
                                                                                                                          
                                                                                                                          
                                            Linear Response EigenSolver Setup                                             
                                           ===================================                                            
                                                                                                                          
                               Number of States                : 75                                                       
                               Max. Number of Iterations       : 150                                                      
                               Convergence Threshold           : 1.0e-04                                                  
                               ERI Screening Threshold         : 1.0e-12                                                  
                               Exchange-Correlation Functional : CAM-B3LYP                                                
                               Molecular Grid Level            : 4                                                        
                                                                                                                          
* Info * Using the CAM-B3LYP functional.                                                                                  
                                                                                                                          
         T. Yanai, D. P. Tew, and N. C. Handy.,  Chem. Phys. Lett. 393, 51 (2004)
                                                                                                                          
* Info * Using the Libxc library (v7.0.0).                                                                                
                                                                                                                          
         S. Lehtola, C. Steigemann, M. J.T. Oliveira, and M. A.L. Marques.,  SoftwareX 7, 1–5 (2018)
                                                                                                                          
* Info * Using the following algorithm for XC numerical integration.                                                      
                                                                                                                          
         J. Kussmann, H. Laqua and C. Ochsenfeld, J. Chem. Theory Comput. 2021, 17, 1512-1521
                                                                                                                          
* Info * Molecular grid with 208292 points generated in 0.22 sec.                                                         
                                                                                                                          
* Info * Processing 75 Fock builds...                                                                                     
                                                                                                                          
* Info * 75 gerade trial vectors in reduced space                                                                         
* Info * 75 ungerade trial vectors in reduced space                                                                       
                                                                                                                          
* Info * 68.16 kB of memory used for subspace procedure on the master node                                                
* Info * 356.17 GB of memory available for the solver on the master node                                                  
                                                                                                                          
               *** Iteration:   1 * Residuals (Max,Min): 1.52e-01 and 3.89e-02                                            
                                                                                                                          
               Excitation 1   :     10.10087955 Residual Norm: 0.11590193                                                 
               Excitation 2   :     10.11357588 Residual Norm: 0.11669196                                                 
               Excitation 3   :     10.11402781 Residual Norm: 0.13156503                                                 
               Excitation 4   :     10.11720719 Residual Norm: 0.11343267                                                 
               Excitation 5   :     10.13300863 Residual Norm: 0.08754069                                                 
               Excitation 6   :     10.13648585 Residual Norm: 0.08340841                                                 
               Excitation 7   :     10.14662083 Residual Norm: 0.08480586                                                 
               Excitation 8   :     10.14705886 Residual Norm: 0.08956300                                                 
               Excitation 9   :     10.15994037 Residual Norm: 0.08865305                                                 
               Excitation 10  :     10.16182572 Residual Norm: 0.08456452                                                 
               Excitation 11  :     10.16788487 Residual Norm: 0.06416008                                                 
               Excitation 12  :     10.17575526 Residual Norm: 0.14523957                                                 
               Excitation 13  :     10.17942367 Residual Norm: 0.11661678                                                 
               Excitation 14  :     10.17957684 Residual Norm: 0.12352646                                                 
               Excitation 15  :     10.18944054 Residual Norm: 0.15245213                                                 
               Excitation 16  :     10.19372267 Residual Norm: 0.13789773                                                 
               Excitation 17  :     10.19755844 Residual Norm: 0.11077683                                                 
               Excitation 18  :     10.20291454 Residual Norm: 0.07167434                                                 
               Excitation 19  :     10.20962008 Residual Norm: 0.15235598                                                 
               Excitation 20  :     10.21063885 Residual Norm: 0.07059579                                                 
               Excitation 21  :     10.22427064 Residual Norm: 0.07041177                                                 
               Excitation 22  :     10.22555440 Residual Norm: 0.07179701                                                 
               Excitation 23  :     10.22944727 Residual Norm: 0.07130716                                                 
               Excitation 24  :     10.23093123 Residual Norm: 0.05968357                                                 
               Excitation 25  :     10.23151273 Residual Norm: 0.06985008                                                 
               Excitation 26  :     10.23245095 Residual Norm: 0.05843594                                                 
               Excitation 27  :     10.23511393 Residual Norm: 0.06061699                                                 
               Excitation 28  :     10.23893940 Residual Norm: 0.07217059                                                 
               Excitation 29  :     10.23987888 Residual Norm: 0.06119858                                                 
               Excitation 30  :     10.24025862 Residual Norm: 0.06367749                                                 
               Excitation 31  :     10.24253025 Residual Norm: 0.04645659                                                 
               Excitation 32  :     10.24492515 Residual Norm: 0.05351468                                                 
               Excitation 33  :     10.24753563 Residual Norm: 0.06245700                                                 
               Excitation 34  :     10.24789480 Residual Norm: 0.06717067                                                 
               Excitation 35  :     10.24836558 Residual Norm: 0.07203915                                                 
               Excitation 36  :     10.24991106 Residual Norm: 0.08319468                                                 
               Excitation 37  :     10.25088385 Residual Norm: 0.07045969                                                 
               Excitation 38  :     10.25563477 Residual Norm: 0.10078899                                                 
               Excitation 39  :     10.25898552 Residual Norm: 0.06771997                                                 
               Excitation 40  :     10.25921626 Residual Norm: 0.08326662                                                 
               Excitation 41  :     10.26223795 Residual Norm: 0.04350486                                                 
               Excitation 42  :     10.26310844 Residual Norm: 0.05507935                                                 
               Excitation 43  :     10.26883143 Residual Norm: 0.05062584                                                 
               Excitation 44  :     10.27015489 Residual Norm: 0.07355578                                                 
               Excitation 45  :     10.27070407 Residual Norm: 0.06490804                                                 
               Excitation 46  :     10.27108775 Residual Norm: 0.09624364                                                 
               Excitation 47  :     10.27148914 Residual Norm: 0.08333558                                                 
               Excitation 48  :     10.27172361 Residual Norm: 0.05235586                                                 
               Excitation 49  :     10.27572281 Residual Norm: 0.06554084                                                 
               Excitation 50  :     10.27600054 Residual Norm: 0.06848927                                                 
               Excitation 51  :     10.27806602 Residual Norm: 0.05700083                                                 
               Excitation 52  :     10.27897324 Residual Norm: 0.05453814                                                 
               Excitation 53  :     10.28217686 Residual Norm: 0.05255549                                                 
               Excitation 54  :     10.28481890 Residual Norm: 0.05265033                                                 
               Excitation 55  :     10.28609879 Residual Norm: 0.05218563                                                 
               Excitation 56  :     10.28675505 Residual Norm: 0.05828873                                                 
               Excitation 57  :     10.28682639 Residual Norm: 0.04078777                                                 
               Excitation 58  :     10.28738539 Residual Norm: 0.04939128                                                 
               Excitation 59  :     10.28900018 Residual Norm: 0.04998050                                                 
               Excitation 60  :     10.29196114 Residual Norm: 0.05256091                                                 
               Excitation 61  :     10.29339360 Residual Norm: 0.05419096                                                 
               Excitation 62  :     10.29616542 Residual Norm: 0.05516608                                                 
               Excitation 63  :     10.29976394 Residual Norm: 0.05832971                                                 
               Excitation 64  :     10.30318113 Residual Norm: 0.05630630                                                 
               Excitation 65  :     10.30786404 Residual Norm: 0.05875717                                                 
               Excitation 66  :     10.30903117 Residual Norm: 0.05336022                                                 
               Excitation 67  :     10.30905956 Residual Norm: 0.06099935                                                 
               Excitation 68  :     10.31143967 Residual Norm: 0.05704675                                                 
               Excitation 69  :     10.31429791 Residual Norm: 0.05494962                                                 
               Excitation 70  :     10.31503440 Residual Norm: 0.05352801                                                 
               Excitation 71  :     10.31768106 Residual Norm: 0.04310045                                                 
               Excitation 72  :     10.31787280 Residual Norm: 0.04801266                                                 
               Excitation 73  :     10.31823893 Residual Norm: 0.05106826                                                 
               Excitation 74  :     10.31868837 Residual Norm: 0.04588691                                                 
               Excitation 75  :     10.32995381 Residual Norm: 0.03889206                                                 
                                                                                                                          
* Info * Processing 75 Fock builds...                                                                                     
                                                                                                                          
* Info * 150 gerade trial vectors in reduced space                                                                        
* Info * 150 ungerade trial vectors in reduced space                                                                      
                                                                                                                          
* Info * 108.96 kB of memory used for subspace procedure on the master node                                               
* Info * 354.30 GB of memory available for the solver on the master node                                                  
                                                                                                                          
               *** Iteration:   2 * Residuals (Max,Min): 2.22e-01 and 6.27e-03                                            
                                                                                                                          
               Excitation 1   :     10.08966322 Residual Norm: 0.02298647                                                 
               Excitation 2   :     10.10134413 Residual Norm: 0.02689041                                                 
               Excitation 3   :     10.10301501 Residual Norm: 0.02135204                                                 
               Excitation 4   :     10.10651206 Residual Norm: 0.02005050                                                 
               Excitation 5   :     10.12611342 Residual Norm: 0.01840824                                                 
               Excitation 6   :     10.13167012 Residual Norm: 0.01227407                                                 
               Excitation 7   :     10.14180804 Residual Norm: 0.01639759                                                 
               Excitation 8   :     10.14226998 Residual Norm: 0.01150040                                                 
               Excitation 9   :     10.14277676 Residual Norm: 0.05082513                                                 
               Excitation 10  :     10.15297444 Residual Norm: 0.02761349                                                 
               Excitation 11  :     10.15592614 Residual Norm: 0.01583961                                                 
               Excitation 12  :     10.16550390 Residual Norm: 0.00627491                                                 
               Excitation 13  :     10.16893621 Residual Norm: 0.02389195                                                 
               Excitation 14  :     10.17181691 Residual Norm: 0.04980823                                                 
               Excitation 15  :     10.17748273 Residual Norm: 0.08545564                                                 
               Excitation 16  :     10.18483962 Residual Norm: 0.06901889                                                 
               Excitation 17  :     10.18500953 Residual Norm: 0.02488149                                                 
               Excitation 18  :     10.19526439 Residual Norm: 0.02561382                                                 
               Excitation 19  :     10.19973159 Residual Norm: 0.08584336                                                 
               Excitation 20  :     10.20517395 Residual Norm: 0.02580125                                                 
               Excitation 21  :     10.21837870 Residual Norm: 0.02837505                                                 
               Excitation 22  :     10.21892228 Residual Norm: 0.02565795                                                 
               Excitation 23  :     10.22370209 Residual Norm: 0.02268930                                                 
               Excitation 24  :     10.22544716 Residual Norm: 0.03079464                                                 
               Excitation 25  :     10.22741957 Residual Norm: 0.01375547                                                 
               Excitation 26  :     10.22777187 Residual Norm: 0.01644920                                                 
               Excitation 27  :     10.23048618 Residual Norm: 0.02194785                                                 
               Excitation 28  :     10.23229241 Residual Norm: 0.03212408                                                 
               Excitation 29  :     10.23410033 Residual Norm: 0.01423760                                                 
               Excitation 30  :     10.23509666 Residual Norm: 0.03032256                                                 
               Excitation 31  :     10.23862531 Residual Norm: 0.02709308                                                 
               Excitation 32  :     10.23936654 Residual Norm: 0.01811899                                                 
               Excitation 33  :     10.23994980 Residual Norm: 0.01299261                                                 
               Excitation 34  :     10.23999713 Residual Norm: 0.02714558                                                 
               Excitation 35  :     10.24052070 Residual Norm: 0.02421103                                                 
               Excitation 36  :     10.24536831 Residual Norm: 0.03808555                                                 
               Excitation 37  :     10.24761022 Residual Norm: 0.03132958                                                 
               Excitation 38  :     10.24765769 Residual Norm: 0.03831912                                                 
               Excitation 39  :     10.25250466 Residual Norm: 0.04044687                                                 
               Excitation 40  :     10.25255711 Residual Norm: 0.02038355                                                 
               Excitation 41  :     10.25722034 Residual Norm: 0.02108070                                                 
               Excitation 42  :     10.25954725 Residual Norm: 0.03109700                                                 
               Excitation 43  :     10.25990997 Residual Norm: 0.02740709                                                 
               Excitation 44  :     10.26287941 Residual Norm: 0.03419995                                                 
               Excitation 45  :     10.26335730 Residual Norm: 0.05151115                                                 
               Excitation 46  :     10.26377467 Residual Norm: 0.02684750                                                 
               Excitation 47  :     10.26404104 Residual Norm: 0.05113510                                                 
               Excitation 48  :     10.26632749 Residual Norm: 0.03374418                                                 
               Excitation 49  :     10.26764470 Residual Norm: 0.01704256                                                 
               Excitation 50  :     10.27019432 Residual Norm: 0.05929909                                                 
               Excitation 51  :     10.27033261 Residual Norm: 0.05799371                                                 
               Excitation 52  :     10.27289739 Residual Norm: 0.03091444                                                 
               Excitation 53  :     10.27383748 Residual Norm: 0.02246643                                                 
               Excitation 54  :     10.27694483 Residual Norm: 0.02099395                                                 
               Excitation 55  :     10.27928063 Residual Norm: 0.03421632                                                 
               Excitation 56  :     10.28041150 Residual Norm: 0.03556828                                                 
               Excitation 57  :     10.28171123 Residual Norm: 0.02268307                                                 
               Excitation 58  :     10.28284138 Residual Norm: 0.02095584                                                 
               Excitation 59  :     10.28320210 Residual Norm: 0.03879291                                                 
               Excitation 60  :     10.28446792 Residual Norm: 0.02027263                                                 
               Excitation 61  :     10.28553602 Residual Norm: 0.03655406                                                 
               Excitation 62  :     10.29157956 Residual Norm: 0.01771791                                                 
               Excitation 63  :     10.29476002 Residual Norm: 0.04877503                                                 
               Excitation 64  :     10.29495459 Residual Norm: 0.02569030                                                 
               Excitation 65  :     10.29584661 Residual Norm: 0.22193500                                                 
               Excitation 66  :     10.29831367 Residual Norm: 0.05861055                                                 
               Excitation 67  :     10.30241667 Residual Norm: 0.03320284                                                 
               Excitation 68  :     10.30252263 Residual Norm: 0.03042712                                                 
               Excitation 69  :     10.30261758 Residual Norm: 0.02245462                                                 
               Excitation 70  :     10.30571524 Residual Norm: 0.05171950                                                 
               Excitation 71  :     10.30618812 Residual Norm: 0.04883966                                                 
               Excitation 72  :     10.30898734 Residual Norm: 0.05701336                                                 
               Excitation 73  :     10.31147143 Residual Norm: 0.04484976                                                 
               Excitation 74  :     10.31259002 Residual Norm: 0.03434463                                                 
               Excitation 75  :     10.31357658 Residual Norm: 0.03419729                                                 
                                                                                                                          
* Info * Processing 75 Fock builds...                                                                                     
                                                                                                                          
* Info * 225 gerade trial vectors in reduced space                                                                        
* Info * 225 ungerade trial vectors in reduced space                                                                      
                                                                                                                          
* Info * 149.76 kB of memory used for subspace procedure on the master node                                               
* Info * 351.67 GB of memory available for the solver on the master node                                                  
                                                                                                                          
               *** Iteration:   3 * Residuals (Max,Min): 9.02e-02 and 1.07e-03                                            
                                                                                                                          
               Excitation 1   :     10.08954901 Residual Norm: 0.00333552                                                 
               Excitation 2   :     10.10124818 Residual Norm: 0.00356305                                                 
               Excitation 3   :     10.10293738 Residual Norm: 0.00307260                                                 
               Excitation 4   :     10.10642963 Residual Norm: 0.00282817                                                 
               Excitation 5   :     10.12599689 Residual Norm: 0.00297735                                                 
               Excitation 6   :     10.13162365 Residual Norm: 0.00205860                                                 
               Excitation 7   :     10.14161310 Residual Norm: 0.00856336                                                 
               Excitation 8   :     10.14173467 Residual Norm: 0.00239651                                                 
               Excitation 9   :     10.14223365 Residual Norm: 0.00150843                                                 
               Excitation 10  :     10.15281882 Residual Norm: 0.00805365                                                 
               Excitation 11  :     10.15582382 Residual Norm: 0.00302397                                                 
               Excitation 12  :     10.16548350 Residual Norm: 0.00106843                                                 
               Excitation 13  :     10.16878954 Residual Norm: 0.00760566                                                 
               Excitation 14  :     10.17162223 Residual Norm: 0.00777269                                                 
               Excitation 15  :     10.17708762 Residual Norm: 0.02092234                                                 
               Excitation 16  :     10.18457171 Residual Norm: 0.01994169                                                 
               Excitation 17  :     10.18477596 Residual Norm: 0.00562870                                                 
               Excitation 18  :     10.19496674 Residual Norm: 0.00422928                                                 
               Excitation 19  :     10.19927571 Residual Norm: 0.02081490                                                 
               Excitation 20  :     10.20492124 Residual Norm: 0.00484987                                                 
               Excitation 21  :     10.21819154 Residual Norm: 0.00835658                                                 
               Excitation 22  :     10.21874661 Residual Norm: 0.00750732                                                 
               Excitation 23  :     10.22358203 Residual Norm: 0.00701791                                                 
               Excitation 24  :     10.22513527 Residual Norm: 0.00898772                                                 
               Excitation 25  :     10.22732856 Residual Norm: 0.00246718                                                 
               Excitation 26  :     10.22764001 Residual Norm: 0.00447704                                                 
               Excitation 27  :     10.23032643 Residual Norm: 0.00385377                                                 
               Excitation 28  :     10.23176748 Residual Norm: 0.01288764                                                 
               Excitation 29  :     10.23392183 Residual Norm: 0.00428935                                                 
               Excitation 30  :     10.23479385 Residual Norm: 0.00679533                                                 
               Excitation 31  :     10.23788039 Residual Norm: 0.00668288                                                 
               Excitation 32  :     10.23901131 Residual Norm: 0.00365567                                                 
               Excitation 33  :     10.23931106 Residual Norm: 0.00617673                                                 
               Excitation 34  :     10.23982030 Residual Norm: 0.00400186                                                 
               Excitation 35  :     10.23988398 Residual Norm: 0.00619329                                                 
               Excitation 36  :     10.24521561 Residual Norm: 0.00896077                                                 
               Excitation 37  :     10.24720586 Residual Norm: 0.01207214                                                 
               Excitation 38  :     10.24751503 Residual Norm: 0.00410444                                                 
               Excitation 39  :     10.25192471 Residual Norm: 0.02914252                                                 
               Excitation 40  :     10.25212161 Residual Norm: 0.00607227                                                 
               Excitation 41  :     10.25662836 Residual Norm: 0.00932361                                                 
               Excitation 42  :     10.25771533 Residual Norm: 0.02538693                                                 
               Excitation 43  :     10.25962868 Residual Norm: 0.00792846                                                 
               Excitation 44  :     10.26216752 Residual Norm: 0.02246873                                                 
               Excitation 45  :     10.26242492 Residual Norm: 0.02935085                                                 
               Excitation 46  :     10.26243898 Residual Norm: 0.01668814                                                 
               Excitation 47  :     10.26295872 Residual Norm: 0.01626382                                                 
               Excitation 48  :     10.26472130 Residual Norm: 0.01214437                                                 
               Excitation 49  :     10.26617547 Residual Norm: 0.02219060                                                 
               Excitation 50  :     10.26732663 Residual Norm: 0.00513510                                                 
               Excitation 51  :     10.26959140 Residual Norm: 0.01181528                                                 
               Excitation 52  :     10.27205155 Residual Norm: 0.00834871                                                 
               Excitation 53  :     10.27317155 Residual Norm: 0.01105895                                                 
               Excitation 54  :     10.27519789 Residual Norm: 0.05465375                                                 
               Excitation 55  :     10.27638450 Residual Norm: 0.00979744                                                 
               Excitation 56  :     10.27721834 Residual Norm: 0.02424530                                                 
               Excitation 57  :     10.27738867 Residual Norm: 0.02463542                                                 
               Excitation 58  :     10.28097088 Residual Norm: 0.02358342                                                 
               Excitation 59  :     10.28116560 Residual Norm: 0.01515948                                                 
               Excitation 60  :     10.28265105 Residual Norm: 0.01030721                                                 
               Excitation 61  :     10.28396202 Residual Norm: 0.00574339                                                 
               Excitation 62  :     10.28412537 Residual Norm: 0.01316499                                                 
               Excitation 63  :     10.29111879 Residual Norm: 0.01769752                                                 
               Excitation 64  :     10.29125324 Residual Norm: 0.02832481                                                 
               Excitation 65  :     10.29466394 Residual Norm: 0.01625514                                                 
               Excitation 66  :     10.29591977 Residual Norm: 0.08748494                                                 
               Excitation 67  :     10.29686558 Residual Norm: 0.01668132                                                 
               Excitation 68  :     10.29793687 Residual Norm: 0.09016218                                                 
               Excitation 69  :     10.29887343 Residual Norm: 0.03880798                                                 
               Excitation 70  :     10.30068922 Residual Norm: 0.02826457                                                 
               Excitation 71  :     10.30089841 Residual Norm: 0.02115497                                                 
               Excitation 72  :     10.30217760 Residual Norm: 0.02813535                                                 
               Excitation 73  :     10.30251782 Residual Norm: 0.04915629                                                 
               Excitation 74  :     10.30437555 Residual Norm: 0.02547852                                                 
               Excitation 75  :     10.30584375 Residual Norm: 0.02380899                                                 
                                                                                                                          
* Info * Processing 75 Fock builds...                                                                                     
                                                                                                                          
* Info * 300 gerade trial vectors in reduced space                                                                        
* Info * 300 ungerade trial vectors in reduced space                                                                      
                                                                                                                          
* Info * 190.56 kB of memory used for subspace procedure on the master node                                               
* Info * 351.83 GB of memory available for the solver on the master node                                                  
                                                                                                                          
               *** Iteration:   4 * Residuals (Max,Min): 6.88e-02 and 1.60e-04                                            
                                                                                                                          
               Excitation 1   :     10.08954844 Residual Norm: 0.00032031                                                 
               Excitation 2   :     10.10124772 Residual Norm: 0.00033728                                                 
               Excitation 3   :     10.10293678 Residual Norm: 0.00042085                                                 
               Excitation 4   :     10.10642914 Residual Norm: 0.00031111                                                 
               Excitation 5   :     10.12599641 Residual Norm: 0.00035851                                                 
               Excitation 6   :     10.13162330 Residual Norm: 0.00020909                                                 
               Excitation 7   :     10.14160635 Residual Norm: 0.00152218                                                 
               Excitation 8   :     10.14173393 Residual Norm: 0.00030233                                                 
               Excitation 9   :     10.14223332 Residual Norm: 0.00019216                                                 
               Excitation 10  :     10.15281734 Residual Norm: 0.00069723                                                 
               Excitation 11  :     10.15582302 Residual Norm: 0.00038497                                                 
               Excitation 12  :     10.16548314 Residual Norm: 0.00015991                                                 
               Excitation 13  :     10.16878802 Residual Norm: 0.00072222                                                 
               Excitation 14  :     10.17161872 Residual Norm: 0.00042369                                                 
               Excitation 15  :     10.17707179 Residual Norm: 0.00159891                                                 
               Excitation 16  :     10.18455886 Residual Norm: 0.00167632                                                 
               Excitation 17  :     10.18477432 Residual Norm: 0.00066986                                                 
               Excitation 18  :     10.19496032 Residual Norm: 0.00073405                                                 
               Excitation 19  :     10.19925812 Residual Norm: 0.00114304                                                 
               Excitation 20  :     10.20491740 Residual Norm: 0.00045584                                                 
               Excitation 21  :     10.21818659 Residual Norm: 0.00071020                                                 
               Excitation 22  :     10.21874082 Residual Norm: 0.00066677                                                 
               Excitation 23  :     10.22357978 Residual Norm: 0.00074977                                                 
               Excitation 24  :     10.22512952 Residual Norm: 0.00083662                                                 
               Excitation 25  :     10.22732658 Residual Norm: 0.00055363                                                 
               Excitation 26  :     10.22763728 Residual Norm: 0.00044498                                                 
               Excitation 27  :     10.23032196 Residual Norm: 0.00067027                                                 
               Excitation 28  :     10.23174789 Residual Norm: 0.00162325                                                 
               Excitation 29  :     10.23391874 Residual Norm: 0.00070892                                                 
               Excitation 30  :     10.23478823 Residual Norm: 0.00080762                                                 
               Excitation 31  :     10.23786110 Residual Norm: 0.00096219                                                 
               Excitation 32  :     10.23900423 Residual Norm: 0.00081689                                                 
               Excitation 33  :     10.23929589 Residual Norm: 0.00114263                                                 
               Excitation 34  :     10.23981640 Residual Norm: 0.00059195                                                 
               Excitation 35  :     10.23986428 Residual Norm: 0.00153188                                                 
               Excitation 36  :     10.24520911 Residual Norm: 0.00088482                                                 
               Excitation 37  :     10.24719528 Residual Norm: 0.00142131                                                 
               Excitation 38  :     10.24751342 Residual Norm: 0.00037572                                                 
               Excitation 39  :     10.25183684 Residual Norm: 0.01843459                                                 
               Excitation 40  :     10.25210663 Residual Norm: 0.00130611                                                 
               Excitation 41  :     10.25660464 Residual Norm: 0.00148220                                                 
               Excitation 42  :     10.25766198 Residual Norm: 0.00415011                                                 
               Excitation 43  :     10.25962321 Residual Norm: 0.00108414                                                 
               Excitation 44  :     10.26210293 Residual Norm: 0.00359326                                                 
               Excitation 45  :     10.26227347 Residual Norm: 0.00370965                                                 
               Excitation 46  :     10.26234432 Residual Norm: 0.01464760                                                 
               Excitation 47  :     10.26290016 Residual Norm: 0.00245565                                                 
               Excitation 48  :     10.26464116 Residual Norm: 0.00256744                                                 
               Excitation 49  :     10.26601328 Residual Norm: 0.00493648                                                 
               Excitation 50  :     10.26731789 Residual Norm: 0.00108222                                                 
               Excitation 51  :     10.26956641 Residual Norm: 0.00199967                                                 
               Excitation 52  :     10.27201377 Residual Norm: 0.00209002                                                 
               Excitation 53  :     10.27313105 Residual Norm: 0.00285382                                                 
               Excitation 54  :     10.27463046 Residual Norm: 0.02946150                                                 
               Excitation 55  :     10.27635759 Residual Norm: 0.00278173                                                 
               Excitation 56  :     10.27681713 Residual Norm: 0.00651960                                                 
               Excitation 57  :     10.27708000 Residual Norm: 0.00660525                                                 
               Excitation 58  :     10.28081311 Residual Norm: 0.00456825                                                 
               Excitation 59  :     10.28111816 Residual Norm: 0.00228710                                                 
               Excitation 60  :     10.28263983 Residual Norm: 0.00323241                                                 
               Excitation 61  :     10.28394071 Residual Norm: 0.00259063                                                 
               Excitation 62  :     10.28398215 Residual Norm: 0.00419923                                                 
               Excitation 63  :     10.28897502 Residual Norm: 0.06875814                                                 
               Excitation 64  :     10.29063114 Residual Norm: 0.00711929                                                 
               Excitation 65  :     10.29111288 Residual Norm: 0.00351234                                                 
               Excitation 66  :     10.29362695 Residual Norm: 0.01781931                                                 
               Excitation 67  :     10.29465086 Residual Norm: 0.00273672                                                 
               Excitation 68  :     10.29664462 Residual Norm: 0.00787939                                                 
               Excitation 69  :     10.29760214 Residual Norm: 0.01656459                                                 
               Excitation 70  :     10.30022182 Residual Norm: 0.00865153                                                 
               Excitation 71  :     10.30081492 Residual Norm: 0.01111927                                                 
               Excitation 72  :     10.30082225 Residual Norm: 0.01349884                                                 
               Excitation 73  :     10.30133538 Residual Norm: 0.01658426                                                 
               Excitation 74  :     10.30290478 Residual Norm: 0.02130658                                                 
               Excitation 75  :     10.30358414 Residual Norm: 0.01046578                                                 
                                                                                                                          
* Info * Processing 75 Fock builds...                                                                                     
                                                                                                                          
* Info * 375 gerade trial vectors in reduced space                                                                        
* Info * 375 ungerade trial vectors in reduced space                                                                      
                                                                                                                          
* Info * 232.46 kB of memory used for subspace procedure on the master node                                               
* Info * 352.38 GB of memory available for the solver on the master node                                                  
                                                                                                                          
               *** Iteration:   5 * Residuals (Max,Min): 8.45e-02 and 1.28e-05                                            
                                                                                                                          
               Excitation 1   :     10.08954843 Residual Norm: 0.00001504   converged                                     
               Excitation 2   :     10.10124772 Residual Norm: 0.00002091   converged                                     
               Excitation 3   :     10.10293678 Residual Norm: 0.00002111   converged                                     
               Excitation 4   :     10.10642914 Residual Norm: 0.00002246   converged                                     
               Excitation 5   :     10.12599641 Residual Norm: 0.00002322   converged                                     
               Excitation 6   :     10.13162330 Residual Norm: 0.00001285   converged                                     
               Excitation 7   :     10.14160625 Residual Norm: 0.00018356                                                 
               Excitation 8   :     10.14173392 Residual Norm: 0.00002302   converged                                     
               Excitation 9   :     10.14223332 Residual Norm: 0.00001584   converged                                     
               Excitation 10  :     10.15281731 Residual Norm: 0.00004773   converged                                     
               Excitation 11  :     10.15582301 Residual Norm: 0.00002811   converged                                     
               Excitation 12  :     10.16548314 Residual Norm: 0.00001383   converged                                     
               Excitation 13  :     10.16878799 Residual Norm: 0.00005195   converged                                     
               Excitation 14  :     10.17161869 Residual Norm: 0.00003360   converged                                     
               Excitation 15  :     10.17707150 Residual Norm: 0.00013620                                                 
               Excitation 16  :     10.18455863 Residual Norm: 0.00008676   converged                                     
               Excitation 17  :     10.18477430 Residual Norm: 0.00005591   converged                                     
               Excitation 18  :     10.19496026 Residual Norm: 0.00006519   converged                                     
               Excitation 19  :     10.19925793 Residual Norm: 0.00010059                                                 
               Excitation 20  :     10.20491737 Residual Norm: 0.00003085   converged                                     
               Excitation 21  :     10.21818650 Residual Norm: 0.00008837   converged                                     
               Excitation 22  :     10.21874076 Residual Norm: 0.00006143   converged                                     
               Excitation 23  :     10.22357973 Residual Norm: 0.00007126   converged                                     
               Excitation 24  :     10.22512944 Residual Norm: 0.00005953   converged                                     
               Excitation 25  :     10.22732655 Residual Norm: 0.00006218   converged                                     
               Excitation 26  :     10.22763724 Residual Norm: 0.00004064   converged                                     
               Excitation 27  :     10.23032187 Residual Norm: 0.00008103   converged                                     
               Excitation 28  :     10.23174751 Residual Norm: 0.00020609                                                 
               Excitation 29  :     10.23391867 Residual Norm: 0.00009399   converged                                     
               Excitation 30  :     10.23478813 Residual Norm: 0.00012041                                                 
               Excitation 31  :     10.23786089 Residual Norm: 0.00011680                                                 
               Excitation 32  :     10.23900406 Residual Norm: 0.00009870   converged                                     
               Excitation 33  :     10.23929563 Residual Norm: 0.00019739                                                 
               Excitation 34  :     10.23981634 Residual Norm: 0.00006076   converged                                     
               Excitation 35  :     10.23986382 Residual Norm: 0.00028288                                                 
               Excitation 36  :     10.24520897 Residual Norm: 0.00008471   converged                                     
               Excitation 37  :     10.24719502 Residual Norm: 0.00011524                                                 
               Excitation 38  :     10.24751340 Residual Norm: 0.00004815   converged                                     
               Excitation 39  :     10.25182499 Residual Norm: 0.00269453                                                 
               Excitation 40  :     10.25210627 Residual Norm: 0.00017609                                                 
               Excitation 41  :     10.25660431 Residual Norm: 0.00015841                                                 
               Excitation 42  :     10.25766018 Residual Norm: 0.00060145                                                 
               Excitation 43  :     10.25962307 Residual Norm: 0.00010548                                                 
               Excitation 44  :     10.26210135 Residual Norm: 0.00039149                                                 
               Excitation 45  :     10.26226852 Residual Norm: 0.00058727                                                 
               Excitation 46  :     10.26233506 Residual Norm: 0.00255969                                                 
               Excitation 47  :     10.26289876 Residual Norm: 0.00029012                                                 
               Excitation 48  :     10.26463833 Residual Norm: 0.00060857                                                 
               Excitation 49  :     10.26600958 Residual Norm: 0.00053043                                                 
               Excitation 50  :     10.26731767 Residual Norm: 0.00020040                                                 
               Excitation 51  :     10.26956540 Residual Norm: 0.00029630                                                 
               Excitation 52  :     10.27201283 Residual Norm: 0.00027032                                                 
               Excitation 53  :     10.27312975 Residual Norm: 0.00047323                                                 
               Excitation 54  :     10.27452353 Residual Norm: 0.00839584                                                 
               Excitation 55  :     10.27635644 Residual Norm: 0.00038197                                                 
               Excitation 56  :     10.27680731 Residual Norm: 0.00077489                                                 
               Excitation 57  :     10.27706790 Residual Norm: 0.00095999                                                 
               Excitation 58  :     10.28080790 Residual Norm: 0.00066083                                                 
               Excitation 59  :     10.28111684 Residual Norm: 0.00036207                                                 
               Excitation 60  :     10.28263930 Residual Norm: 0.00038928                                                 
               Excitation 61  :     10.28393899 Residual Norm: 0.00062218                                                 
               Excitation 62  :     10.28397783 Residual Norm: 0.00060484                                                 
               Excitation 63  :     10.28851498 Residual Norm: 0.01612237                                                 
               Excitation 64  :     10.29061684 Residual Norm: 0.00106368                                                 
               Excitation 65  :     10.29111188 Residual Norm: 0.00051757                                                 
               Excitation 66  :     10.29353044 Residual Norm: 0.00281402                                                 
               Excitation 67  :     10.29465007 Residual Norm: 0.00040610                                                 
               Excitation 68  :     10.29663202 Residual Norm: 0.00141869                                                 
               Excitation 69  :     10.29757071 Residual Norm: 0.00213892                                                 
               Excitation 70  :     10.30020044 Residual Norm: 0.00195109                                                 
               Excitation 71  :     10.30069895 Residual Norm: 0.00436792                                                 
               Excitation 72  :     10.30081206 Residual Norm: 0.00120105                                                 
               Excitation 73  :     10.30123468 Residual Norm: 0.00324823                                                 
               Excitation 74  :     10.30276589 Residual Norm: 0.00335530                                                 
               Excitation 75  :     10.30330034 Residual Norm: 0.08451032                                                 
                                                                                                                          
* Info * Processing 45 Fock builds...                                                                                     
                                                                                                                          
* Info * 420 gerade trial vectors in reduced space                                                                        
* Info * 420 ungerade trial vectors in reduced space                                                                      
                                                                                                                          
* Info * 256.40 kB of memory used for subspace procedure on the master node                                               
* Info * 356.59 GB of memory available for the solver on the master node                                                  
                                                                                                                          
               *** Iteration:   6 * Residuals (Max,Min): 1.72e-02 and 8.03e-06                                            
                                                                                                                          
               Excitation 1   :     10.08954843 Residual Norm: 0.00000957   converged                                     
               Excitation 2   :     10.10124772 Residual Norm: 0.00001292   converged                                     
               Excitation 3   :     10.10293678 Residual Norm: 0.00001762   converged                                     
               Excitation 4   :     10.10642914 Residual Norm: 0.00001432   converged                                     
               Excitation 5   :     10.12599641 Residual Norm: 0.00001528   converged                                     
               Excitation 6   :     10.13162330 Residual Norm: 0.00000803   converged                                     
               Excitation 7   :     10.14160625 Residual Norm: 0.00001416   converged                                     
               Excitation 8   :     10.14173392 Residual Norm: 0.00001924   converged                                     
               Excitation 9   :     10.14223332 Residual Norm: 0.00001205   converged                                     
               Excitation 10  :     10.15281731 Residual Norm: 0.00002365   converged                                     
               Excitation 11  :     10.15582301 Residual Norm: 0.00001612   converged                                     
               Excitation 12  :     10.16548314 Residual Norm: 0.00000874   converged                                     
               Excitation 13  :     10.16878799 Residual Norm: 0.00002307   converged                                     
               Excitation 14  :     10.17161869 Residual Norm: 0.00001914   converged                                     
               Excitation 15  :     10.17707150 Residual Norm: 0.00005019   converged                                     
               Excitation 16  :     10.18455863 Residual Norm: 0.00003279   converged                                     
               Excitation 17  :     10.18477430 Residual Norm: 0.00002732   converged                                     
               Excitation 18  :     10.19496026 Residual Norm: 0.00001970   converged                                     
               Excitation 19  :     10.19925793 Residual Norm: 0.00001194   converged                                     
               Excitation 20  :     10.20491737 Residual Norm: 0.00002241   converged                                     
               Excitation 21  :     10.21818650 Residual Norm: 0.00003223   converged                                     
               Excitation 22  :     10.21874076 Residual Norm: 0.00003260   converged                                     
               Excitation 23  :     10.22357973 Residual Norm: 0.00002979   converged                                     
               Excitation 24  :     10.22512944 Residual Norm: 0.00003381   converged                                     
               Excitation 25  :     10.22732654 Residual Norm: 0.00003120   converged                                     
               Excitation 26  :     10.22763724 Residual Norm: 0.00003659   converged                                     
               Excitation 27  :     10.23032187 Residual Norm: 0.00002519   converged                                     
               Excitation 28  :     10.23174751 Residual Norm: 0.00001777   converged                                     
               Excitation 29  :     10.23391866 Residual Norm: 0.00003685   converged                                     
               Excitation 30  :     10.23478813 Residual Norm: 0.00005739   converged                                     
               Excitation 31  :     10.23786089 Residual Norm: 0.00001990   converged                                     
               Excitation 32  :     10.23900406 Residual Norm: 0.00004375   converged                                     
               Excitation 33  :     10.23929563 Residual Norm: 0.00002741   converged                                     
               Excitation 34  :     10.23981634 Residual Norm: 0.00004655   converged                                     
               Excitation 35  :     10.23986381 Residual Norm: 0.00003667   converged                                     
               Excitation 36  :     10.24520897 Residual Norm: 0.00004156   converged                                     
               Excitation 37  :     10.24719502 Residual Norm: 0.00001616   converged                                     
               Excitation 38  :     10.24751340 Residual Norm: 0.00002733   converged                                     
               Excitation 39  :     10.25182439 Residual Norm: 0.00029508                                                 
               Excitation 40  :     10.25210626 Residual Norm: 0.00002633   converged                                     
               Excitation 41  :     10.25660431 Residual Norm: 0.00005586   converged                                     
               Excitation 42  :     10.25766014 Residual Norm: 0.00007543   converged                                     
               Excitation 43  :     10.25962307 Residual Norm: 0.00001451   converged                                     
               Excitation 44  :     10.26210132 Residual Norm: 0.00005572   converged                                     
               Excitation 45  :     10.26226845 Residual Norm: 0.00008465   converged                                     
               Excitation 46  :     10.26233444 Residual Norm: 0.00032447                                                 
               Excitation 47  :     10.26289874 Residual Norm: 0.00003561   converged                                     
               Excitation 48  :     10.26463827 Residual Norm: 0.00007007   converged                                     
               Excitation 49  :     10.26600953 Residual Norm: 0.00007103   converged                                     
               Excitation 50  :     10.26731767 Residual Norm: 0.00003191   converged                                     
               Excitation 51  :     10.26956539 Residual Norm: 0.00004861   converged                                     
               Excitation 52  :     10.27201281 Residual Norm: 0.00003468   converged                                     
               Excitation 53  :     10.27312972 Residual Norm: 0.00005482   converged                                     
               Excitation 54  :     10.27451628 Residual Norm: 0.00122965                                                 
               Excitation 55  :     10.27635642 Residual Norm: 0.00005542   converged                                     
               Excitation 56  :     10.27680720 Residual Norm: 0.00007550   converged                                     
               Excitation 57  :     10.27706771 Residual Norm: 0.00012580                                                 
               Excitation 58  :     10.28080778 Residual Norm: 0.00009192   converged                                     
               Excitation 59  :     10.28111680 Residual Norm: 0.00005045   converged                                     
               Excitation 60  :     10.28263928 Residual Norm: 0.00004872   converged                                     
               Excitation 61  :     10.28393894 Residual Norm: 0.00010004                                                 
               Excitation 62  :     10.28397777 Residual Norm: 0.00007384   converged                                     
               Excitation 63  :     10.28848424 Residual Norm: 0.00282642                                                 
               Excitation 64  :     10.29061660 Residual Norm: 0.00013361                                                 
               Excitation 65  :     10.29111185 Residual Norm: 0.00007769   converged                                     
               Excitation 66  :     10.29352907 Residual Norm: 0.00029199                                                 
               Excitation 67  :     10.29465004 Residual Norm: 0.00007424   converged                                     
               Excitation 68  :     10.29663172 Residual Norm: 0.00028628                                                 
               Excitation 69  :     10.29756980 Residual Norm: 0.00033293                                                 
               Excitation 70  :     10.30019964 Residual Norm: 0.00032835                                                 
               Excitation 71  :     10.30069352 Residual Norm: 0.00098568                                                 
               Excitation 72  :     10.30081181 Residual Norm: 0.00019180                                                 
               Excitation 73  :     10.30123269 Residual Norm: 0.00038527                                                 
               Excitation 74  :     10.30141684 Residual Norm: 0.01724586                                                 
               Excitation 75  :     10.30276360 Residual Norm: 0.00037628                                                 
                                                                                                                          
* Info * Processing 16 Fock builds...                                                                                     
                                                                                                                          
* Info * 436 gerade trial vectors in reduced space                                                                        
* Info * 436 ungerade trial vectors in reduced space                                                                      
                                                                                                                          
* Info * 264.70 kB of memory used for subspace procedure on the master node                                               
* Info * 359.77 GB of memory available for the solver on the master node                                                  
                                                                                                                          
               *** Iteration:   7 * Residuals (Max,Min): 4.78e-03 and 7.60e-06                                            
                                                                                                                          
               Excitation 1   :     10.08954843 Residual Norm: 0.00000890   converged                                     
               Excitation 2   :     10.10124772 Residual Norm: 0.00001275   converged                                     
               Excitation 3   :     10.10293678 Residual Norm: 0.00001743   converged                                     
               Excitation 4   :     10.10642914 Residual Norm: 0.00001364   converged                                     
               Excitation 5   :     10.12599641 Residual Norm: 0.00001546   converged                                     
               Excitation 6   :     10.13162330 Residual Norm: 0.00000760   converged                                     
               Excitation 7   :     10.14160625 Residual Norm: 0.00000916   converged                                     
               Excitation 8   :     10.14173392 Residual Norm: 0.00001902   converged                                     
               Excitation 9   :     10.14223332 Residual Norm: 0.00001124   converged                                     
               Excitation 10  :     10.15281731 Residual Norm: 0.00002365   converged                                     
               Excitation 11  :     10.15582301 Residual Norm: 0.00001657   converged                                     
               Excitation 12  :     10.16548314 Residual Norm: 0.00000870   converged                                     
               Excitation 13  :     10.16878799 Residual Norm: 0.00002306   converged                                     
               Excitation 14  :     10.17161869 Residual Norm: 0.00001905   converged                                     
               Excitation 15  :     10.17707150 Residual Norm: 0.00004411   converged                                     
               Excitation 16  :     10.18455863 Residual Norm: 0.00003311   converged                                     
               Excitation 17  :     10.18477430 Residual Norm: 0.00002744   converged                                     
               Excitation 18  :     10.19496026 Residual Norm: 0.00001601   converged                                     
               Excitation 19  :     10.19925793 Residual Norm: 0.00001170   converged                                     
               Excitation 20  :     10.20491737 Residual Norm: 0.00002177   converged                                     
               Excitation 21  :     10.21818650 Residual Norm: 0.00002819   converged                                     
               Excitation 22  :     10.21874076 Residual Norm: 0.00003080   converged                                     
               Excitation 23  :     10.22357973 Residual Norm: 0.00002885   converged                                     
               Excitation 24  :     10.22512944 Residual Norm: 0.00003361   converged                                     
               Excitation 25  :     10.22732654 Residual Norm: 0.00002841   converged                                     
               Excitation 26  :     10.22763724 Residual Norm: 0.00003657   converged                                     
               Excitation 27  :     10.23032187 Residual Norm: 0.00002125   converged                                     
               Excitation 28  :     10.23174751 Residual Norm: 0.00001779   converged                                     
               Excitation 29  :     10.23391866 Residual Norm: 0.00003633   converged                                     
               Excitation 30  :     10.23478813 Residual Norm: 0.00004354   converged                                     
               Excitation 31  :     10.23786089 Residual Norm: 0.00001578   converged                                     
               Excitation 32  :     10.23900406 Residual Norm: 0.00004198   converged                                     
               Excitation 33  :     10.23929563 Residual Norm: 0.00001476   converged                                     
               Excitation 34  :     10.23981634 Residual Norm: 0.00004633   converged                                     
               Excitation 35  :     10.23986381 Residual Norm: 0.00001550   converged                                     
               Excitation 36  :     10.24520897 Residual Norm: 0.00004162   converged                                     
               Excitation 37  :     10.24719502 Residual Norm: 0.00001577   converged                                     
               Excitation 38  :     10.24751340 Residual Norm: 0.00002666   converged                                     
               Excitation 39  :     10.25182438 Residual Norm: 0.00005002   converged                                     
               Excitation 40  :     10.25210626 Residual Norm: 0.00002422   converged                                     
               Excitation 41  :     10.25660431 Residual Norm: 0.00005010   converged                                     
               Excitation 42  :     10.25766014 Residual Norm: 0.00003205   converged                                     
               Excitation 43  :     10.25962307 Residual Norm: 0.00001301   converged                                     
               Excitation 44  :     10.26210132 Residual Norm: 0.00002817   converged                                     
               Excitation 45  :     10.26226845 Residual Norm: 0.00004393   converged                                     
               Excitation 46  :     10.26233442 Residual Norm: 0.00005827   converged                                     
               Excitation 47  :     10.26289874 Residual Norm: 0.00002153   converged                                     
               Excitation 48  :     10.26463827 Residual Norm: 0.00005274   converged                                     
               Excitation 49  :     10.26600953 Residual Norm: 0.00003990   converged                                     
               Excitation 50  :     10.26731767 Residual Norm: 0.00001381   converged                                     
               Excitation 51  :     10.26956539 Residual Norm: 0.00004742   converged                                     
               Excitation 52  :     10.27201281 Residual Norm: 0.00001267   converged                                     
               Excitation 53  :     10.27312972 Residual Norm: 0.00005388   converged                                     
               Excitation 54  :     10.27451612 Residual Norm: 0.00012636                                                 
               Excitation 55  :     10.27635642 Residual Norm: 0.00005650   converged                                     
               Excitation 56  :     10.27680720 Residual Norm: 0.00003474   converged                                     
               Excitation 57  :     10.27706771 Residual Norm: 0.00001697   converged                                     
               Excitation 58  :     10.28080778 Residual Norm: 0.00007880   converged                                     
               Excitation 59  :     10.28111680 Residual Norm: 0.00004779   converged                                     
               Excitation 60  :     10.28263928 Residual Norm: 0.00004816   converged                                     
               Excitation 61  :     10.28393894 Residual Norm: 0.00001649   converged                                     
               Excitation 62  :     10.28397777 Residual Norm: 0.00003800   converged                                     
               Excitation 63  :     10.28848292 Residual Norm: 0.00056143                                                 
               Excitation 64  :     10.29061660 Residual Norm: 0.00001665   converged                                     
               Excitation 65  :     10.29111185 Residual Norm: 0.00004581   converged                                     
               Excitation 66  :     10.29352905 Residual Norm: 0.00003825   converged                                     
               Excitation 67  :     10.29465004 Residual Norm: 0.00006603   converged                                     
               Excitation 68  :     10.29663172 Residual Norm: 0.00003196   converged                                     
               Excitation 69  :     10.29756978 Residual Norm: 0.00003437   converged                                     
               Excitation 70  :     10.30019963 Residual Norm: 0.00003604   converged                                     
               Excitation 71  :     10.30069332 Residual Norm: 0.00014443                                                 
               Excitation 72  :     10.30081180 Residual Norm: 0.00003903   converged                                     
               Excitation 73  :     10.30123267 Residual Norm: 0.00005752   converged                                     
               Excitation 74  :     10.30132293 Residual Norm: 0.00478390                                                 
               Excitation 75  :     10.30276358 Residual Norm: 0.00004130   converged                                     
                                                                                                                          
* Info * Processing 4 Fock builds...                                                                                      
                                                                                                                          
* Info * 440 gerade trial vectors in reduced space                                                                        
* Info * 440 ungerade trial vectors in reduced space                                                                      
                                                                                                                          
* Info * 266.88 kB of memory used for subspace procedure on the master node                                               
* Info * 360.63 GB of memory available for the solver on the master node                                                  
                                                                                                                          
               *** Iteration:   8 * Residuals (Max,Min): 1.27e-03 and 7.60e-06                                            
                                                                                                                          
               Excitation 1   :     10.08954843 Residual Norm: 0.00000890   converged                                     
               Excitation 2   :     10.10124772 Residual Norm: 0.00001275   converged                                     
               Excitation 3   :     10.10293678 Residual Norm: 0.00001743   converged                                     
               Excitation 4   :     10.10642914 Residual Norm: 0.00001362   converged                                     
               Excitation 5   :     10.12599641 Residual Norm: 0.00001546   converged                                     
               Excitation 6   :     10.13162330 Residual Norm: 0.00000760   converged                                     
               Excitation 7   :     10.14160625 Residual Norm: 0.00000833   converged                                     
               Excitation 8   :     10.14173392 Residual Norm: 0.00001902   converged                                     
               Excitation 9   :     10.14223332 Residual Norm: 0.00001124   converged                                     
               Excitation 10  :     10.15281731 Residual Norm: 0.00002365   converged                                     
               Excitation 11  :     10.15582301 Residual Norm: 0.00001657   converged                                     
               Excitation 12  :     10.16548314 Residual Norm: 0.00000870   converged                                     
               Excitation 13  :     10.16878799 Residual Norm: 0.00002306   converged                                     
               Excitation 14  :     10.17161869 Residual Norm: 0.00001896   converged                                     
               Excitation 15  :     10.17707150 Residual Norm: 0.00004312   converged                                     
               Excitation 16  :     10.18455863 Residual Norm: 0.00003311   converged                                     
               Excitation 17  :     10.18477430 Residual Norm: 0.00002744   converged                                     
               Excitation 18  :     10.19496026 Residual Norm: 0.00001601   converged                                     
               Excitation 19  :     10.19925793 Residual Norm: 0.00001170   converged                                     
               Excitation 20  :     10.20491737 Residual Norm: 0.00002168   converged                                     
               Excitation 21  :     10.21818650 Residual Norm: 0.00002867   converged                                     
               Excitation 22  :     10.21874076 Residual Norm: 0.00003006   converged                                     
               Excitation 23  :     10.22357973 Residual Norm: 0.00002885   converged                                     
               Excitation 24  :     10.22512944 Residual Norm: 0.00003361   converged                                     
               Excitation 25  :     10.22732654 Residual Norm: 0.00002840   converged                                     
               Excitation 26  :     10.22763724 Residual Norm: 0.00003657   converged                                     
               Excitation 27  :     10.23032187 Residual Norm: 0.00002086   converged                                     
               Excitation 28  :     10.23174751 Residual Norm: 0.00001778   converged                                     
               Excitation 29  :     10.23391866 Residual Norm: 0.00003633   converged                                     
               Excitation 30  :     10.23478813 Residual Norm: 0.00004374   converged                                     
               Excitation 31  :     10.23786089 Residual Norm: 0.00001517   converged                                     
               Excitation 32  :     10.23900406 Residual Norm: 0.00004183   converged                                     
               Excitation 33  :     10.23929563 Residual Norm: 0.00001476   converged                                     
               Excitation 34  :     10.23981634 Residual Norm: 0.00004633   converged                                     
               Excitation 35  :     10.23986381 Residual Norm: 0.00001550   converged                                     
               Excitation 36  :     10.24520897 Residual Norm: 0.00004162   converged                                     
               Excitation 37  :     10.24719502 Residual Norm: 0.00001548   converged                                     
               Excitation 38  :     10.24751340 Residual Norm: 0.00002658   converged                                     
               Excitation 39  :     10.25182438 Residual Norm: 0.00002365   converged                                     
               Excitation 40  :     10.25210626 Residual Norm: 0.00002248   converged                                     
               Excitation 41  :     10.25660431 Residual Norm: 0.00004814   converged                                     
               Excitation 42  :     10.25766014 Residual Norm: 0.00003205   converged                                     
               Excitation 43  :     10.25962307 Residual Norm: 0.00001300   converged                                     
               Excitation 44  :     10.26210132 Residual Norm: 0.00002817   converged                                     
               Excitation 45  :     10.26226845 Residual Norm: 0.00004401   converged                                     
               Excitation 46  :     10.26233442 Residual Norm: 0.00003750   converged                                     
               Excitation 47  :     10.26289874 Residual Norm: 0.00002153   converged                                     
               Excitation 48  :     10.26463827 Residual Norm: 0.00005273   converged                                     
               Excitation 49  :     10.26600953 Residual Norm: 0.00003989   converged                                     
               Excitation 50  :     10.26731767 Residual Norm: 0.00001381   converged                                     
               Excitation 51  :     10.26956539 Residual Norm: 0.00004750   converged                                     
               Excitation 52  :     10.27201281 Residual Norm: 0.00001267   converged                                     
               Excitation 53  :     10.27312972 Residual Norm: 0.00005388   converged                                     
               Excitation 54  :     10.27451612 Residual Norm: 0.00001417   converged                                     
               Excitation 55  :     10.27635642 Residual Norm: 0.00005650   converged                                     
               Excitation 56  :     10.27680720 Residual Norm: 0.00003459   converged                                     
               Excitation 57  :     10.27706771 Residual Norm: 0.00001697   converged                                     
               Excitation 58  :     10.28080778 Residual Norm: 0.00007880   converged                                     
               Excitation 59  :     10.28111680 Residual Norm: 0.00004779   converged                                     
               Excitation 60  :     10.28263928 Residual Norm: 0.00004816   converged                                     
               Excitation 61  :     10.28393894 Residual Norm: 0.00001648   converged                                     
               Excitation 62  :     10.28397777 Residual Norm: 0.00003803   converged                                     
               Excitation 63  :     10.28848288 Residual Norm: 0.00013136                                                 
               Excitation 64  :     10.29061660 Residual Norm: 0.00001664   converged                                     
               Excitation 65  :     10.29111185 Residual Norm: 0.00004576   converged                                     
               Excitation 66  :     10.29352905 Residual Norm: 0.00003789   converged                                     
               Excitation 67  :     10.29465004 Residual Norm: 0.00006600   converged                                     
               Excitation 68  :     10.29663172 Residual Norm: 0.00002847   converged                                     
               Excitation 69  :     10.29756978 Residual Norm: 0.00003383   converged                                     
               Excitation 70  :     10.30019963 Residual Norm: 0.00003430   converged                                     
               Excitation 71  :     10.30069332 Residual Norm: 0.00001671   converged                                     
               Excitation 72  :     10.30081180 Residual Norm: 0.00003019   converged                                     
               Excitation 73  :     10.30123267 Residual Norm: 0.00004216   converged                                     
               Excitation 74  :     10.30131871 Residual Norm: 0.00126634                                                 
               Excitation 75  :     10.30276358 Residual Norm: 0.00003967   converged                                     
                                                                                                                          
* Info * Processing 2 Fock builds...                                                                                      
                                                                                                                          
* Info * 442 gerade trial vectors in reduced space                                                                        
* Info * 442 ungerade trial vectors in reduced space                                                                      
                                                                                                                          
* Info * 267.96 kB of memory used for subspace procedure on the master node                                               
* Info * 360.97 GB of memory available for the solver on the master node                                                  
                                                                                                                          
               *** Iteration:   9 * Residuals (Max,Min): 2.50e-04 and 7.60e-06                                            
                                                                                                                          
               Excitation 1   :     10.08954843 Residual Norm: 0.00000890   converged                                     
               Excitation 2   :     10.10124772 Residual Norm: 0.00001275   converged                                     
               Excitation 3   :     10.10293678 Residual Norm: 0.00001743   converged                                     
               Excitation 4   :     10.10642914 Residual Norm: 0.00001362   converged                                     
               Excitation 5   :     10.12599641 Residual Norm: 0.00001546   converged                                     
               Excitation 6   :     10.13162330 Residual Norm: 0.00000760   converged                                     
               Excitation 7   :     10.14160625 Residual Norm: 0.00000841   converged                                     
               Excitation 8   :     10.14173392 Residual Norm: 0.00001902   converged                                     
               Excitation 9   :     10.14223332 Residual Norm: 0.00001124   converged                                     
               Excitation 10  :     10.15281731 Residual Norm: 0.00002365   converged                                     
               Excitation 11  :     10.15582301 Residual Norm: 0.00001657   converged                                     
               Excitation 12  :     10.16548314 Residual Norm: 0.00000870   converged                                     
               Excitation 13  :     10.16878799 Residual Norm: 0.00002306   converged                                     
               Excitation 14  :     10.17161869 Residual Norm: 0.00001896   converged                                     
               Excitation 15  :     10.17707150 Residual Norm: 0.00004312   converged                                     
               Excitation 16  :     10.18455863 Residual Norm: 0.00003311   converged                                     
               Excitation 17  :     10.18477430 Residual Norm: 0.00002744   converged                                     
               Excitation 18  :     10.19496026 Residual Norm: 0.00001601   converged                                     
               Excitation 19  :     10.19925793 Residual Norm: 0.00001170   converged                                     
               Excitation 20  :     10.20491737 Residual Norm: 0.00002168   converged                                     
               Excitation 21  :     10.21818650 Residual Norm: 0.00002867   converged                                     
               Excitation 22  :     10.21874076 Residual Norm: 0.00003006   converged                                     
               Excitation 23  :     10.22357973 Residual Norm: 0.00002885   converged                                     
               Excitation 24  :     10.22512944 Residual Norm: 0.00003361   converged                                     
               Excitation 25  :     10.22732654 Residual Norm: 0.00002840   converged                                     
               Excitation 26  :     10.22763724 Residual Norm: 0.00003657   converged                                     
               Excitation 27  :     10.23032187 Residual Norm: 0.00002086   converged                                     
               Excitation 28  :     10.23174751 Residual Norm: 0.00001778   converged                                     
               Excitation 29  :     10.23391866 Residual Norm: 0.00003633   converged                                     
               Excitation 30  :     10.23478813 Residual Norm: 0.00004374   converged                                     
               Excitation 31  :     10.23786089 Residual Norm: 0.00001517   converged                                     
               Excitation 32  :     10.23900406 Residual Norm: 0.00004183   converged                                     
               Excitation 33  :     10.23929563 Residual Norm: 0.00001476   converged                                     
               Excitation 34  :     10.23981634 Residual Norm: 0.00004633   converged                                     
               Excitation 35  :     10.23986381 Residual Norm: 0.00001551   converged                                     
               Excitation 36  :     10.24520897 Residual Norm: 0.00004162   converged                                     
               Excitation 37  :     10.24719502 Residual Norm: 0.00001548   converged                                     
               Excitation 38  :     10.24751340 Residual Norm: 0.00002658   converged                                     
               Excitation 39  :     10.25182438 Residual Norm: 0.00001593   converged                                     
               Excitation 40  :     10.25210626 Residual Norm: 0.00002248   converged                                     
               Excitation 41  :     10.25660431 Residual Norm: 0.00004813   converged                                     
               Excitation 42  :     10.25766014 Residual Norm: 0.00003205   converged                                     
               Excitation 43  :     10.25962307 Residual Norm: 0.00001300   converged                                     
               Excitation 44  :     10.26210132 Residual Norm: 0.00002817   converged                                     
               Excitation 45  :     10.26226845 Residual Norm: 0.00004401   converged                                     
               Excitation 46  :     10.26233442 Residual Norm: 0.00002340   converged                                     
               Excitation 47  :     10.26289874 Residual Norm: 0.00002152   converged                                     
               Excitation 48  :     10.26463827 Residual Norm: 0.00005273   converged                                     
               Excitation 49  :     10.26600953 Residual Norm: 0.00003989   converged                                     
               Excitation 50  :     10.26731767 Residual Norm: 0.00001380   converged                                     
               Excitation 51  :     10.26956539 Residual Norm: 0.00004750   converged                                     
               Excitation 52  :     10.27201281 Residual Norm: 0.00001267   converged                                     
               Excitation 53  :     10.27312972 Residual Norm: 0.00005388   converged                                     
               Excitation 54  :     10.27451612 Residual Norm: 0.00000834   converged                                     
               Excitation 55  :     10.27635642 Residual Norm: 0.00005650   converged                                     
               Excitation 56  :     10.27680720 Residual Norm: 0.00003459   converged                                     
               Excitation 57  :     10.27706771 Residual Norm: 0.00001697   converged                                     
               Excitation 58  :     10.28080778 Residual Norm: 0.00007880   converged                                     
               Excitation 59  :     10.28111680 Residual Norm: 0.00004779   converged                                     
               Excitation 60  :     10.28263928 Residual Norm: 0.00004816   converged                                     
               Excitation 61  :     10.28393894 Residual Norm: 0.00001648   converged                                     
               Excitation 62  :     10.28397777 Residual Norm: 0.00003803   converged                                     
               Excitation 63  :     10.28848288 Residual Norm: 0.00002524   converged                                     
               Excitation 64  :     10.29061660 Residual Norm: 0.00001664   converged                                     
               Excitation 65  :     10.29111185 Residual Norm: 0.00004575   converged                                     
               Excitation 66  :     10.29352905 Residual Norm: 0.00003789   converged                                     
               Excitation 67  :     10.29465004 Residual Norm: 0.00006599   converged                                     
               Excitation 68  :     10.29663172 Residual Norm: 0.00002847   converged                                     
               Excitation 69  :     10.29756978 Residual Norm: 0.00003383   converged                                     
               Excitation 70  :     10.30019963 Residual Norm: 0.00003430   converged                                     
               Excitation 71  :     10.30069332 Residual Norm: 0.00001671   converged                                     
               Excitation 72  :     10.30081180 Residual Norm: 0.00002950   converged                                     
               Excitation 73  :     10.30123267 Residual Norm: 0.00004090   converged                                     
               Excitation 74  :     10.30131858 Residual Norm: 0.00024982                                                 
               Excitation 75  :     10.30276358 Residual Norm: 0.00003966   converged                                     
                                                                                                                          
* Info * Processing 1 Fock build...                                                                                       
                                                                                                                          
* Info * 443 gerade trial vectors in reduced space                                                                        
* Info * 443 ungerade trial vectors in reduced space                                                                      
                                                                                                                          
* Info * 268.35 kB of memory used for subspace procedure on the master node                                               
* Info * 361.05 GB of memory available for the solver on the master node                                                  
                                                                                                                          
               *** Iteration:   10 * Residuals (Max,Min): 7.88e-05 and 5.71e-06                                           
                                                                                                                          
               Excitation 1   :     10.08954843 Residual Norm: 0.00000890   converged                                     
               Excitation 2   :     10.10124772 Residual Norm: 0.00001275   converged                                     
               Excitation 3   :     10.10293678 Residual Norm: 0.00001743   converged                                     
               Excitation 4   :     10.10642914 Residual Norm: 0.00001362   converged                                     
               Excitation 5   :     10.12599641 Residual Norm: 0.00001546   converged                                     
               Excitation 6   :     10.13162330 Residual Norm: 0.00000760   converged                                     
               Excitation 7   :     10.14160625 Residual Norm: 0.00000804   converged                                     
               Excitation 8   :     10.14173392 Residual Norm: 0.00001902   converged                                     
               Excitation 9   :     10.14223332 Residual Norm: 0.00001124   converged                                     
               Excitation 10  :     10.15281731 Residual Norm: 0.00002365   converged                                     
               Excitation 11  :     10.15582301 Residual Norm: 0.00001657   converged                                     
               Excitation 12  :     10.16548314 Residual Norm: 0.00000870   converged                                     
               Excitation 13  :     10.16878799 Residual Norm: 0.00002306   converged                                     
               Excitation 14  :     10.17161869 Residual Norm: 0.00001896   converged                                     
               Excitation 15  :     10.17707150 Residual Norm: 0.00004312   converged                                     
               Excitation 16  :     10.18455863 Residual Norm: 0.00003311   converged                                     
               Excitation 17  :     10.18477430 Residual Norm: 0.00002743   converged                                     
               Excitation 18  :     10.19496026 Residual Norm: 0.00001601   converged                                     
               Excitation 19  :     10.19925793 Residual Norm: 0.00001170   converged                                     
               Excitation 20  :     10.20491737 Residual Norm: 0.00002168   converged                                     
               Excitation 21  :     10.21818650 Residual Norm: 0.00002867   converged                                     
               Excitation 22  :     10.21874076 Residual Norm: 0.00003006   converged                                     
               Excitation 23  :     10.22357973 Residual Norm: 0.00002885   converged                                     
               Excitation 24  :     10.22512944 Residual Norm: 0.00003361   converged                                     
               Excitation 25  :     10.22732654 Residual Norm: 0.00002840   converged                                     
               Excitation 26  :     10.22763724 Residual Norm: 0.00003657   converged                                     
               Excitation 27  :     10.23032187 Residual Norm: 0.00002085   converged                                     
               Excitation 28  :     10.23174751 Residual Norm: 0.00001778   converged                                     
               Excitation 29  :     10.23391866 Residual Norm: 0.00003633   converged                                     
               Excitation 30  :     10.23478813 Residual Norm: 0.00004374   converged                                     
               Excitation 31  :     10.23786089 Residual Norm: 0.00001516   converged                                     
               Excitation 32  :     10.23900406 Residual Norm: 0.00004183   converged                                     
               Excitation 33  :     10.23929563 Residual Norm: 0.00001476   converged                                     
               Excitation 34  :     10.23981634 Residual Norm: 0.00004633   converged                                     
               Excitation 35  :     10.23986381 Residual Norm: 0.00001550   converged                                     
               Excitation 36  :     10.24520897 Residual Norm: 0.00004162   converged                                     
               Excitation 37  :     10.24719502 Residual Norm: 0.00001548   converged                                     
               Excitation 38  :     10.24751340 Residual Norm: 0.00002658   converged                                     
               Excitation 39  :     10.25182438 Residual Norm: 0.00001994   converged                                     
               Excitation 40  :     10.25210626 Residual Norm: 0.00002248   converged                                     
               Excitation 41  :     10.25660431 Residual Norm: 0.00004813   converged                                     
               Excitation 42  :     10.25766014 Residual Norm: 0.00003205   converged                                     
               Excitation 43  :     10.25962307 Residual Norm: 0.00001300   converged                                     
               Excitation 44  :     10.26210132 Residual Norm: 0.00002817   converged                                     
               Excitation 45  :     10.26226845 Residual Norm: 0.00004401   converged                                     
               Excitation 46  :     10.26233442 Residual Norm: 0.00002943   converged                                     
               Excitation 47  :     10.26289874 Residual Norm: 0.00002152   converged                                     
               Excitation 48  :     10.26463827 Residual Norm: 0.00005273   converged                                     
               Excitation 49  :     10.26600953 Residual Norm: 0.00003989   converged                                     
               Excitation 50  :     10.26731767 Residual Norm: 0.00001381   converged                                     
               Excitation 51  :     10.26956539 Residual Norm: 0.00004750   converged                                     
               Excitation 52  :     10.27201281 Residual Norm: 0.00001267   converged                                     
               Excitation 53  :     10.27312972 Residual Norm: 0.00005388   converged                                     
               Excitation 54  :     10.27451612 Residual Norm: 0.00000789   converged                                     
               Excitation 55  :     10.27635642 Residual Norm: 0.00005650   converged                                     
               Excitation 56  :     10.27680720 Residual Norm: 0.00003459   converged                                     
               Excitation 57  :     10.27706771 Residual Norm: 0.00001697   converged                                     
               Excitation 58  :     10.28080778 Residual Norm: 0.00007880   converged                                     
               Excitation 59  :     10.28111680 Residual Norm: 0.00004779   converged                                     
               Excitation 60  :     10.28263928 Residual Norm: 0.00004816   converged                                     
               Excitation 61  :     10.28393894 Residual Norm: 0.00001648   converged                                     
               Excitation 62  :     10.28397777 Residual Norm: 0.00003803   converged                                     
               Excitation 63  :     10.28848288 Residual Norm: 0.00000571   converged                                     
               Excitation 64  :     10.29061660 Residual Norm: 0.00001664   converged                                     
               Excitation 65  :     10.29111185 Residual Norm: 0.00004575   converged                                     
               Excitation 66  :     10.29352905 Residual Norm: 0.00003788   converged                                     
               Excitation 67  :     10.29465004 Residual Norm: 0.00006599   converged                                     
               Excitation 68  :     10.29663172 Residual Norm: 0.00002847   converged                                     
               Excitation 69  :     10.29756978 Residual Norm: 0.00003383   converged                                     
               Excitation 70  :     10.30019963 Residual Norm: 0.00003430   converged                                     
               Excitation 71  :     10.30069332 Residual Norm: 0.00001671   converged                                     
               Excitation 72  :     10.30081180 Residual Norm: 0.00002948   converged                                     
               Excitation 73  :     10.30123267 Residual Norm: 0.00004085   converged                                     
               Excitation 74  :     10.30131857 Residual Norm: 0.00005062   converged                                     
               Excitation 75  :     10.30276358 Residual Norm: 0.00003966   converged                                     
                                                                                                                          
* Info * Checkpoint written to file: 0092_c1s_rsp.h5                                                                      
                                                                                                                          
* Info * Time spent in writing checkpoint file: 1.29 sec                                                                  
                                                                                                                          
               *** Linear response converged in 10 iterations. Time: 1137.63 sec                                          
                                                                                                                          
                                                                                                                          
* Info * Response solution vectors written to file: 0092_c1s.h5                                                           
                                                                                                                          
               Electric Transition Dipole Moments (dipole length, a.u.)                                                   
               --------------------------------------------------------                                                   
                                                X            Y            Z                                               
               Excited State    S1:     -0.003484    -0.004509    -0.069438                                               
               Excited State    S2:      0.001756     0.007771     0.076495                                               
               Excited State    S3:      0.003776     0.001017    -0.066688                                               
               Excited State    S4:      0.004430    -0.000813     0.077348                                               
               Excited State    S5:     -0.003614    -0.000822    -0.052335                                               
               Excited State    S6:      0.005713    -0.004638    -0.018486                                               
               Excited State    S7:      0.007426     0.002263    -0.082798                                               
               Excited State    S8:     -0.000635    -0.002709     0.041020                                               
               Excited State    S9:     -0.002309     0.000304    -0.030777                                               
               Excited State   S10:      0.005801     0.003809    -0.065561                                               
               Excited State   S11:     -0.000698    -0.003710     0.032232                                               
               Excited State   S12:     -0.002117     0.000224     0.002373                                               
               Excited State   S13:      0.009596     0.003501    -0.044831                                               
               Excited State   S14:     -0.001329    -0.026889     0.002410                                               
               Excited State   S15:      0.040766    -0.029349    -0.002045                                               
               Excited State   S16:     -0.034610    -0.013800    -0.001678                                               
               Excited State   S17:     -0.000887     0.006128     0.054061                                               
               Excited State   S18:     -0.006807     0.006801     0.008518                                               
               Excited State   S19:      0.001566    -0.041748     0.005404                                               
               Excited State   S20:     -0.002809    -0.000172    -0.019160                                               
               Excited State   S21:      0.010926    -0.006362     0.011960                                               
               Excited State   S22:      0.002284    -0.022767     0.005432                                               
               Excited State   S23:     -0.002015     0.002706     0.004037                                               
               Excited State   S24:      0.014959     0.006734    -0.003668                                               
               Excited State   S25:      0.001588    -0.004725     0.003443                                               
               Excited State   S26:     -0.000328    -0.001142    -0.006379                                               
               Excited State   S27:     -0.007190     0.003345     0.005604                                               
               Excited State   S28:     -0.001765     0.017055    -0.000161                                               
               Excited State   S29:     -0.008114    -0.008801     0.001199                                               
               Excited State   S30:      0.005531    -0.004849    -0.018449                                               
               Excited State   S31:      0.000214    -0.001809     0.027872                                               
               Excited State   S32:     -0.005127     0.002764     0.001845                                               
               Excited State   S33:      0.020112     0.011754     0.014585                                               
               Excited State   S34:      0.006606     0.003274     0.007133                                               
               Excited State   S35:     -0.014403    -0.003111    -0.003452                                               
               Excited State   S36:      0.001290    -0.018066     0.003644                                               
               Excited State   S37:     -0.005699    -0.007042    -0.001905                                               
               Excited State   S38:     -0.003840     0.002316     0.003880                                               
               Excited State   S39:     -0.022125     0.011097     0.001033                                               
               Excited State   S40:     -0.003837    -0.001402    -0.001510                                               
               Excited State   S41:      0.004790    -0.003853     0.001199                                               
               Excited State   S42:      0.026617     0.016092     0.004028                                               
               Excited State   S43:      0.001031    -0.005298    -0.000690                                               
               Excited State   S44:     -0.011829    -0.001283    -0.010021                                               
               Excited State   S45:      0.002595    -0.000597    -0.020193                                               
               Excited State   S46:      0.021478    -0.001742    -0.002394                                               
               Excited State   S47:      0.007713     0.010657    -0.003871                                               
               Excited State   S48:      0.011619    -0.003289     0.005704                                               
               Excited State   S49:     -0.001845    -0.000458    -0.028469                                               
               Excited State   S50:     -0.007153     0.002508    -0.003821                                               
               Excited State   S51:     -0.012481     0.000074     0.000706                                               
               Excited State   S52:      0.004057     0.006740     0.004014                                               
               Excited State   S53:      0.001019    -0.004813     0.005728                                               
               Excited State   S54:      0.006017     0.002292     0.014368                                               
               Excited State   S55:      0.014930    -0.004131    -0.000532                                               
               Excited State   S56:     -0.016576     0.011834     0.002584                                               
               Excited State   S57:      0.001237     0.000161    -0.026288                                               
               Excited State   S58:     -0.001833    -0.002411    -0.012654                                               
               Excited State   S59:      0.010222    -0.003851     0.007726                                               
               Excited State   S60:      0.001534     0.005841    -0.001392                                               
               Excited State   S61:      0.008046     0.010314     0.003047                                               
               Excited State   S62:     -0.001125    -0.007532    -0.004364                                               
               Excited State   S63:      0.002509     0.031032     0.002514                                               
               Excited State   S64:     -0.004013     0.007312    -0.010166                                               
               Excited State   S65:     -0.011004    -0.004745    -0.007861                                               
               Excited State   S66:      0.005895     0.002169    -0.021428                                               
               Excited State   S67:      0.005619    -0.000436    -0.014790                                               
               Excited State   S68:     -0.022558    -0.000440     0.013795                                               
               Excited State   S69:     -0.004530    -0.003282    -0.023358                                               
               Excited State   S70:      0.011051     0.006554     0.005521                                               
               Excited State   S71:      0.001810     0.002172     0.010301                                               
               Excited State   S72:     -0.019283    -0.015286     0.000023                                               
               Excited State   S73:     -0.007673     0.006407    -0.010658                                               
               Excited State   S74:     -0.013004     0.016029    -0.003562                                               
               Excited State   S75:      0.002808    -0.001028     0.001205                                               
                                                                                                                          
               Electric Transition Dipole Moments (dipole velocity, a.u.)                                                 
               ----------------------------------------------------------                                                 
                                                X            Y            Z                                               
               Excited State    S1:     -0.003443    -0.004465    -0.068471                                               
               Excited State    S2:      0.001717     0.007698     0.075429                                               
               Excited State    S3:      0.003754     0.000988    -0.065756                                               
               Excited State    S4:      0.004374    -0.000799     0.076258                                               
               Excited State    S5:     -0.003589    -0.000807    -0.051651                                               
               Excited State    S6:      0.005695    -0.004586    -0.018255                                               
               Excited State    S7:      0.007334     0.002235    -0.081640                                               
               Excited State    S8:     -0.000635    -0.002702     0.040459                                               
               Excited State    S9:     -0.002280     0.000322    -0.030370                                               
               Excited State   S10:      0.005738     0.003772    -0.064691                                               
               Excited State   S11:     -0.000707    -0.003697     0.031791                                               
               Excited State   S12:     -0.002118     0.000226     0.002342                                               
               Excited State   S13:      0.009522     0.003442    -0.044246                                               
               Excited State   S14:     -0.001259    -0.026809     0.002512                                               
               Excited State   S15:      0.040566    -0.029158    -0.002011                                               
               Excited State   S16:     -0.034467    -0.013724    -0.001698                                               
               Excited State   S17:     -0.000887     0.006070     0.053347                                               
               Excited State   S18:     -0.006795     0.006694     0.008606                                               
               Excited State   S19:      0.001508    -0.041534     0.005456                                               
               Excited State   S20:     -0.002826    -0.000176    -0.018867                                               
               Excited State   S21:      0.010880    -0.006192     0.011806                                               
               Excited State   S22:      0.002319    -0.022686     0.005189                                               
               Excited State   S23:     -0.001943     0.002649     0.003980                                               
               Excited State   S24:      0.014834     0.006760    -0.003725                                               
               Excited State   S25:      0.001477    -0.004557     0.003511                                               
               Excited State   S26:     -0.000311    -0.001151    -0.006293                                               
               Excited State   S27:     -0.007025     0.003427     0.005624                                               
               Excited State   S28:     -0.001691     0.016911     0.000004                                               
               Excited State   S29:     -0.008035    -0.008726     0.001199                                               
               Excited State   S30:      0.005607    -0.004747    -0.018242                                               
               Excited State   S31:      0.000296    -0.001542     0.027806                                               
               Excited State   S32:     -0.005080     0.002678     0.002062                                               
               Excited State   S33:      0.019927     0.011592     0.014463                                               
               Excited State   S34:      0.006640     0.003257     0.006972                                               
               Excited State   S35:     -0.014368    -0.003112    -0.003477                                               
               Excited State   S36:      0.001335    -0.018103     0.003698                                               
               Excited State   S37:     -0.005944    -0.007015    -0.002007                                               
               Excited State   S38:     -0.003772     0.002423     0.003670                                               
               Excited State   S39:     -0.021925     0.011002     0.000968                                               
               Excited State   S40:     -0.004170    -0.001384    -0.001416                                               
               Excited State   S41:      0.004782    -0.003902     0.001231                                               
               Excited State   S42:      0.026480     0.015871     0.003877                                               
               Excited State   S43:      0.001133    -0.005324    -0.000686                                               
               Excited State   S44:     -0.011702    -0.001263    -0.009800                                               
               Excited State   S45:      0.002520    -0.000619    -0.020101                                               
               Excited State   S46:      0.021273    -0.001750    -0.002242                                               
               Excited State   S47:      0.007580     0.010591    -0.003821                                               
               Excited State   S48:      0.011630    -0.003218     0.005613                                               
               Excited State   S49:     -0.001587    -0.000382    -0.028164                                               
               Excited State   S50:     -0.006990     0.002520    -0.003923                                               
               Excited State   S51:     -0.012343     0.000053     0.000612                                               
               Excited State   S52:      0.004000     0.006618     0.003835                                               
               Excited State   S53:      0.000871    -0.004652     0.005637                                               
               Excited State   S54:      0.005989     0.002239     0.014167                                               
               Excited State   S55:      0.014851    -0.003864    -0.000697                                               
               Excited State   S56:     -0.016469     0.011774     0.002428                                               
               Excited State   S57:      0.001262     0.000055    -0.026109                                               
               Excited State   S58:     -0.001837    -0.002392    -0.012366                                               
               Excited State   S59:      0.010036    -0.003648     0.007875                                               
               Excited State   S60:      0.001401     0.005796    -0.001381                                               
               Excited State   S61:      0.008132     0.010062     0.003135                                               
               Excited State   S62:     -0.001230    -0.007363    -0.004212                                               
               Excited State   S63:      0.002604     0.030647     0.002578                                               
               Excited State   S64:     -0.003742     0.007167    -0.009975                                               
               Excited State   S65:     -0.010829    -0.004690    -0.007893                                               
               Excited State   S66:      0.005834     0.002170    -0.021060                                               
               Excited State   S67:      0.005432    -0.000433    -0.014652                                               
               Excited State   S68:     -0.022168    -0.000557     0.013636                                               
               Excited State   S69:     -0.004288    -0.003208    -0.023120                                               
               Excited State   S70:      0.010819     0.006382     0.005543                                               
               Excited State   S71:      0.001773     0.002028     0.010067                                               
               Excited State   S72:     -0.019071    -0.015050     0.000087                                               
               Excited State   S73:     -0.007675     0.006346    -0.010421                                               
               Excited State   S74:     -0.012653     0.015840    -0.003464                                               
               Excited State   S75:      0.002582    -0.000845     0.001297                                               
                                                                                                                          
               Magnetic Transition Dipole Moments (a.u.)                                                                  
               -----------------------------------------                                                                  
                                                X            Y            Z                                               
               Excited State    S1:      0.959934     0.618798    -0.087222                                               
               Excited State    S2:      1.111271    -0.642372     0.043393                                               
               Excited State    S3:     -0.576680     1.331475     0.000745                                               
               Excited State    S4:     -0.393559    -1.500756     0.017160                                               
               Excited State    S5:     -0.332299    -0.139874     0.024026                                               
               Excited State    S6:      0.251090     0.149018     0.036596                                               
               Excited State    S7:      0.023547    -1.908455    -0.053656                                               
               Excited State    S8:      0.252218    -0.694680    -0.048304                                               
               Excited State    S9:      0.236321     0.560435    -0.005342                                               
               Excited State   S10:      0.442188    -0.141654     0.029832                                               
               Excited State   S11:      0.218839     0.094073     0.016179                                               
               Excited State   S12:      0.032804    -0.010493     0.033690                                               
               Excited State   S13:      0.311749    -0.094750     0.055613                                               
               Excited State   S14:     -0.025449    -0.016723    -0.208077                                               
               Excited State   S15:      0.005774     0.036817    -0.259350                                               
               Excited State   S16:     -0.022548     0.077956    -0.061431                                               
               Excited State   S17:      0.326023     0.154482    -0.007114                                               
               Excited State   S18:     -0.119576    -0.081188    -0.030156                                               
               Excited State   S19:      0.089013    -0.047389    -0.402337                                               
               Excited State   S20:      0.260094     0.170716    -0.039531                                               
               Excited State   S21:     -0.074431    -0.242329    -0.093164                                               
               Excited State   S22:     -0.048277    -0.077286    -0.214822                                               
               Excited State   S23:      0.022232     0.012185     0.005714                                               
               Excited State   S24:     -0.026971     0.071990     0.039357                                               
               Excited State   S25:      0.019675    -0.085324    -0.102772                                               
               Excited State   S26:     -0.086579     0.068282     0.008392                                               
               Excited State   S27:     -0.033824    -0.112890     0.008398                                               
               Excited State   S28:     -0.002972     0.003352     0.183633                                               
               Excited State   S29:     -0.004990    -0.008758    -0.037664                                               
               Excited State   S30:      0.112880     0.367845    -0.055606                                               
               Excited State   S31:     -0.390944    -0.256881    -0.000225                                               
               Excited State   S32:     -0.025296    -0.014292    -0.057439                                               
               Excited State   S33:     -0.123260     0.045818     0.142782                                               
               Excited State   S34:      0.061468    -0.143854     0.017071                                               
               Excited State   S35:      0.012185    -0.017636     0.062982                                               
               Excited State   S36:      0.058255    -0.032260    -0.186289                                               
               Excited State   S37:     -0.018476     0.042592    -0.104693                                               
               Excited State   S38:     -0.053005    -0.031111    -0.030217                                               
               Excited State   S39:      0.002214     0.026665    -0.256864                                               
               Excited State   S40:      0.009650     0.027295    -0.050812                                               
               Excited State   S41:     -0.017270    -0.007199     0.021209                                               
               Excited State   S42:     -0.043981     0.035598     0.148465                                               
               Excited State   S43:      0.002583    -0.005392    -0.027954                                               
               Excited State   S44:     -0.063475     0.207382     0.062478                                               
               Excited State   S45:      0.162794     0.390731    -0.005415                                               
               Excited State   S46:     -0.000332    -0.055448     0.044746                                               
               Excited State   S47:     -0.062748     0.030104    -0.014923                                               
               Excited State   S48:     -0.040274    -0.112681     0.003207                                               
               Excited State   S49:     -0.188082     0.591711     0.000456                                               
               Excited State   S50:     -0.025076    -0.012807     0.039561                                               
               Excited State   S51:     -0.000864    -0.010575    -0.090998                                               
               Excited State   S52:      0.032281    -0.080488     0.122472                                               
               Excited State   S53:      0.082319    -0.048304    -0.064399                                               
               Excited State   S54:     -0.003017     0.321927    -0.049957                                               
               Excited State   S55:      0.026783    -0.051332    -0.087030                                               
               Excited State   S56:     -0.029132    -0.026205    -0.126990                                               
               Excited State   S57:     -0.371592     0.233365     0.006943                                               
               Excited State   S58:     -0.187145     0.126618     0.034678                                               
               Excited State   S59:      0.088929    -0.027225    -0.059307                                               
               Excited State   S60:      0.000750    -0.002299     0.002699                                               
               Excited State   S61:      0.015538     0.002585    -0.071934                                               
               Excited State   S62:      0.065226     0.037627    -0.106687                                               
               Excited State   S63:      0.005992     0.058117    -0.699676                                               
               Excited State   S64:      0.136242     0.074390     0.021687                                               
               Excited State   S65:      0.054382    -0.037438    -0.073889                                               
               Excited State   S66:      0.294009     0.190392     0.102768                                               
               Excited State   S67:      0.101656    -0.032363     0.038769                                               
               Excited State   S68:     -0.103825    -0.261666    -0.160684                                               
               Excited State   S69:     -0.170200     0.487034    -0.017237                                               
               Excited State   S70:      0.070373    -0.115940     0.082149                                               
               Excited State   S71:     -0.040068    -0.206221     0.031832                                               
               Excited State   S72:      0.021813    -0.003528    -0.108862                                               
               Excited State   S73:      0.129572     0.107348    -0.073295                                               
               Excited State   S74:      0.003409    -0.079328    -0.364589                                               
               Excited State   S75:     -0.014014    -0.014749     0.038259                                               
                                                                                                                          
               One-Photon Absorption                                                                                      
               ---------------------                                                                                      
               Excited State    S1:     10.08954843 a.u.    274.55060 eV    Osc.Str.    0.0327                            
               Excited State    S2:     10.10124772 a.u.    274.86895 eV    Osc.Str.    0.0398                            
               Excited State    S3:     10.10293678 a.u.    274.91491 eV    Osc.Str.    0.0301                            
               Excited State    S4:     10.10642914 a.u.    275.00995 eV    Osc.Str.    0.0404                            
               Excited State    S5:     10.12599641 a.u.    275.54240 eV    Osc.Str.    0.0186                            
               Excited State    S6:     10.13162330 a.u.    275.69551 eV    Osc.Str.    0.0027                            
               Excited State    S7:     10.14160625 a.u.    275.96716 eV    Osc.Str.    0.0468                            
               Excited State    S8:     10.14173392 a.u.    275.97064 eV    Osc.Str.    0.0114                            
               Excited State    S9:     10.14223332 a.u.    275.98423 eV    Osc.Str.    0.0064                            
               Excited State   S10:     10.15281731 a.u.    276.27223 eV    Osc.Str.    0.0294                            
               Excited State   S11:     10.15582301 a.u.    276.35402 eV    Osc.Str.    0.0071                            
               Excited State   S12:     10.16548314 a.u.    276.61689 eV    Osc.Str.    0.0001                            
               Excited State   S13:     10.16878799 a.u.    276.70682 eV    Osc.Str.    0.0143                            
               Excited State   S14:     10.17161869 a.u.    276.78385 eV    Osc.Str.    0.0050                            
               Excited State   S15:     10.17707150 a.u.    276.93222 eV    Osc.Str.    0.0171                            
               Excited State   S16:     10.18455863 a.u.    277.13596 eV    Osc.Str.    0.0094                            
               Excited State   S17:     10.18477430 a.u.    277.14183 eV    Osc.Str.    0.0201                            
               Excited State   S18:     10.19496026 a.u.    277.41900 eV    Osc.Str.    0.0011                            
               Excited State   S19:     10.19925793 a.u.    277.53595 eV    Osc.Str.    0.0121                            
               Excited State   S20:     10.20491737 a.u.    277.68995 eV    Osc.Str.    0.0026                            
               Excited State   S21:     10.21818650 a.u.    278.05102 eV    Osc.Str.    0.0021                            
               Excited State   S22:     10.21874076 a.u.    278.06610 eV    Osc.Str.    0.0038                            
               Excited State   S23:     10.22357973 a.u.    278.19778 eV    Osc.Str.    0.0002                            
               Excited State   S24:     10.22512944 a.u.    278.23995 eV    Osc.Str.    0.0019                            
               Excited State   S25:     10.22732654 a.u.    278.29973 eV    Osc.Str.    0.0003                            
               Excited State   S26:     10.22763724 a.u.    278.30819 eV    Osc.Str.    0.0003                            
               Excited State   S27:     10.23032187 a.u.    278.38124 eV    Osc.Str.    0.0006                            
               Excited State   S28:     10.23174751 a.u.    278.42003 eV    Osc.Str.    0.0020                            
               Excited State   S29:     10.23391866 a.u.    278.47911 eV    Osc.Str.    0.0010                            
               Excited State   S30:     10.23478813 a.u.    278.50277 eV    Osc.Str.    0.0027                            
               Excited State   S31:     10.23786089 a.u.    278.58639 eV    Osc.Str.    0.0053                            
               Excited State   S32:     10.23900406 a.u.    278.61749 eV    Osc.Str.    0.0003                            
               Excited State   S33:     10.23929563 a.u.    278.62543 eV    Osc.Str.    0.0052                            
               Excited State   S34:     10.23981634 a.u.    278.63960 eV    Osc.Str.    0.0007                            
               Excited State   S35:     10.23986381 a.u.    278.64089 eV    Osc.Str.    0.0016                            
               Excited State   S36:     10.24520897 a.u.    278.78634 eV    Osc.Str.    0.0023                            
               Excited State   S37:     10.24719502 a.u.    278.84038 eV    Osc.Str.    0.0006                            
               Excited State   S38:     10.24751340 a.u.    278.84905 eV    Osc.Str.    0.0002                            
               Excited State   S39:     10.25182438 a.u.    278.96635 eV    Osc.Str.    0.0042                            
               Excited State   S40:     10.25210626 a.u.    278.97402 eV    Osc.Str.    0.0001                            
               Excited State   S41:     10.25660431 a.u.    279.09642 eV    Osc.Str.    0.0003                            
               Excited State   S42:     10.25766014 a.u.    279.12515 eV    Osc.Str.    0.0067                            
               Excited State   S43:     10.25962307 a.u.    279.17857 eV    Osc.Str.    0.0002                            
               Excited State   S44:     10.26210132 a.u.    279.24600 eV    Osc.Str.    0.0017                            
               Excited State   S45:     10.26226845 a.u.    279.25055 eV    Osc.Str.    0.0028                            
               Excited State   S46:     10.26233442 a.u.    279.25235 eV    Osc.Str.    0.0032                            
               Excited State   S47:     10.26289874 a.u.    279.26770 eV    Osc.Str.    0.0013                            
               Excited State   S48:     10.26463827 a.u.    279.31504 eV    Osc.Str.    0.0012                            
               Excited State   S49:     10.26600953 a.u.    279.35235 eV    Osc.Str.    0.0056                            
               Excited State   S50:     10.26731767 a.u.    279.38795 eV    Osc.Str.    0.0005                            
               Excited State   S51:     10.26956539 a.u.    279.44911 eV    Osc.Str.    0.0011                            
               Excited State   S52:     10.27201281 a.u.    279.51571 eV    Osc.Str.    0.0005                            
               Excited State   S53:     10.27312972 a.u.    279.54610 eV    Osc.Str.    0.0004                            
               Excited State   S54:     10.27451612 a.u.    279.58383 eV    Osc.Str.    0.0017                            
               Excited State   S55:     10.27635642 a.u.    279.63390 eV    Osc.Str.    0.0016                            
               Excited State   S56:     10.27680720 a.u.    279.64617 eV    Osc.Str.    0.0029                            
               Excited State   S57:     10.27706771 a.u.    279.65326 eV    Osc.Str.    0.0047                            
               Excited State   S58:     10.28080778 a.u.    279.75503 eV    Osc.Str.    0.0012                            
               Excited State   S59:     10.28111680 a.u.    279.76344 eV    Osc.Str.    0.0012                            
               Excited State   S60:     10.28263928 a.u.    279.80487 eV    Osc.Str.    0.0003                            
               Excited State   S61:     10.28393894 a.u.    279.84023 eV    Osc.Str.    0.0012                            
               Excited State   S62:     10.28397777 a.u.    279.84129 eV    Osc.Str.    0.0005                            
               Excited State   S63:     10.28848288 a.u.    279.96388 eV    Osc.Str.    0.0067                            
               Excited State   S64:     10.29061660 a.u.    280.02194 eV    Osc.Str.    0.0012                            
               Excited State   S65:     10.29111185 a.u.    280.03542 eV    Osc.Str.    0.0014                            
               Excited State   S66:     10.29352905 a.u.    280.10119 eV    Osc.Str.    0.0034                            
               Excited State   S67:     10.29465004 a.u.    280.13170 eV    Osc.Str.    0.0017                            
               Excited State   S68:     10.29663172 a.u.    280.18562 eV    Osc.Str.    0.0048                            
               Excited State   S69:     10.29756978 a.u.    280.21115 eV    Osc.Str.    0.0040                            
               Excited State   S70:     10.30019963 a.u.    280.28271 eV    Osc.Str.    0.0013                            
               Excited State   S71:     10.30069332 a.u.    280.29614 eV    Osc.Str.    0.0008                            
               Excited State   S72:     10.30081180 a.u.    280.29937 eV    Osc.Str.    0.0042                            
               Excited State   S73:     10.30123267 a.u.    280.31082 eV    Osc.Str.    0.0015                            
               Excited State   S74:     10.30131857 a.u.    280.31316 eV    Osc.Str.    0.0030                            
               Excited State   S75:     10.30276358 a.u.    280.35248 eV    Osc.Str.    0.0001                            
                                                                                                                          
               Electronic Circular Dichroism                                                                              
               -----------------------------                                                                              
               Excited State    S1:     Rot.Str.     -0.000096 a.u.    -0.0451 [10**(-40) cgs]                            
               Excited State    S2:     Rot.Str.      0.000236 a.u.     0.1113 [10**(-40) cgs]                            
               Excited State    S3:     Rot.Str.     -0.000898 a.u.    -0.4233 [10**(-40) cgs]                            
               Excited State    S4:     Rot.Str.      0.000787 a.u.     0.3709 [10**(-40) cgs]                            
               Excited State    S5:     Rot.Str.      0.000064 a.u.     0.0304 [10**(-40) cgs]                            
               Excited State    S6:     Rot.Str.      0.000079 a.u.     0.0370 [10**(-40) cgs]                            
               Excited State    S7:     Rot.Str.      0.000289 a.u.     0.1361 [10**(-40) cgs]                            
               Excited State    S8:     Rot.Str.     -0.000238 a.u.    -0.1120 [10**(-40) cgs]                            
               Excited State    S9:     Rot.Str.     -0.000196 a.u.    -0.0924 [10**(-40) cgs]                            
               Excited State   S10:     Rot.Str.      0.000073 a.u.     0.0345 [10**(-40) cgs]                            
               Excited State   S11:     Rot.Str.      0.000012 a.u.     0.0056 [10**(-40) cgs]                            
               Excited State   S12:     Rot.Str.      0.000007 a.u.     0.0033 [10**(-40) cgs]                            
               Excited State   S13:     Rot.Str.      0.000182 a.u.     0.0856 [10**(-40) cgs]                            
               Excited State   S14:     Rot.Str.     -0.000042 a.u.    -0.0200 [10**(-40) cgs]                            
               Excited State   S15:     Rot.Str.     -0.000318 a.u.    -0.1498 [10**(-40) cgs]                            
               Excited State   S16:     Rot.Str.     -0.000188 a.u.    -0.0888 [10**(-40) cgs]                            
               Excited State   S17:     Rot.Str.      0.000269 a.u.     0.1268 [10**(-40) cgs]                            
               Excited State   S18:     Rot.Str.      0.000010 a.u.     0.0045 [10**(-40) cgs]                            
               Excited State   S19:     Rot.Str.     -0.000093 a.u.    -0.0438 [10**(-40) cgs]                            
               Excited State   S20:     Rot.Str.     -0.000019 a.u.    -0.0091 [10**(-40) cgs]                            
               Excited State   S21:     Rot.Str.     -0.000409 a.u.    -0.1930 [10**(-40) cgs]                            
               Excited State   S22:     Rot.Str.      0.000527 a.u.     0.2483 [10**(-40) cgs]                            
               Excited State   S23:     Rot.Str.      0.000012 a.u.     0.0056 [10**(-40) cgs]                            
               Excited State   S24:     Rot.Str.     -0.000060 a.u.    -0.0283 [10**(-40) cgs]                            
               Excited State   S25:     Rot.Str.      0.000057 a.u.     0.0269 [10**(-40) cgs]                            
               Excited State   S26:     Rot.Str.     -0.000104 a.u.    -0.0492 [10**(-40) cgs]                            
               Excited State   S27:     Rot.Str.     -0.000102 a.u.    -0.0481 [10**(-40) cgs]                            
               Excited State   S28:     Rot.Str.      0.000062 a.u.     0.0294 [10**(-40) cgs]                            
               Excited State   S29:     Rot.Str.      0.000071 a.u.     0.0336 [10**(-40) cgs]                            
               Excited State   S30:     Rot.Str.     -0.000099 a.u.    -0.0467 [10**(-40) cgs]                            
               Excited State   S31:     Rot.Str.      0.000274 a.u.     0.1292 [10**(-40) cgs]                            
               Excited State   S32:     Rot.Str.     -0.000028 a.u.    -0.0133 [10**(-40) cgs]                            
               Excited State   S33:     Rot.Str.      0.000140 a.u.     0.0660 [10**(-40) cgs]                            
               Excited State   S34:     Rot.Str.      0.000059 a.u.     0.0276 [10**(-40) cgs]                            
               Excited State   S35:     Rot.Str.     -0.000339 a.u.    -0.1599 [10**(-40) cgs]                            
               Excited State   S36:     Rot.Str.     -0.000027 a.u.    -0.0128 [10**(-40) cgs]                            
               Excited State   S37:     Rot.Str.      0.000021 a.u.     0.0100 [10**(-40) cgs]                            
               Excited State   S38:     Rot.Str.      0.000014 a.u.     0.0064 [10**(-40) cgs]                            
               Excited State   S39:     Rot.Str.     -0.000004 a.u.    -0.0018 [10**(-40) cgs]                            
               Excited State   S40:     Rot.Str.     -0.000006 a.u.    -0.0029 [10**(-40) cgs]                            
               Excited State   S41:     Rot.Str.     -0.000028 a.u.    -0.0134 [10**(-40) cgs]                            
               Excited State   S42:     Rot.Str.     -0.000024 a.u.    -0.0114 [10**(-40) cgs]                            
               Excited State   S43:     Rot.Str.      0.000051 a.u.     0.0240 [10**(-40) cgs]                            
               Excited State   S44:     Rot.Str.     -0.000131 a.u.    -0.0619 [10**(-40) cgs]                            
               Excited State   S45:     Rot.Str.      0.000277 a.u.     0.1307 [10**(-40) cgs]                            
               Excited State   S46:     Rot.Str.     -0.000010 a.u.    -0.0049 [10**(-40) cgs]                            
               Excited State   S47:     Rot.Str.     -0.000100 a.u.    -0.0470 [10**(-40) cgs]                            
               Excited State   S48:     Rot.Str.     -0.000088 a.u.    -0.0414 [10**(-40) cgs]                            
               Excited State   S49:     Rot.Str.      0.000060 a.u.     0.0282 [10**(-40) cgs]                            
               Excited State   S50:     Rot.Str.     -0.000012 a.u.    -0.0057 [10**(-40) cgs]                            
               Excited State   S51:     Rot.Str.     -0.000046 a.u.    -0.0215 [10**(-40) cgs]                            
               Excited State   S52:     Rot.Str.      0.000066 a.u.     0.0312 [10**(-40) cgs]                            
               Excited State   S53:     Rot.Str.     -0.000067 a.u.    -0.0314 [10**(-40) cgs]                            
               Excited State   S54:     Rot.Str.     -0.000005 a.u.    -0.0024 [10**(-40) cgs]                            
               Excited State   S55:     Rot.Str.      0.000657 a.u.     0.3096 [10**(-40) cgs]                            
               Excited State   S56:     Rot.Str.     -0.000137 a.u.    -0.0646 [10**(-40) cgs]                            
               Excited State   S57:     Rot.Str.     -0.000637 a.u.    -0.3005 [10**(-40) cgs]                            
               Excited State   S58:     Rot.Str.     -0.000388 a.u.    -0.1829 [10**(-40) cgs]                            
               Excited State   S59:     Rot.Str.      0.000525 a.u.     0.2474 [10**(-40) cgs]                            
               Excited State   S60:     Rot.Str.     -0.000016 a.u.    -0.0075 [10**(-40) cgs]                            
               Excited State   S61:     Rot.Str.     -0.000073 a.u.    -0.0345 [10**(-40) cgs]                            
               Excited State   S62:     Rot.Str.      0.000092 a.u.     0.0434 [10**(-40) cgs]                            
               Excited State   S63:     Rot.Str.     -0.000007 a.u.    -0.0032 [10**(-40) cgs]                            
               Excited State   S64:     Rot.Str.     -0.000193 a.u.    -0.0910 [10**(-40) cgs]                            
               Excited State   S65:     Rot.Str.      0.000170 a.u.     0.0801 [10**(-40) cgs]                            
               Excited State   S66:     Rot.Str.     -0.000036 a.u.    -0.0169 [10**(-40) cgs]                            
               Excited State   S67:     Rot.Str.     -0.000002 a.u.    -0.0008 [10**(-40) cgs]                            
               Excited State   S68:     Rot.Str.      0.000256 a.u.     0.1208 [10**(-40) cgs]                            
               Excited State   S69:     Rot.Str.     -0.000434 a.u.    -0.2046 [10**(-40) cgs]                            
               Excited State   S70:     Rot.Str.      0.000477 a.u.     0.2248 [10**(-40) cgs]                            
               Excited State   S71:     Rot.Str.     -0.000169 a.u.    -0.0796 [10**(-40) cgs]                            
               Excited State   S72:     Rot.Str.     -0.000372 a.u.    -0.1756 [10**(-40) cgs]                            
               Excited State   S73:     Rot.Str.      0.000451 a.u.     0.2124 [10**(-40) cgs]                            
               Excited State   S74:     Rot.Str.     -0.000037 a.u.    -0.0174 [10**(-40) cgs]                            
               Excited State   S75:     Rot.Str.      0.000026 a.u.     0.0122 [10**(-40) cgs]                            
                                                                                                                          
               Character of excitations:                                                                                  
                                                                                                                          
               Excited state 1                                                                                            
               ---------------                                                                                            
               core_9   -> LUMO         0.8811                                                                            
               core_9   -> LUMO+5       0.3654                                                                            
                                                                                                                          
               Excited state 2                                                                                            
               ---------------                                                                                            
               core_6   -> LUMO        -0.8123                                                                            
               core_6   -> LUMO+1       0.4923                                                                            
                                                                                                                          
               Excited state 3                                                                                            
               ---------------                                                                                            
               core_8   -> LUMO+1      -0.5060                                                                            
               core_8   -> LUMO         0.5004                                                                            
               core_7   -> LUMO+1      -0.4888                                                                            
               core_7   -> LUMO         0.3634                                                                            
                                                                                                                          
               Excited state 4                                                                                            
               ---------------                                                                                            
               core_7   -> LUMO        -0.6672                                                                            
               core_8   -> LUMO         0.5541                                                                            
               core_7   -> LUMO+5      -0.2978                                                                            
               core_8   -> LUMO+5       0.2919                                                                            
                                                                                                                          
               Excited state 5                                                                                            
               ---------------                                                                                            
               core_5   -> LUMO        -0.9567                                                                            
                                                                                                                          
               Excited state 6                                                                                            
               ---------------                                                                                            
               core_9   -> LUMO+1      -0.9291                                                                            
               core_9   -> LUMO+2      -0.2367                                                                            
                                                                                                                          
               Excited state 7                                                                                            
               ---------------                                                                                            
               core_3   -> LUMO        -0.8137                                                                            
               core_3   -> LUMO+5       0.4407                                                                            
               core_3   -> LUMO+1      -0.2966                                                                            
                                                                                                                          
               Excited state 8                                                                                            
               ---------------                                                                                            
               core_8   -> LUMO         0.5154                                                                            
               core_7   -> LUMO         0.5074                                                                            
               core_8   -> LUMO+1       0.3876                                                                            
               core_8   -> LUMO+5       0.3147                                                                            
               core_7   -> LUMO+1       0.2945                                                                            
               core_7   -> LUMO+5       0.2834                                                                            
                                                                                                                          
               Excited state 9                                                                                            
               ---------------                                                                                            
               core_7   -> LUMO+1       0.6679                                                                            
               core_8   -> LUMO+1      -0.5902                                                                            
                                                                                                                          
               Excited state 10                                                                                           
               ----------------                                                                                           
               core_4   -> LUMO+1       0.7128                                                                            
               core_4   -> LUMO         0.6292                                                                            
                                                                                                                          
               Excited state 11                                                                                           
               ----------------                                                                                           
               core_5   -> LUMO+1       0.9073                                                                            
               core_5   -> LUMO+2       0.2203                                                                            
               core_5   -> LUMO        -0.2120                                                                            
                                                                                                                          
               Excited state 12                                                                                           
               ----------------                                                                                           
               core_6   -> LUMO+1       0.7682                                                                            
               core_6   -> LUMO         0.4861                                                                            
               core_6   -> LUMO+5       0.3219                                                                            
                                                                                                                          
               Excited state 13                                                                                           
               ----------------                                                                                           
               core_4   -> LUMO        -0.7579                                                                            
               core_4   -> LUMO+1       0.5885                                                                            
                                                                                                                          
               Excited state 14                                                                                           
               ----------------                                                                                           
               core_9   -> LUMO+2      -0.7926                                                                            
               core_9   -> LUMO+4       0.4749                                                                            
                                                                                                                          
               Excited state 15                                                                                           
               ----------------                                                                                           
               core_8   -> LUMO+2      -0.5407                                                                            
               core_7   -> LUMO+2       0.5378                                                                            
               core_8   -> LUMO+3      -0.2879                                                                            
               core_7   -> LUMO+3       0.2814                                                                            
               core_7   -> LUMO+4      -0.2199                                                                            
                                                                                                                          
               Excited state 16                                                                                           
               ----------------                                                                                           
               core_7   -> LUMO+2      -0.5264                                                                            
               core_8   -> LUMO+2      -0.5220                                                                            
               core_8   -> LUMO+3      -0.3559                                                                            
               core_7   -> LUMO+3      -0.3527                                                                            
               core_8   -> LUMO+4      -0.2224                                                                            
                                                                                                                          
               Excited state 17                                                                                           
               ----------------                                                                                           
               core_5   -> LUMO+5       0.9114                                                                            
               core_5   -> LUMO+1      -0.2220                                                                            
                                                                                                                          
               Excited state 18                                                                                           
               ----------------                                                                                           
               core_9   -> LUMO+3       0.5929                                                                            
               core_9   -> LUMO+6      -0.4304                                                                            
               core_9   -> LUMO+5      -0.3802                                                                            
               core_9   -> LUMO+8       0.3336                                                                            
               core_9   -> LUMO+2      -0.2265                                                                            
               core_9   -> LUMO         0.2259                                                                            
                                                                                                                          
               Excited state 19                                                                                           
               ----------------                                                                                           
               core_6   -> LUMO+2       0.5835                                                                            
               core_6   -> LUMO+4       0.5655                                                                            
               core_6   -> LUMO+3       0.3779                                                                            
               core_6   -> LUMO+8       0.2814                                                                            
                                                                                                                          
               Excited state 20                                                                                           
               ----------------                                                                                           
               core_9   -> LUMO+5       0.7970                                                                            
               core_9   -> LUMO        -0.3452                                                                            
               core_9   -> LUMO+3       0.2904                                                                            
               core_9   -> LUMO+6      -0.2822                                                                            
                                                                                                                          
               Excited state 21                                                                                           
               ----------------                                                                                           
               core_7   -> LUMO+6      -0.2829                                                                            
               core_8   -> LUMO+6       0.2782                                                                            
               core_7   -> LUMO+2      -0.2778                                                                            
               core_8   -> LUMO+2       0.2746                                                                            
               core_7   -> LUMO+8       0.2561                                                                            
               core_8   -> LUMO+8      -0.2539                                                                            
               core_7   -> LUMO+1       0.2432                                                                            
               core_8   -> LUMO+1      -0.2414                                                                            
               core_7   -> LUMO+5      -0.2376                                                                            
               core_7   -> LUMO+3       0.2363                                                                            
               core_8   -> LUMO+5       0.2349                                                                            
               core_8   -> LUMO+3      -0.2347                                                                            
                                                                                                                          
               Excited state 22                                                                                           
               ----------------                                                                                           
               core_9   -> LUMO+4       0.5169                                                                            
               core_9   -> LUMO+8      -0.5009                                                                            
               core_9   -> LUMO+3       0.3899                                                                            
               core_9   -> LUMO+2       0.3504                                                                            
               core_9   -> LUMO+7       0.2259                                                                            
                                                                                                                          
               Excited state 23                                                                                           
               ----------------                                                                                           
               core_5   -> LUMO+2       0.6541                                                                            
               core_5   -> LUMO+3      -0.3868                                                                            
               core_5   -> LUMO+6       0.3015                                                                            
               core_5   -> LUMO+4       0.2773                                                                            
               core_5   -> LUMO+8      -0.2715                                                                            
               core_5   -> LUMO+7       0.2706                                                                            
               core_5   -> LUMO+1      -0.2240                                                                            
                                                                                                                          
               Excited state 24                                                                                           
               ----------------                                                                                           
               core_8   -> LUMO+2      -0.3161                                                                            
               core_7   -> LUMO+2      -0.3122                                                                            
               core_8   -> LUMO+8       0.3038                                                                            
               core_7   -> LUMO+8       0.2998                                                                            
               core_8   -> LUMO+7      -0.2644                                                                            
               core_7   -> LUMO+7      -0.2480                                                                            
               core_8   -> LUMO+4       0.2454                                                                            
               core_8   -> LUMO+1       0.2403                                                                            
               core_7   -> LUMO+1       0.2373                                                                            
               core_7   -> LUMO+4       0.2175                                                                            
               core_8   -> LUMO+3       0.2173                                                                            
               core_7   -> LUMO+3       0.2099                                                                            
                                                                                                                          
               Excited state 25                                                                                           
               ----------------                                                                                           
               core_8   -> LUMO+4       0.5345                                                                            
               core_7   -> LUMO+4       0.4794                                                                            
               core_8   -> LUMO+6       0.3523                                                                            
               core_7   -> LUMO+6       0.3387                                                                            
                                                                                                                          
               Excited state 26                                                                                           
               ----------------                                                                                           
               core_6   -> LUMO+5       0.9069                                                                            
               core_6   -> LUMO        -0.2405                                                                            
               core_6   -> LUMO+1      -0.2245                                                                            
                                                                                                                          
               Excited state 27                                                                                           
               ----------------                                                                                           
               core_7   -> LUMO+4       0.5812                                                                            
               core_8   -> LUMO+4      -0.5213                                                                            
               core_7   -> LUMO+3       0.2557                                                                            
               core_8   -> LUMO+3      -0.2433                                                                            
               core_7   -> LUMO+8      -0.2242                                                                            
               core_8   -> LUMO+8       0.2239                                                                            
                                                                                                                          
               Excited state 28                                                                                           
               ----------------                                                                                           
               core_6   -> LUMO+8      -0.5283                                                                            
               core_6   -> LUMO+2       0.4930                                                                            
               core_6   -> LUMO+3      -0.4125                                                                            
               core_6   -> LUMO+7       0.3147                                                                            
               core_6   -> LUMO+6       0.2444                                                                            
               core_6   -> LUMO+1      -0.2360                                                                            
                                                                                                                          
               Excited state 29                                                                                           
               ----------------                                                                                           
               core_4   -> LUMO+5      -0.9369                                                                            
                                                                                                                          
               Excited state 30                                                                                           
               ----------------                                                                                           
               core_8   -> LUMO+5      -0.5164                                                                            
               core_7   -> LUMO+5       0.5083                                                                            
               core_7   -> LUMO+6      -0.2434                                                                            
               core_8   -> LUMO+6       0.2416                                                                            
               core_7   -> LUMO        -0.2345                                                                            
               core_8   -> LUMO         0.2330                                                                            
               core_7   -> LUMO+3       0.2138                                                                            
               core_8   -> LUMO+3      -0.2092                                                                            
                                                                                                                          
               Excited state 31                                                                                           
               ----------------                                                                                           
               core_9   -> LUMO+9       0.8865                                                                            
               core_9   -> LUMO+15      0.2753                                                                            
                                                                                                                          
               Excited state 32                                                                                           
               ----------------                                                                                           
               core_9   -> LUMO+7      -0.5865                                                                            
               core_9   -> LUMO+4       0.5288                                                                            
               core_9   -> LUMO+8       0.3562                                                                            
               core_9   -> LUMO+11      0.2798                                                                            
               core_9   -> LUMO+2       0.2689                                                                            
                                                                                                                          
               Excited state 33                                                                                           
               ----------------                                                                                           
               core_4   -> LUMO+3       0.5351                                                                            
               core_4   -> LUMO+2      -0.5313                                                                            
               core_4   -> LUMO+6      -0.3648                                                                            
               core_4   -> LUMO+8       0.2981                                                                            
               core_4   -> LUMO+5      -0.2520                                                                            
                                                                                                                          
               Excited state 34                                                                                           
               ----------------                                                                                           
               core_8   -> LUMO+5       0.5744                                                                            
               core_7   -> LUMO+5       0.5740                                                                            
                                                                                                                          
               Excited state 35                                                                                           
               ----------------                                                                                           
               core_5   -> LUMO+3      -0.6766                                                                            
               core_5   -> LUMO+2      -0.4813                                                                            
               core_5   -> LUMO+8      -0.3712                                                                            
               core_5   -> LUMO+4      -0.2596                                                                            
                                                                                                                          
               Excited state 36                                                                                           
               ----------------                                                                                           
               core_6   -> LUMO+4       0.4629                                                                            
               core_6   -> LUMO+3      -0.4419                                                                            
               core_6   -> LUMO+2      -0.4382                                                                            
               core_6   -> LUMO+6       0.3738                                                                            
               core_6   -> LUMO+7       0.3409                                                                            
               core_6   -> LUMO+8       0.2842                                                                            
                                                                                                                          
               Excited state 37                                                                                           
               ----------------                                                                                           
               core_8   -> LUMO+8       0.5805                                                                            
               core_7   -> LUMO+8       0.5280                                                                            
               core_8   -> LUMO+7       0.2439                                                                            
               core_7   -> LUMO+7       0.2361                                                                            
                                                                                                                          
               Excited state 38                                                                                           
               ----------------                                                                                           
               core_9   -> LUMO+6       0.6996                                                                            
               core_9   -> LUMO+3       0.5246                                                                            
               core_9   -> LUMO+10     -0.2856                                                                            
               core_9   -> LUMO+9       0.2407                                                                            
                                                                                                                          
               Excited state 39                                                                                           
               ----------------                                                                                           
               core_3   -> LUMO+1      -0.7976                                                                            
               core_3   -> LUMO+3      -0.4494                                                                            
                                                                                                                          
               Excited state 40                                                                                           
               ----------------                                                                                           
               core_7   -> LUMO+8       0.5422                                                                            
               core_8   -> LUMO+8      -0.4904                                                                            
               core_7   -> LUMO+6       0.2523                                                                            
               core_8   -> LUMO+6      -0.2321                                                                            
               core_8   -> LUMO+7       0.2292                                                                            
               core_7   -> LUMO+7      -0.2283                                                                            
                                                                                                                          
               Excited state 41                                                                                           
               ----------------                                                                                           
               core_9   -> LUMO+7      -0.6194                                                                            
               core_9   -> LUMO+8      -0.5295                                                                            
               core_9   -> LUMO+4      -0.3909                                                                            
                                                                                                                          
               Excited state 42                                                                                           
               ----------------                                                                                           
               core_4   -> LUMO+2       0.6935                                                                            
               core_4   -> LUMO+3       0.3678                                                                            
               core_4   -> LUMO+4      -0.3595                                                                            
               core_4   -> LUMO+8       0.2647                                                                            
                                                                                                                          
               Excited state 43                                                                                           
               ----------------                                                                                           
               core_5   -> LUMO+4       0.8010                                                                            
               core_5   -> LUMO+2      -0.4599                                                                            
               core_5   -> LUMO+7       0.2345                                                                            
                                                                                                                          
               Excited state 44                                                                                           
               ----------------                                                                                           
               core_8   -> LUMO+3       0.4318                                                                            
               core_8   -> LUMO+7       0.4197                                                                            
               core_7   -> LUMO+3       0.3562                                                                            
               core_7   -> LUMO+7       0.3530                                                                            
               core_8   -> LUMO+12      0.2254                                                                            
               core_7   -> LUMO+12      0.2145                                                                            
                                                                                                                          
               Excited state 45                                                                                           
               ----------------                                                                                           
               core_8   -> LUMO+9      -0.5310                                                                            
               core_7   -> LUMO+9       0.5076                                                                            
               core_8   -> LUMO+12     -0.2456                                                                            
               core_7   -> LUMO+12      0.2011                                                                            
                                                                                                                          
               Excited state 46                                                                                           
               ----------------                                                                                           
               core_3   -> LUMO+3       0.6085                                                                            
               core_3   -> LUMO+2      -0.4599                                                                            
               core_3   -> LUMO+1      -0.4492                                                                            
               core_3   -> LUMO         0.3210                                                                            
                                                                                                                          
               Excited state 47                                                                                           
               ----------------                                                                                           
               core_6   -> LUMO+4       0.5084                                                                            
               core_6   -> LUMO+8      -0.5048                                                                            
               core_6   -> LUMO+7      -0.3636                                                                            
               core_6   -> LUMO+2      -0.3160                                                                            
               core_6   -> LUMO+10     -0.2402                                                                            
               core_6   -> LUMO+11     -0.2128                                                                            
                                                                                                                          
               Excited state 48                                                                                           
               ----------------                                                                                           
               core_7   -> LUMO+3      -0.4134                                                                            
               core_7   -> LUMO+7      -0.3693                                                                            
               core_8   -> LUMO+3       0.3521                                                                            
               core_8   -> LUMO+7       0.3006                                                                            
               core_7   -> LUMO+6      -0.2664                                                                            
               core_8   -> LUMO+6       0.2565                                                                            
               core_8   -> LUMO+9       0.2200                                                                            
               core_7   -> LUMO+9      -0.2192                                                                            
               core_7   -> LUMO+11      0.2015                                                                            
                                                                                                                          
               Excited state 49                                                                                           
               ----------------                                                                                           
               core_7   -> LUMO+9       0.4835                                                                            
               core_8   -> LUMO+9       0.4501                                                                            
               core_7   -> LUMO+12      0.3760                                                                            
               core_8   -> LUMO+12      0.3702                                                                            
                                                                                                                          
               Excited state 50                                                                                           
               ----------------                                                                                           
               core_5   -> LUMO+3       0.5342                                                                            
               core_5   -> LUMO+8      -0.5322                                                                            
               core_5   -> LUMO+6       0.5224                                                                            
                                                                                                                          
               Excited state 51                                                                                           
               ----------------                                                                                           
               core_7   -> LUMO+7      -0.4337                                                                            
               core_8   -> LUMO+7       0.4248                                                                            
               core_8   -> LUMO+4       0.3226                                                                            
               core_7   -> LUMO+4      -0.3097                                                                            
               core_8   -> LUMO+10      0.2699                                                                            
               core_7   -> LUMO+10     -0.2638                                                                            
               core_8   -> LUMO+3      -0.2129                                                                            
                                                                                                                          
               Excited state 52                                                                                           
               ----------------                                                                                           
               core_8   -> LUMO+6      -0.3848                                                                            
               core_7   -> LUMO+6      -0.3843                                                                            
               core_7   -> LUMO+4       0.3061                                                                            
               core_8   -> LUMO+4       0.2888                                                                            
               core_7   -> LUMO+3      -0.2820                                                                            
               core_8   -> LUMO+3      -0.2670                                                                            
               core_7   -> LUMO+10      0.2333                                                                            
               core_7   -> LUMO+11      0.2196                                                                            
               core_8   -> LUMO+11      0.2183                                                                            
               core_8   -> LUMO+10      0.2151                                                                            
               core_7   -> LUMO+7       0.2064                                                                            
                                                                                                                          
               Excited state 53                                                                                           
               ----------------                                                                                           
               core_6   -> LUMO+3      -0.6136                                                                            
               core_6   -> LUMO+7      -0.5770                                                                            
               core_6   -> LUMO+13     -0.2203                                                                            
               core_6   -> LUMO+6      -0.2037                                                                            
                                                                                                                          
               Excited state 54                                                                                           
               ----------------                                                                                           
               core_3   -> LUMO+5      -0.8120                                                                            
               core_3   -> LUMO        -0.4345                                                                            
               core_3   -> LUMO+6       0.2214                                                                            
                                                                                                                          
               Excited state 55                                                                                           
               ----------------                                                                                           
               core_5   -> LUMO+7      -0.5728                                                                            
               core_5   -> LUMO+9      -0.5481                                                                            
               core_5   -> LUMO+6       0.4644                                                                            
                                                                                                                          
               Excited state 56                                                                                           
               ----------------                                                                                           
               core_9   -> LUMO+10     -0.7065                                                                            
               core_9   -> LUMO+6      -0.2588                                                                            
               core_9   -> LUMO+11     -0.2538                                                                            
               core_9   -> LUMO+18      0.2235                                                                            
               core_9   -> LUMO+15     -0.2218                                                                            
               core_9   -> LUMO+13      0.2055                                                                            
                                                                                                                          
               Excited state 57                                                                                           
               ----------------                                                                                           
               core_6   -> LUMO+9      -0.6981                                                                            
               core_6   -> LUMO+12     -0.3894                                                                            
               core_6   -> LUMO+6       0.3174                                                                            
               core_6   -> LUMO+11     -0.2394                                                                            
               core_6   -> LUMO+15      0.2089                                                                            
                                                                                                                          
               Excited state 58                                                                                           
               ----------------                                                                                           
               core_6   -> LUMO+6      -0.6649                                                                            
               core_6   -> LUMO+4       0.3583                                                                            
               core_6   -> LUMO+9      -0.3259                                                                            
               core_5   -> LUMO+9       0.2130                                                                            
               core_6   -> LUMO+7       0.2047                                                                            
                                                                                                                          
               Excited state 59                                                                                           
               ----------------                                                                                           
               core_5   -> LUMO+9       0.7551                                                                            
               core_5   -> LUMO+7      -0.4745                                                                            
               core_5   -> LUMO+6       0.2105                                                                            
                                                                                                                          
               Excited state 60                                                                                           
               ----------------                                                                                           
               core_4   -> LUMO+4      -0.5895                                                                            
               core_4   -> LUMO+3      -0.5026                                                                            
               core_4   -> LUMO+7      -0.4218                                                                            
               core_4   -> LUMO+8       0.3643                                                                            
                                                                                                                          
               Excited state 61                                                                                           
               ----------------                                                                                           
               core_5   -> LUMO+8       0.5954                                                                            
               core_5   -> LUMO+6       0.5097                                                                            
               core_5   -> LUMO+7       0.3700                                                                            
               core_5   -> LUMO+4      -0.3589                                                                            
                                                                                                                          
               Excited state 62                                                                                           
               ----------------                                                                                           
               core_9   -> LUMO+11     -0.7497                                                                            
               core_9   -> LUMO+7      -0.3117                                                                            
               core_9   -> LUMO+16     -0.2831                                                                            
               core_9   -> LUMO+17      0.2229                                                                            
               core_9   -> LUMO+10      0.2211                                                                            
                                                                                                                          
               Excited state 63                                                                                           
               ----------------                                                                                           
               core_3   -> LUMO+6       0.6761                                                                            
               core_3   -> LUMO+8      -0.3099                                                                            
               core_3   -> LUMO+10      0.2756                                                                            
               core_3   -> LUMO+7      -0.2233                                                                            
               core_3   -> LUMO+13     -0.2198                                                                            
                                                                                                                          
               Excited state 64                                                                                           
               ----------------                                                                                           
               core_9   -> LUMO+12     -0.6636                                                                            
               core_9   -> LUMO+15     -0.5458                                                                            
               core_9   -> LUMO+9       0.2826                                                                            
                                                                                                                          
               Excited state 65                                                                                           
               ----------------                                                                                           
               core_4   -> LUMO+6       0.5552                                                                            
               core_4   -> LUMO+4      -0.4481                                                                            
               core_4   -> LUMO+9      -0.4287                                                                            
               core_4   -> LUMO+3       0.3861                                                                            
               core_4   -> LUMO+8      -0.2250                                                                            
                                                                                                                          
               Excited state 66                                                                                           
               ----------------                                                                                           
               core_9   -> LUMO+18     -0.4108                                                                            
               core_9   -> LUMO+10     -0.4030                                                                            
               core_9   -> LUMO+14     -0.3744                                                                            
               core_9   -> LUMO+15      0.3589                                                                            
               core_9   -> LUMO+12     -0.3024                                                                            
               core_9   -> LUMO+16     -0.2736                                                                            
               core_9   -> LUMO+19      0.2083                                                                            
                                                                                                                          
               Excited state 67                                                                                           
               ----------------                                                                                           
               core_4   -> LUMO+9      -0.8326                                                                            
               core_4   -> LUMO+4       0.3780                                                                            
               core_4   -> LUMO+8       0.2026                                                                            
                                                                                                                          
               Excited state 68                                                                                           
               ----------------                                                                                           
               core_8   -> LUMO+6       0.3727                                                                            
               core_7   -> LUMO+6      -0.3597                                                                            
               core_8   -> LUMO+11      0.3575                                                                            
               core_7   -> LUMO+11     -0.3352                                                                            
               core_8   -> LUMO+10      0.2792                                                                            
               core_7   -> LUMO+10     -0.2718                                                                            
                                                                                                                          
               Excited state 69                                                                                           
               ----------------                                                                                           
               core_8   -> LUMO+9      -0.4729                                                                            
               core_7   -> LUMO+9      -0.4165                                                                            
               core_8   -> LUMO+12      0.4134                                                                            
               core_7   -> LUMO+12      0.3415                                                                            
               core_8   -> LUMO+15     -0.2146                                                                            
                                                                                                                          
               Excited state 70                                                                                           
               ----------------                                                                                           
               core_7   -> LUMO+11      0.3793                                                                            
               core_8   -> LUMO+11      0.3456                                                                            
               core_7   -> LUMO+6       0.3322                                                                            
               core_8   -> LUMO+6       0.3216                                                                            
               core_8   -> LUMO+10      0.2961                                                                            
               core_7   -> LUMO+10      0.2630                                                                            
               core_8   -> LUMO+16     -0.2135                                                                            
                                                                                                                          
               Excited state 71                                                                                           
               ----------------                                                                                           
               core_7   -> LUMO+12     -0.4768                                                                            
               core_8   -> LUMO+12      0.3930                                                                            
               core_7   -> LUMO+9       0.3865                                                                            
               core_8   -> LUMO+9      -0.3122                                                                            
               core_7   -> LUMO+10      0.2625                                                                            
               core_8   -> LUMO+10     -0.2116                                                                            
                                                                                                                          
               Excited state 72                                                                                           
               ----------------                                                                                           
               core_4   -> LUMO+7      -0.6303                                                                            
               core_4   -> LUMO+6       0.3369                                                                            
               core_4   -> LUMO+4       0.3225                                                                            
               core_4   -> LUMO+3       0.2847                                                                            
               core_4   -> LUMO+8       0.2783                                                                            
               core_4   -> LUMO+9       0.2478                                                                            
                                                                                                                          
               Excited state 73                                                                                           
               ----------------                                                                                           
               core_9   -> LUMO+13      0.6010                                                                            
               core_9   -> LUMO+15      0.3689                                                                            
               core_9   -> LUMO+14      0.2863                                                                            
               core_9   -> LUMO+16      0.2252                                                                            
               core_9   -> LUMO+17     -0.2133                                                                            
               core_9   -> LUMO+12     -0.2020                                                                            
                                                                                                                          
               Excited state 74                                                                                           
               ----------------                                                                                           
               core_3   -> LUMO+7      -0.6537                                                                            
               core_3   -> LUMO+10      0.3465                                                                            
               core_3   -> LUMO+2      -0.3197                                                                            
               core_3   -> LUMO+11     -0.2279                                                                            
               core_3   -> LUMO+6      -0.2232                                                                            
               core_3   -> LUMO+4      -0.2146                                                                            
                                                                                                                          
               Excited state 75                                                                                           
               ----------------                                                                                           
               core_9   -> LUMO+13      0.6006                                                                            
               core_9   -> LUMO+15     -0.2949                                                                            
               core_9   -> LUMO+16     -0.2924                                                                            
               core_9   -> LUMO+18     -0.2800                                                                            
               core_9   -> LUMO+11      0.2704                                                                            
               core_9   -> LUMO+17      0.2384                                                                            
               core_9   -> LUMO+7       0.2183                                                                            
               core_9   -> LUMO+12      0.2153                                                                            
                                                                                                                          
!========================================================================================================================!
!                               VeloxChem execution completed at Sun Jun 14 16:25:13 2026.                               !
!========================================================================================================================!
!                                          Total execution time is 1141.10 sec.                                          !
!========================================================================================================================!
!                     Rinkevicius, Z.; Li, X.; Vahtras, O.; Ahmadzadeh, K.; Brand, M.; Ringholm, M.;                     !
!                              List, N. H.; Scheurer, M.; Scott, M.; Dreuw, A.; Norman, P.                               !
!                     VeloxChem: A Python-driven Density-functional Theory Program for Spectroscopy                      !
!                                Simulations in High-performance Computing Environments.                                 !
!                                       WIREs Comput Mol Sci 2020, 10 (5), e1457.                                        !
!========================================================================================================================!
