!========================================================================================================================!
!                                                                                                                        !
!                                                       VELOXCHEM                                                        !
!                                              AN ELECTRONIC STRUCTURE CODE                                              !
!                                                                                                                        !
!                                        Copyright 2018-2025 VeloxChem developers                                        !
!========================================================================================================================!
!                     VeloxChem execution started on 192 MPI processes at Sun Jun 14 16:32:20 2026.                      !
!========================================================================================================================!
                                                                                                                          
* Info * Using 1 OpenMP threads per MPI process.                                                                          
                                                                                                                          
* Info * Reading input file 0178_c1s.in...                                                                                
                                                                                                                          
* Info * @jobs                                                                                                            
* Info * task: response                                                                                                   
* Info * @end                                                                                                             
                                                                                                                          
* Info * @method_settings                                                                                                 
* Info * basis: def2-tzvpd                                                                                                
* Info * xcfun: cam-b3lyp                                                                                                 
* Info * @end                                                                                                             
                                                                                                                          
* Info * @response                                                                                                        
* Info * property: absorption                                                                                             
* Info * tamm_dancoff: no                                                                                                 
* Info * nstates: 75                                                                                                      
* Info * core_excitation: yes                                                                                             
* Info * num_core_orbitals: 9                                                                                             
* Info * @end                                                                                                             
                                                                                                                          
                                              Molecular Geometry (Angstroms)                                              
                                             ================================                                             
                                                                                                                          
                          Atom         Coordinate X          Coordinate Y          Coordinate Z                           
                                                                                                                          
                           O          -1.463257698300       -1.151772523900        0.044825811600                         
                           N          -1.689948312500        1.153889930400       -0.060049716000                         
                           C          -0.163460184000       -0.688724364300        0.141129704100                         
                           C          -0.309643039700        0.677828047000        0.065969516800                         
                           C           0.918338272600       -1.429390598000        0.008999217100                         
                           C           0.893613879500        1.459877313300        0.047373578400                         
                           C           2.104800232500       -0.726909475400       -0.104471119800                         
                           C           1.996053458800        0.699080926700        0.017824438100                         
                           C          -2.258551576000       -0.014412559400       -0.124248735000                         
                           H           0.985494881600       -2.579303592700       -0.229131862100                         
                           H           0.898185548800        2.518468193700       -0.009441454600                         
                           H           2.968103695800       -1.373707631200       -0.222907553200                         
                           H           2.942179517300        1.215814162600       -0.101909961000                         
                           H          -3.310402377300       -0.138312113100        0.065593913100                         
                                                                                                                          
                          Molecular charge            : 0                                                                 
                          Spin multiplicity           : 1                                                                 
                          Number of atoms             : 14                                                                
                          Number of alpha electrons   : 31                                                                
                          Number of beta  electrons   : 31                                                                
                                                                                                                          
* Info * Reading basis set from file: /net/home/plgrid/plgiubru7/software/vlx-cpu/cpuvlxenv/lib/python3.11/site-packages/veloxchem/basis/DEF2-TZVPD
                                                                                                                          
                                              Molecular Basis (Atomic Basis)                                              
                                             ================================                                             
                                                                                                                          
                               Basis: DEF2-TZVPD                                                                          
                                                                                                                          
                               Atom Contracted GTOs           Primitive GTOs                                              
                                                                                                                          
                               O     (6S,4P,3D,1F)             (12S,7P,3D,1F)                                             
                               N     (6S,3P,3D,1F)             (12S,6P,3D,1F)                                             
                               C     (6S,3P,3D,1F)             (12S,6P,3D,1F)                                             
                               H     (3S,2P)                   (5S,2P)                                                    
                                                                                                                          
                               Contracted Basis Functions : 381                                                           
                               Primitive Basis Functions  : 526                                                           
                                                                                                                          
                                                                                                                          
                                            Self Consistent Field Driver Setup                                            
                                           ====================================                                           
                                                                                                                          
                   Wave Function Model             : Spin-Restricted Kohn-Sham                                            
                   Initial Guess Model             : Restart from Checkpoint                                              
                   Convergence Accelerator         : Direct Inversion of Iterative Subspace                               
                   Max. Number of Iterations       : 50                                                                   
                   Max. Number of Error Vectors    : 10                                                                   
                   Convergence Threshold           : 1.0e-06                                                              
                   ERI Screening Threshold         : 1.0e-12                                                              
                   Linear Dependence Threshold     : 1.0e-06                                                              
                   Exchange-Correlation Functional : CAM-B3LYP                                                            
                   Molecular Grid Level            : 4                                                                    
                                                                                                                          
* Info * Nuclear repulsion energy: 406.1279265115 a.u.                                                                    
                                                                                                                          
* Info * Using the CAM-B3LYP functional.                                                                                  
                                                                                                                          
         T. Yanai, D. P. Tew, and N. C. Handy.,  Chem. Phys. Lett. 393, 51 (2004)
                                                                                                                          
* Info * Using the Libxc library (v7.0.0).                                                                                
                                                                                                                          
         S. Lehtola, C. Steigemann, M. J.T. Oliveira, and M. A.L. Marques.,  SoftwareX 7, 1–5 (2018)
                                                                                                                          
* Info * Using the following algorithm for XC numerical integration.                                                      
                                                                                                                          
         J. Kussmann, H. Laqua and C. Ochsenfeld, J. Chem. Theory Comput. 2021, 17, 1512-1521
                                                                                                                          
* Info * Molecular grid with 207948 points generated in 0.23 sec.                                                         
                                                                                                                          
* Info * Restarting from checkpoint file: 0178_c1s_scf.h5                                                                 
                                                                                                                          
* Info * Overlap matrix computed in 0.01 sec.                                                                             
                                                                                                                          
* Info * Kinetic energy matrix computed in 0.01 sec.                                                                      
                                                                                                                          
* Info * Nuclear potential matrix computed in 0.02 sec.                                                                   
                                                                                                                          
* Info * Orthogonalization matrix computed in 0.02 sec.                                                                   
                                                                                                                          
* Info * Removed 1 linearly dependent vector.                                                                             
                                                                                                                          
* Info * ERI screening threshold tightened to 1.0e-13.                                                                    
                                                                                                                          
                                                                                                                          
               Iter. |    Kohn-Sham Energy | Energy Change | Gradient Norm | Max. Gradient | Density Change               
               --------------------------------------------------------------------------------------------               
                  1      -399.630583864920    0.0000000000      0.00000066      0.00000003      0.00000000                
                                                                                                                          
* Info * Checkpoint written to file: 0178_c1s_scf.h5                                                                      
                                                                                                                          
* Info * SCF results written to file: 0178_c1s.h5                                                                         
                                                                                                                          
               *** SCF converged in 1 iterations. Time: 2.97 sec.                                                         
                                                                                                                          
               Spin-Restricted Kohn-Sham:                                                                                 
               --------------------------                                                                                 
               Total Energy                       :     -399.6305838649 a.u.                                              
               Electronic Energy                  :     -805.7585103764 a.u.                                              
               Nuclear Repulsion Energy           :      406.1279265115 a.u.                                              
               ------------------------------------                                                                       
               Gradient Norm                      :        0.0000006613 a.u.                                              
                                                                                                                          
                                                                                                                          
               Ground State Information                                                                                   
               ------------------------                                                                                   
               Charge of Molecule            :  0.0                                                                       
               Multiplicity (2S+1)           :  1                                                                         
               Magnetic Quantum Number (M_S) :  0.0                                                                       
                                                                                                                          
                                                                                                                          
                                                 Spin Restricted Orbitals                                                 
                                                 ------------------------                                                 
                                                                                                                          
               Molecular Orbital No.  27:                                                                                 
               --------------------------                                                                                 
               Occupation: 2.000 Energy:   -0.41259 a.u.                                                                  
               (   1 O   1p-1:    -0.16) (   3 C   3p+1:    -0.15) (   3 C   3p-1:     0.17)                              
               (   5 C   5s  :     0.20) (   6 C   3p+1:     0.15) (   8 C   5s  :    -0.21)                              
               (  13 H   2s  :    -0.17)                                                                                  
                                                                                                                          
               Molecular Orbital No.  28:                                                                                 
               --------------------------                                                                                 
               Occupation: 2.000 Energy:   -0.40482 a.u.                                                                  
               (   1 O   1p0 :     0.19) (   1 O   2p0 :     0.16) (   2 N   1p0 :    -0.26)                              
               (   2 N   2p0 :    -0.22) (   4 C   5s  :     0.20)                                                        
                                                                                                                          
               Molecular Orbital No.  29:                                                                                 
               --------------------------                                                                                 
               Occupation: 2.000 Energy:   -0.38860 a.u.                                                                  
               (   2 N   4s  :    -0.23) (   2 N   5s  :    -0.37) (   2 N   6s  :    -0.28)                              
               (   2 N   1p-1:    -0.31) (   2 N   2p-1:    -0.23) (   2 N   3p-1:    -0.15)                              
               (   3 C   3p+1:    -0.31) (   3 C   3p-1:     0.16) (   4 C   5s  :    -0.36)                              
               (   4 C   3p-1:     0.24) (   4 C   3d-2:    -0.15) (   5 C   5s  :     0.23)                              
               (   5 C   3p-1:     0.18) (   9 C   5s  :     0.17)                                                        
                                                                                                                          
               Molecular Orbital No.  30:                                                                                 
               --------------------------                                                                                 
               Occupation: 2.000 Energy:   -0.32137 a.u.                                                                  
               (   1 O   1p0 :    -0.19) (   1 O   2p0 :    -0.16) (   3 C   1p0 :     0.15)                              
               (   4 C   5s  :     0.21) (   5 C   5s  :    -0.25) (   5 C   1p0 :     0.20)                              
               (   5 C   2p0 :     0.17) (   6 C   1p0 :    -0.22) (   6 C   2p0 :    -0.19)                              
               (   8 C   1p0 :    -0.21) (   8 C   2p0 :    -0.18)                                                        
                                                                                                                          
               Molecular Orbital No.  31:                                                                                 
               --------------------------                                                                                 
               Occupation: 2.000 Energy:   -0.30335 a.u.                                                                  
               (   3 C   5s  :     0.16) (   3 C   1p0 :     0.17) (   3 C   2p0 :     0.15)                              
               (   4 C   1p0 :     0.22) (   4 C   2p0 :     0.19) (   4 C   3p0 :     0.16)                              
               (   7 C   1p0 :    -0.23) (   7 C   2p0 :    -0.20) (   9 C   1p0 :    -0.17)                              
               (   9 C   2p0 :    -0.15)                                                                                  
                                                                                                                          
               Molecular Orbital No.  32:                                                                                 
               --------------------------                                                                                 
               Occupation: 0.000 Energy:   -0.00413 a.u.                                                                  
               (   1 O   6s  :    -0.26) (   2 N   6s  :    -0.28) (   3 C   5s  :    -0.54)                              
               (   3 C   3p+1:     0.41) (   3 C   3p-1:    -0.23) (   3 C   3d+2:     0.23)                              
               (   3 C   3d-2:     0.20) (   4 C   5s  :    -0.46) (   4 C   6s  :     0.36)                              
               (   4 C   1p0 :     0.15) (   4 C   3p+1:    -0.46) (   4 C   3p-1:    -0.44)                              
               (   4 C   3p0 :     0.31) (   4 C   3d+2:    -0.45) (   5 C   5s  :     0.33)                              
               (   5 C   6s  :    -0.19) (   5 C   1p0 :    -0.17) (   5 C   2p0 :    -0.15)                              
               (   5 C   3p-1:    -0.27) (   5 C   3p0 :    -0.20) (   5 C   3d-2:     0.20)                              
               (   6 C   5s  :    -0.25) (   6 C   6s  :    -0.34) (   6 C   1p0 :    -0.17)                              
               (   6 C   2p0 :    -0.16) (   6 C   3p+1:    -0.79) (   6 C   3d+2:    -0.19)                              
               (   6 C   3d-2:     0.44) (   7 C   5s  :     0.74) (   7 C   1p0 :     0.19)                              
               (   7 C   2p0 :     0.18) (   7 C   3p-1:     0.48) (   7 C   3d+2:    -0.26)                              
               (   8 C   5s  :     0.43) (   8 C   3p+1:    -0.51) (   8 C   3p-1:     0.89)                              
               (   8 C   3d+2:     0.20) (   8 C   3d-2:    -0.29) (   9 C   6s  :     0.36)                              
               (   9 C   1p0 :    -0.23) (   9 C   2p0 :    -0.22) (   9 C   3p+1:     0.59)                              
               (   9 C   3p-1:     0.16) (   9 C   3p0 :    -0.23) (  10 H   3s  :    -0.16)                              
               (  11 H   3s  :    -0.40) (  13 H   3s  :     0.20) (  14 H   3s  :     0.67)                              
               (  14 H   2p+1:     0.21)                                                                                  
                                                                                                                          
               Molecular Orbital No.  33:                                                                                 
               --------------------------                                                                                 
               Occupation: 0.000 Energy:    0.02978 a.u.                                                                  
               (   1 O   5s  :     0.22) (   1 O   6s  :     2.92) (   1 O   3p+1:     0.15)                              
               (   1 O   4p+1:    -0.24) (   1 O   4p-1:     0.88) (   1 O   3d+2:     0.18)                              
               (   2 N   6s  :     1.19) (   2 N   3p+1:     0.38) (   3 C   5s  :    -4.72)                              
               (   3 C   6s  :     0.88) (   3 C   3p+1:    -3.31) (   3 C   3p-1:     5.52)                              
               (   3 C   3d+1:     0.17) (   3 C   3d+2:    -2.93) (   3 C   3d-2:     0.47)                              
               (   4 C   5s  :   -12.50) (   4 C   6s  :    -1.06) (   4 C   3p-1:     3.00)                              
               (   4 C   3d+2:    -1.02) (   4 C   3d-2:    -0.21) (   4 C   3d0 :     0.42)                              
               (   5 C   4s  :     0.39) (   5 C   5s  :     5.02) (   5 C   6s  :    -1.49)                              
               (   5 C   3p+1:    -3.34) (   5 C   3p-1:     3.07) (   5 C   3p0 :     0.79)                              
               (   5 C   3d+1:    -0.17) (   5 C   3d-1:     0.26) (   5 C   3d-2:    -1.98)                              
               (   5 C   3d0 :     0.21) (   6 C   4s  :     0.23) (   6 C   5s  :     1.27)                              
               (   6 C   6s  :    -1.02) (   6 C   3p-1:    -1.24) (   6 C   3d+2:    -0.27)                              
               (   6 C   3d-2:     0.64) (   6 C   3d0 :     0.19) (   7 C   4s  :     0.40)                              
               (   7 C   5s  :    -0.22) (   7 C   6s  :    -1.77) (   7 C   3p+1:    -1.63)                              
               (   7 C   3p-1:    -0.93) (   7 C   3d+2:     0.81) (   7 C   3d-1:    -0.26)                              
               (   7 C   3d-2:     1.01) (   7 C   3d0 :     0.46) (   8 C   4s  :     0.23)                              
               (   8 C   5s  :     2.38) (   8 C   6s  :    -0.53) (   8 C   3p+1:    -1.49)                              
               (   8 C   3p-1:    -1.89) (   8 C   3d+2:    -0.48) (   8 C   3d-2:     0.15)                              
               (   8 C   3d0 :     0.24) (   9 C   5s  :     2.33) (   9 C   6s  :    -1.98)                              
               (   9 C   3p+1:     2.09) (   9 C   3p-1:     0.60) (   9 C   3p0 :     0.17)                              
               (   9 C   3d+1:     0.36) (   9 C   3d+2:     0.28) (  10 H   3s  :     1.99)                              
               (  10 H   2p+1:    -0.59) (  10 H   2p-1:     0.45) (  10 H   2p0 :     0.28)                              
               (  11 H   3s  :     1.04) (  11 H   2p+1:    -0.36) (  11 H   2p-1:    -0.21)                              
               (  12 H   3s  :     3.05) (  12 H   2p+1:    -0.56) (  13 H   3s  :     2.76)                              
               (  13 H   2p+1:    -0.44) (  13 H   2p-1:    -0.40) (  14 H   3s  :     1.08)                              
                                                                                                                          
               Molecular Orbital No.  34:                                                                                 
               --------------------------                                                                                 
               Occupation: 0.000 Energy:    0.03930 a.u.                                                                  
               (   1 O   5s  :     0.30) (   1 O   6s  :     1.89) (   1 O   4p+1:    -0.18)                              
               (   1 O   4p-1:     0.59) (   1 O   4p0 :    -0.20) (   2 N   6s  :     0.87)                              
               (   2 N   3p+1:     0.19) (   3 C   5s  :    -0.68) (   3 C   6s  :     1.03)                              
               (   3 C   1p0 :     0.23) (   3 C   2p0 :     0.23) (   3 C   3p+1:    -0.41)                              
               (   3 C   3p-1:     1.88) (   3 C   3d+2:    -1.24) (   3 C   3d-2:     0.17)                              
               (   4 C   5s  :    -4.40) (   4 C   6s  :    -0.46) (   4 C   3p-1:     1.48)                              
               (   4 C   3p0 :    -0.20) (   4 C   3d+2:    -0.63) (   4 C   3d-2:     0.23)                              
               (   5 C   5s  :     1.86) (   5 C   6s  :    -0.91) (   5 C   3p+1:    -0.59)                              
               (   5 C   3p-1:     0.69) (   5 C   3p0 :     0.28) (   5 C   3d+2:    -0.27)                              
               (   5 C   3d-1:     0.22) (   5 C   3d-2:    -0.64) (   6 C   6s  :    -0.89)                              
               (   6 C   1p0 :    -0.17) (   6 C   2p0 :    -0.17) (   6 C   3p+1:     0.45)                              
               (   6 C   3p-1:    -0.31) (   6 C   3d+2:    -0.23) (   6 C   3d-2:     0.19)                              
               (   7 C   5s  :    -1.17) (   7 C   6s  :    -0.56) (   7 C   3p-1:    -0.51)                              
               (   7 C   3d+2:     0.26) (   7 C   3d-2:     0.49) (   7 C   3d0 :     0.21)                              
               (   8 C   5s  :     0.80) (   8 C   1p0 :     0.20) (   8 C   2p0 :     0.20)                              
               (   8 C   3p+1:    -1.02) (   8 C   3p-1:    -1.17) (   8 C   3p0 :     0.16)                              
               (   8 C   3d+2:    -0.33) (   8 C   3d-2:     0.24) (   9 C   5s  :     0.94)                              
               (   9 C   6s  :    -1.71) (   9 C   3p+1:     0.62) (   9 C   3p-1:     0.34)                              
               (   9 C   3p0 :     0.16) (  10 H   3s  :    -0.18) (  10 H   2p+1:    -0.21)                              
               (  12 H   3s  :     1.20) (  12 H   2p+1:    -0.24) (  13 H   3s  :     1.66)                              
               (  13 H   2p+1:    -0.29) (  13 H   2p-1:    -0.31) (  14 H   3s  :     0.30)                              
                                                                                                                          
               Molecular Orbital No.  35:                                                                                 
               --------------------------                                                                                 
               Occupation: 0.000 Energy:    0.04322 a.u.                                                                  
               (   1 O   5s  :    -0.62) (   1 O   6s  :    -6.38) (   1 O   3p-1:    -0.17)                              
               (   1 O   4p+1:    -0.64) (   1 O   4p-1:    -0.94) (   1 O   3d-2:     0.17)                              
               (   2 N   5s  :    -0.56) (   2 N   6s  :    -0.86) (   2 N   3p+1:    -0.63)                              
               (   2 N   3p-1:     0.34) (   3 C   5s  :    -5.02) (   3 C   6s  :     3.07)                              
               (   3 C   3p+1:     3.19) (   3 C   3p-1:    -0.54) (   3 C   3p0 :     0.34)                              
               (   3 C   3d+1:    -0.24) (   3 C   3d+2:     0.99) (   3 C   3d-1:     0.32)                              
               (   3 C   3d-2:     2.52) (   3 C   3d0 :    -0.17) (   4 C   5s  :     1.10)                              
               (   4 C   6s  :     1.91) (   4 C   3p+1:    -4.79) (   4 C   3p-1:    -1.91)                              
               (   4 C   3p0 :    -0.50) (   4 C   3d+1:    -0.38) (   4 C   3d+2:    -1.63)                              
               (   4 C   3d-2:     1.31) (   4 C   3d0 :    -0.41) (   5 C   5s  :    -2.59)                              
               (   5 C   3p+1:    -1.59) (   5 C   3p-1:    -1.88) (   5 C   3p0 :     0.28)                              
               (   5 C   3d+1:    -0.31) (   5 C   3d+2:     1.47) (   5 C   3d-1:    -0.34)                              
               (   5 C   3d-2:    -0.64) (   5 C   3d0 :     0.31) (   6 C   5s  :    -3.00)                              
               (   6 C   6s  :    -0.71) (   6 C   3p+1:    -2.18) (   6 C   3p-1:    -1.01)                              
               (   6 C   3p0 :     0.32) (   6 C   3d+1:    -0.15) (   6 C   3d+2:    -0.36)                              
               (   6 C   3d-1:    -0.20) (   6 C   3d-2:     2.08) (   7 C   4s  :     0.50)                              
               (   7 C   5s  :     3.93) (   7 C   6s  :    -2.68) (   7 C   3p+1:    -2.60)                              
               (   7 C   3p-1:     1.81) (   7 C   3p0 :     0.88) (   7 C   3d+1:    -0.24)                              
               (   7 C   3d+2:     0.48) (   7 C   3d-1:     0.16) (   7 C   3d0 :     0.28)                              
               (   8 C   4s  :     0.35) (   8 C   5s  :     2.34) (   8 C   6s  :    -0.61)                              
               (   8 C   3p+1:    -1.80) (   8 C   3p-1:     2.07) (   8 C   3d+2:     1.02)                              
               (   8 C   3d-1:     0.25) (   8 C   3d-2:    -1.15) (   8 C   3d0 :     0.41)                              
               (   9 C   5s  :     2.80) (   9 C   6s  :     2.65) (   9 C   3p-1:    -0.76)                              
               (   9 C   3d+1:    -0.27) (   9 C   3d+2:     0.33) (   9 C   3d0 :    -0.26)                              
               (  10 H   3s  :     2.11) (  10 H   2p+1:    -0.28) (  10 H   2p-1:     0.30)                              
               (  11 H   3s  :     0.63) (  11 H   2p+1:    -0.78) (  11 H   2p-1:    -0.24)                              
               (  12 H   3s  :     2.25) (  12 H   2p+1:    -0.45) (  12 H   2p-1:     0.19)                              
               (  12 H   2p0 :     0.16) (  13 H   3s  :     1.90) (  13 H   2p+1:    -0.49)                              
               (  13 H   2p-1:     0.25) (  14 H   3s  :    -1.91) (  14 H   2p+1:    -0.15)                              
                                                                                                                          
               Molecular Orbital No.  36:                                                                                 
               --------------------------                                                                                 
               Occupation: 0.000 Energy:    0.05010 a.u.                                                                  
               (   1 O   6s  :     3.13) (   1 O   4p+1:     0.32) (   1 O   4p-1:     0.77)                              
               (   2 N   5s  :     0.36) (   2 N   6s  :     1.13) (   2 N   1p0 :     0.18)                              
               (   2 N   2p0 :     0.16) (   2 N   3p+1:     0.19) (   2 N   3p-1:    -0.28)                              
               (   2 N   3p0 :     0.18) (   3 C   5s  :     3.78) (   3 C   6s  :     2.32)                              
               (   3 C   3p+1:    -4.83) (   3 C   3p-1:     4.41) (   3 C   3p0 :     0.18)                              
               (   3 C   3d+1:     0.17) (   3 C   3d+2:    -2.03) (   3 C   3d-1:    -0.16)                              
               (   3 C   3d-2:    -1.19) (   3 C   3d0 :    -0.25) (   4 C   5s  :    -4.94)                              
               (   4 C   6s  :    -2.96) (   4 C   3p+1:     4.50) (   4 C   3p-1:     4.60)                              
               (   4 C   3p0 :    -0.20) (   4 C   3d+1:     0.26) (   4 C   3d+2:     2.51)                              
               (   4 C   3d-1:     0.35) (   4 C   3d-2:    -0.38) (   4 C   3d0 :     0.19)                              
               (   5 C   4s  :     0.42) (   5 C   5s  :     5.75) (   5 C   6s  :    -3.03)                              
               (   5 C   3p+1:    -1.24) (   5 C   3p-1:     3.67) (   5 C   3p0 :     0.23)                              
               (   5 C   3d+2:    -0.66) (   5 C   3d-2:    -0.85) (   6 C   4s  :    -0.41)                              
               (   6 C   5s  :    -3.60) (   6 C   6s  :     2.97) (   6 C   3p+1:     2.28)                              
               (   6 C   3p-1:     2.39) (   6 C   3p0 :    -0.58) (   6 C   3d+1:     0.20)                              
               (   6 C   3d+2:     0.39) (   6 C   3d-2:    -1.93) (   6 C   3d0 :    -0.24)                              
               (   7 C   5s  :     0.15) (   7 C   6s  :     0.16) (   7 C   3p+1:    -0.31)                              
               (   7 C   3p-1:     0.73) (   7 C   3d+2:    -0.92) (   7 C   3d-2:    -0.26)                              
               (   7 C   3d0 :     0.15) (   8 C   4s  :    -0.28) (   8 C   5s  :    -4.59)                              
               (   8 C   6s  :     1.46) (   8 C   3p+1:     1.01) (   8 C   3p-1:     0.30)                              
               (   8 C   3p0 :     0.17) (   8 C   3d+1:    -0.20) (   8 C   3d+2:     0.27)                              
               (   8 C   3d-2:    -0.18) (   8 C   3d0 :    -0.39) (   9 C   5s  :    -2.78)                              
               (   9 C   6s  :    -1.16) (   9 C   3p+1:     0.25) (   9 C   3p0 :    -0.24)                              
               (   9 C   3d+1:     0.26) (  10 H   3s  :     1.15) (  10 H   2p+1:    -0.23)                              
               (  10 H   2p-1:     0.37) (  10 H   2p0 :     0.19) (  11 H   3s  :    -1.34)                              
               (  11 H   2p+1:     0.67) (  11 H   2p-1:     0.23) (  12 H   3s  :     1.37)                              
               (  12 H   2p-1:     0.55) (  13 H   3s  :    -1.30) (  13 H   2p-1:     0.20)                              
               (  14 H   3s  :     1.31) (  14 H   2p+1:     0.35)                                                        
                                                                                                                          
                                                                                                                          
                                                Ground State Dipole Moment                                                
                                               ----------------------------                                               
                                                                                                                          
                                   X   :         0.357237 a.u.         0.908007 Debye                                     
                                   Y   :        -0.457301 a.u.        -1.162343 Debye                                     
                                   Z   :        -0.088686 a.u.        -0.225417 Debye                                     
                                 Total :         0.587033 a.u.         1.492089 Debye                                     
                                                                                                                          
                                                                                                                          
                                            Linear Response EigenSolver Setup                                             
                                           ===================================                                            
                                                                                                                          
                               Number of States                : 75                                                       
                               Max. Number of Iterations       : 150                                                      
                               Convergence Threshold           : 1.0e-04                                                  
                               ERI Screening Threshold         : 1.0e-13                                                  
                               Exchange-Correlation Functional : CAM-B3LYP                                                
                               Molecular Grid Level            : 4                                                        
                                                                                                                          
* Info * Using the CAM-B3LYP functional.                                                                                  
                                                                                                                          
         T. Yanai, D. P. Tew, and N. C. Handy.,  Chem. Phys. Lett. 393, 51 (2004)
                                                                                                                          
* Info * Using the Libxc library (v7.0.0).                                                                                
                                                                                                                          
         S. Lehtola, C. Steigemann, M. J.T. Oliveira, and M. A.L. Marques.,  SoftwareX 7, 1–5 (2018)
                                                                                                                          
* Info * Using the following algorithm for XC numerical integration.                                                      
                                                                                                                          
         J. Kussmann, H. Laqua and C. Ochsenfeld, J. Chem. Theory Comput. 2021, 17, 1512-1521
                                                                                                                          
* Info * Molecular grid with 207948 points generated in 0.21 sec.                                                         
                                                                                                                          
* Info * Processing 75 Fock builds...                                                                                     
                                                                                                                          
* Info * 75 gerade trial vectors in reduced space                                                                         
* Info * 75 ungerade trial vectors in reduced space                                                                       
                                                                                                                          
* Info * 68.16 kB of memory used for subspace procedure on the master node                                                
* Info * 341.80 GB of memory available for the solver on the master node                                                  
                                                                                                                          
               *** Iteration:   1 * Residuals (Max,Min): 1.52e-01 and 4.30e-02                                            
                                                                                                                          
               Excitation 1   :     10.10445760 Residual Norm: 0.12171142                                                 
               Excitation 2   :     10.10535069 Residual Norm: 0.12385523                                                 
               Excitation 3   :     10.10751712 Residual Norm: 0.11449152                                                 
               Excitation 4   :     10.11048231 Residual Norm: 0.08119214                                                 
               Excitation 5   :     10.12084538 Residual Norm: 0.12138345                                                 
               Excitation 6   :     10.13646168 Residual Norm: 0.10084265                                                 
               Excitation 7   :     10.14160885 Residual Norm: 0.07979517                                                 
               Excitation 8   :     10.15070116 Residual Norm: 0.07977389                                                 
               Excitation 9   :     10.15312191 Residual Norm: 0.10619787                                                 
               Excitation 10  :     10.15509870 Residual Norm: 0.07736676                                                 
               Excitation 11  :     10.17647728 Residual Norm: 0.09510650                                                 
               Excitation 12  :     10.17830469 Residual Norm: 0.12141915                                                 
               Excitation 13  :     10.18138721 Residual Norm: 0.14284262                                                 
               Excitation 14  :     10.18215883 Residual Norm: 0.09406542                                                 
               Excitation 15  :     10.18218706 Residual Norm: 0.14579295                                                 
               Excitation 16  :     10.18496145 Residual Norm: 0.12435363                                                 
               Excitation 17  :     10.18787466 Residual Norm: 0.12407028                                                 
               Excitation 18  :     10.19006861 Residual Norm: 0.15188866                                                 
               Excitation 19  :     10.19257598 Residual Norm: 0.06049580                                                 
               Excitation 20  :     10.20340563 Residual Norm: 0.05891918                                                 
               Excitation 21  :     10.20675234 Residual Norm: 0.04303310                                                 
               Excitation 22  :     10.21356828 Residual Norm: 0.06302221                                                 
               Excitation 23  :     10.21622206 Residual Norm: 0.06964340                                                 
               Excitation 24  :     10.21646439 Residual Norm: 0.05993285                                                 
               Excitation 25  :     10.21673442 Residual Norm: 0.06130202                                                 
               Excitation 26  :     10.21780347 Residual Norm: 0.06407521                                                 
               Excitation 27  :     10.21914910 Residual Norm: 0.06455615                                                 
               Excitation 28  :     10.22204445 Residual Norm: 0.05124698                                                 
               Excitation 29  :     10.22469181 Residual Norm: 0.06948546                                                 
               Excitation 30  :     10.22801431 Residual Norm: 0.06365115                                                 
               Excitation 31  :     10.22900476 Residual Norm: 0.07494021                                                 
               Excitation 32  :     10.23031338 Residual Norm: 0.07262110                                                 
               Excitation 33  :     10.23277741 Residual Norm: 0.07546230                                                 
               Excitation 34  :     10.24210574 Residual Norm: 0.07502522                                                 
               Excitation 35  :     10.24458043 Residual Norm: 0.07152325                                                 
               Excitation 36  :     10.24849613 Residual Norm: 0.08287944                                                 
               Excitation 37  :     10.24980608 Residual Norm: 0.06958546                                                 
               Excitation 38  :     10.25173500 Residual Norm: 0.06381967                                                 
               Excitation 39  :     10.25399532 Residual Norm: 0.05970947                                                 
               Excitation 40  :     10.25476065 Residual Norm: 0.05410039                                                 
               Excitation 41  :     10.25543313 Residual Norm: 0.06270593                                                 
               Excitation 42  :     10.25588515 Residual Norm: 0.08292492                                                 
               Excitation 43  :     10.25788663 Residual Norm: 0.06940167                                                 
               Excitation 44  :     10.26084381 Residual Norm: 0.06374261                                                 
               Excitation 45  :     10.26136154 Residual Norm: 0.05284375                                                 
               Excitation 46  :     10.26146312 Residual Norm: 0.04687662                                                 
               Excitation 47  :     10.26163816 Residual Norm: 0.04995278                                                 
               Excitation 48  :     10.26577286 Residual Norm: 0.06824472                                                 
               Excitation 49  :     10.26997923 Residual Norm: 0.05592980                                                 
               Excitation 50  :     10.27033137 Residual Norm: 0.04669328                                                 
               Excitation 51  :     10.27202015 Residual Norm: 0.04889667                                                 
               Excitation 52  :     10.27230443 Residual Norm: 0.05220851                                                 
               Excitation 53  :     10.27487557 Residual Norm: 0.06305188                                                 
               Excitation 54  :     10.27807201 Residual Norm: 0.05368823                                                 
               Excitation 55  :     10.27962685 Residual Norm: 0.09604402                                                 
               Excitation 56  :     10.28449113 Residual Norm: 0.05502752                                                 
               Excitation 57  :     10.28588941 Residual Norm: 0.05136724                                                 
               Excitation 58  :     10.28732308 Residual Norm: 0.04768224                                                 
               Excitation 59  :     10.28782672 Residual Norm: 0.05987372                                                 
               Excitation 60  :     10.29046368 Residual Norm: 0.05157746                                                 
               Excitation 61  :     10.29077828 Residual Norm: 0.05512653                                                 
               Excitation 62  :     10.29110672 Residual Norm: 0.05578776                                                 
               Excitation 63  :     10.29185840 Residual Norm: 0.05499701                                                 
               Excitation 64  :     10.29285656 Residual Norm: 0.05094402                                                 
               Excitation 65  :     10.29472908 Residual Norm: 0.05408802                                                 
               Excitation 66  :     10.29546479 Residual Norm: 0.05226649                                                 
               Excitation 67  :     10.30376612 Residual Norm: 0.05351819                                                 
               Excitation 68  :     10.30430285 Residual Norm: 0.04836948                                                 
               Excitation 69  :     10.30700617 Residual Norm: 0.05832754                                                 
               Excitation 70  :     10.30730007 Residual Norm: 0.05800145                                                 
               Excitation 71  :     10.30828458 Residual Norm: 0.04625241                                                 
               Excitation 72  :     10.30863093 Residual Norm: 0.05909118                                                 
               Excitation 73  :     10.31022190 Residual Norm: 0.05660810                                                 
               Excitation 74  :     10.31946378 Residual Norm: 0.05056339                                                 
               Excitation 75  :     10.32814665 Residual Norm: 0.04577354                                                 
                                                                                                                          
* Info * Processing 75 Fock builds...                                                                                     
                                                                                                                          
* Info * 150 gerade trial vectors in reduced space                                                                        
* Info * 150 ungerade trial vectors in reduced space                                                                      
                                                                                                                          
* Info * 108.96 kB of memory used for subspace procedure on the master node                                               
* Info * 338.50 GB of memory available for the solver on the master node                                                  
                                                                                                                          
               *** Iteration:   2 * Residuals (Max,Min): 2.71e-01 and 9.06e-03                                            
                                                                                                                          
               Excitation 1   :     10.09263621 Residual Norm: 0.02216219                                                 
               Excitation 2   :     10.09289544 Residual Norm: 0.02142417                                                 
               Excitation 3   :     10.09702374 Residual Norm: 0.02360370                                                 
               Excitation 4   :     10.10390217 Residual Norm: 0.02362723                                                 
               Excitation 5   :     10.11164953 Residual Norm: 0.01605480                                                 
               Excitation 6   :     10.12694435 Residual Norm: 0.02258650                                                 
               Excitation 7   :     10.13810538 Residual Norm: 0.01031834                                                 
               Excitation 8   :     10.14642100 Residual Norm: 0.03175289                                                 
               Excitation 9   :     10.14723934 Residual Norm: 0.01798967                                                 
               Excitation 10  :     10.15084322 Residual Norm: 0.01565185                                                 
               Excitation 11  :     10.15274473 Residual Norm: 0.06963107                                                 
               Excitation 12  :     10.16904592 Residual Norm: 0.02012315                                                 
               Excitation 13  :     10.16981668 Residual Norm: 0.07029193                                                 
               Excitation 14  :     10.17042033 Residual Norm: 0.05824781                                                 
               Excitation 15  :     10.17093616 Residual Norm: 0.03396467                                                 
               Excitation 16  :     10.17340736 Residual Norm: 0.06870524                                                 
               Excitation 17  :     10.17651751 Residual Norm: 0.01419867                                                 
               Excitation 18  :     10.18124766 Residual Norm: 0.05860726                                                 
               Excitation 19  :     10.18989276 Residual Norm: 0.01363702                                                 
               Excitation 20  :     10.19790107 Residual Norm: 0.01786914                                                 
               Excitation 21  :     10.20451429 Residual Norm: 0.00906498                                                 
               Excitation 22  :     10.20976233 Residual Norm: 0.01944443                                                 
               Excitation 23  :     10.20987612 Residual Norm: 0.02235511                                                 
               Excitation 24  :     10.21112022 Residual Norm: 0.02214620                                                 
               Excitation 25  :     10.21132281 Residual Norm: 0.01553727                                                 
               Excitation 26  :     10.21182865 Residual Norm: 0.01622860                                                 
               Excitation 27  :     10.21243715 Residual Norm: 0.01545599                                                 
               Excitation 28  :     10.21874853 Residual Norm: 0.01255452                                                 
               Excitation 29  :     10.22109467 Residual Norm: 0.02718320                                                 
               Excitation 30  :     10.22350905 Residual Norm: 0.02551641                                                 
               Excitation 31  :     10.22389013 Residual Norm: 0.03141975                                                 
               Excitation 32  :     10.22413431 Residual Norm: 0.01999174                                                 
               Excitation 33  :     10.22766675 Residual Norm: 0.02303563                                                 
               Excitation 34  :     10.23605856 Residual Norm: 0.03606046                                                 
               Excitation 35  :     10.23788034 Residual Norm: 0.03456391                                                 
               Excitation 36  :     10.24043768 Residual Norm: 0.04094284                                                 
               Excitation 37  :     10.24193070 Residual Norm: 0.02414505                                                 
               Excitation 38  :     10.24356786 Residual Norm: 0.03081631                                                 
               Excitation 39  :     10.24595857 Residual Norm: 0.03281898                                                 
               Excitation 40  :     10.24719087 Residual Norm: 0.02910490                                                 
               Excitation 41  :     10.25008869 Residual Norm: 0.02824662                                                 
               Excitation 42  :     10.25047550 Residual Norm: 0.03288714                                                 
               Excitation 43  :     10.25050356 Residual Norm: 0.02430601                                                 
               Excitation 44  :     10.25644009 Residual Norm: 0.02326894                                                 
               Excitation 45  :     10.25677620 Residual Norm: 0.02697782                                                 
               Excitation 46  :     10.25722266 Residual Norm: 0.03520248                                                 
               Excitation 47  :     10.25783886 Residual Norm: 0.05268973                                                 
               Excitation 48  :     10.25805797 Residual Norm: 0.01562002                                                 
               Excitation 49  :     10.26222739 Residual Norm: 0.03824194                                                 
               Excitation 50  :     10.26317927 Residual Norm: 0.05225794                                                 
               Excitation 51  :     10.26375617 Residual Norm: 0.03110368                                                 
               Excitation 52  :     10.26554927 Residual Norm: 0.03655229                                                 
               Excitation 53  :     10.26793623 Residual Norm: 0.03282544                                                 
               Excitation 54  :     10.26795737 Residual Norm: 0.02671962                                                 
               Excitation 55  :     10.27455974 Residual Norm: 0.02213658                                                 
               Excitation 56  :     10.27737989 Residual Norm: 0.02943939                                                 
               Excitation 57  :     10.27900972 Residual Norm: 0.04440631                                                 
               Excitation 58  :     10.28043646 Residual Norm: 0.02691397                                                 
               Excitation 59  :     10.28302294 Residual Norm: 0.02247339                                                 
               Excitation 60  :     10.28334795 Residual Norm: 0.06240272                                                 
               Excitation 61  :     10.28345438 Residual Norm: 0.05279051                                                 
               Excitation 62  :     10.28536227 Residual Norm: 0.04532088                                                 
               Excitation 63  :     10.28620789 Residual Norm: 0.01844427                                                 
               Excitation 64  :     10.28664212 Residual Norm: 0.02514325                                                 
               Excitation 65  :     10.28691027 Residual Norm: 0.03918327                                                 
               Excitation 66  :     10.28935493 Residual Norm: 0.02886446                                                 
               Excitation 67  :     10.29306636 Residual Norm: 0.07999220                                                 
               Excitation 68  :     10.29423051 Residual Norm: 0.07790283                                                 
               Excitation 69  :     10.29652291 Residual Norm: 0.05103663                                                 
               Excitation 70  :     10.29673999 Residual Norm: 0.04569795                                                 
               Excitation 71  :     10.29839034 Residual Norm: 0.03157743                                                 
               Excitation 72  :     10.29853322 Residual Norm: 0.03653754                                                 
               Excitation 73  :     10.29962662 Residual Norm: 0.27093730                                                 
               Excitation 74  :     10.30264780 Residual Norm: 0.02786262                                                 
               Excitation 75  :     10.31228724 Residual Norm: 0.03276093                                                 
                                                                                                                          
* Info * Processing 75 Fock builds...                                                                                     
                                                                                                                          
* Info * 225 gerade trial vectors in reduced space                                                                        
* Info * 225 ungerade trial vectors in reduced space                                                                      
                                                                                                                          
* Info * 149.76 kB of memory used for subspace procedure on the master node                                               
* Info * 338.39 GB of memory available for the solver on the master node                                                  
                                                                                                                          
               *** Iteration:   3 * Residuals (Max,Min): 1.50e-01 and 1.14e-03                                            
                                                                                                                          
               Excitation 1   :     10.09253121 Residual Norm: 0.00321530                                                 
               Excitation 2   :     10.09281367 Residual Norm: 0.00283865                                                 
               Excitation 3   :     10.09689731 Residual Norm: 0.00458504                                                 
               Excitation 4   :     10.10380075 Residual Norm: 0.00411355                                                 
               Excitation 5   :     10.11158549 Residual Norm: 0.00253167                                                 
               Excitation 6   :     10.12677802 Residual Norm: 0.00465656                                                 
               Excitation 7   :     10.13809078 Residual Norm: 0.00113673                                                 
               Excitation 8   :     10.14630240 Residual Norm: 0.00722486                                                 
               Excitation 9   :     10.14718840 Residual Norm: 0.00366715                                                 
               Excitation 10  :     10.15072233 Residual Norm: 0.01624812                                                 
               Excitation 11  :     10.15078619 Residual Norm: 0.01329586                                                 
               Excitation 12  :     10.16890796 Residual Norm: 0.00506419                                                 
               Excitation 13  :     10.16937952 Residual Norm: 0.01600283                                                 
               Excitation 14  :     10.17019447 Residual Norm: 0.00894589                                                 
               Excitation 15  :     10.17065807 Residual Norm: 0.00907141                                                 
               Excitation 16  :     10.17320540 Residual Norm: 0.01545496                                                 
               Excitation 17  :     10.17647814 Residual Norm: 0.00343006                                                 
               Excitation 18  :     10.18109256 Residual Norm: 0.01057463                                                 
               Excitation 19  :     10.18979991 Residual Norm: 0.00360493                                                 
               Excitation 20  :     10.19762803 Residual Norm: 0.00556106                                                 
               Excitation 21  :     10.20445517 Residual Norm: 0.00211052                                                 
               Excitation 22  :     10.20961438 Residual Norm: 0.00535754                                                 
               Excitation 23  :     10.20971454 Residual Norm: 0.00364209                                                 
               Excitation 24  :     10.21074299 Residual Norm: 0.00782929                                                 
               Excitation 25  :     10.21114754 Residual Norm: 0.00350560                                                 
               Excitation 26  :     10.21163372 Residual Norm: 0.00351105                                                 
               Excitation 27  :     10.21229535 Residual Norm: 0.00396629                                                 
               Excitation 28  :     10.21865512 Residual Norm: 0.00228741                                                 
               Excitation 29  :     10.22101437 Residual Norm: 0.00474654                                                 
               Excitation 30  :     10.22335795 Residual Norm: 0.00699277                                                 
               Excitation 31  :     10.22376884 Residual Norm: 0.00619317                                                 
               Excitation 32  :     10.22399308 Residual Norm: 0.00378998                                                 
               Excitation 33  :     10.22748599 Residual Norm: 0.00451096                                                 
               Excitation 34  :     10.23561302 Residual Norm: 0.00764227                                                 
               Excitation 35  :     10.23651063 Residual Norm: 0.02306485                                                 
               Excitation 36  :     10.23888022 Residual Norm: 0.00668909                                                 
               Excitation 37  :     10.24164934 Residual Norm: 0.00443101                                                 
               Excitation 38  :     10.24226457 Residual Norm: 0.01896835                                                 
               Excitation 39  :     10.24568294 Residual Norm: 0.00892377                                                 
               Excitation 40  :     10.24599259 Residual Norm: 0.01235980                                                 
               Excitation 41  :     10.24891699 Residual Norm: 0.01473874                                                 
               Excitation 42  :     10.24979259 Residual Norm: 0.00600978                                                 
               Excitation 43  :     10.25007409 Residual Norm: 0.00632426                                                 
               Excitation 44  :     10.25512014 Residual Norm: 0.01917872                                                 
               Excitation 45  :     10.25526247 Residual Norm: 0.01301390                                                 
               Excitation 46  :     10.25656339 Residual Norm: 0.00932590                                                 
               Excitation 47  :     10.25695673 Residual Norm: 0.00844848                                                 
               Excitation 48  :     10.25792101 Residual Norm: 0.00957778                                                 
               Excitation 49  :     10.25918420 Residual Norm: 0.01843523                                                 
               Excitation 50  :     10.26099181 Residual Norm: 0.01727300                                                 
               Excitation 51  :     10.26276761 Residual Norm: 0.01892073                                                 
               Excitation 52  :     10.26312884 Residual Norm: 0.01939690                                                 
               Excitation 53  :     10.26710388 Residual Norm: 0.01658944                                                 
               Excitation 54  :     10.26741643 Residual Norm: 0.01214922                                                 
               Excitation 55  :     10.27257294 Residual Norm: 0.15039509                                                 
               Excitation 56  :     10.27430306 Residual Norm: 0.01113085                                                 
               Excitation 57  :     10.27548831 Residual Norm: 0.02381105                                                 
               Excitation 58  :     10.27651799 Residual Norm: 0.01897372                                                 
               Excitation 59  :     10.27938402 Residual Norm: 0.02759845                                                 
               Excitation 60  :     10.28023460 Residual Norm: 0.04757354                                                 
               Excitation 61  :     10.28061802 Residual Norm: 0.02644153                                                 
               Excitation 62  :     10.28227501 Residual Norm: 0.02048619                                                 
               Excitation 63  :     10.28334884 Residual Norm: 0.06004175                                                 
               Excitation 64  :     10.28564234 Residual Norm: 0.01629936                                                 
               Excitation 65  :     10.28565795 Residual Norm: 0.01811067                                                 
               Excitation 66  :     10.28572649 Residual Norm: 0.01667548                                                 
               Excitation 67  :     10.28607569 Residual Norm: 0.05129646                                                 
               Excitation 68  :     10.28626748 Residual Norm: 0.02446701                                                 
               Excitation 69  :     10.28933282 Residual Norm: 0.05890658                                                 
               Excitation 70  :     10.29055623 Residual Norm: 0.03331268                                                 
               Excitation 71  :     10.29415775 Residual Norm: 0.03369239                                                 
               Excitation 72  :     10.29432290 Residual Norm: 0.02066662                                                 
               Excitation 73  :     10.29618899 Residual Norm: 0.10485390                                                 
               Excitation 74  :     10.29876907 Residual Norm: 0.05422683                                                 
               Excitation 75  :     10.29948254 Residual Norm: 0.06058871                                                 
                                                                                                                          
* Info * Processing 75 Fock builds...                                                                                     
                                                                                                                          
* Info * 300 gerade trial vectors in reduced space                                                                        
* Info * 300 ungerade trial vectors in reduced space                                                                      
                                                                                                                          
* Info * 190.56 kB of memory used for subspace procedure on the master node                                               
* Info * 338.85 GB of memory available for the solver on the master node                                                  
                                                                                                                          
               *** Iteration:   4 * Residuals (Max,Min): 6.09e-02 and 1.08e-04                                            
                                                                                                                          
               Excitation 1   :     10.09253084 Residual Norm: 0.00027570                                                 
               Excitation 2   :     10.09281328 Residual Norm: 0.00032183                                                 
               Excitation 3   :     10.09689660 Residual Norm: 0.00035508                                                 
               Excitation 4   :     10.10379970 Residual Norm: 0.00048572                                                 
               Excitation 5   :     10.11158503 Residual Norm: 0.00030886                                                 
               Excitation 6   :     10.12677720 Residual Norm: 0.00043370                                                 
               Excitation 7   :     10.13809068 Residual Norm: 0.00010814                                                 
               Excitation 8   :     10.14630016 Residual Norm: 0.00045363                                                 
               Excitation 9   :     10.14718757 Residual Norm: 0.00028762                                                 
               Excitation 10  :     10.15071070 Residual Norm: 0.00264976                                                 
               Excitation 11  :     10.15077992 Residual Norm: 0.00170171                                                 
               Excitation 12  :     10.16890668 Residual Norm: 0.00048757                                                 
               Excitation 13  :     10.16936745 Residual Norm: 0.00092278                                                 
               Excitation 14  :     10.17018956 Residual Norm: 0.00062474                                                 
               Excitation 15  :     10.17065559 Residual Norm: 0.00078966                                                 
               Excitation 16  :     10.17319774 Residual Norm: 0.00101598                                                 
               Excitation 17  :     10.17647767 Residual Norm: 0.00028850                                                 
               Excitation 18  :     10.18108829 Residual Norm: 0.00060135                                                 
               Excitation 19  :     10.18979820 Residual Norm: 0.00034919                                                 
               Excitation 20  :     10.19762178 Residual Norm: 0.00066842                                                 
               Excitation 21  :     10.20445402 Residual Norm: 0.00024143                                                 
               Excitation 22  :     10.20961078 Residual Norm: 0.00051313                                                 
               Excitation 23  :     10.20971327 Residual Norm: 0.00030465                                                 
               Excitation 24  :     10.21073374 Residual Norm: 0.00082560                                                 
               Excitation 25  :     10.21114377 Residual Norm: 0.00067166                                                 
               Excitation 26  :     10.21162976 Residual Norm: 0.00075476                                                 
               Excitation 27  :     10.21229214 Residual Norm: 0.00049628                                                 
               Excitation 28  :     10.21865306 Residual Norm: 0.00044723                                                 
               Excitation 29  :     10.22101196 Residual Norm: 0.00046670                                                 
               Excitation 30  :     10.22335482 Residual Norm: 0.00071903                                                 
               Excitation 31  :     10.22376493 Residual Norm: 0.00053247                                                 
               Excitation 32  :     10.22398997 Residual Norm: 0.00080152                                                 
               Excitation 33  :     10.22748058 Residual Norm: 0.00063729                                                 
               Excitation 34  :     10.23560686 Residual Norm: 0.00075306                                                 
               Excitation 35  :     10.23644607 Residual Norm: 0.00466118                                                 
               Excitation 36  :     10.23886165 Residual Norm: 0.00140429                                                 
               Excitation 37  :     10.24164254 Residual Norm: 0.00125460                                                 
               Excitation 38  :     10.24221659 Residual Norm: 0.00252617                                                 
               Excitation 39  :     10.24567129 Residual Norm: 0.00108576                                                 
               Excitation 40  :     10.24591817 Residual Norm: 0.00251781                                                 
               Excitation 41  :     10.24886095 Residual Norm: 0.00243167                                                 
               Excitation 42  :     10.24976991 Residual Norm: 0.00163164                                                 
               Excitation 43  :     10.25006076 Residual Norm: 0.00097763                                                 
               Excitation 44  :     10.25487315 Residual Norm: 0.00429161                                                 
               Excitation 45  :     10.25515090 Residual Norm: 0.00340584                                                 
               Excitation 46  :     10.25652961 Residual Norm: 0.00205255                                                 
               Excitation 47  :     10.25693758 Residual Norm: 0.00152062                                                 
               Excitation 48  :     10.25791602 Residual Norm: 0.00109434                                                 
               Excitation 49  :     10.25902456 Residual Norm: 0.00383322                                                 
               Excitation 50  :     10.26083893 Residual Norm: 0.00378483                                                 
               Excitation 51  :     10.26270283 Residual Norm: 0.00264298                                                 
               Excitation 52  :     10.26276224 Residual Norm: 0.00689562                                                 
               Excitation 53  :     10.26702775 Residual Norm: 0.00992638                                                 
               Excitation 54  :     10.26738982 Residual Norm: 0.00225310                                                 
               Excitation 55  :     10.27163116 Residual Norm: 0.04393913                                                 
               Excitation 56  :     10.27429295 Residual Norm: 0.00259146                                                 
               Excitation 57  :     10.27528396 Residual Norm: 0.00607049                                                 
               Excitation 58  :     10.27633425 Residual Norm: 0.00494719                                                 
               Excitation 59  :     10.27930591 Residual Norm: 0.00474994                                                 
               Excitation 60  :     10.27937951 Residual Norm: 0.01156313                                                 
               Excitation 61  :     10.28020478 Residual Norm: 0.00870188                                                 
               Excitation 62  :     10.28221512 Residual Norm: 0.00409841                                                 
               Excitation 63  :     10.28259728 Residual Norm: 0.02424133                                                 
               Excitation 64  :     10.28380963 Residual Norm: 0.01897675                                                 
               Excitation 65  :     10.28542440 Residual Norm: 0.00822606                                                 
               Excitation 66  :     10.28560640 Residual Norm: 0.00729409                                                 
               Excitation 67  :     10.28568781 Residual Norm: 0.00545011                                                 
               Excitation 68  :     10.28609033 Residual Norm: 0.00354224                                                 
               Excitation 69  :     10.28831415 Residual Norm: 0.01159973                                                 
               Excitation 70  :     10.28994926 Residual Norm: 0.00797541                                                 
               Excitation 71  :     10.29116639 Residual Norm: 0.06088069                                                 
               Excitation 72  :     10.29284070 Residual Norm: 0.01819684                                                 
               Excitation 73  :     10.29397710 Residual Norm: 0.00679111                                                 
               Excitation 74  :     10.29616947 Residual Norm: 0.02893485                                                 
               Excitation 75  :     10.29741064 Residual Norm: 0.01494822                                                 
                                                                                                                          
* Info * Processing 75 Fock builds...                                                                                     
                                                                                                                          
* Info * 375 gerade trial vectors in reduced space                                                                        
* Info * 375 ungerade trial vectors in reduced space                                                                      
                                                                                                                          
* Info * 231.36 kB of memory used for subspace procedure on the master node                                               
* Info * 338.83 GB of memory available for the solver on the master node                                                  
                                                                                                                          
               *** Iteration:   5 * Residuals (Max,Min): 1.28e-02 and 7.77e-06                                            
                                                                                                                          
               Excitation 1   :     10.09253084 Residual Norm: 0.00001408   converged                                     
               Excitation 2   :     10.09281327 Residual Norm: 0.00001969   converged                                     
               Excitation 3   :     10.09689659 Residual Norm: 0.00002401   converged                                     
               Excitation 4   :     10.10379969 Residual Norm: 0.00002516   converged                                     
               Excitation 5   :     10.11158503 Residual Norm: 0.00001809   converged                                     
               Excitation 6   :     10.12677719 Residual Norm: 0.00003001   converged                                     
               Excitation 7   :     10.13809067 Residual Norm: 0.00000777   converged                                     
               Excitation 8   :     10.14630013 Residual Norm: 0.00004726   converged                                     
               Excitation 9   :     10.14718756 Residual Norm: 0.00002871   converged                                     
               Excitation 10  :     10.15071048 Residual Norm: 0.00019539                                                 
               Excitation 11  :     10.15077983 Residual Norm: 0.00012619                                                 
               Excitation 12  :     10.16890666 Residual Norm: 0.00004331   converged                                     
               Excitation 13  :     10.16936733 Residual Norm: 0.00007735   converged                                     
               Excitation 14  :     10.17018951 Residual Norm: 0.00005199   converged                                     
               Excitation 15  :     10.17065556 Residual Norm: 0.00005355   converged                                     
               Excitation 16  :     10.17319766 Residual Norm: 0.00005997   converged                                     
               Excitation 17  :     10.17647767 Residual Norm: 0.00002049   converged                                     
               Excitation 18  :     10.18108823 Residual Norm: 0.00005649   converged                                     
               Excitation 19  :     10.18979818 Residual Norm: 0.00003366   converged                                     
               Excitation 20  :     10.19762170 Residual Norm: 0.00007124   converged                                     
               Excitation 21  :     10.20445401 Residual Norm: 0.00002595   converged                                     
               Excitation 22  :     10.20961071 Residual Norm: 0.00006236   converged                                     
               Excitation 23  :     10.20971326 Residual Norm: 0.00002918   converged                                     
               Excitation 24  :     10.21073363 Residual Norm: 0.00008308   converged                                     
               Excitation 25  :     10.21114372 Residual Norm: 0.00007877   converged                                     
               Excitation 26  :     10.21162970 Residual Norm: 0.00008515   converged                                     
               Excitation 27  :     10.21229210 Residual Norm: 0.00004767   converged                                     
               Excitation 28  :     10.21865303 Residual Norm: 0.00006026   converged                                     
               Excitation 29  :     10.22101192 Residual Norm: 0.00004957   converged                                     
               Excitation 30  :     10.22335477 Residual Norm: 0.00006242   converged                                     
               Excitation 31  :     10.22376487 Residual Norm: 0.00006733   converged                                     
               Excitation 32  :     10.22398992 Residual Norm: 0.00006466   converged                                     
               Excitation 33  :     10.22748049 Residual Norm: 0.00008709   converged                                     
               Excitation 34  :     10.23560673 Residual Norm: 0.00008633   converged                                     
               Excitation 35  :     10.23644420 Residual Norm: 0.00049593                                                 
               Excitation 36  :     10.23886124 Residual Norm: 0.00025165                                                 
               Excitation 37  :     10.24164220 Residual Norm: 0.00016161                                                 
               Excitation 38  :     10.24221498 Residual Norm: 0.00040887                                                 
               Excitation 39  :     10.24567112 Residual Norm: 0.00009697   converged                                     
               Excitation 40  :     10.24591683 Residual Norm: 0.00039568                                                 
               Excitation 41  :     10.24886036 Residual Norm: 0.00021688                                                 
               Excitation 42  :     10.24976936 Residual Norm: 0.00019098                                                 
               Excitation 43  :     10.25006048 Residual Norm: 0.00018000                                                 
               Excitation 44  :     10.25486565 Residual Norm: 0.00059006                                                 
               Excitation 45  :     10.25514631 Residual Norm: 0.00060432                                                 
               Excitation 46  :     10.25652869 Residual Norm: 0.00032698                                                 
               Excitation 47  :     10.25693708 Residual Norm: 0.00021610                                                 
               Excitation 48  :     10.25791587 Residual Norm: 0.00013530                                                 
               Excitation 49  :     10.25902093 Residual Norm: 0.00044527                                                 
               Excitation 50  :     10.26083354 Residual Norm: 0.00054605                                                 
               Excitation 51  :     10.26270063 Residual Norm: 0.00049856                                                 
               Excitation 52  :     10.26274143 Residual Norm: 0.00126154                                                 
               Excitation 53  :     10.26701751 Residual Norm: 0.00481273                                                 
               Excitation 54  :     10.26738849 Residual Norm: 0.00051701                                                 
               Excitation 55  :     10.27151759 Residual Norm: 0.00527050                                                 
               Excitation 56  :     10.27429255 Residual Norm: 0.00026159                                                 
               Excitation 57  :     10.27528037 Residual Norm: 0.00060564                                                 
               Excitation 58  :     10.27632753 Residual Norm: 0.00073624                                                 
               Excitation 59  :     10.27930058 Residual Norm: 0.00084765                                                 
               Excitation 60  :     10.27935844 Residual Norm: 0.00123250                                                 
               Excitation 61  :     10.28018809 Residual Norm: 0.00129096                                                 
               Excitation 62  :     10.28221059 Residual Norm: 0.00092025                                                 
               Excitation 63  :     10.28253775 Residual Norm: 0.00509005                                                 
               Excitation 64  :     10.28361093 Residual Norm: 0.00490815                                                 
               Excitation 65  :     10.28541317 Residual Norm: 0.00119184                                                 
               Excitation 66  :     10.28559898 Residual Norm: 0.00146532                                                 
               Excitation 67  :     10.28568413 Residual Norm: 0.00102031                                                 
               Excitation 68  :     10.28608816 Residual Norm: 0.00039240                                                 
               Excitation 69  :     10.28826304 Residual Norm: 0.00241973                                                 
               Excitation 70  :     10.28991212 Residual Norm: 0.00237952                                                 
               Excitation 71  :     10.29041304 Residual Norm: 0.01276034                                                 
               Excitation 72  :     10.29267423 Residual Norm: 0.00337069                                                 
               Excitation 73  :     10.29395408 Residual Norm: 0.00153762                                                 
               Excitation 74  :     10.29581105 Residual Norm: 0.00592049                                                 
               Excitation 75  :     10.29714765 Residual Norm: 0.00980640                                                 
                                                                                                                          
* Info * Processing 40 Fock builds...                                                                                     
                                                                                                                          
* Info * 415 gerade trial vectors in reduced space                                                                        
* Info * 415 ungerade trial vectors in reduced space                                                                      
                                                                                                                          
* Info * 253.68 kB of memory used for subspace procedure on the master node                                               
* Info * 345.97 GB of memory available for the solver on the master node                                                  
                                                                                                                          
               *** Iteration:   6 * Residuals (Max,Min): 2.40e-03 and 6.04e-06                                            
                                                                                                                          
               Excitation 1   :     10.09253084 Residual Norm: 0.00000937   converged                                     
               Excitation 2   :     10.09281327 Residual Norm: 0.00001268   converged                                     
               Excitation 3   :     10.09689659 Residual Norm: 0.00001485   converged                                     
               Excitation 4   :     10.10379969 Residual Norm: 0.00001641   converged                                     
               Excitation 5   :     10.11158503 Residual Norm: 0.00000997   converged                                     
               Excitation 6   :     10.12677719 Residual Norm: 0.00002564   converged                                     
               Excitation 7   :     10.13809067 Residual Norm: 0.00000604   converged                                     
               Excitation 8   :     10.14630013 Residual Norm: 0.00002829   converged                                     
               Excitation 9   :     10.14718756 Residual Norm: 0.00001943   converged                                     
               Excitation 10  :     10.15071048 Residual Norm: 0.00002740   converged                                     
               Excitation 11  :     10.15077983 Residual Norm: 0.00002426   converged                                     
               Excitation 12  :     10.16890666 Residual Norm: 0.00003469   converged                                     
               Excitation 13  :     10.16936733 Residual Norm: 0.00004132   converged                                     
               Excitation 14  :     10.17018951 Residual Norm: 0.00003832   converged                                     
               Excitation 15  :     10.17065556 Residual Norm: 0.00005181   converged                                     
               Excitation 16  :     10.17319766 Residual Norm: 0.00003213   converged                                     
               Excitation 17  :     10.17647767 Residual Norm: 0.00001955   converged                                     
               Excitation 18  :     10.18108823 Residual Norm: 0.00003903   converged                                     
               Excitation 19  :     10.18979818 Residual Norm: 0.00002276   converged                                     
               Excitation 20  :     10.19762170 Residual Norm: 0.00002588   converged                                     
               Excitation 21  :     10.20445401 Residual Norm: 0.00001372   converged                                     
               Excitation 22  :     10.20961071 Residual Norm: 0.00002075   converged                                     
               Excitation 23  :     10.20971326 Residual Norm: 0.00001783   converged                                     
               Excitation 24  :     10.21073363 Residual Norm: 0.00003399   converged                                     
               Excitation 25  :     10.21114372 Residual Norm: 0.00004473   converged                                     
               Excitation 26  :     10.21162970 Residual Norm: 0.00005740   converged                                     
               Excitation 27  :     10.21229210 Residual Norm: 0.00002080   converged                                     
               Excitation 28  :     10.21865303 Residual Norm: 0.00002492   converged                                     
               Excitation 29  :     10.22101192 Residual Norm: 0.00002235   converged                                     
               Excitation 30  :     10.22335477 Residual Norm: 0.00003242   converged                                     
               Excitation 31  :     10.22376487 Residual Norm: 0.00003491   converged                                     
               Excitation 32  :     10.22398992 Residual Norm: 0.00003115   converged                                     
               Excitation 33  :     10.22748049 Residual Norm: 0.00003929   converged                                     
               Excitation 34  :     10.23560673 Residual Norm: 0.00003807   converged                                     
               Excitation 35  :     10.23644416 Residual Norm: 0.00005380   converged                                     
               Excitation 36  :     10.23886123 Residual Norm: 0.00004335   converged                                     
               Excitation 37  :     10.24164220 Residual Norm: 0.00001477   converged                                     
               Excitation 38  :     10.24221495 Residual Norm: 0.00005954   converged                                     
               Excitation 39  :     10.24567112 Residual Norm: 0.00004080   converged                                     
               Excitation 40  :     10.24591682 Residual Norm: 0.00003825   converged                                     
               Excitation 41  :     10.24886035 Residual Norm: 0.00002044   converged                                     
               Excitation 42  :     10.24976935 Residual Norm: 0.00001915   converged                                     
               Excitation 43  :     10.25006047 Residual Norm: 0.00002153   converged                                     
               Excitation 44  :     10.25486557 Residual Norm: 0.00006498   converged                                     
               Excitation 45  :     10.25514622 Residual Norm: 0.00007031   converged                                     
               Excitation 46  :     10.25652868 Residual Norm: 0.00003881   converged                                     
               Excitation 47  :     10.25693707 Residual Norm: 0.00002553   converged                                     
               Excitation 48  :     10.25791586 Residual Norm: 0.00003470   converged                                     
               Excitation 49  :     10.25902089 Residual Norm: 0.00004439   converged                                     
               Excitation 50  :     10.26083347 Residual Norm: 0.00006559   converged                                     
               Excitation 51  :     10.26270057 Residual Norm: 0.00006862   converged                                     
               Excitation 52  :     10.26274106 Residual Norm: 0.00015057                                                 
               Excitation 53  :     10.26701582 Residual Norm: 0.00123945                                                 
               Excitation 54  :     10.26738845 Residual Norm: 0.00008459   converged                                     
               Excitation 55  :     10.27151251 Residual Norm: 0.00080685                                                 
               Excitation 56  :     10.27429254 Residual Norm: 0.00004742   converged                                     
               Excitation 57  :     10.27528032 Residual Norm: 0.00006447   converged                                     
               Excitation 58  :     10.27632744 Residual Norm: 0.00007410   converged                                     
               Excitation 59  :     10.27930046 Residual Norm: 0.00013046                                                 
               Excitation 60  :     10.27935819 Residual Norm: 0.00013252                                                 
               Excitation 61  :     10.28018775 Residual Norm: 0.00014438                                                 
               Excitation 62  :     10.28221043 Residual Norm: 0.00016437                                                 
               Excitation 63  :     10.28253474 Residual Norm: 0.00111135                                                 
               Excitation 64  :     10.28360422 Residual Norm: 0.00080315                                                 
               Excitation 65  :     10.28541297 Residual Norm: 0.00012127                                                 
               Excitation 66  :     10.28559870 Residual Norm: 0.00028546                                                 
               Excitation 67  :     10.28568399 Residual Norm: 0.00020139                                                 
               Excitation 68  :     10.28608813 Residual Norm: 0.00005057   converged                                     
               Excitation 69  :     10.28826140 Residual Norm: 0.00038392                                                 
               Excitation 70  :     10.28991026 Residual Norm: 0.00047905                                                 
               Excitation 71  :     10.29038621 Residual Norm: 0.00240122                                                 
               Excitation 72  :     10.29267117 Residual Norm: 0.00051613                                                 
               Excitation 73  :     10.29395358 Residual Norm: 0.00024156                                                 
               Excitation 74  :     10.29580189 Residual Norm: 0.00079030                                                 
               Excitation 75  :     10.29712291 Residual Norm: 0.00213971                                                 
                                                                                                                          
* Info * Processing 17 Fock builds...                                                                                     
                                                                                                                          
* Info * 432 gerade trial vectors in reduced space                                                                        
* Info * 432 ungerade trial vectors in reduced space                                                                      
                                                                                                                          
* Info * 262.65 kB of memory used for subspace procedure on the master node                                               
* Info * 348.43 GB of memory available for the solver on the master node                                                  
                                                                                                                          
               *** Iteration:   7 * Residuals (Max,Min): 3.77e-04 and 4.90e-06                                            
                                                                                                                          
               Excitation 1   :     10.09253084 Residual Norm: 0.00000923   converged                                     
               Excitation 2   :     10.09281327 Residual Norm: 0.00001229   converged                                     
               Excitation 3   :     10.09689659 Residual Norm: 0.00001495   converged                                     
               Excitation 4   :     10.10379969 Residual Norm: 0.00001668   converged                                     
               Excitation 5   :     10.11158503 Residual Norm: 0.00001020   converged                                     
               Excitation 6   :     10.12677719 Residual Norm: 0.00002476   converged                                     
               Excitation 7   :     10.13809067 Residual Norm: 0.00000490   converged                                     
               Excitation 8   :     10.14630013 Residual Norm: 0.00002768   converged                                     
               Excitation 9   :     10.14718756 Residual Norm: 0.00001904   converged                                     
               Excitation 10  :     10.15071048 Residual Norm: 0.00001721   converged                                     
               Excitation 11  :     10.15077983 Residual Norm: 0.00002007   converged                                     
               Excitation 12  :     10.16890666 Residual Norm: 0.00003321   converged                                     
               Excitation 13  :     10.16936733 Residual Norm: 0.00003807   converged                                     
               Excitation 14  :     10.17018951 Residual Norm: 0.00003932   converged                                     
               Excitation 15  :     10.17065556 Residual Norm: 0.00005207   converged                                     
               Excitation 16  :     10.17319766 Residual Norm: 0.00003035   converged                                     
               Excitation 17  :     10.17647767 Residual Norm: 0.00001929   converged                                     
               Excitation 18  :     10.18108823 Residual Norm: 0.00003861   converged                                     
               Excitation 19  :     10.18979818 Residual Norm: 0.00002270   converged                                     
               Excitation 20  :     10.19762170 Residual Norm: 0.00002514   converged                                     
               Excitation 21  :     10.20445401 Residual Norm: 0.00001233   converged                                     
               Excitation 22  :     10.20961071 Residual Norm: 0.00002091   converged                                     
               Excitation 23  :     10.20971326 Residual Norm: 0.00001740   converged                                     
               Excitation 24  :     10.21073363 Residual Norm: 0.00003416   converged                                     
               Excitation 25  :     10.21114372 Residual Norm: 0.00004465   converged                                     
               Excitation 26  :     10.21162970 Residual Norm: 0.00005615   converged                                     
               Excitation 27  :     10.21229210 Residual Norm: 0.00002102   converged                                     
               Excitation 28  :     10.21865303 Residual Norm: 0.00002415   converged                                     
               Excitation 29  :     10.22101192 Residual Norm: 0.00002132   converged                                     
               Excitation 30  :     10.22335477 Residual Norm: 0.00002943   converged                                     
               Excitation 31  :     10.22376487 Residual Norm: 0.00003486   converged                                     
               Excitation 32  :     10.22398992 Residual Norm: 0.00003150   converged                                     
               Excitation 33  :     10.22748049 Residual Norm: 0.00003797   converged                                     
               Excitation 34  :     10.23560673 Residual Norm: 0.00002792   converged                                     
               Excitation 35  :     10.23644416 Residual Norm: 0.00003892   converged                                     
               Excitation 36  :     10.23886123 Residual Norm: 0.00002095   converged                                     
               Excitation 37  :     10.24164220 Residual Norm: 0.00001119   converged                                     
               Excitation 38  :     10.24221495 Residual Norm: 0.00001867   converged                                     
               Excitation 39  :     10.24567112 Residual Norm: 0.00004035   converged                                     
               Excitation 40  :     10.24591682 Residual Norm: 0.00003474   converged                                     
               Excitation 41  :     10.24886035 Residual Norm: 0.00001924   converged                                     
               Excitation 42  :     10.24976935 Residual Norm: 0.00001188   converged                                     
               Excitation 43  :     10.25006047 Residual Norm: 0.00002055   converged                                     
               Excitation 44  :     10.25486556 Residual Norm: 0.00006051   converged                                     
               Excitation 45  :     10.25514622 Residual Norm: 0.00002581   converged                                     
               Excitation 46  :     10.25652868 Residual Norm: 0.00003523   converged                                     
               Excitation 47  :     10.25693707 Residual Norm: 0.00001538   converged                                     
               Excitation 48  :     10.25791586 Residual Norm: 0.00003649   converged                                     
               Excitation 49  :     10.25902089 Residual Norm: 0.00001626   converged                                     
               Excitation 50  :     10.26083346 Residual Norm: 0.00004019   converged                                     
               Excitation 51  :     10.26270057 Residual Norm: 0.00005273   converged                                     
               Excitation 52  :     10.26274106 Residual Norm: 0.00002443   converged                                     
               Excitation 53  :     10.26701570 Residual Norm: 0.00021044                                                 
               Excitation 54  :     10.26738845 Residual Norm: 0.00003337   converged                                     
               Excitation 55  :     10.27151240 Residual Norm: 0.00010361                                                 
               Excitation 56  :     10.27429254 Residual Norm: 0.00002207   converged                                     
               Excitation 57  :     10.27528032 Residual Norm: 0.00006409   converged                                     
               Excitation 58  :     10.27632743 Residual Norm: 0.00003940   converged                                     
               Excitation 59  :     10.27930045 Residual Norm: 0.00003741   converged                                     
               Excitation 60  :     10.27935819 Residual Norm: 0.00001745   converged                                     
               Excitation 61  :     10.28018775 Residual Norm: 0.00002150   converged                                     
               Excitation 62  :     10.28221043 Residual Norm: 0.00002868   converged                                     
               Excitation 63  :     10.28253461 Residual Norm: 0.00024371                                                 
               Excitation 64  :     10.28360410 Residual Norm: 0.00009560   converged                                     
               Excitation 65  :     10.28541297 Residual Norm: 0.00001557   converged                                     
               Excitation 66  :     10.28559869 Residual Norm: 0.00004807   converged                                     
               Excitation 67  :     10.28568399 Residual Norm: 0.00003393   converged                                     
               Excitation 68  :     10.28608813 Residual Norm: 0.00002233   converged                                     
               Excitation 69  :     10.28826138 Residual Norm: 0.00005625   converged                                     
               Excitation 70  :     10.28991022 Residual Norm: 0.00006170   converged                                     
               Excitation 71  :     10.29038546 Residual Norm: 0.00037710                                                 
               Excitation 72  :     10.29267112 Residual Norm: 0.00006539   converged                                     
               Excitation 73  :     10.29395358 Residual Norm: 0.00003182   converged                                     
               Excitation 74  :     10.29580176 Residual Norm: 0.00011282                                                 
               Excitation 75  :     10.29712241 Residual Norm: 0.00029698                                                 
                                                                                                                          
* Info * Processing 6 Fock builds...                                                                                      
                                                                                                                          
* Info * 438 gerade trial vectors in reduced space                                                                        
* Info * 438 ungerade trial vectors in reduced space                                                                      
                                                                                                                          
* Info * 265.63 kB of memory used for subspace procedure on the master node                                               
* Info * 349.19 GB of memory available for the solver on the master node                                                  
                                                                                                                          
               *** Iteration:   8 * Residuals (Max,Min): 9.55e-05 and 5.09e-06                                            
                                                                                                                          
               Excitation 1   :     10.09253084 Residual Norm: 0.00000918   converged                                     
               Excitation 2   :     10.09281327 Residual Norm: 0.00001194   converged                                     
               Excitation 3   :     10.09689659 Residual Norm: 0.00001495   converged                                     
               Excitation 4   :     10.10379969 Residual Norm: 0.00001666   converged                                     
               Excitation 5   :     10.11158503 Residual Norm: 0.00001020   converged                                     
               Excitation 6   :     10.12677719 Residual Norm: 0.00002475   converged                                     
               Excitation 7   :     10.13809067 Residual Norm: 0.00000509   converged                                     
               Excitation 8   :     10.14630013 Residual Norm: 0.00002769   converged                                     
               Excitation 9   :     10.14718756 Residual Norm: 0.00001916   converged                                     
               Excitation 10  :     10.15071048 Residual Norm: 0.00001621   converged                                     
               Excitation 11  :     10.15077983 Residual Norm: 0.00001970   converged                                     
               Excitation 12  :     10.16890666 Residual Norm: 0.00003319   converged                                     
               Excitation 13  :     10.16936733 Residual Norm: 0.00003806   converged                                     
               Excitation 14  :     10.17018951 Residual Norm: 0.00003929   converged                                     
               Excitation 15  :     10.17065556 Residual Norm: 0.00005203   converged                                     
               Excitation 16  :     10.17319766 Residual Norm: 0.00003066   converged                                     
               Excitation 17  :     10.17647767 Residual Norm: 0.00001927   converged                                     
               Excitation 18  :     10.18108823 Residual Norm: 0.00003872   converged                                     
               Excitation 19  :     10.18979818 Residual Norm: 0.00002301   converged                                     
               Excitation 20  :     10.19762170 Residual Norm: 0.00002513   converged                                     
               Excitation 21  :     10.20445401 Residual Norm: 0.00001233   converged                                     
               Excitation 22  :     10.20961071 Residual Norm: 0.00002082   converged                                     
               Excitation 23  :     10.20971326 Residual Norm: 0.00001734   converged                                     
               Excitation 24  :     10.21073363 Residual Norm: 0.00003403   converged                                     
               Excitation 25  :     10.21114372 Residual Norm: 0.00004283   converged                                     
               Excitation 26  :     10.21162970 Residual Norm: 0.00005381   converged                                     
               Excitation 27  :     10.21229210 Residual Norm: 0.00002102   converged                                     
               Excitation 28  :     10.21865303 Residual Norm: 0.00002493   converged                                     
               Excitation 29  :     10.22101192 Residual Norm: 0.00002197   converged                                     
               Excitation 30  :     10.22335477 Residual Norm: 0.00002935   converged                                     
               Excitation 31  :     10.22376487 Residual Norm: 0.00003473   converged                                     
               Excitation 32  :     10.22398992 Residual Norm: 0.00003150   converged                                     
               Excitation 33  :     10.22748049 Residual Norm: 0.00003799   converged                                     
               Excitation 34  :     10.23560673 Residual Norm: 0.00002952   converged                                     
               Excitation 35  :     10.23644416 Residual Norm: 0.00003789   converged                                     
               Excitation 36  :     10.23886123 Residual Norm: 0.00002076   converged                                     
               Excitation 37  :     10.24164220 Residual Norm: 0.00001147   converged                                     
               Excitation 38  :     10.24221495 Residual Norm: 0.00001869   converged                                     
               Excitation 39  :     10.24567112 Residual Norm: 0.00004028   converged                                     
               Excitation 40  :     10.24591682 Residual Norm: 0.00003465   converged                                     
               Excitation 41  :     10.24886035 Residual Norm: 0.00001924   converged                                     
               Excitation 42  :     10.24976935 Residual Norm: 0.00001209   converged                                     
               Excitation 43  :     10.25006047 Residual Norm: 0.00002045   converged                                     
               Excitation 44  :     10.25486556 Residual Norm: 0.00005676   converged                                     
               Excitation 45  :     10.25514622 Residual Norm: 0.00002733   converged                                     
               Excitation 46  :     10.25652868 Residual Norm: 0.00003304   converged                                     
               Excitation 47  :     10.25693707 Residual Norm: 0.00001494   converged                                     
               Excitation 48  :     10.25791586 Residual Norm: 0.00003648   converged                                     
               Excitation 49  :     10.25902089 Residual Norm: 0.00001631   converged                                     
               Excitation 50  :     10.26083346 Residual Norm: 0.00003845   converged                                     
               Excitation 51  :     10.26270057 Residual Norm: 0.00005256   converged                                     
               Excitation 52  :     10.26274106 Residual Norm: 0.00002565   converged                                     
               Excitation 53  :     10.26701569 Residual Norm: 0.00003332   converged                                     
               Excitation 54  :     10.26738845 Residual Norm: 0.00003282   converged                                     
               Excitation 55  :     10.27151239 Residual Norm: 0.00002892   converged                                     
               Excitation 56  :     10.27429254 Residual Norm: 0.00001761   converged                                     
               Excitation 57  :     10.27528032 Residual Norm: 0.00006394   converged                                     
               Excitation 58  :     10.27632743 Residual Norm: 0.00003879   converged                                     
               Excitation 59  :     10.27930045 Residual Norm: 0.00003732   converged                                     
               Excitation 60  :     10.27935819 Residual Norm: 0.00001743   converged                                     
               Excitation 61  :     10.28018775 Residual Norm: 0.00002142   converged                                     
               Excitation 62  :     10.28221043 Residual Norm: 0.00002865   converged                                     
               Excitation 63  :     10.28253461 Residual Norm: 0.00004340   converged                                     
               Excitation 64  :     10.28360410 Residual Norm: 0.00009545   converged                                     
               Excitation 65  :     10.28541297 Residual Norm: 0.00001385   converged                                     
               Excitation 66  :     10.28559869 Residual Norm: 0.00001603   converged                                     
               Excitation 67  :     10.28568399 Residual Norm: 0.00001561   converged                                     
               Excitation 68  :     10.28608813 Residual Norm: 0.00002230   converged                                     
               Excitation 69  :     10.28826138 Residual Norm: 0.00005579   converged                                     
               Excitation 70  :     10.28991022 Residual Norm: 0.00006388   converged                                     
               Excitation 71  :     10.29038544 Residual Norm: 0.00005871   converged                                     
               Excitation 72  :     10.29267112 Residual Norm: 0.00003560   converged                                     
               Excitation 73  :     10.29395358 Residual Norm: 0.00003178   converged                                     
               Excitation 74  :     10.29580176 Residual Norm: 0.00001244   converged                                     
               Excitation 75  :     10.29712240 Residual Norm: 0.00003160   converged                                     
                                                                                                                          
* Info * Checkpoint written to file: 0178_c1s_rsp.h5                                                                      
                                                                                                                          
* Info * Time spent in writing checkpoint file: 1.32 sec                                                                  
                                                                                                                          
               *** Linear response converged in 8 iterations. Time: 1165.99 sec                                           
                                                                                                                          
                                                                                                                          
* Info * Response solution vectors written to file: 0178_c1s.h5                                                           
                                                                                                                          
               Electric Transition Dipole Moments (dipole length, a.u.)                                                   
               --------------------------------------------------------                                                   
                                                X            Y            Z                                               
               Excited State    S1:      0.000422    -0.003199    -0.057411                                               
               Excited State    S2:     -0.007330     0.004809    -0.087650                                               
               Excited State    S3:      0.007647    -0.011310     0.067117                                               
               Excited State    S4:      0.003989    -0.001361     0.063653                                               
               Excited State    S5:      0.004744    -0.002580     0.049061                                               
               Excited State    S6:     -0.005464     0.006147     0.063267                                               
               Excited State    S7:      0.004958     0.000288     0.015554                                               
               Excited State    S8:      0.005089     0.010332    -0.018326                                               
               Excited State    S9:     -0.005818     0.000320    -0.027668                                               
               Excited State   S10:      0.001539     0.004738     0.051647                                               
               Excited State   S11:     -0.002851    -0.005414    -0.078457                                               
               Excited State   S12:     -0.001680    -0.001874     0.047645                                               
               Excited State   S13:      0.003936     0.042719     0.014074                                               
               Excited State   S14:     -0.027967    -0.017795    -0.002237                                               
               Excited State   S15:     -0.000174    -0.005249     0.065232                                               
               Excited State   S16:     -0.030461     0.017654     0.008475                                               
               Excited State   S17:     -0.001146    -0.005601    -0.025247                                               
               Excited State   S18:     -0.003300    -0.029322     0.002426                                               
               Excited State   S19:     -0.000057    -0.004564    -0.006311                                               
               Excited State   S20:     -0.003379     0.006793    -0.006203                                               
               Excited State   S21:      0.006833     0.006019     0.001633                                               
               Excited State   S22:     -0.008850     0.003145     0.002827                                               
               Excited State   S23:      0.010612     0.005307    -0.003051                                               
               Excited State   S24:     -0.003077    -0.015595    -0.001634                                               
               Excited State   S25:     -0.008068    -0.009460    -0.008115                                               
               Excited State   S26:      0.011824     0.004057    -0.011970                                               
               Excited State   S27:     -0.010652    -0.013101     0.010144                                               
               Excited State   S28:     -0.000625    -0.002973    -0.008025                                               
               Excited State   S29:     -0.002374     0.016742     0.002397                                               
               Excited State   S30:     -0.009789     0.012116    -0.010513                                               
               Excited State   S31:      0.003000     0.015659     0.004859                                               
               Excited State   S32:     -0.006561     0.003446     0.004656                                               
               Excited State   S33:     -0.004979     0.000913     0.000189                                               
               Excited State   S34:      0.006770     0.009811    -0.005142                                               
               Excited State   S35:      0.033563     0.018364     0.008478                                               
               Excited State   S36:     -0.016060    -0.007232     0.008625                                               
               Excited State   S37:     -0.006429     0.006988    -0.000146                                               
               Excited State   S38:     -0.018818    -0.002083    -0.001665                                               
               Excited State   S39:     -0.011171    -0.001863    -0.004102                                               
               Excited State   S40:     -0.001532    -0.000366    -0.026050                                               
               Excited State   S41:     -0.002964    -0.003128     0.016564                                               
               Excited State   S42:      0.003967     0.005440    -0.003764                                               
               Excited State   S43:     -0.002456     0.005407    -0.008940                                               
               Excited State   S44:     -0.001965     0.001292    -0.026289                                               
               Excited State   S45:     -0.000238     0.000376     0.018694                                               
               Excited State   S46:      0.001751    -0.005883     0.003229                                               
               Excited State   S47:     -0.001811     0.004337     0.004506                                               
               Excited State   S48:      0.000599     0.008493    -0.000556                                               
               Excited State   S49:      0.000568    -0.005163    -0.010426                                               
               Excited State   S50:      0.017507     0.001045     0.008268                                               
               Excited State   S51:      0.003569    -0.003670     0.001070                                               
               Excited State   S52:      0.004555     0.003629     0.023196                                               
               Excited State   S53:      0.030505    -0.009030    -0.002898                                               
               Excited State   S54:     -0.012614     0.006705    -0.000703                                               
               Excited State   S55:     -0.025640    -0.004976    -0.006297                                               
               Excited State   S56:      0.000648    -0.001282    -0.002694                                               
               Excited State   S57:     -0.004571    -0.000011     0.011551                                               
               Excited State   S58:      0.010808     0.016049    -0.018433                                               
               Excited State   S59:      0.022895    -0.009321     0.002679                                               
               Excited State   S60:      0.004866     0.006952     0.023636                                               
               Excited State   S61:     -0.002806     0.015283     0.003304                                               
               Excited State   S62:      0.011904     0.003778    -0.003987                                               
               Excited State   S63:      0.006639     0.012863    -0.010697                                               
               Excited State   S64:      0.001445     0.003073     0.005258                                               
               Excited State   S65:      0.019858     0.007865    -0.014054                                               
               Excited State   S66:      0.000707    -0.007790    -0.001221                                               
               Excited State   S67:     -0.017875     0.003539    -0.011175                                               
               Excited State   S68:     -0.009408    -0.004328     0.004463                                               
               Excited State   S69:      0.009691     0.009434     0.003269                                               
               Excited State   S70:     -0.008061    -0.005975    -0.007015                                               
               Excited State   S71:      0.009350     0.005037    -0.010677                                               
               Excited State   S72:      0.009445     0.002928     0.015013                                               
               Excited State   S73:     -0.004344     0.015114     0.009977                                               
               Excited State   S74:      0.005333    -0.004828    -0.001085                                               
               Excited State   S75:      0.004414    -0.001991     0.011225                                               
                                                                                                                          
               Electric Transition Dipole Moments (dipole velocity, a.u.)                                                 
               ----------------------------------------------------------                                                 
                                                X            Y            Z                                               
               Excited State    S1:      0.000414    -0.003161    -0.056621                                               
               Excited State    S2:     -0.007224     0.004746    -0.086427                                               
               Excited State    S3:      0.007546    -0.011196     0.066187                                               
               Excited State    S4:      0.003925    -0.001334     0.062750                                               
               Excited State    S5:      0.004687    -0.002548     0.048379                                               
               Excited State    S6:     -0.005422     0.006070     0.062421                                               
               Excited State    S7:      0.004923     0.000286     0.015364                                               
               Excited State    S8:      0.005051     0.010252    -0.018047                                               
               Excited State    S9:     -0.005763     0.000315    -0.027314                                               
               Excited State   S10:      0.001537     0.004694     0.050923                                               
               Excited State   S11:     -0.002838    -0.005365    -0.077418                                               
               Excited State   S12:     -0.001663    -0.001874     0.047018                                               
               Excited State   S13:      0.003829     0.042486     0.013999                                               
               Excited State   S14:     -0.027881    -0.017710    -0.002357                                               
               Excited State   S15:     -0.000193    -0.005196     0.064395                                               
               Excited State   S16:     -0.030373     0.017564     0.008211                                               
               Excited State   S17:     -0.001135    -0.005557    -0.024922                                               
               Excited State   S18:     -0.003338    -0.029245     0.002224                                               
               Excited State   S19:     -0.000069    -0.004537    -0.006202                                               
               Excited State   S20:     -0.003390     0.006656    -0.006044                                               
               Excited State   S21:      0.006783     0.005938     0.001480                                               
               Excited State   S22:     -0.008640     0.003088     0.003114                                               
               Excited State   S23:      0.010582     0.005383    -0.002983                                               
               Excited State   S24:     -0.003109    -0.015529    -0.001450                                               
               Excited State   S25:     -0.007964    -0.009360    -0.008112                                               
               Excited State   S26:      0.011741     0.004007    -0.011898                                               
               Excited State   S27:     -0.010611    -0.012974     0.010204                                               
               Excited State   S28:     -0.000380    -0.002854    -0.007967                                               
               Excited State   S29:     -0.002411     0.016779     0.002278                                               
               Excited State   S30:     -0.009882     0.011991    -0.010137                                               
               Excited State   S31:      0.003057     0.015712     0.004902                                               
               Excited State   S32:     -0.006490     0.003402     0.004513                                               
               Excited State   S33:     -0.005254     0.000942     0.000179                                               
               Excited State   S34:      0.006528     0.009793    -0.005195                                               
               Excited State   S35:      0.033273     0.018107     0.008394                                               
               Excited State   S36:     -0.015989    -0.007108     0.008555                                               
               Excited State   S37:     -0.006663     0.007020    -0.000208                                               
               Excited State   S38:     -0.018738    -0.002106    -0.001651                                               
               Excited State   S39:     -0.011036    -0.001764    -0.003926                                               
               Excited State   S40:     -0.001480    -0.000476    -0.025896                                               
               Excited State   S41:     -0.002966    -0.002928     0.016383                                               
               Excited State   S42:      0.004025     0.005311    -0.003819                                               
               Excited State   S43:     -0.002464     0.005265    -0.008849                                               
               Excited State   S44:     -0.001885     0.001183    -0.026220                                               
               Excited State   S45:     -0.000072     0.000422     0.018531                                               
               Excited State   S46:      0.001806    -0.005780     0.003096                                               
               Excited State   S47:     -0.001645     0.004339     0.004479                                               
               Excited State   S48:      0.000436     0.008488    -0.000524                                               
               Excited State   S49:      0.000515    -0.005139    -0.010373                                               
               Excited State   S50:      0.017356     0.001082     0.008002                                               
               Excited State   S51:      0.003582    -0.003620     0.001273                                               
               Excited State   S52:      0.004488     0.003590     0.023007                                               
               Excited State   S53:      0.030247    -0.008965    -0.002965                                               
               Excited State   S54:     -0.012473     0.006660    -0.000659                                               
               Excited State   S55:     -0.025430    -0.004932    -0.006027                                               
               Excited State   S56:      0.000744    -0.001260    -0.002692                                               
               Excited State   S57:     -0.004403     0.000089     0.011533                                               
               Excited State   S58:      0.010520     0.015772    -0.018454                                               
               Excited State   S59:      0.022729    -0.009103     0.002510                                               
               Excited State   S60:      0.004717     0.006747     0.023302                                               
               Excited State   S61:     -0.002704     0.015185     0.003128                                               
               Excited State   S62:      0.011982     0.003640    -0.003921                                               
               Excited State   S63:      0.006610     0.012740    -0.010643                                               
               Excited State   S64:      0.001266     0.002954     0.005228                                               
               Excited State   S65:      0.019677     0.007787    -0.014156                                               
               Excited State   S66:      0.000799    -0.007626    -0.000868                                               
               Excited State   S67:     -0.017556     0.003357    -0.011127                                               
               Excited State   S68:     -0.009213    -0.004453     0.004463                                               
               Excited State   S69:      0.009834     0.008999     0.003080                                               
               Excited State   S70:     -0.008091    -0.005963    -0.007005                                               
               Excited State   S71:      0.009416     0.004873    -0.010718                                               
               Excited State   S72:      0.009239     0.002781     0.014847                                               
               Excited State   S73:     -0.004459     0.015165     0.009808                                               
               Excited State   S74:      0.005236    -0.004524    -0.001125                                               
               Excited State   S75:      0.004509    -0.002092     0.011207                                               
                                                                                                                          
               Magnetic Transition Dipole Moments (a.u.)                                                                  
               -----------------------------------------                                                                  
                                                X            Y            Z                                               
               Excited State    S1:     -1.136805     0.301695    -0.012287                                               
               Excited State    S2:      0.297619     1.565469     0.053295                                               
               Excited State    S3:     -0.913620    -0.575366     0.006707                                               
               Excited State    S4:      0.376424    -1.208630    -0.046413                                               
               Excited State    S5:      0.336688    -0.910182    -0.080249                                               
               Excited State    S6:      0.403599     0.171104     0.018108                                               
               Excited State    S7:      0.216814    -0.112751    -0.068943                                               
               Excited State    S8:      0.274216     0.056672     0.158276                                               
               Excited State    S9:      0.253769     0.434184    -0.071063                                               
               Excited State   S10:      0.137600     1.509445    -0.131778                                               
               Excited State   S11:      0.223473    -1.025014     0.068233                                               
               Excited State   S12:      0.289839     0.137572     0.011276                                               
               Excited State   S13:     -0.180550    -0.091505     0.396328                                               
               Excited State   S14:     -0.016819     0.050135    -0.135944                                               
               Excited State   S15:     -0.435208     0.111378    -0.005963                                               
               Excited State   S16:     -0.053928    -0.129234     0.124670                                               
               Excited State   S17:     -0.105616    -0.070519     0.025757                                               
               Excited State   S18:      0.045817    -0.020566    -0.223141                                               
               Excited State   S19:     -0.088912     0.057930    -0.038625                                               
               Excited State   S20:      0.081737     0.053495     0.017596                                               
               Excited State   S21:      0.008414    -0.024980     0.072063                                               
               Excited State   S22:     -0.005079    -0.065766     0.035289                                               
               Excited State   S23:     -0.026769     0.057936     0.051621                                               
               Excited State   S24:     -0.000862     0.029539    -0.090725                                               
               Excited State   S25:      0.132910     0.094770    -0.093040                                               
               Excited State   S26:      0.127703     0.087448     0.040895                                               
               Excited State   S27:      0.071102    -0.200032    -0.134904                                               
               Excited State   S28:      0.052742     0.165233    -0.057586                                               
               Excited State   S29:      0.024515    -0.020484     0.181155                                               
               Excited State   S30:      0.074396     0.225605     0.124059                                               
               Excited State   S31:     -0.052478    -0.077347     0.142366                                               
               Excited State   S32:      0.024139     0.011301     0.037546                                               
               Excited State   S33:      0.003357    -0.002164     0.053930                                               
               Excited State   S34:     -0.080096     0.047178    -0.007570                                               
               Excited State   S35:     -0.084233     0.057748     0.205222                                               
               Excited State   S36:     -0.046593    -0.009034    -0.113540                                               
               Excited State   S37:      0.004226     0.013660     0.098926                                               
               Excited State   S38:     -0.012085    -0.018185     0.096822                                               
               Excited State   S39:     -0.026433     0.074043     0.037172                                               
               Excited State   S40:      0.364673     0.220904    -0.021650                                               
               Excited State   S41:      0.113934    -0.329625    -0.044777                                               
               Excited State   S42:     -0.042140     0.062058     0.012134                                               
               Excited State   S43:      0.125231     0.071059     0.005265                                               
               Excited State   S44:      0.206181     0.531617     0.009336                                               
               Excited State   S45:      0.228212    -0.186364     0.001532                                               
               Excited State   S46:     -0.015835    -0.079626    -0.075489                                               
               Excited State   S47:     -0.057727    -0.044809     0.001752                                               
               Excited State   S48:     -0.010286     0.001465    -0.023947                                               
               Excited State   S49:     -0.055353     0.222528    -0.089094                                               
               Excited State   S50:     -0.052285    -0.181350     0.137439                                               
               Excited State   S51:     -0.011837    -0.016744     0.006219                                               
               Excited State   S52:      0.311886    -0.215004    -0.020912                                               
               Excited State   S53:     -0.010016    -0.100189     0.195204                                               
               Excited State   S54:     -0.009901    -0.013720     0.075916                                               
               Excited State   S55:     -0.004898    -0.102410     0.104527                                               
               Excited State   S56:      0.018913    -0.003291     0.003343                                               
               Excited State   S57:      0.046807    -0.273662    -0.043705                                               
               Excited State   S58:     -0.211458     0.248839     0.045335                                               
               Excited State   S59:      0.021938    -0.113492    -0.110975                                               
               Excited State   S60:      0.149195    -0.440636     0.031151                                               
               Excited State   S61:     -0.045326    -0.031066     0.107804                                               
               Excited State   S62:     -0.030771    -0.007214    -0.090008                                               
               Excited State   S63:      0.017103    -0.242665    -0.279057                                               
               Excited State   S64:      0.053323    -0.070009     0.022519                                               
               Excited State   S65:      0.100704     0.284259     0.276576                                               
               Excited State   S66:      0.087466     0.014334    -0.097004                                               
               Excited State   S67:     -0.006703    -0.033001    -0.011294                                               
               Excited State   S68:      0.035227    -0.093214     0.000286                                               
               Excited State   S69:     -0.039314    -0.031586     0.233043                                               
               Excited State   S70:     -0.096998     0.061537     0.084892                                               
               Excited State   S71:      0.060879    -0.001880     0.066952                                               
               Excited State   S72:     -0.088856    -0.315641     0.125331                                               
               Excited State   S73:      0.078597    -0.173726     0.315618                                               
               Excited State   S74:      0.009023     0.013295    -0.062692                                               
               Excited State   S75:      0.169069    -0.085063    -0.088872                                               
                                                                                                                          
               One-Photon Absorption                                                                                      
               ---------------------                                                                                      
               Excited State    S1:     10.09253084 a.u.    274.63175 eV    Osc.Str.    0.0222                            
               Excited State    S2:     10.09281327 a.u.    274.63944 eV    Osc.Str.    0.0522                            
               Excited State    S3:     10.09689659 a.u.    274.75055 eV    Osc.Str.    0.0316                            
               Excited State    S4:     10.10379969 a.u.    274.93840 eV    Osc.Str.    0.0274                            
               Excited State    S5:     10.11158503 a.u.    275.15025 eV    Osc.Str.    0.0164                            
               Excited State    S6:     10.12677719 a.u.    275.56365 eV    Osc.Str.    0.0275                            
               Excited State    S7:     10.13809067 a.u.    275.87150 eV    Osc.Str.    0.0018                            
               Excited State    S8:     10.14630013 a.u.    276.09489 eV    Osc.Str.    0.0032                            
               Excited State    S9:     10.14718756 a.u.    276.11904 eV    Osc.Str.    0.0054                            
               Excited State   S10:     10.15071048 a.u.    276.21490 eV    Osc.Str.    0.0182                            
               Excited State   S11:     10.15077983 a.u.    276.21679 eV    Osc.Str.    0.0419                            
               Excited State   S12:     10.16890666 a.u.    276.71005 eV    Osc.Str.    0.0154                            
               Excited State   S13:     10.16936733 a.u.    276.72258 eV    Osc.Str.    0.0138                            
               Excited State   S14:     10.17018951 a.u.    276.74496 eV    Osc.Str.    0.0075                            
               Excited State   S15:     10.17065556 a.u.    276.75764 eV    Osc.Str.    0.0290                            
               Excited State   S16:     10.17319766 a.u.    276.82681 eV    Osc.Str.    0.0089                            
               Excited State   S17:     10.17647767 a.u.    276.91606 eV    Osc.Str.    0.0045                            
               Excited State   S18:     10.18108823 a.u.    277.04152 eV    Osc.Str.    0.0059                            
               Excited State   S19:     10.18979818 a.u.    277.27853 eV    Osc.Str.    0.0004                            
               Excited State   S20:     10.19762170 a.u.    277.49142 eV    Osc.Str.    0.0007                            
               Excited State   S21:     10.20445401 a.u.    277.67734 eV    Osc.Str.    0.0006                            
               Excited State   S22:     10.20961071 a.u.    277.81766 eV    Osc.Str.    0.0007                            
               Excited State   S23:     10.20971326 a.u.    277.82045 eV    Osc.Str.    0.0010                            
               Excited State   S24:     10.21073363 a.u.    277.84822 eV    Osc.Str.    0.0017                            
               Excited State   S25:     10.21114372 a.u.    277.85938 eV    Osc.Str.    0.0015                            
               Excited State   S26:     10.21162970 a.u.    277.87260 eV    Osc.Str.    0.0020                            
               Excited State   S27:     10.21229210 a.u.    277.89062 eV    Osc.Str.    0.0026                            
               Excited State   S28:     10.21865303 a.u.    278.06371 eV    Osc.Str.    0.0005                            
               Excited State   S29:     10.22101192 a.u.    278.12790 eV    Osc.Str.    0.0020                            
               Excited State   S30:     10.22335477 a.u.    278.19166 eV    Osc.Str.    0.0024                            
               Excited State   S31:     10.22376487 a.u.    278.20281 eV    Osc.Str.    0.0019                            
               Excited State   S32:     10.22398992 a.u.    278.20894 eV    Osc.Str.    0.0005                            
               Excited State   S33:     10.22748049 a.u.    278.30392 eV    Osc.Str.    0.0002                            
               Excited State   S34:     10.23560673 a.u.    278.52505 eV    Osc.Str.    0.0012                            
               Excited State   S35:     10.23644416 a.u.    278.54784 eV    Osc.Str.    0.0105                            
               Excited State   S36:     10.23886123 a.u.    278.61361 eV    Osc.Str.    0.0026                            
               Excited State   S37:     10.24164220 a.u.    278.68928 eV    Osc.Str.    0.0006                            
               Excited State   S38:     10.24221495 a.u.    278.70487 eV    Osc.Str.    0.0025                            
               Excited State   S39:     10.24567112 a.u.    278.79891 eV    Osc.Str.    0.0010                            
               Excited State   S40:     10.24591682 a.u.    278.80560 eV    Osc.Str.    0.0047                            
               Excited State   S41:     10.24886035 a.u.    278.88570 eV    Osc.Str.    0.0020                            
               Excited State   S42:     10.24976935 a.u.    278.91043 eV    Osc.Str.    0.0004                            
               Excited State   S43:     10.25006047 a.u.    278.91835 eV    Osc.Str.    0.0008                            
               Excited State   S44:     10.25486556 a.u.    279.04911 eV    Osc.Str.    0.0048                            
               Excited State   S45:     10.25514622 a.u.    279.05674 eV    Osc.Str.    0.0024                            
               Excited State   S46:     10.25652868 a.u.    279.09436 eV    Osc.Str.    0.0003                            
               Excited State   S47:     10.25693707 a.u.    279.10548 eV    Osc.Str.    0.0003                            
               Excited State   S48:     10.25791586 a.u.    279.13211 eV    Osc.Str.    0.0005                            
               Excited State   S49:     10.25902089 a.u.    279.16218 eV    Osc.Str.    0.0009                            
               Excited State   S50:     10.26083346 a.u.    279.21150 eV    Osc.Str.    0.0026                            
               Excited State   S51:     10.26270057 a.u.    279.26231 eV    Osc.Str.    0.0002                            
               Excited State   S52:     10.26274106 a.u.    279.26341 eV    Osc.Str.    0.0039                            
               Excited State   S53:     10.26701569 a.u.    279.37973 eV    Osc.Str.    0.0070                            
               Excited State   S54:     10.26738845 a.u.    279.38987 eV    Osc.Str.    0.0014                            
               Excited State   S55:     10.27151239 a.u.    279.50209 eV    Osc.Str.    0.0049                            
               Excited State   S56:     10.27429254 a.u.    279.57774 eV    Osc.Str.    0.0001                            
               Excited State   S57:     10.27528032 a.u.    279.60462 eV    Osc.Str.    0.0011                            
               Excited State   S58:     10.27632743 a.u.    279.63312 eV    Osc.Str.    0.0049                            
               Excited State   S59:     10.27930045 a.u.    279.71401 eV    Osc.Str.    0.0042                            
               Excited State   S60:     10.27935819 a.u.    279.71559 eV    Osc.Str.    0.0043                            
               Excited State   S61:     10.28018775 a.u.    279.73816 eV    Osc.Str.    0.0017                            
               Excited State   S62:     10.28221043 a.u.    279.79320 eV    Osc.Str.    0.0012                            
               Excited State   S63:     10.28253461 a.u.    279.80202 eV    Osc.Str.    0.0022                            
               Excited State   S64:     10.28360410 a.u.    279.83112 eV    Osc.Str.    0.0003                            
               Excited State   S65:     10.28541297 a.u.    279.88034 eV    Osc.Str.    0.0045                            
               Excited State   S66:     10.28559869 a.u.    279.88540 eV    Osc.Str.    0.0004                            
               Excited State   S67:     10.28568399 a.u.    279.88772 eV    Osc.Str.    0.0031                            
               Excited State   S68:     10.28608813 a.u.    279.89872 eV    Osc.Str.    0.0009                            
               Excited State   S69:     10.28826138 a.u.    279.95785 eV    Osc.Str.    0.0013                            
               Excited State   S70:     10.28991022 a.u.    280.00272 eV    Osc.Str.    0.0010                            
               Excited State   S71:     10.29038544 a.u.    280.01565 eV    Osc.Str.    0.0016                            
               Excited State   S72:     10.29267112 a.u.    280.07785 eV    Osc.Str.    0.0022                            
               Excited State   S73:     10.29395358 a.u.    280.11275 eV    Osc.Str.    0.0024                            
               Excited State   S74:     10.29580176 a.u.    280.16304 eV    Osc.Str.    0.0004                            
               Excited State   S75:     10.29712240 a.u.    280.19897 eV    Osc.Str.    0.0010                            
                                                                                                                          
               Electronic Circular Dichroism                                                                              
               -----------------------------                                                                              
               Excited State    S1:     Rot.Str.     -0.000729 a.u.    -0.3436 [10**(-40) cgs]                            
               Excited State    S2:     Rot.Str.      0.000673 a.u.     0.3174 [10**(-40) cgs]                            
               Excited State    S3:     Rot.Str.     -0.000008 a.u.    -0.0038 [10**(-40) cgs]                            
               Excited State    S4:     Rot.Str.      0.000178 a.u.     0.0837 [10**(-40) cgs]                            
               Excited State    S5:     Rot.Str.      0.000015 a.u.     0.0070 [10**(-40) cgs]                            
               Excited State    S6:     Rot.Str.     -0.000019 a.u.    -0.0091 [10**(-40) cgs]                            
               Excited State    S7:     Rot.Str.     -0.000024 a.u.    -0.0114 [10**(-40) cgs]                            
               Excited State    S8:     Rot.Str.     -0.000890 a.u.    -0.4198 [10**(-40) cgs]                            
               Excited State    S9:     Rot.Str.      0.000615 a.u.     0.2901 [10**(-40) cgs]                            
               Excited State   S10:     Rot.Str.      0.000586 a.u.     0.2763 [10**(-40) cgs]                            
               Excited State   S11:     Rot.Str.     -0.000417 a.u.    -0.1967 [10**(-40) cgs]                            
               Excited State   S12:     Rot.Str.     -0.000210 a.u.    -0.0989 [10**(-40) cgs]                            
               Excited State   S13:     Rot.Str.      0.000969 a.u.     0.4569 [10**(-40) cgs]                            
               Excited State   S14:     Rot.Str.     -0.000099 a.u.    -0.0465 [10**(-40) cgs]                            
               Excited State   S15:     Rot.Str.     -0.000879 a.u.    -0.4142 [10**(-40) cgs]                            
               Excited State   S16:     Rot.Str.      0.000392 a.u.     0.1847 [10**(-40) cgs]                            
               Excited State   S17:     Rot.Str.     -0.000130 a.u.    -0.0614 [10**(-40) cgs]                            
               Excited State   S18:     Rot.Str.     -0.000048 a.u.    -0.0225 [10**(-40) cgs]                            
               Excited State   S19:     Rot.Str.     -0.000017 a.u.    -0.0081 [10**(-40) cgs]                            
               Excited State   S20:     Rot.Str.     -0.000027 a.u.    -0.0129 [10**(-40) cgs]                            
               Excited State   S21:     Rot.Str.      0.000015 a.u.     0.0072 [10**(-40) cgs]                            
               Excited State   S22:     Rot.Str.     -0.000049 a.u.    -0.0232 [10**(-40) cgs]                            
               Excited State   S23:     Rot.Str.     -0.000125 a.u.    -0.0591 [10**(-40) cgs]                            
               Excited State   S24:     Rot.Str.     -0.000324 a.u.    -0.1530 [10**(-40) cgs]                            
               Excited State   S25:     Rot.Str.     -0.001191 a.u.    -0.5614 [10**(-40) cgs]                            
               Excited State   S26:     Rot.Str.      0.001363 a.u.     0.6427 [10**(-40) cgs]                            
               Excited State   S27:     Rot.Str.      0.000464 a.u.     0.2189 [10**(-40) cgs]                            
               Excited State   S28:     Rot.Str.     -0.000033 a.u.    -0.0155 [10**(-40) cgs]                            
               Excited State   S29:     Rot.Str.      0.000010 a.u.     0.0047 [10**(-40) cgs]                            
               Excited State   S30:     Rot.Str.      0.000713 a.u.     0.3359 [10**(-40) cgs]                            
               Excited State   S31:     Rot.Str.     -0.000678 a.u.    -0.3196 [10**(-40) cgs]                            
               Excited State   S32:     Rot.Str.      0.000051 a.u.     0.0242 [10**(-40) cgs]                            
               Excited State   S33:     Rot.Str.     -0.000010 a.u.    -0.0047 [10**(-40) cgs]                            
               Excited State   S34:     Rot.Str.     -0.000022 a.u.    -0.0102 [10**(-40) cgs]                            
               Excited State   S35:     Rot.Str.     -0.000034 a.u.    -0.0162 [10**(-40) cgs]                            
               Excited State   S36:     Rot.Str.     -0.000162 a.u.    -0.0764 [10**(-40) cgs]                            
               Excited State   S37:     Rot.Str.      0.000047 a.u.     0.0222 [10**(-40) cgs]                            
               Excited State   S38:     Rot.Str.      0.000105 a.u.     0.0495 [10**(-40) cgs]                            
               Excited State   S39:     Rot.Str.      0.000015 a.u.     0.0071 [10**(-40) cgs]                            
               Excited State   S40:     Rot.Str.     -0.000084 a.u.    -0.0397 [10**(-40) cgs]                            
               Excited State   S41:     Rot.Str.     -0.000106 a.u.    -0.0501 [10**(-40) cgs]                            
               Excited State   S42:     Rot.Str.      0.000114 a.u.     0.0536 [10**(-40) cgs]                            
               Excited State   S43:     Rot.Str.      0.000019 a.u.     0.0090 [10**(-40) cgs]                            
               Excited State   S44:     Rot.Str.     -0.000005 a.u.    -0.0021 [10**(-40) cgs]                            
               Excited State   S45:     Rot.Str.     -0.000067 a.u.    -0.0315 [10**(-40) cgs]                            
               Excited State   S46:     Rot.Str.      0.000198 a.u.     0.0933 [10**(-40) cgs]                            
               Excited State   S47:     Rot.Str.     -0.000092 a.u.    -0.0432 [10**(-40) cgs]                            
               Excited State   S48:     Rot.Str.      0.000021 a.u.     0.0097 [10**(-40) cgs]                            
               Excited State   S49:     Rot.Str.     -0.000248 a.u.    -0.1169 [10**(-40) cgs]                            
               Excited State   S50:     Rot.Str.     -0.000004 a.u.    -0.0018 [10**(-40) cgs]                            
               Excited State   S51:     Rot.Str.      0.000026 a.u.     0.0123 [10**(-40) cgs]                            
               Excited State   S52:     Rot.Str.      0.000147 a.u.     0.0692 [10**(-40) cgs]                            
               Excited State   S53:     Rot.Str.      0.000017 a.u.     0.0078 [10**(-40) cgs]                            
               Excited State   S54:     Rot.Str.     -0.000018 a.u.    -0.0084 [10**(-40) cgs]                            
               Excited State   S55:     Rot.Str.     -0.000000 a.u.    -0.0001 [10**(-40) cgs]                            
               Excited State   S56:     Rot.Str.      0.000009 a.u.     0.0043 [10**(-40) cgs]                            
               Excited State   S57:     Rot.Str.     -0.000735 a.u.    -0.3463 [10**(-40) cgs]                            
               Excited State   S58:     Rot.Str.      0.000863 a.u.     0.4071 [10**(-40) cgs]                            
               Excited State   S59:     Rot.Str.      0.001253 a.u.     0.5908 [10**(-40) cgs]                            
               Excited State   S60:     Rot.Str.     -0.001543 a.u.    -0.7275 [10**(-40) cgs]                            
               Excited State   S61:     Rot.Str.     -0.000012 a.u.    -0.0056 [10**(-40) cgs]                            
               Excited State   S62:     Rot.Str.     -0.000042 a.u.    -0.0198 [10**(-40) cgs]                            
               Excited State   S63:     Rot.Str.     -0.000008 a.u.    -0.0040 [10**(-40) cgs]                            
               Excited State   S64:     Rot.Str.     -0.000022 a.u.    -0.0102 [10**(-40) cgs]                            
               Excited State   S65:     Rot.Str.      0.000280 a.u.     0.1320 [10**(-40) cgs]                            
               Excited State   S66:     Rot.Str.      0.000045 a.u.     0.0211 [10**(-40) cgs]                            
               Excited State   S67:     Rot.Str.      0.000133 a.u.     0.0625 [10**(-40) cgs]                            
               Excited State   S68:     Rot.Str.      0.000092 a.u.     0.0433 [10**(-40) cgs]                            
               Excited State   S69:     Rot.Str.      0.000047 a.u.     0.0221 [10**(-40) cgs]                            
               Excited State   S70:     Rot.Str.     -0.000177 a.u.    -0.0833 [10**(-40) cgs]                            
               Excited State   S71:     Rot.Str.     -0.000153 a.u.    -0.0723 [10**(-40) cgs]                            
               Excited State   S72:     Rot.Str.      0.000162 a.u.     0.0764 [10**(-40) cgs]                            
               Excited State   S73:     Rot.Str.      0.000110 a.u.     0.0521 [10**(-40) cgs]                            
               Excited State   S74:     Rot.Str.      0.000058 a.u.     0.0272 [10**(-40) cgs]                            
               Excited State   S75:     Rot.Str.     -0.000056 a.u.    -0.0263 [10**(-40) cgs]                            
                                                                                                                          
               Character of excitations:                                                                                  
                                                                                                                          
               Excited state 1                                                                                            
               ---------------                                                                                            
               core_8   -> LUMO        -0.7757                                                                            
               core_8   -> LUMO+2      -0.4692                                                                            
                                                                                                                          
               Excited state 2                                                                                            
               ---------------                                                                                            
               core_7   -> LUMO         0.8122                                                                            
               core_7   -> LUMO+4      -0.2870                                                                            
               core_7   -> LUMO+5      -0.2503                                                                            
               core_6   -> LUMO        -0.2126                                                                            
                                                                                                                          
               Excited state 3                                                                                            
               ---------------                                                                                            
               core_6   -> LUMO        -0.8461                                                                            
               core_6   -> LUMO+4       0.2458                                                                            
               core_7   -> LUMO        -0.2223                                                                            
               core_6   -> LUMO+2      -0.2209                                                                            
               core_6   -> LUMO+5       0.2173                                                                            
                                                                                                                          
               Excited state 4                                                                                            
               ---------------                                                                                            
               core_9   -> LUMO+2      -0.6996                                                                            
               core_9   -> LUMO        -0.5654                                                                            
               core_9   -> LUMO+1       0.3275                                                                            
                                                                                                                          
               Excited state 5                                                                                            
               ---------------                                                                                            
               core_9   -> LUMO         0.7225                                                                            
               core_9   -> LUMO+2      -0.3688                                                                            
               core_9   -> LUMO+4      -0.3318                                                                            
               core_9   -> LUMO+1       0.2690                                                                            
               core_9   -> LUMO+5      -0.2579                                                                            
               core_9   -> LUMO+3      -0.2079                                                                            
                                                                                                                          
               Excited state 6                                                                                            
               ---------------                                                                                            
               core_5   -> LUMO        -0.9362                                                                            
                                                                                                                          
               Excited state 7                                                                                            
               ---------------                                                                                            
               core_8   -> LUMO+2       0.6571                                                                            
               core_8   -> LUMO        -0.4485                                                                            
               core_8   -> LUMO+1      -0.4087                                                                            
               core_8   -> LUMO+4       0.2907                                                                            
               core_8   -> LUMO+3       0.2162                                                                            
                                                                                                                          
               Excited state 8                                                                                            
               ---------------                                                                                            
               core_6   -> LUMO+2       0.6285                                                                            
               core_7   -> LUMO+2       0.4869                                                                            
               core_6   -> LUMO+1      -0.4098                                                                            
               core_7   -> LUMO+1      -0.3013                                                                            
               core_6   -> LUMO        -0.2175                                                                            
                                                                                                                          
               Excited state 9                                                                                            
               ---------------                                                                                            
               core_7   -> LUMO+2      -0.6456                                                                            
               core_6   -> LUMO+2       0.4857                                                                            
               core_7   -> LUMO+1       0.3828                                                                            
               core_6   -> LUMO+1      -0.3049                                                                            
               core_7   -> LUMO        -0.2126                                                                            
                                                                                                                          
               Excited state 10                                                                                           
               ----------------                                                                                           
               core_3   -> LUMO         0.6747                                                                            
               core_4   -> LUMO         0.4819                                                                            
               core_3   -> LUMO+4       0.3182                                                                            
               core_3   -> LUMO+5       0.2765                                                                            
               core_3   -> LUMO+2      -0.2000                                                                            
                                                                                                                          
               Excited state 11                                                                                           
               ----------------                                                                                           
               core_4   -> LUMO         0.7714                                                                            
               core_3   -> LUMO        -0.4229                                                                            
               core_4   -> LUMO+2      -0.2399                                                                            
                                                                                                                          
               Excited state 12                                                                                           
               ----------------                                                                                           
               core_5   -> LUMO+4       0.4927                                                                            
               core_5   -> LUMO+2       0.4595                                                                            
               core_5   -> LUMO+1      -0.3944                                                                            
               core_5   -> LUMO+5       0.3806                                                                            
               core_5   -> LUMO+3       0.3242                                                                            
               core_5   -> LUMO         0.2870                                                                            
                                                                                                                          
               Excited state 13                                                                                           
               ----------------                                                                                           
               core_6   -> LUMO+1      -0.5075                                                                            
               core_6   -> LUMO+3      -0.3715                                                                            
               core_6   -> LUMO+4      -0.3573                                                                            
               core_6   -> LUMO+2      -0.3354                                                                            
               core_6   -> LUMO+5       0.3085                                                                            
               core_6   -> LUMO+7      -0.2194                                                                            
               core_7   -> LUMO+1      -0.2052                                                                            
                                                                                                                          
               Excited state 14                                                                                           
               ----------------                                                                                           
               core_9   -> LUMO+1       0.6697                                                                            
               core_9   -> LUMO+3       0.4470                                                                            
               core_9   -> LUMO+5       0.3243                                                                            
               core_9   -> LUMO+2       0.2738                                                                            
               core_9   -> LUMO+4      -0.2656                                                                            
                                                                                                                          
               Excited state 15                                                                                           
               ----------------                                                                                           
               core_4   -> LUMO+2       0.8021                                                                            
               core_4   -> LUMO+1      -0.3846                                                                            
               core_4   -> LUMO         0.3463                                                                            
                                                                                                                          
               Excited state 16                                                                                           
               ----------------                                                                                           
               core_7   -> LUMO+1       0.6458                                                                            
               core_7   -> LUMO+3       0.5024                                                                            
               core_7   -> LUMO+2       0.3094                                                                            
               core_6   -> LUMO+1      -0.2279                                                                            
                                                                                                                          
               Excited state 17                                                                                           
               ----------------                                                                                           
               core_5   -> LUMO+2       0.7597                                                                            
               core_5   -> LUMO+4      -0.4144                                                                            
               core_5   -> LUMO+5      -0.3812                                                                            
               core_5   -> LUMO+1      -0.2239                                                                            
                                                                                                                          
               Excited state 18                                                                                           
               ----------------                                                                                           
               core_8   -> LUMO+1       0.5696                                                                            
               core_8   -> LUMO+5       0.4778                                                                            
               core_8   -> LUMO+4      -0.4228                                                                            
               core_8   -> LUMO+2       0.3048                                                                            
               core_8   -> LUMO+7       0.2240                                                                            
               core_8   -> LUMO+3       0.2130                                                                            
                                                                                                                          
               Excited state 19                                                                                           
               ----------------                                                                                           
               core_8   -> LUMO+4       0.5558                                                                            
               core_8   -> LUMO+5       0.5346                                                                            
               core_8   -> LUMO+3       0.3790                                                                            
               core_8   -> LUMO         0.3424                                                                            
               core_8   -> LUMO+2      -0.3152                                                                            
                                                                                                                          
               Excited state 20                                                                                           
               ----------------                                                                                           
               core_6   -> LUMO+3      -0.4548                                                                            
               core_6   -> LUMO+1       0.4496                                                                            
               core_6   -> LUMO+4      -0.3936                                                                            
               core_6   -> LUMO+2       0.2717                                                                            
               core_6   -> LUMO        -0.2715                                                                            
               core_6   -> LUMO+7      -0.2635                                                                            
               core_6   -> LUMO+5      -0.2333                                                                            
                                                                                                                          
               Excited state 21                                                                                           
               ----------------                                                                                           
               core_9   -> LUMO+4      -0.5553                                                                            
               core_9   -> LUMO+3      -0.5228                                                                            
               core_9   -> LUMO+2       0.3705                                                                            
               core_9   -> LUMO        -0.2809                                                                            
               core_9   -> LUMO+6      -0.2028                                                                            
                                                                                                                          
               Excited state 22                                                                                           
               ----------------                                                                                           
               core_7   -> LUMO+4       0.5138                                                                            
               core_7   -> LUMO+7       0.4444                                                                            
               core_7   -> LUMO+1      -0.3193                                                                            
               core_7   -> LUMO+5      -0.2854                                                                            
               core_7   -> LUMO+2      -0.2720                                                                            
               core_7   -> LUMO+3       0.2282                                                                            
                                                                                                                          
               Excited state 23                                                                                           
               ----------------                                                                                           
               core_9   -> LUMO+5      -0.5308                                                                            
               core_9   -> LUMO+4       0.4741                                                                            
               core_9   -> LUMO+1       0.4256                                                                            
               core_9   -> LUMO+8       0.3243                                                                            
               core_9   -> LUMO+7      -0.2657                                                                            
                                                                                                                          
               Excited state 24                                                                                           
               ----------------                                                                                           
               core_8   -> LUMO+7       0.4874                                                                            
               core_8   -> LUMO+3       0.3942                                                                            
               core_8   -> LUMO+8      -0.3732                                                                            
               core_8   -> LUMO+1      -0.3056                                                                            
               core_8   -> LUMO+6       0.2713                                                                            
               core_9   -> LUMO+5       0.2524                                                                            
               core_8   -> LUMO+4      -0.2236                                                                            
                                                                                                                          
               Excited state 25                                                                                           
               ----------------                                                                                           
               core_6   -> LUMO+5      -0.4500                                                                            
               core_4   -> LUMO+4       0.3737                                                                            
               core_6   -> LUMO+4      -0.3150                                                                            
               core_6   -> LUMO+7       0.3064                                                                            
               core_4   -> LUMO+5       0.2818                                                                            
               core_6   -> LUMO+6       0.2804                                                                            
               core_4   -> LUMO+3       0.2568                                                                            
               core_6   -> LUMO        -0.2238                                                                            
                                                                                                                          
               Excited state 26                                                                                           
               ----------------                                                                                           
               core_4   -> LUMO+4      -0.5282                                                                            
               core_4   -> LUMO+5      -0.3946                                                                            
               core_4   -> LUMO+3      -0.3711                                                                            
               core_6   -> LUMO+5      -0.3209                                                                            
               core_6   -> LUMO+4      -0.2338                                                                            
               core_6   -> LUMO+7       0.2067                                                                            
                                                                                                                          
               Excited state 27                                                                                           
               ----------------                                                                                           
               core_9   -> LUMO+5      -0.5369                                                                            
               core_9   -> LUMO+6       0.4204                                                                            
               core_9   -> LUMO+4      -0.2921                                                                            
               core_9   -> LUMO+7       0.2586                                                                            
               core_9   -> LUMO+8      -0.2353                                                                            
               core_9   -> LUMO        -0.2209                                                                            
               core_9   -> LUMO+3       0.2052                                                                            
                                                                                                                          
               Excited state 28                                                                                           
               ----------------                                                                                           
               core_7   -> LUMO+5      -0.6679                                                                            
               core_7   -> LUMO+3      -0.4344                                                                            
               core_7   -> LUMO        -0.2787                                                                            
               core_7   -> LUMO+2       0.2577                                                                            
               core_7   -> LUMO+6      -0.2428                                                                            
                                                                                                                          
               Excited state 29                                                                                           
               ----------------                                                                                           
               core_8   -> LUMO+1       0.4897                                                                            
               core_8   -> LUMO+3       0.4706                                                                            
               core_8   -> LUMO+5      -0.4107                                                                            
               core_8   -> LUMO+7      -0.3200                                                                            
               core_8   -> LUMO+6       0.2879                                                                            
               core_8   -> LUMO+4       0.2464                                                                            
                                                                                                                          
               Excited state 30                                                                                           
               ----------------                                                                                           
               core_7   -> LUMO+4      -0.5461                                                                            
               core_7   -> LUMO+6       0.5146                                                                            
               core_7   -> LUMO        -0.2682                                                                            
               core_7   -> LUMO+3       0.2596                                                                            
               core_7   -> LUMO+5      -0.2305                                                                            
               core_7   -> LUMO+1      -0.2150                                                                            
                                                                                                                          
               Excited state 31                                                                                           
               ----------------                                                                                           
               core_6   -> LUMO+3       0.5471                                                                            
               core_6   -> LUMO+4      -0.4398                                                                            
               core_6   -> LUMO+6       0.3621                                                                            
               core_6   -> LUMO+7      -0.2675                                                                            
               core_6   -> LUMO+5       0.2517                                                                            
               core_6   -> LUMO+8       0.2348                                                                            
               core_6   -> LUMO+1       0.2025                                                                            
                                                                                                                          
               Excited state 32                                                                                           
               ----------------                                                                                           
               core_5   -> LUMO+1       0.5586                                                                            
               core_5   -> LUMO+5       0.4075                                                                            
               core_5   -> LUMO+3      -0.3358                                                                            
               core_5   -> LUMO+6      -0.3266                                                                            
               core_5   -> LUMO+2       0.3063                                                                            
               core_5   -> LUMO+8       0.3046                                                                            
               core_5   -> LUMO+7      -0.2439                                                                            
                                                                                                                          
               Excited state 33                                                                                           
               ----------------                                                                                           
               core_9   -> LUMO+7      -0.7933                                                                            
               core_9   -> LUMO+6       0.3904                                                                            
               core_9   -> LUMO+1      -0.2065                                                                            
                                                                                                                          
               Excited state 34                                                                                           
               ----------------                                                                                           
               core_8   -> LUMO+7      -0.5549                                                                            
               core_8   -> LUMO+4      -0.4391                                                                            
               core_8   -> LUMO+8      -0.3483                                                                            
               core_8   -> LUMO+5       0.3002                                                                            
               core_8   -> LUMO+1      -0.2795                                                                            
               core_8   -> LUMO+10      0.2688                                                                            
                                                                                                                          
               Excited state 35                                                                                           
               ----------------                                                                                           
               core_4   -> LUMO+3      -0.4825                                                                            
               core_4   -> LUMO+7      -0.4727                                                                            
               core_4   -> LUMO+5       0.4711                                                                            
               core_4   -> LUMO+6      -0.3363                                                                            
               core_4   -> LUMO+17     -0.2068                                                                            
                                                                                                                          
               Excited state 36                                                                                           
               ----------------                                                                                           
               core_4   -> LUMO+1       0.7842                                                                            
               core_4   -> LUMO+2       0.3622                                                                            
               core_4   -> LUMO+4       0.3061                                                                            
               core_4   -> LUMO+6      -0.2254                                                                            
                                                                                                                          
               Excited state 37                                                                                           
               ----------------                                                                                           
               core_7   -> LUMO+7      -0.6391                                                                            
               core_7   -> LUMO+8       0.4209                                                                            
               core_7   -> LUMO+6       0.2536                                                                            
               core_7   -> LUMO+5      -0.2493                                                                            
               core_7   -> LUMO+4       0.2380                                                                            
               core_7   -> LUMO+10     -0.2219                                                                            
                                                                                                                          
               Excited state 38                                                                                           
               ----------------                                                                                           
               core_5   -> LUMO+3      -0.5986                                                                            
               core_5   -> LUMO+1      -0.5410                                                                            
               core_5   -> LUMO+7      -0.3811                                                                            
               core_5   -> LUMO+17     -0.2159                                                                            
               core_5   -> LUMO+2      -0.2035                                                                            
                                                                                                                          
               Excited state 39                                                                                           
               ----------------                                                                                           
               core_9   -> LUMO+8      -0.6160                                                                            
               core_9   -> LUMO+3      -0.5038                                                                            
               core_9   -> LUMO+4       0.3553                                                                            
               core_9   -> LUMO+10      0.2395                                                                            
               core_9   -> LUMO+1       0.2134                                                                            
                                                                                                                          
               Excited state 40                                                                                           
               ----------------                                                                                           
               core_6   -> LUMO+9      -0.6797                                                                            
               core_6   -> LUMO+7       0.3515                                                                            
               core_6   -> LUMO+5       0.2516                                                                            
               core_6   -> LUMO+6       0.2459                                                                            
               core_6   -> LUMO+12      0.2265                                                                            
               core_7   -> LUMO+9      -0.2050                                                                            
                                                                                                                          
               Excited state 41                                                                                           
               ----------------                                                                                           
               core_9   -> LUMO+6       0.5009                                                                            
               core_9   -> LUMO+3      -0.3146                                                                            
               core_9   -> LUMO+14      0.3129                                                                            
               core_9   -> LUMO+8       0.3025                                                                            
               core_9   -> LUMO+9      -0.3008                                                                            
               core_9   -> LUMO+10     -0.2920                                                                            
               core_9   -> LUMO+11      0.2736                                                                            
               core_9   -> LUMO+5       0.2546                                                                            
                                                                                                                          
               Excited state 42                                                                                           
               ----------------                                                                                           
               core_8   -> LUMO+3       0.5703                                                                            
               core_8   -> LUMO+8       0.5125                                                                            
               core_8   -> LUMO+6      -0.3598                                                                            
               core_8   -> LUMO+4      -0.2495                                                                            
               core_8   -> LUMO+5      -0.2306                                                                            
                                                                                                                          
               Excited state 43                                                                                           
               ----------------                                                                                           
               core_6   -> LUMO+8       0.5645                                                                            
               core_6   -> LUMO+5      -0.4242                                                                            
               core_6   -> LUMO+9      -0.3374                                                                            
               core_6   -> LUMO+4       0.2742                                                                            
               core_6   -> LUMO+7      -0.2563                                                                            
               core_6   -> LUMO+11     -0.2438                                                                            
                                                                                                                          
               Excited state 44                                                                                           
               ----------------                                                                                           
               core_7   -> LUMO+9       0.5516                                                                            
               core_7   -> LUMO+14     -0.4075                                                                            
               core_7   -> LUMO+6      -0.3448                                                                            
               core_7   -> LUMO+3       0.2465                                                                            
               core_7   -> LUMO+12     -0.2364                                                                            
               core_7   -> LUMO+7      -0.2275                                                                            
               core_7   -> LUMO+8      -0.2003                                                                            
                                                                                                                          
               Excited state 45                                                                                           
               ----------------                                                                                           
               core_8   -> LUMO+6       0.6506                                                                            
               core_8   -> LUMO+8       0.4047                                                                            
               core_8   -> LUMO+9      -0.3764                                                                            
               core_8   -> LUMO+15     -0.2722                                                                            
               core_8   -> LUMO+11      0.2132                                                                            
                                                                                                                          
               Excited state 46                                                                                           
               ----------------                                                                                           
               core_7   -> LUMO+8       0.5813                                                                            
               core_7   -> LUMO+4      -0.3481                                                                            
               core_7   -> LUMO+6      -0.3249                                                                            
               core_7   -> LUMO+11     -0.2920                                                                            
               core_7   -> LUMO+3       0.2802                                                                            
               core_7   -> LUMO+7       0.2487                                                                            
                                                                                                                          
               Excited state 47                                                                                           
               ----------------                                                                                           
               core_6   -> LUMO+6       0.6437                                                                            
               core_6   -> LUMO+4       0.3772                                                                            
               core_6   -> LUMO+3      -0.3417                                                                            
               core_6   -> LUMO+10     -0.2657                                                                            
               core_7   -> LUMO+8       0.2257                                                                            
               core_6   -> LUMO+9       0.2063                                                                            
                                                                                                                          
               Excited state 48                                                                                           
               ----------------                                                                                           
               core_5   -> LUMO+4       0.6654                                                                            
               core_5   -> LUMO+5      -0.5516                                                                            
               core_5   -> LUMO+1       0.3499                                                                            
                                                                                                                          
               Excited state 49                                                                                           
               ----------------                                                                                           
               core_9   -> LUMO+9       0.6679                                                                            
               core_9   -> LUMO+14     -0.4372                                                                            
               core_9   -> LUMO+10     -0.2502                                                                            
               core_9   -> LUMO+6       0.2317                                                                            
               core_9   -> LUMO+5       0.2214                                                                            
               core_9   -> LUMO+8       0.2008                                                                            
                                                                                                                          
               Excited state 50                                                                                           
               ----------------                                                                                           
               core_7   -> LUMO+9      -0.4282                                                                            
               core_7   -> LUMO+3       0.4099                                                                            
               core_7   -> LUMO+5      -0.3453                                                                            
               core_7   -> LUMO+10      0.3438                                                                            
               core_7   -> LUMO+14      0.3059                                                                            
               core_7   -> LUMO+6      -0.2032                                                                            
                                                                                                                          
               Excited state 51                                                                                           
               ----------------                                                                                           
               core_6   -> LUMO+8       0.5970                                                                            
               core_6   -> LUMO+7       0.3655                                                                            
               core_6   -> LUMO+9       0.3503                                                                            
               core_6   -> LUMO+3      -0.2858                                                                            
               core_6   -> LUMO+5       0.2844                                                                            
               core_6   -> LUMO+12      0.2112                                                                            
                                                                                                                          
               Excited state 52                                                                                           
               ----------------                                                                                           
               core_8   -> LUMO+9      -0.7023                                                                            
               core_8   -> LUMO+6      -0.3201                                                                            
               core_8   -> LUMO+7       0.2508                                                                            
               core_8   -> LUMO+15     -0.2239                                                                            
               core_8   -> LUMO+13     -0.2063                                                                            
               core_8   -> LUMO+14      0.2060                                                                            
                                                                                                                          
               Excited state 53                                                                                           
               ----------------                                                                                           
               core_3   -> LUMO+3      -0.6988                                                                            
               core_3   -> LUMO+1       0.4908                                                                            
               core_3   -> LUMO         0.3181                                                                            
                                                                                                                          
               Excited state 54                                                                                           
               ----------------                                                                                           
               core_5   -> LUMO+7      -0.5577                                                                            
               core_5   -> LUMO+3       0.5308                                                                            
               core_5   -> LUMO+6      -0.4144                                                                            
               core_5   -> LUMO+5      -0.3070                                                                            
                                                                                                                          
               Excited state 55                                                                                           
               ----------------                                                                                           
               core_3   -> LUMO+4      -0.5966                                                                            
               core_3   -> LUMO+5      -0.5529                                                                            
               core_3   -> LUMO         0.4355                                                                            
               core_3   -> LUMO+3       0.2286                                                                            
                                                                                                                          
               Excited state 56                                                                                           
               ----------------                                                                                           
               core_4   -> LUMO+4       0.5913                                                                            
               core_4   -> LUMO+3      -0.5289                                                                            
               core_4   -> LUMO+5      -0.3899                                                                            
               core_4   -> LUMO+8      -0.3210                                                                            
               core_4   -> LUMO+7       0.2039                                                                            
                                                                                                                          
               Excited state 57                                                                                           
               ----------------                                                                                           
               core_9   -> LUMO+6      -0.4081                                                                            
               core_9   -> LUMO+10     -0.4052                                                                            
               core_9   -> LUMO+13     -0.3255                                                                            
               core_9   -> LUMO+7      -0.2942                                                                            
               core_9   -> LUMO+14      0.2940                                                                            
               core_9   -> LUMO+11      0.2850                                                                            
               core_9   -> LUMO+9       0.2434                                                                            
               core_9   -> LUMO+15     -0.2154                                                                            
                                                                                                                          
               Excited state 58                                                                                           
               ----------------                                                                                           
               core_8   -> LUMO+10      0.5555                                                                            
               core_8   -> LUMO+7       0.3670                                                                            
               core_8   -> LUMO+16      0.2853                                                                            
               core_8   -> LUMO+11     -0.2645                                                                            
               core_8   -> LUMO+13      0.2643                                                                            
               core_8   -> LUMO+6       0.2279                                                                            
               core_8   -> LUMO+8       0.2194                                                                            
                                                                                                                          
               Excited state 59                                                                                           
               ----------------                                                                                           
               core_5   -> LUMO+8      -0.6740                                                                            
               core_5   -> LUMO+9       0.4050                                                                            
               core_5   -> LUMO+7      -0.2884                                                                            
               core_5   -> LUMO+6      -0.2805                                                                            
                                                                                                                          
               Excited state 60                                                                                           
               ----------------                                                                                           
               core_9   -> LUMO+15     -0.3931                                                                            
               core_9   -> LUMO+9       0.3866                                                                            
               core_9   -> LUMO+14      0.3487                                                                            
               core_9   -> LUMO+11     -0.3478                                                                            
               core_9   -> LUMO+12     -0.3324                                                                            
               core_9   -> LUMO+10      0.2188                                                                            
                                                                                                                          
               Excited state 61                                                                                           
               ----------------                                                                                           
               core_6   -> LUMO+10     -0.6457                                                                            
               core_6   -> LUMO+7       0.3188                                                                            
               core_6   -> LUMO+17     -0.2892                                                                            
               core_6   -> LUMO+6      -0.2691                                                                            
                                                                                                                          
               Excited state 62                                                                                           
               ----------------                                                                                           
               core_5   -> LUMO+6      -0.7090                                                                            
               core_5   -> LUMO+7       0.4623                                                                            
               core_5   -> LUMO+5      -0.2446                                                                            
               core_5   -> LUMO+8       0.2062                                                                            
                                                                                                                          
               Excited state 63                                                                                           
               ----------------                                                                                           
               core_3   -> LUMO+2       0.7834                                                                            
               core_3   -> LUMO+1      -0.4089                                                                            
               core_3   -> LUMO+6       0.2586                                                                            
               core_3   -> LUMO         0.2439                                                                            
                                                                                                                          
               Excited state 64                                                                                           
               ----------------                                                                                           
               core_8   -> LUMO+15     -0.4943                                                                            
               core_8   -> LUMO+9       0.4324                                                                            
               core_8   -> LUMO+14      0.3809                                                                            
               core_8   -> LUMO+12     -0.3763                                                                            
               core_8   -> LUMO+13     -0.2751                                                                            
               core_8   -> LUMO+11     -0.2448                                                                            
               core_8   -> LUMO+21     -0.2159                                                                            
                                                                                                                          
               Excited state 65                                                                                           
               ----------------                                                                                           
               core_7   -> LUMO+10      0.5438                                                                            
               core_7   -> LUMO+6       0.4545                                                                            
               core_7   -> LUMO+11     -0.3439                                                                            
               core_7   -> LUMO+13      0.2273                                                                            
                                                                                                                          
               Excited state 66                                                                                           
               ----------------                                                                                           
               core_5   -> LUMO+9      -0.5628                                                                            
               core_4   -> LUMO+6       0.4148                                                                            
               core_4   -> LUMO+5       0.3563                                                                            
               core_4   -> LUMO+7       0.2963                                                                            
               core_4   -> LUMO+3      -0.2565                                                                            
               core_5   -> LUMO+8      -0.2522                                                                            
                                                                                                                          
               Excited state 67                                                                                           
               ----------------                                                                                           
               core_5   -> LUMO+9       0.6076                                                                            
               core_4   -> LUMO+6       0.3908                                                                            
               core_4   -> LUMO+5       0.3387                                                                            
               core_5   -> LUMO+8       0.2723                                                                            
               core_4   -> LUMO+7       0.2713                                                                            
               core_4   -> LUMO+3      -0.2533                                                                            
                                                                                                                          
               Excited state 68                                                                                           
               ----------------                                                                                           
               core_9   -> LUMO+10      0.6035                                                                            
               core_9   -> LUMO+11      0.4129                                                                            
               core_9   -> LUMO+12      0.3871                                                                            
               core_9   -> LUMO+8       0.3524                                                                            
               core_9   -> LUMO+9       0.2396                                                                            
                                                                                                                          
               Excited state 69                                                                                           
               ----------------                                                                                           
               core_6   -> LUMO+12     -0.5777                                                                            
               core_6   -> LUMO+11     -0.4677                                                                            
               core_6   -> LUMO+7       0.3316                                                                            
               core_6   -> LUMO+15     -0.2177                                                                            
               core_6   -> LUMO+10      0.2064                                                                            
                                                                                                                          
               Excited state 70                                                                                           
               ----------------                                                                                           
               core_8   -> LUMO+11     -0.7133                                                                            
               core_8   -> LUMO+10     -0.4750                                                                            
               core_8   -> LUMO+12     -0.2453                                                                            
               core_8   -> LUMO+15      0.2449                                                                            
               core_8   -> LUMO+6       0.2097                                                                            
                                                                                                                          
               Excited state 71                                                                                           
               ----------------                                                                                           
               core_4   -> LUMO+9      -0.9077                                                                            
               core_4   -> LUMO+8       0.2351                                                                            
               core_4   -> LUMO+5      -0.2076                                                                            
                                                                                                                          
               Excited state 72                                                                                           
               ----------------                                                                                           
               core_7   -> LUMO+14      0.5808                                                                            
               core_7   -> LUMO+9       0.5133                                                                            
               core_7   -> LUMO+12      0.2667                                                                            
               core_7   -> LUMO+10      0.2117                                                                            
                                                                                                                          
               Excited state 73                                                                                           
               ----------------                                                                                           
               core_9   -> LUMO+12     -0.6424                                                                            
               core_9   -> LUMO+11      0.4435                                                                            
               core_9   -> LUMO+17      0.2430                                                                            
                                                                                                                          
               Excited state 74                                                                                           
               ----------------                                                                                           
               core_7   -> LUMO+14      0.4263                                                                            
               core_7   -> LUMO+11     -0.4093                                                                            
               core_7   -> LUMO+12     -0.3789                                                                            
               core_7   -> LUMO+8      -0.3004                                                                            
               core_7   -> LUMO+10     -0.2896                                                                            
               core_7   -> LUMO+15     -0.2296                                                                            
               core_7   -> LUMO+17     -0.2083                                                                            
                                                                                                                          
               Excited state 75                                                                                           
               ----------------                                                                                           
               core_8   -> LUMO+12      0.6438                                                                            
               core_8   -> LUMO+13     -0.4243                                                                            
               core_8   -> LUMO+8       0.2867                                                                            
               core_8   -> LUMO+11     -0.2524                                                                            
                                                                                                                          
!========================================================================================================================!
!                               VeloxChem execution completed at Sun Jun 14 16:51:50 2026.                               !
!========================================================================================================================!
!                                          Total execution time is 1169.74 sec.                                          !
!========================================================================================================================!
!                     Rinkevicius, Z.; Li, X.; Vahtras, O.; Ahmadzadeh, K.; Brand, M.; Ringholm, M.;                     !
!                              List, N. H.; Scheurer, M.; Scott, M.; Dreuw, A.; Norman, P.                               !
!                     VeloxChem: A Python-driven Density-functional Theory Program for Spectroscopy                      !
!                                Simulations in High-performance Computing Environments.                                 !
!                                       WIREs Comput Mol Sci 2020, 10 (5), e1457.                                        !
!========================================================================================================================!
