!========================================================================================================================!
!                                                                                                                        !
!                                                       VELOXCHEM                                                        !
!                                              AN ELECTRONIC STRUCTURE CODE                                              !
!                                                                                                                        !
!                                        Copyright 2018-2025 VeloxChem developers                                        !
!========================================================================================================================!
!                     VeloxChem execution started on 192 MPI processes at Sun Jun 14 17:12:24 2026.                      !
!========================================================================================================================!
                                                                                                                          
* Info * Using 1 OpenMP threads per MPI process.                                                                          
                                                                                                                          
* Info * Reading input file 0233_c1s.in...                                                                                
                                                                                                                          
* Info * @jobs                                                                                                            
* Info * task: response                                                                                                   
* Info * @end                                                                                                             
                                                                                                                          
* Info * @method_settings                                                                                                 
* Info * basis: def2-tzvpd                                                                                                
* Info * xcfun: cam-b3lyp                                                                                                 
* Info * @end                                                                                                             
                                                                                                                          
* Info * @response                                                                                                        
* Info * property: absorption                                                                                             
* Info * tamm_dancoff: no                                                                                                 
* Info * nstates: 75                                                                                                      
* Info * core_excitation: yes                                                                                             
* Info * num_core_orbitals: 9                                                                                             
* Info * @end                                                                                                             
                                                                                                                          
                                              Molecular Geometry (Angstroms)                                              
                                             ================================                                             
                                                                                                                          
                          Atom         Coordinate X          Coordinate Y          Coordinate Z                           
                                                                                                                          
                           O          -1.505869472700       -1.109021900300        0.065810446700                         
                           N          -1.638374271000        1.104827508500       -0.037638269000                         
                           C          -0.219641140200       -0.731180346700       -0.119853758400                         
                           C          -0.264000847900        0.690319942000       -0.210620437700                         
                           C           0.920528116000       -1.445947466200       -0.108088056600                         
                           C           0.842092063400        1.432627283300        0.030690487100                         
                           C           2.101140201000       -0.718608241700        0.093185119800                         
                           C           2.055348083600        0.716213828800        0.040194583400                         
                           C          -2.254687459000       -0.013925266600        0.149372664800                         
                           H           0.984460049400       -2.543229025600        0.023659200100                         
                           H           0.798726703800        2.584129990000        0.154148005300                         
                           H           2.949237283900       -1.113014464700        0.180374667000                         
                           H           3.013346562100        1.437777861000        0.410638840300                         
                           H          -3.298082279100       -0.149350058600        0.206216601100                         
                                                                                                                          
                          Molecular charge            : 0                                                                 
                          Spin multiplicity           : 1                                                                 
                          Number of atoms             : 14                                                                
                          Number of alpha electrons   : 31                                                                
                          Number of beta  electrons   : 31                                                                
                                                                                                                          
* Info * Reading basis set from file: /net/home/plgrid/plgiubru7/software/vlx-cpu/cpuvlxenv/lib/python3.11/site-packages/veloxchem/basis/DEF2-TZVPD
                                                                                                                          
                                              Molecular Basis (Atomic Basis)                                              
                                             ================================                                             
                                                                                                                          
                               Basis: DEF2-TZVPD                                                                          
                                                                                                                          
                               Atom Contracted GTOs           Primitive GTOs                                              
                                                                                                                          
                               O     (6S,4P,3D,1F)             (12S,7P,3D,1F)                                             
                               N     (6S,3P,3D,1F)             (12S,6P,3D,1F)                                             
                               C     (6S,3P,3D,1F)             (12S,6P,3D,1F)                                             
                               H     (3S,2P)                   (5S,2P)                                                    
                                                                                                                          
                               Contracted Basis Functions : 381                                                           
                               Primitive Basis Functions  : 526                                                           
                                                                                                                          
                                                                                                                          
                                            Self Consistent Field Driver Setup                                            
                                           ====================================                                           
                                                                                                                          
                   Wave Function Model             : Spin-Restricted Kohn-Sham                                            
                   Initial Guess Model             : Restart from Checkpoint                                              
                   Convergence Accelerator         : Direct Inversion of Iterative Subspace                               
                   Max. Number of Iterations       : 50                                                                   
                   Max. Number of Error Vectors    : 10                                                                   
                   Convergence Threshold           : 1.0e-06                                                              
                   ERI Screening Threshold         : 1.0e-12                                                              
                   Linear Dependence Threshold     : 1.0e-06                                                              
                   Exchange-Correlation Functional : CAM-B3LYP                                                            
                   Molecular Grid Level            : 4                                                                    
                                                                                                                          
* Info * Nuclear repulsion energy: 406.8593566033 a.u.                                                                    
                                                                                                                          
* Info * Using the CAM-B3LYP functional.                                                                                  
                                                                                                                          
         T. Yanai, D. P. Tew, and N. C. Handy.,  Chem. Phys. Lett. 393, 51 (2004)
                                                                                                                          
* Info * Using the Libxc library (v7.0.0).                                                                                
                                                                                                                          
         S. Lehtola, C. Steigemann, M. J.T. Oliveira, and M. A.L. Marques.,  SoftwareX 7, 1–5 (2018)
                                                                                                                          
* Info * Using the following algorithm for XC numerical integration.                                                      
                                                                                                                          
         J. Kussmann, H. Laqua and C. Ochsenfeld, J. Chem. Theory Comput. 2021, 17, 1512-1521
                                                                                                                          
* Info * Molecular grid with 207988 points generated in 0.22 sec.                                                         
                                                                                                                          
* Info * Restarting from checkpoint file: 0233_c1s_scf.h5                                                                 
                                                                                                                          
* Info * Overlap matrix computed in 0.01 sec.                                                                             
                                                                                                                          
* Info * Kinetic energy matrix computed in 0.01 sec.                                                                      
                                                                                                                          
* Info * Nuclear potential matrix computed in 0.02 sec.                                                                   
                                                                                                                          
* Info * Orthogonalization matrix computed in 0.02 sec.                                                                   
                                                                                                                          
                                                                                                                          
               Iter. |    Kohn-Sham Energy | Energy Change | Gradient Norm | Max. Gradient | Density Change               
               --------------------------------------------------------------------------------------------               
                  1      -399.616593313442    0.0000000000      0.00000071      0.00000001      0.00000000                
                                                                                                                          
* Info * Checkpoint written to file: 0233_c1s_scf.h5                                                                      
                                                                                                                          
* Info * SCF results written to file: 0233_c1s.h5                                                                         
                                                                                                                          
               *** SCF converged in 1 iterations. Time: 2.57 sec.                                                         
                                                                                                                          
               Spin-Restricted Kohn-Sham:                                                                                 
               --------------------------                                                                                 
               Total Energy                       :     -399.6165933134 a.u.                                              
               Electronic Energy                  :     -806.4759499168 a.u.                                              
               Nuclear Repulsion Energy           :      406.8593566033 a.u.                                              
               ------------------------------------                                                                       
               Gradient Norm                      :        0.0000007093 a.u.                                              
                                                                                                                          
                                                                                                                          
               Ground State Information                                                                                   
               ------------------------                                                                                   
               Charge of Molecule            :  0.0                                                                       
               Multiplicity (2S+1)           :  1                                                                         
               Magnetic Quantum Number (M_S) :  0.0                                                                       
                                                                                                                          
                                                                                                                          
                                                 Spin Restricted Orbitals                                                 
                                                 ------------------------                                                 
                                                                                                                          
               Molecular Orbital No.  27:                                                                                 
               --------------------------                                                                                 
               Occupation: 2.000 Energy:   -0.41753 a.u.                                                                  
               (   3 C   3p-1:     0.17) (   7 C   1p-1:     0.16) (   7 C   3p-1:     0.16)                              
               (   8 C   5s  :    -0.15) (   8 C   1p-1:    -0.17) (  13 H   2s  :    -0.19)                              
                                                                                                                          
               Molecular Orbital No.  28:                                                                                 
               --------------------------                                                                                 
               Occupation: 2.000 Energy:   -0.40388 a.u.                                                                  
               (   1 O   1p0 :     0.18) (   2 N   1p0 :    -0.26) (   2 N   2p0 :    -0.22)                              
               (   4 C   6s  :     0.15) (   4 C   3p+1:     0.15) (   7 C   5s  :    -0.17)                              
               (   9 C   1p0 :    -0.16)                                                                                  
                                                                                                                          
               Molecular Orbital No.  29:                                                                                 
               --------------------------                                                                                 
               Occupation: 2.000 Energy:   -0.36905 a.u.                                                                  
               (   1 O   6s  :     0.15) (   2 N   4s  :    -0.22) (   2 N   5s  :    -0.39)                              
               (   2 N   6s  :    -0.33) (   2 N   1p+1:     0.16) (   2 N   1p-1:    -0.33)                              
               (   2 N   2p-1:    -0.24) (   2 N   3p-1:    -0.17) (   3 C   5s  :     0.19)                              
               (   3 C   3p+1:    -0.24) (   3 C   3p-1:     0.18) (   4 C   3p-1:     0.33)                              
                                                                                                                          
               Molecular Orbital No.  30:                                                                                 
               --------------------------                                                                                 
               Occupation: 2.000 Energy:   -0.31274 a.u.                                                                  
               (   1 O   1p0 :     0.16) (   2 N   1p0 :    -0.15) (   3 C   5s  :    -0.26)                              
               (   5 C   1p0 :    -0.22) (   5 C   2p0 :    -0.19) (   5 C   3p0 :    -0.16)                              
               (   6 C   1p0 :     0.22) (   6 C   2p0 :     0.19) (   8 C   1p0 :     0.16)                              
                                                                                                                          
               Molecular Orbital No.  31:                                                                                 
               --------------------------                                                                                 
               Occupation: 2.000 Energy:   -0.30509 a.u.                                                                  
               (   3 C   1p0 :    -0.20) (   3 C   2p0 :    -0.18) (   4 C   5s  :    -0.23)                              
               (   4 C   1p0 :    -0.20) (   4 C   2p0 :    -0.18) (   4 C   3p0 :    -0.17)                              
               (   5 C   5s  :    -0.17) (   7 C   1p0 :     0.21) (   7 C   2p0 :     0.19)                              
               (   8 C   1p0 :     0.19) (   8 C   2p0 :     0.16) (   9 C   1p0 :     0.16)                              
                                                                                                                          
               Molecular Orbital No.  32:                                                                                 
               --------------------------                                                                                 
               Occupation: 0.000 Energy:    0.00053 a.u.                                                                  
               (   1 O   6s  :     0.33) (   1 O   4p+1:    -0.16) (   1 O   4p0 :    -0.15)                              
               (   2 N   6s  :     0.34) (   3 C   5s  :    -0.39) (   3 C   6s  :    -0.16)                              
               (   3 C   3p+1:    -0.47) (   3 C   3p-1:     0.57) (   3 C   3d+2:    -0.30)                              
               (   3 C   3d-1:    -0.16) (   4 C   5s  :    -0.16) (   4 C   6s  :    -0.34)                              
               (   4 C   3p-1:     0.39) (   4 C   3p0 :     0.30) (   4 C   3d+1:    -0.18)                              
               (   4 C   3d+2:     0.31) (   5 C   5s  :     0.23) (   5 C   6s  :     0.49)                              
               (   5 C   1p0 :    -0.19) (   5 C   2p0 :    -0.17) (   5 C   3p+1:    -0.40)                              
               (   5 C   3p-1:     0.49) (   5 C   3p0 :    -0.28) (   5 C   3d-2:    -0.24)                              
               (   6 C   1p0 :    -0.20) (   6 C   2p0 :    -0.19) (   6 C   3p+1:     0.36)                              
               (   6 C   3d-2:    -0.20) (   7 C   5s  :    -0.67) (   7 C   6s  :    -0.22)                              
               (   7 C   1p0 :     0.19) (   7 C   2p0 :     0.18) (   7 C   3p+1:    -0.16)                              
               (   7 C   3p-1:    -0.55) (   7 C   3d+2:     0.28) (   8 C   5s  :     0.48)                              
               (   8 C   3p-1:    -0.73) (   8 C   3d+2:    -0.20) (   9 C   6s  :    -0.43)                              
               (   9 C   1p0 :    -0.21) (   9 C   2p0 :    -0.21) (   9 C   3p+1:    -0.41)                              
               (   9 C   3p-1:    -0.20) (  10 H   3s  :     0.41) (  11 H   3s  :     0.17)                              
               (  14 H   3s  :    -0.50) (  14 H   2p+1:    -0.17)                                                        
                                                                                                                          
               Molecular Orbital No.  33:                                                                                 
               --------------------------                                                                                 
               Occupation: 0.000 Energy:    0.02616 a.u.                                                                  
               (   1 O   6s  :     0.95) (   2 N   6s  :    -0.16) (   3 C   5s  :    -0.21)                              
               (   3 C   6s  :    -1.60) (   3 C   1p0 :     0.25) (   3 C   2p0 :     0.24)                              
               (   3 C   3p+1:    -0.26) (   3 C   3p0 :     0.30) (   3 C   3d-2:    -0.17)                              
               (   4 C   5s  :    -0.57) (   4 C   6s  :     0.28) (   4 C   3p-1:    -0.29)                              
               (   4 C   3p0 :    -0.36) (   4 C   3d+2:     0.21) (   5 C   5s  :    -0.31)                              
               (   5 C   6s  :     0.65) (   5 C   3p+1:    -0.17) (   5 C   3p-1:     0.20)                              
               (   6 C   5s  :     1.11) (   6 C   6s  :     0.48) (   7 C   5s  :     0.70)                              
               (   7 C   1p0 :    -0.15) (   7 C   2p0 :    -0.15) (   8 C   6s  :    -0.15)                              
               (   8 C   1p0 :     0.24) (   8 C   2p0 :     0.23) (   8 C   3p+1:     0.40)                              
               (   8 C   3d-1:     0.15) (   8 C   3d-2:     0.18) (   9 C   5s  :    -0.27)                              
               (   9 C   3p+1:    -0.17) (  10 H   3s  :     0.33) (  12 H   3s  :    -0.50)                              
               (  13 H   3s  :    -0.81) (  13 H   2p+1:     0.20) (  13 H   2p0 :     0.15)                              
                                                                                                                          
               Molecular Orbital No.  34:                                                                                 
               --------------------------                                                                                 
               Occupation: 0.000 Energy:    0.03129 a.u.                                                                  
               (   1 O   5s  :    -0.52) (   1 O   6s  :    -5.47) (   1 O   3p+1:    -0.27)                              
               (   1 O   4p-1:    -1.21) (   1 O   3d+2:    -0.20) (   2 N   5s  :    -0.17)                              
               (   2 N   6s  :    -0.87) (   2 N   3p+1:    -0.37) (   2 N   3d-2:     0.19)                              
               (   3 C   4s  :     0.20) (   3 C   5s  :     0.50) (   3 C   6s  :     0.69)                              
               (   3 C   3p+1:     0.91) (   3 C   3p-1:    -3.27) (   3 C   3p0 :    -0.40)                              
               (   3 C   3d+1:    -0.40) (   3 C   3d+2:     2.96) (   3 C   3d-2:     0.76)                              
               (   3 C   3d0 :     0.24) (   4 C   5s  :    14.86) (   4 C   6s  :    -0.21)                              
               (   4 C   3p+1:     0.84) (   4 C   3p-1:    -1.96) (   4 C   3p0 :     1.29)                              
               (   4 C   3d+1:     0.43) (   4 C   3d+2:     0.94) (   4 C   3d-1:    -0.25)                              
               (   4 C   3d-2:     1.32) (   4 C   3d0 :    -0.29) (   5 C   4s  :    -0.42)                              
               (   5 C   5s  :    -1.81) (   5 C   6s  :     1.44) (   5 C   3p+1:     0.25)                              
               (   5 C   3p-1:    -2.40) (   5 C   3p0 :     0.37) (   5 C   3d-1:     0.24)                              
               (   5 C   3d-2:     1.26) (   5 C   3d0 :    -0.43) (   6 C   4s  :    -0.22)                              
               (   6 C   5s  :    -2.00) (   6 C   6s  :     1.70) (   6 C   3p+1:     2.76)                              
               (   6 C   3p-1:     1.59) (   6 C   3d+2:     0.73) (   6 C   3d-2:    -1.43)                              
               (   6 C   3d0 :    -0.16) (   7 C   4s  :    -0.29) (   7 C   5s  :    -1.47)                              
               (   7 C   6s  :     1.78) (   7 C   3p+1:     2.24) (   7 C   3p-1:    -1.90)                              
               (   7 C   3p0 :     0.39) (   7 C   3d+2:     0.50) (   7 C   3d-2:     0.34)                              
               (   7 C   3d0 :    -0.37) (   8 C   4s  :    -0.20) (   8 C   5s  :    -0.80)                              
               (   8 C   3p+1:     1.41) (   8 C   3p-1:    -1.62) (   8 C   3p0 :     0.40)                              
               (   8 C   3d+2:    -0.50) (   8 C   3d-1:     0.15) (   8 C   3d-2:     1.05)                              
               (   8 C   3d0 :    -0.23) (   9 C   4s  :    -0.21) (   9 C   5s  :    -1.75)                              
               (   9 C   6s  :     2.68) (   9 C   3p+1:    -1.50) (   9 C   3p-1:    -0.32)                              
               (   9 C   3p0 :     0.35) (   9 C   3d+1:     0.35) (   9 C   3d+2:    -0.47)                              
               (   9 C   3d-2:     0.47) (  10 H   3s  :    -1.99) (  10 H   2p+1:     0.47)                              
               (  10 H   2p-1:    -0.34) (  10 H   2p0 :     0.23) (  11 H   3s  :    -0.69)                              
               (  11 H   2p+1:     0.46) (  11 H   2p-1:     0.26) (  12 H   3s  :    -3.86)                              
               (  12 H   2p+1:     0.37) (  12 H   2p-1:    -0.44) (  13 H   3s  :    -2.19)                              
               (  13 H   2p+1:     0.52) (  13 H   2p0 :     0.28) (  14 H   3s  :    -0.57)                              
               (  14 H   2p-1:     0.28) (  14 H   2p0 :     0.18)                                                        
                                                                                                                          
               Molecular Orbital No.  35:                                                                                 
               --------------------------                                                                                 
               Occupation: 0.000 Energy:    0.04326 a.u.                                                                  
               (   1 O   5s  :     0.90) (   1 O   6s  :     6.82) (   1 O   3p-1:     0.24)                              
               (   1 O   4p+1:     0.74) (   1 O   4p-1:     1.03) (   1 O   3d-2:    -0.17)                              
               (   2 N   5s  :     1.42) (   2 N   6s  :     1.26) (   2 N   3p+1:     0.52)                              
               (   2 N   3p-1:    -0.43) (   3 C   5s  :    10.88) (   3 C   6s  :    -2.06)                              
               (   3 C   3p+1:     1.04) (   3 C   3p0 :    -0.29) (   3 C   3d+2:    -0.81)                              
               (   3 C   3d-1:     0.18) (   3 C   3d-2:    -2.68) (   3 C   3d0 :    -0.43)                              
               (   4 C   5s  :    -2.45) (   4 C   6s  :    -2.01) (   4 C   3p+1:     2.75)                              
               (   4 C   3p-1:     2.02) (   4 C   3p0 :    -0.17) (   4 C   3d+2:     0.67)                              
               (   4 C   3d-2:    -0.36) (   4 C   3d0 :     0.51) (   5 C   5s  :    -4.32)                              
               (   5 C   6s  :    -0.70) (   5 C   3p+1:     4.03) (   5 C   3p-1:    -0.55)                              
               (   5 C   3p0 :     0.23) (   5 C   3d+2:    -0.54) (   5 C   3d-1:    -0.16)                              
               (   5 C   3d-2:     0.80) (   5 C   3d0 :     0.29) (   6 C   4s  :    -0.26)                              
               (   6 C   5s  :     2.51) (   6 C   6s  :     1.26) (   6 C   3p+1:     1.52)                              
               (   6 C   3p-1:     0.29) (   6 C   3p0 :     0.47) (   6 C   3d+2:    -0.55)                              
               (   6 C   3d-1:    -0.23) (   6 C   3d-2:    -1.44) (   6 C   3d0 :    -0.39)                              
               (   7 C   4s  :    -0.43) (   7 C   5s  :     1.10) (   7 C   6s  :     1.72)                              
               (   7 C   3p+1:     1.04) (   7 C   3p-1:     1.15) (   7 C   3p0 :     0.54)                              
               (   7 C   3d+2:    -0.25) (   7 C   3d-2:    -1.30) (   7 C   3d0 :    -0.51)                              
               (   8 C   4s  :    -0.41) (   8 C   5s  :    -4.71) (   8 C   6s  :     2.05)                              
               (   8 C   3p+1:     2.69) (   8 C   3p-1:     1.21) (   8 C   3d+1:     0.31)                              
               (   8 C   3d+2:    -0.40) (   8 C   3d-1:     0.27) (   8 C   3d0 :    -0.17)                              
               (   9 C   5s  :    -3.67) (   9 C   6s  :    -2.79) (   9 C   2p+1:    -0.17)                              
               (   9 C   3p+1:    -1.29) (   9 C   3p-1:     0.57) (   9 C   3d+2:    -0.35)                              
               (   9 C   3d0 :     0.29) (  10 H   3s  :    -0.88) (  10 H   2p+1:     0.23)                              
               (  10 H   2p-1:    -0.24) (  11 H   3s  :    -2.08) (  11 H   2p+1:     0.47)                              
               (  11 H   2p-1:     0.35) (  11 H   2p0 :     0.19) (  12 H   3s  :    -2.86)                              
               (  12 H   2p+1:     0.26) (  12 H   2p-1:     0.32) (  12 H   2p0 :     0.15)                              
               (  13 H   3s  :    -2.27) (  13 H   2p+1:     0.52) (  13 H   2p-1:     0.27)                              
               (  14 H   3s  :     0.85)                                                                                  
                                                                                                                          
               Molecular Orbital No.  36:                                                                                 
               --------------------------                                                                                 
               Occupation: 0.000 Energy:    0.05235 a.u.                                                                  
               (   1 O   5s  :    -0.26) (   1 O   6s  :    -0.64) (   1 O   3p-1:    -0.19)                              
               (   1 O   4p+1:    -0.18) (   1 O   4p-1:     0.30) (   2 N   6s  :     0.88)                              
               (   2 N   3p-1:     0.25) (   3 C   5s  :    -0.96) (   3 C   6s  :     3.48)                              
               (   3 C   3p+1:    -1.34) (   3 C   3p-1:     2.45) (   3 C   3p0 :    -0.44)                              
               (   3 C   3d+2:    -1.98) (   3 C   3d-1:    -0.30) (   3 C   3d-2:     0.64)                              
               (   3 C   3d0 :    -0.26) (   4 C   5s  :    -5.37) (   4 C   6s  :    -2.16)                              
               (   4 C   3p+1:     0.87) (   4 C   3p-1:     2.35) (   4 C   3p0 :    -0.26)                              
               (   4 C   3d+2:     0.65) (   4 C   3d-1:    -0.18) (   4 C   3d-2:     0.65)                              
               (   5 C   4s  :     0.63) (   5 C   5s  :     6.41) (   5 C   6s  :    -4.23)                              
               (   5 C   3p+1:    -0.81) (   5 C   3p-1:     2.58) (   5 C   3p0 :     0.25)                              
               (   5 C   3d+1:     0.19) (   5 C   3d-1:     0.18) (   5 C   3d-2:    -1.30)                              
               (   5 C   3d0 :     0.67) (   6 C   4s  :    -0.61) (   6 C   5s  :    -1.52)                              
               (   6 C   6s  :     2.93) (   6 C   3p-1:     0.86) (   6 C   3p0 :     0.78)                              
               (   6 C   3d+2:    -0.66) (   6 C   3d-2:    -0.48) (   6 C   3d0 :    -0.70)                              
               (   7 C   4s  :     0.37) (   7 C   5s  :     4.76) (   7 C   6s  :    -2.33)                              
               (   7 C   3p+1:    -1.51) (   7 C   3p-1:     3.38) (   7 C   3p0 :    -0.70)                              
               (   7 C   3d+2:    -1.66) (   7 C   3d-1:    -0.17) (   7 C   3d-2:    -1.82)                              
               (   7 C   3d0 :     0.35) (   8 C   4s  :    -0.21) (   8 C   5s  :    -6.27)                              
               (   8 C   6s  :     2.17) (   8 C   3p+1:     1.67) (   8 C   3p-1:     3.81)                              
               (   8 C   3d+1:     0.35) (   8 C   3d+2:     0.96) (   8 C   3d-2:    -1.22)                              
               (   9 C   5s  :     3.42) (   9 C   6s  :     1.36) (   9 C   3p-1:    -0.68)                              
               (   9 C   3d+1:    -0.23) (   9 C   3d+2:     0.92) (   9 C   3d0 :    -0.47)                              
               (  10 H   3s  :     2.52) (  10 H   2p+1:    -0.57) (  10 H   2p-1:     0.35)                              
               (  11 H   3s  :    -2.96) (  11 H   2p-1:     0.45) (  12 H   3s  :     2.26)                              
               (  12 H   2p+1:     0.22) (  12 H   2p-1:     1.24) (  13 H   3s  :    -1.09)                              
               (  13 H   2p-1:     0.50) (  14 H   3s  :    -3.17) (  14 H   2p+1:    -0.32)                              
                                                                                                                          
                                                                                                                          
                                                Ground State Dipole Moment                                                
                                               ----------------------------                                               
                                                                                                                          
                                   X   :         0.216725 a.u.         0.550859 Debye                                     
                                   Y   :        -0.554720 a.u.        -1.409957 Debye                                     
                                   Z   :         0.223054 a.u.         0.566948 Debye                                     
                                 Total :         0.635953 a.u.         1.616432 Debye                                     
                                                                                                                          
                                                                                                                          
                                            Linear Response EigenSolver Setup                                             
                                           ===================================                                            
                                                                                                                          
                               Number of States                : 75                                                       
                               Max. Number of Iterations       : 150                                                      
                               Convergence Threshold           : 1.0e-04                                                  
                               ERI Screening Threshold         : 1.0e-12                                                  
                               Exchange-Correlation Functional : CAM-B3LYP                                                
                               Molecular Grid Level            : 4                                                        
                                                                                                                          
* Info * Using the CAM-B3LYP functional.                                                                                  
                                                                                                                          
         T. Yanai, D. P. Tew, and N. C. Handy.,  Chem. Phys. Lett. 393, 51 (2004)
                                                                                                                          
* Info * Using the Libxc library (v7.0.0).                                                                                
                                                                                                                          
         S. Lehtola, C. Steigemann, M. J.T. Oliveira, and M. A.L. Marques.,  SoftwareX 7, 1–5 (2018)
                                                                                                                          
* Info * Using the following algorithm for XC numerical integration.                                                      
                                                                                                                          
         J. Kussmann, H. Laqua and C. Ochsenfeld, J. Chem. Theory Comput. 2021, 17, 1512-1521
                                                                                                                          
* Info * Molecular grid with 207988 points generated in 0.21 sec.                                                         
                                                                                                                          
* Info * Processing 75 Fock builds...                                                                                     
                                                                                                                          
* Info * 75 gerade trial vectors in reduced space                                                                         
* Info * 75 ungerade trial vectors in reduced space                                                                       
                                                                                                                          
* Info * 68.16 kB of memory used for subspace procedure on the master node                                                
* Info * 348.18 GB of memory available for the solver on the master node                                                  
                                                                                                                          
               *** Iteration:   1 * Residuals (Max,Min): 1.62e-01 and 3.86e-02                                            
                                                                                                                          
               Excitation 1   :     10.09769985 Residual Norm: 0.12625946                                                 
               Excitation 2   :     10.11171750 Residual Norm: 0.12767587                                                 
               Excitation 3   :     10.11399007 Residual Norm: 0.12025795                                                 
               Excitation 4   :     10.12801098 Residual Norm: 0.13729506                                                 
               Excitation 5   :     10.12890617 Residual Norm: 0.07817690                                                 
               Excitation 6   :     10.13369442 Residual Norm: 0.10473087                                                 
               Excitation 7   :     10.13555800 Residual Norm: 0.06951595                                                 
               Excitation 8   :     10.14138224 Residual Norm: 0.07525915                                                 
               Excitation 9   :     10.14276570 Residual Norm: 0.08266643                                                 
               Excitation 10  :     10.15754525 Residual Norm: 0.09619530                                                 
               Excitation 11  :     10.17365510 Residual Norm: 0.07177005                                                 
               Excitation 12  :     10.17742860 Residual Norm: 0.11193939                                                 
               Excitation 13  :     10.18167466 Residual Norm: 0.13025165                                                 
               Excitation 14  :     10.18937522 Residual Norm: 0.13840378                                                 
               Excitation 15  :     10.19033907 Residual Norm: 0.16150799                                                 
               Excitation 16  :     10.19068110 Residual Norm: 0.14067076                                                 
               Excitation 17  :     10.19312103 Residual Norm: 0.09360427                                                 
               Excitation 18  :     10.20639567 Residual Norm: 0.14178096                                                 
               Excitation 19  :     10.21025381 Residual Norm: 0.06234078                                                 
               Excitation 20  :     10.21385510 Residual Norm: 0.05897764                                                 
               Excitation 21  :     10.21647099 Residual Norm: 0.06683321                                                 
               Excitation 22  :     10.21912948 Residual Norm: 0.07324358                                                 
               Excitation 23  :     10.22003317 Residual Norm: 0.06311437                                                 
               Excitation 24  :     10.22249337 Residual Norm: 0.07337269                                                 
               Excitation 25  :     10.22454231 Residual Norm: 0.05539917                                                 
               Excitation 26  :     10.22696217 Residual Norm: 0.07746476                                                 
               Excitation 27  :     10.22743154 Residual Norm: 0.06980122                                                 
               Excitation 28  :     10.23064600 Residual Norm: 0.07020693                                                 
               Excitation 29  :     10.23098473 Residual Norm: 0.07856229                                                 
               Excitation 30  :     10.23427995 Residual Norm: 0.09222976                                                 
               Excitation 31  :     10.23971607 Residual Norm: 0.05613716                                                 
               Excitation 32  :     10.24059040 Residual Norm: 0.06697268                                                 
               Excitation 33  :     10.24128600 Residual Norm: 0.07005343                                                 
               Excitation 34  :     10.24466127 Residual Norm: 0.05803400                                                 
               Excitation 35  :     10.24492028 Residual Norm: 0.05728962                                                 
               Excitation 36  :     10.24514515 Residual Norm: 0.03980136                                                 
               Excitation 37  :     10.25100957 Residual Norm: 0.05297912                                                 
               Excitation 38  :     10.25106355 Residual Norm: 0.05319776                                                 
               Excitation 39  :     10.25236022 Residual Norm: 0.07066081                                                 
               Excitation 40  :     10.25274236 Residual Norm: 0.06906523                                                 
               Excitation 41  :     10.25742436 Residual Norm: 0.06794857                                                 
               Excitation 42  :     10.25776868 Residual Norm: 0.07820914                                                 
               Excitation 43  :     10.25870735 Residual Norm: 0.05346510                                                 
               Excitation 44  :     10.26042270 Residual Norm: 0.05859635                                                 
               Excitation 45  :     10.26141349 Residual Norm: 0.05222269                                                 
               Excitation 46  :     10.26195461 Residual Norm: 0.06483894                                                 
               Excitation 47  :     10.26247466 Residual Norm: 0.06632976                                                 
               Excitation 48  :     10.26503371 Residual Norm: 0.07730848                                                 
               Excitation 49  :     10.26760526 Residual Norm: 0.07284059                                                 
               Excitation 50  :     10.26841224 Residual Norm: 0.03864386                                                 
               Excitation 51  :     10.26868583 Residual Norm: 0.06732575                                                 
               Excitation 52  :     10.27282496 Residual Norm: 0.04661788                                                 
               Excitation 53  :     10.27408708 Residual Norm: 0.05392746                                                 
               Excitation 54  :     10.27686466 Residual Norm: 0.10402922                                                 
               Excitation 55  :     10.28040012 Residual Norm: 0.04369285                                                 
               Excitation 56  :     10.28063475 Residual Norm: 0.06413998                                                 
               Excitation 57  :     10.28244997 Residual Norm: 0.05615183                                                 
               Excitation 58  :     10.28276264 Residual Norm: 0.05251954                                                 
               Excitation 59  :     10.28359854 Residual Norm: 0.05282298                                                 
               Excitation 60  :     10.28774214 Residual Norm: 0.06208734                                                 
               Excitation 61  :     10.29210306 Residual Norm: 0.05866423                                                 
               Excitation 62  :     10.29242053 Residual Norm: 0.04794081                                                 
               Excitation 63  :     10.29459336 Residual Norm: 0.05235758                                                 
               Excitation 64  :     10.29482625 Residual Norm: 0.05760834                                                 
               Excitation 65  :     10.29557708 Residual Norm: 0.05357026                                                 
               Excitation 66  :     10.29930361 Residual Norm: 0.05090420                                                 
               Excitation 67  :     10.30104882 Residual Norm: 0.05119225                                                 
               Excitation 68  :     10.30220731 Residual Norm: 0.06116081                                                 
               Excitation 69  :     10.30317506 Residual Norm: 0.05766426                                                 
               Excitation 70  :     10.30572545 Residual Norm: 0.05397826                                                 
               Excitation 71  :     10.31122779 Residual Norm: 0.05046305                                                 
               Excitation 72  :     10.31169493 Residual Norm: 0.05861778                                                 
               Excitation 73  :     10.31215871 Residual Norm: 0.05902187                                                 
               Excitation 74  :     10.31236710 Residual Norm: 0.04529485                                                 
               Excitation 75  :     10.32345979 Residual Norm: 0.05039012                                                 
                                                                                                                          
* Info * Processing 75 Fock builds...                                                                                     
                                                                                                                          
* Info * 150 gerade trial vectors in reduced space                                                                        
* Info * 150 ungerade trial vectors in reduced space                                                                      
                                                                                                                          
* Info * 108.96 kB of memory used for subspace procedure on the master node                                               
* Info * 345.68 GB of memory available for the solver on the master node                                                  
                                                                                                                          
               *** Iteration:   2 * Residuals (Max,Min): 2.06e-01 and 6.24e-03                                            
                                                                                                                          
               Excitation 1   :     10.08507504 Residual Norm: 0.02195974                                                 
               Excitation 2   :     10.09775432 Residual Norm: 0.02569360                                                 
               Excitation 3   :     10.10185521 Residual Norm: 0.02667419                                                 
               Excitation 4   :     10.11427611 Residual Norm: 0.04877929                                                 
               Excitation 5   :     10.12346572 Residual Norm: 0.03300391                                                 
               Excitation 6   :     10.12574728 Residual Norm: 0.00770061                                                 
               Excitation 7   :     10.13276107 Residual Norm: 0.00623976                                                 
               Excitation 8   :     10.13828433 Residual Norm: 0.01210454                                                 
               Excitation 9   :     10.13842468 Residual Norm: 0.01006344                                                 
               Excitation 10  :     10.15109033 Residual Norm: 0.02159178                                                 
               Excitation 11  :     10.16019667 Residual Norm: 0.08134439                                                 
               Excitation 12  :     10.16525569 Residual Norm: 0.03131086                                                 
               Excitation 13  :     10.17065920 Residual Norm: 0.00812812                                                 
               Excitation 14  :     10.17113992 Residual Norm: 0.04586165                                                 
               Excitation 15  :     10.17739113 Residual Norm: 0.09016453                                                 
               Excitation 16  :     10.17951084 Residual Norm: 0.06429461                                                 
               Excitation 17  :     10.18299529 Residual Norm: 0.06550516                                                 
               Excitation 18  :     10.18545773 Residual Norm: 0.02370867                                                 
               Excitation 19  :     10.20547350 Residual Norm: 0.01596814                                                 
               Excitation 20  :     10.20880183 Residual Norm: 0.02765237                                                 
               Excitation 21  :     10.21030449 Residual Norm: 0.01593101                                                 
               Excitation 22  :     10.21108030 Residual Norm: 0.02042044                                                 
               Excitation 23  :     10.21294814 Residual Norm: 0.01719358                                                 
               Excitation 24  :     10.21705583 Residual Norm: 0.02010112                                                 
               Excitation 25  :     10.22022799 Residual Norm: 0.03534047                                                 
               Excitation 26  :     10.22070030 Residual Norm: 0.02245239                                                 
               Excitation 27  :     10.22277194 Residual Norm: 0.03585827                                                 
               Excitation 28  :     10.22575819 Residual Norm: 0.02492589                                                 
               Excitation 29  :     10.22730915 Residual Norm: 0.02322636                                                 
               Excitation 30  :     10.22926034 Residual Norm: 0.04379244                                                 
               Excitation 31  :     10.23194215 Residual Norm: 0.02828206                                                 
               Excitation 32  :     10.23473434 Residual Norm: 0.02151780                                                 
               Excitation 33  :     10.23669419 Residual Norm: 0.01295555                                                 
               Excitation 34  :     10.23756381 Residual Norm: 0.02718277                                                 
               Excitation 35  :     10.23888116 Residual Norm: 0.01831727                                                 
               Excitation 36  :     10.24360485 Residual Norm: 0.03542137                                                 
               Excitation 37  :     10.24370979 Residual Norm: 0.01121054                                                 
               Excitation 38  :     10.24437479 Residual Norm: 0.02860832                                                 
               Excitation 39  :     10.24558180 Residual Norm: 0.01972221                                                 
               Excitation 40  :     10.24591579 Residual Norm: 0.02236817                                                 
               Excitation 41  :     10.25134012 Residual Norm: 0.01996710                                                 
               Excitation 42  :     10.25153622 Residual Norm: 0.03445086                                                 
               Excitation 43  :     10.25356527 Residual Norm: 0.02942621                                                 
               Excitation 44  :     10.25493727 Residual Norm: 0.01753731                                                 
               Excitation 45  :     10.25671935 Residual Norm: 0.03082465                                                 
               Excitation 46  :     10.25695511 Residual Norm: 0.01904427                                                 
               Excitation 47  :     10.25857521 Residual Norm: 0.03599155                                                 
               Excitation 48  :     10.25882418 Residual Norm: 0.03013725                                                 
               Excitation 49  :     10.26014786 Residual Norm: 0.07010097                                                 
               Excitation 50  :     10.26125436 Residual Norm: 0.04099120                                                 
               Excitation 51  :     10.26426218 Residual Norm: 0.04237134                                                 
               Excitation 52  :     10.26530057 Residual Norm: 0.01657620                                                 
               Excitation 53  :     10.26633803 Residual Norm: 0.02921106                                                 
               Excitation 54  :     10.26874881 Residual Norm: 0.02538965                                                 
               Excitation 55  :     10.26888256 Residual Norm: 0.04837800                                                 
               Excitation 56  :     10.27511723 Residual Norm: 0.03249279                                                 
               Excitation 57  :     10.27513242 Residual Norm: 0.03368811                                                 
               Excitation 58  :     10.27628175 Residual Norm: 0.01938535                                                 
               Excitation 59  :     10.27818404 Residual Norm: 0.02027469                                                 
               Excitation 60  :     10.28331813 Residual Norm: 0.02769309                                                 
               Excitation 61  :     10.28375048 Residual Norm: 0.03756695                                                 
               Excitation 62  :     10.28461096 Residual Norm: 0.04760560                                                 
               Excitation 63  :     10.28668241 Residual Norm: 0.20613896                                                 
               Excitation 64  :     10.28719014 Residual Norm: 0.03890027                                                 
               Excitation 65  :     10.28875425 Residual Norm: 0.02924518                                                 
               Excitation 66  :     10.28887283 Residual Norm: 0.04680470                                                 
               Excitation 67  :     10.29023089 Residual Norm: 0.01771852                                                 
               Excitation 68  :     10.29260716 Residual Norm: 0.05849445                                                 
               Excitation 69  :     10.29278176 Residual Norm: 0.04596649                                                 
               Excitation 70  :     10.29295354 Residual Norm: 0.06254418                                                 
               Excitation 71  :     10.29595243 Residual Norm: 0.07093643                                                 
               Excitation 72  :     10.29969769 Residual Norm: 0.02370215                                                 
               Excitation 73  :     10.30197459 Residual Norm: 0.04654542                                                 
               Excitation 74  :     10.30280614 Residual Norm: 0.04415588                                                 
               Excitation 75  :     10.30709837 Residual Norm: 0.03043273                                                 
                                                                                                                          
* Info * Processing 75 Fock builds...                                                                                     
                                                                                                                          
* Info * 225 gerade trial vectors in reduced space                                                                        
* Info * 225 ungerade trial vectors in reduced space                                                                      
                                                                                                                          
* Info * 149.76 kB of memory used for subspace procedure on the master node                                               
* Info * 344.11 GB of memory available for the solver on the master node                                                  
                                                                                                                          
               *** Iteration:   3 * Residuals (Max,Min): 5.94e-02 and 9.81e-04                                            
                                                                                                                          
               Excitation 1   :     10.08498516 Residual Norm: 0.00309799                                                 
               Excitation 2   :     10.09760696 Residual Norm: 0.00359234                                                 
               Excitation 3   :     10.10170717 Residual Norm: 0.00452306                                                 
               Excitation 4   :     10.11411779 Residual Norm: 0.00717926                                                 
               Excitation 5   :     10.12326678 Residual Norm: 0.00882952                                                 
               Excitation 6   :     10.12572702 Residual Norm: 0.00125373                                                 
               Excitation 7   :     10.13274374 Residual Norm: 0.00098148                                                 
               Excitation 8   :     10.13823196 Residual Norm: 0.00234656                                                 
               Excitation 9   :     10.13840300 Residual Norm: 0.00186394                                                 
               Excitation 10  :     10.15099315 Residual Norm: 0.00562066                                                 
               Excitation 11  :     10.15783572 Residual Norm: 0.01637340                                                 
               Excitation 12  :     10.16492264 Residual Norm: 0.00701689                                                 
               Excitation 13  :     10.17061514 Residual Norm: 0.00170447                                                 
               Excitation 14  :     10.17103598 Residual Norm: 0.00510983                                                 
               Excitation 15  :     10.17698097 Residual Norm: 0.02181377                                                 
               Excitation 16  :     10.17917735 Residual Norm: 0.01468023                                                 
               Excitation 17  :     10.18273389 Residual Norm: 0.01185532                                                 
               Excitation 18  :     10.18534274 Residual Norm: 0.00754547                                                 
               Excitation 19  :     10.20539031 Residual Norm: 0.00254608                                                 
               Excitation 20  :     10.20816855 Residual Norm: 0.00907001                                                 
               Excitation 21  :     10.21015120 Residual Norm: 0.00350730                                                 
               Excitation 22  :     10.21095360 Residual Norm: 0.00361488                                                 
               Excitation 23  :     10.21266498 Residual Norm: 0.00647016                                                 
               Excitation 24  :     10.21698331 Residual Norm: 0.00763381                                                 
               Excitation 25  :     10.21999618 Residual Norm: 0.00985766                                                 
               Excitation 26  :     10.22050578 Residual Norm: 0.00577610                                                 
               Excitation 27  :     10.22257534 Residual Norm: 0.00575334                                                 
               Excitation 28  :     10.22562731 Residual Norm: 0.00496757                                                 
               Excitation 29  :     10.22713489 Residual Norm: 0.00363589                                                 
               Excitation 30  :     10.22909136 Residual Norm: 0.00938413                                                 
               Excitation 31  :     10.23087633 Residual Norm: 0.01276026                                                 
               Excitation 32  :     10.23450082 Residual Norm: 0.00584954                                                 
               Excitation 33  :     10.23656156 Residual Norm: 0.00279617                                                 
               Excitation 34  :     10.23672532 Residual Norm: 0.00757857                                                 
               Excitation 35  :     10.23856538 Residual Norm: 0.00430185                                                 
               Excitation 36  :     10.24274534 Residual Norm: 0.02428934                                                 
               Excitation 37  :     10.24358661 Residual Norm: 0.00268592                                                 
               Excitation 38  :     10.24372330 Residual Norm: 0.00658584                                                 
               Excitation 39  :     10.24515574 Residual Norm: 0.00505400                                                 
               Excitation 40  :     10.24558608 Residual Norm: 0.00637189                                                 
               Excitation 41  :     10.25087809 Residual Norm: 0.01238501                                                 
               Excitation 42  :     10.25110225 Residual Norm: 0.00533402                                                 
               Excitation 43  :     10.25305529 Residual Norm: 0.00516742                                                 
               Excitation 44  :     10.25462963 Residual Norm: 0.01536869                                                 
               Excitation 45  :     10.25620292 Residual Norm: 0.00651045                                                 
               Excitation 46  :     10.25647439 Residual Norm: 0.00948296                                                 
               Excitation 47  :     10.25767810 Residual Norm: 0.01066850                                                 
               Excitation 48  :     10.25861781 Residual Norm: 0.00463039                                                 
               Excitation 49  :     10.25968259 Residual Norm: 0.01802269                                                 
               Excitation 50  :     10.26055262 Residual Norm: 0.03235286                                                 
               Excitation 51  :     10.26346251 Residual Norm: 0.03356502                                                 
               Excitation 52  :     10.26497697 Residual Norm: 0.00472460                                                 
               Excitation 53  :     10.26515220 Residual Norm: 0.01512421                                                 
               Excitation 54  :     10.26566468 Residual Norm: 0.03046823                                                 
               Excitation 55  :     10.26811134 Residual Norm: 0.01393846                                                 
               Excitation 56  :     10.27261571 Residual Norm: 0.05291864                                                 
               Excitation 57  :     10.27362512 Residual Norm: 0.00887970                                                 
               Excitation 58  :     10.27423083 Residual Norm: 0.01829911                                                 
               Excitation 59  :     10.27573683 Residual Norm: 0.00835483                                                 
               Excitation 60  :     10.27782307 Residual Norm: 0.00500546                                                 
               Excitation 61  :     10.28021801 Residual Norm: 0.03012438                                                 
               Excitation 62  :     10.28258827 Residual Norm: 0.01665801                                                 
               Excitation 63  :     10.28298635 Residual Norm: 0.02909559                                                 
               Excitation 64  :     10.28358546 Residual Norm: 0.03774402                                                 
               Excitation 65  :     10.28634809 Residual Norm: 0.02310392                                                 
               Excitation 66  :     10.28643333 Residual Norm: 0.02124877                                                 
               Excitation 67  :     10.28926167 Residual Norm: 0.02482675                                                 
               Excitation 68  :     10.28969770 Residual Norm: 0.03834900                                                 
               Excitation 69  :     10.29079965 Residual Norm: 0.03257859                                                 
               Excitation 70  :     10.29088365 Residual Norm: 0.02618165                                                 
               Excitation 71  :     10.29104491 Residual Norm: 0.02756866                                                 
               Excitation 72  :     10.29666433 Residual Norm: 0.05938240                                                 
               Excitation 73  :     10.29842300 Residual Norm: 0.02902022                                                 
               Excitation 74  :     10.29860139 Residual Norm: 0.02995567                                                 
               Excitation 75  :     10.29883839 Residual Norm: 0.05343067                                                 
                                                                                                                          
* Info * Processing 75 Fock builds...                                                                                     
                                                                                                                          
* Info * 300 gerade trial vectors in reduced space                                                                        
* Info * 300 ungerade trial vectors in reduced space                                                                      
                                                                                                                          
* Info * 190.56 kB of memory used for subspace procedure on the master node                                               
* Info * 344.21 GB of memory available for the solver on the master node                                                  
                                                                                                                          
               *** Iteration:   4 * Residuals (Max,Min): 6.99e-02 and 1.04e-04                                            
                                                                                                                          
               Excitation 1   :     10.08498460 Residual Norm: 0.00032869                                                 
               Excitation 2   :     10.09760637 Residual Norm: 0.00031107                                                 
               Excitation 3   :     10.10170629 Residual Norm: 0.00034386                                                 
               Excitation 4   :     10.11411554 Residual Norm: 0.00072596                                                 
               Excitation 5   :     10.12326499 Residual Norm: 0.00052460                                                 
               Excitation 6   :     10.12572668 Residual Norm: 0.00015400                                                 
               Excitation 7   :     10.13274351 Residual Norm: 0.00010419                                                 
               Excitation 8   :     10.13823140 Residual Norm: 0.00023218                                                 
               Excitation 9   :     10.13840256 Residual Norm: 0.00017716                                                 
               Excitation 10  :     10.15099200 Residual Norm: 0.00038668                                                 
               Excitation 11  :     10.15780373 Residual Norm: 0.00358842                                                 
               Excitation 12  :     10.16491963 Residual Norm: 0.00114974                                                 
               Excitation 13  :     10.17061443 Residual Norm: 0.00032065                                                 
               Excitation 14  :     10.17103415 Residual Norm: 0.00030905                                                 
               Excitation 15  :     10.17696415 Residual Norm: 0.00202764                                                 
               Excitation 16  :     10.17916888 Residual Norm: 0.00076742                                                 
               Excitation 17  :     10.18272668 Residual Norm: 0.00063545                                                 
               Excitation 18  :     10.18534122 Residual Norm: 0.00045321                                                 
               Excitation 19  :     10.20538823 Residual Norm: 0.00048749                                                 
               Excitation 20  :     10.20815126 Residual Norm: 0.00126765                                                 
               Excitation 21  :     10.21014912 Residual Norm: 0.00039091                                                 
               Excitation 22  :     10.21095098 Residual Norm: 0.00039584                                                 
               Excitation 23  :     10.21265923 Residual Norm: 0.00062049                                                 
               Excitation 24  :     10.21698132 Residual Norm: 0.00099491                                                 
               Excitation 25  :     10.21999070 Residual Norm: 0.00115482                                                 
               Excitation 26  :     10.22050038 Residual Norm: 0.00075426                                                 
               Excitation 27  :     10.22257082 Residual Norm: 0.00091375                                                 
               Excitation 28  :     10.22562371 Residual Norm: 0.00050929                                                 
               Excitation 29  :     10.22713248 Residual Norm: 0.00045978                                                 
               Excitation 30  :     10.22908401 Residual Norm: 0.00087111                                                 
               Excitation 31  :     10.23084543 Residual Norm: 0.00198695                                                 
               Excitation 32  :     10.23449574 Residual Norm: 0.00050653                                                 
               Excitation 33  :     10.23655875 Residual Norm: 0.00046475                                                 
               Excitation 34  :     10.23669499 Residual Norm: 0.00135478                                                 
               Excitation 35  :     10.23855392 Residual Norm: 0.00089717                                                 
               Excitation 36  :     10.24268191 Residual Norm: 0.00567336                                                 
               Excitation 37  :     10.24358290 Residual Norm: 0.00046343                                                 
               Excitation 38  :     10.24370071 Residual Norm: 0.00108533                                                 
               Excitation 39  :     10.24514102 Residual Norm: 0.00127473                                                 
               Excitation 40  :     10.24557773 Residual Norm: 0.00088760                                                 
               Excitation 41  :     10.25086065 Residual Norm: 0.00137738                                                 
               Excitation 42  :     10.25109669 Residual Norm: 0.00082709                                                 
               Excitation 43  :     10.25304301 Residual Norm: 0.00113553                                                 
               Excitation 44  :     10.25461543 Residual Norm: 0.00299143                                                 
               Excitation 45  :     10.25618548 Residual Norm: 0.00137408                                                 
               Excitation 46  :     10.25646349 Residual Norm: 0.00132312                                                 
               Excitation 47  :     10.25764332 Residual Norm: 0.00279903                                                 
               Excitation 48  :     10.25860530 Residual Norm: 0.00137090                                                 
               Excitation 49  :     10.25965957 Residual Norm: 0.00308760                                                 
               Excitation 50  :     10.26046529 Residual Norm: 0.01294527                                                 
               Excitation 51  :     10.26335902 Residual Norm: 0.01340078                                                 
               Excitation 52  :     10.26496751 Residual Norm: 0.00107838                                                 
               Excitation 53  :     10.26507316 Residual Norm: 0.00328602                                                 
               Excitation 54  :     10.26544370 Residual Norm: 0.00767932                                                 
               Excitation 55  :     10.26806107 Residual Norm: 0.00480589                                                 
               Excitation 56  :     10.27172364 Residual Norm: 0.03990872                                                 
               Excitation 57  :     10.27357162 Residual Norm: 0.00214770                                                 
               Excitation 58  :     10.27420296 Residual Norm: 0.00231808                                                 
               Excitation 59  :     10.27569517 Residual Norm: 0.00269529                                                 
               Excitation 60  :     10.27780794 Residual Norm: 0.00231760                                                 
               Excitation 61  :     10.27970333 Residual Norm: 0.00819757                                                 
               Excitation 62  :     10.28226055 Residual Norm: 0.01215432                                                 
               Excitation 63  :     10.28251443 Residual Norm: 0.00279919                                                 
               Excitation 64  :     10.28293140 Residual Norm: 0.00914700                                                 
               Excitation 65  :     10.28612118 Residual Norm: 0.00628259                                                 
               Excitation 66  :     10.28618144 Residual Norm: 0.00355415                                                 
               Excitation 67  :     10.28889150 Residual Norm: 0.00698394                                                 
               Excitation 68  :     10.28945826 Residual Norm: 0.01876869                                                 
               Excitation 69  :     10.29047043 Residual Norm: 0.01138072                                                 
               Excitation 70  :     10.29069279 Residual Norm: 0.00553288                                                 
               Excitation 71  :     10.29086653 Residual Norm: 0.00650054                                                 
               Excitation 72  :     10.29489466 Residual Norm: 0.01226273                                                 
               Excitation 73  :     10.29620681 Residual Norm: 0.06986332                                                 
               Excitation 74  :     10.29769083 Residual Norm: 0.01294985                                                 
               Excitation 75  :     10.29778801 Residual Norm: 0.01675736                                                 
                                                                                                                          
* Info * Processing 75 Fock builds...                                                                                     
                                                                                                                          
* Info * 375 gerade trial vectors in reduced space                                                                        
* Info * 375 ungerade trial vectors in reduced space                                                                      
                                                                                                                          
* Info * 232.46 kB of memory used for subspace procedure on the master node                                               
* Info * 343.30 GB of memory available for the solver on the master node                                                  
                                                                                                                          
               *** Iteration:   5 * Residuals (Max,Min): 1.31e-01 and 8.85e-06                                            
                                                                                                                          
               Excitation 1   :     10.08498460 Residual Norm: 0.00001628   converged                                     
               Excitation 2   :     10.09760636 Residual Norm: 0.00001631   converged                                     
               Excitation 3   :     10.10170628 Residual Norm: 0.00002100   converged                                     
               Excitation 4   :     10.11411551 Residual Norm: 0.00005865   converged                                     
               Excitation 5   :     10.12326497 Residual Norm: 0.00005191   converged                                     
               Excitation 6   :     10.12572668 Residual Norm: 0.00001464   converged                                     
               Excitation 7   :     10.13274351 Residual Norm: 0.00000885   converged                                     
               Excitation 8   :     10.13823139 Residual Norm: 0.00002226   converged                                     
               Excitation 9   :     10.13840256 Residual Norm: 0.00001805   converged                                     
               Excitation 10  :     10.15099199 Residual Norm: 0.00004295   converged                                     
               Excitation 11  :     10.15780264 Residual Norm: 0.00054982                                                 
               Excitation 12  :     10.16491957 Residual Norm: 0.00010998                                                 
               Excitation 13  :     10.17061443 Residual Norm: 0.00004084   converged                                     
               Excitation 14  :     10.17103414 Residual Norm: 0.00002768   converged                                     
               Excitation 15  :     10.17696383 Residual Norm: 0.00013911                                                 
               Excitation 16  :     10.17916882 Residual Norm: 0.00005520   converged                                     
               Excitation 17  :     10.18272662 Residual Norm: 0.00007018   converged                                     
               Excitation 18  :     10.18534120 Residual Norm: 0.00005327   converged                                     
               Excitation 19  :     10.20538820 Residual Norm: 0.00005171   converged                                     
               Excitation 20  :     10.20815105 Residual Norm: 0.00016826                                                 
               Excitation 21  :     10.21014909 Residual Norm: 0.00004783   converged                                     
               Excitation 22  :     10.21095095 Residual Norm: 0.00004838   converged                                     
               Excitation 23  :     10.21265917 Residual Norm: 0.00006044   converged                                     
               Excitation 24  :     10.21698127 Residual Norm: 0.00006485   converged                                     
               Excitation 25  :     10.21999054 Residual Norm: 0.00011645                                                 
               Excitation 26  :     10.22050030 Residual Norm: 0.00009889   converged                                     
               Excitation 27  :     10.22257075 Residual Norm: 0.00007185   converged                                     
               Excitation 28  :     10.22562366 Residual Norm: 0.00004153   converged                                     
               Excitation 29  :     10.22713244 Residual Norm: 0.00004407   converged                                     
               Excitation 30  :     10.22908390 Residual Norm: 0.00009986   converged                                     
               Excitation 31  :     10.23084467 Residual Norm: 0.00026996                                                 
               Excitation 32  :     10.23449568 Residual Norm: 0.00005422   converged                                     
               Excitation 33  :     10.23655870 Residual Norm: 0.00005446   converged                                     
               Excitation 34  :     10.23669448 Residual Norm: 0.00020446                                                 
               Excitation 35  :     10.23855373 Residual Norm: 0.00010109                                                 
               Excitation 36  :     10.24267963 Residual Norm: 0.00074267                                                 
               Excitation 37  :     10.24358284 Residual Norm: 0.00006199   converged                                     
               Excitation 38  :     10.24370041 Residual Norm: 0.00012477                                                 
               Excitation 39  :     10.24514074 Residual Norm: 0.00013265                                                 
               Excitation 40  :     10.24557758 Residual Norm: 0.00013154                                                 
               Excitation 41  :     10.25086038 Residual Norm: 0.00015809                                                 
               Excitation 42  :     10.25109653 Residual Norm: 0.00013035                                                 
               Excitation 43  :     10.25304278 Residual Norm: 0.00014512                                                 
               Excitation 44  :     10.25461501 Residual Norm: 0.00026223                                                 
               Excitation 45  :     10.25618494 Residual Norm: 0.00019116                                                 
               Excitation 46  :     10.25646321 Residual Norm: 0.00025022                                                 
               Excitation 47  :     10.25764206 Residual Norm: 0.00045302                                                 
               Excitation 48  :     10.25860495 Residual Norm: 0.00019511                                                 
               Excitation 49  :     10.25965859 Residual Norm: 0.00044185                                                 
               Excitation 50  :     10.26045153 Residual Norm: 0.00477118                                                 
               Excitation 51  :     10.26334454 Residual Norm: 0.00184230                                                 
               Excitation 52  :     10.26496721 Residual Norm: 0.00017554                                                 
               Excitation 53  :     10.26507147 Residual Norm: 0.00056730                                                 
               Excitation 54  :     10.26543391 Residual Norm: 0.00146103                                                 
               Excitation 55  :     10.26805689 Residual Norm: 0.00093069                                                 
               Excitation 56  :     10.27151220 Residual Norm: 0.02134094                                                 
               Excitation 57  :     10.27356973 Residual Norm: 0.00036098                                                 
               Excitation 58  :     10.27420233 Residual Norm: 0.00028118                                                 
               Excitation 59  :     10.27569303 Residual Norm: 0.00043063                                                 
               Excitation 60  :     10.27780702 Residual Norm: 0.00046156                                                 
               Excitation 61  :     10.27967783 Residual Norm: 0.00153739                                                 
               Excitation 62  :     10.28222557 Residual Norm: 0.00211637                                                 
               Excitation 63  :     10.28251224 Residual Norm: 0.00058249                                                 
               Excitation 64  :     10.28292604 Residual Norm: 0.00156401                                                 
               Excitation 65  :     10.28610703 Residual Norm: 0.00102319                                                 
               Excitation 66  :     10.28617678 Residual Norm: 0.00069916                                                 
               Excitation 67  :     10.28887846 Residual Norm: 0.00126956                                                 
               Excitation 68  :     10.28942965 Residual Norm: 0.00370085                                                 
               Excitation 69  :     10.29043828 Residual Norm: 0.00196773                                                 
               Excitation 70  :     10.29068594 Residual Norm: 0.00097212                                                 
               Excitation 71  :     10.29086093 Residual Norm: 0.00110512                                                 
               Excitation 72  :     10.29321153 Residual Norm: 0.13091822                                                 
               Excitation 73  :     10.29486586 Residual Norm: 0.00145086                                                 
               Excitation 74  :     10.29564478 Residual Norm: 0.01556749                                                 
               Excitation 75  :     10.29763851 Residual Norm: 0.00246499                                                 
                                                                                                                          
* Info * Processing 46 Fock builds...                                                                                     
                                                                                                                          
* Info * 421 gerade trial vectors in reduced space                                                                        
* Info * 421 ungerade trial vectors in reduced space                                                                      
                                                                                                                          
* Info * 256.95 kB of memory used for subspace procedure on the master node                                               
* Info * 350.41 GB of memory available for the solver on the master node                                                  
                                                                                                                          
               *** Iteration:   6 * Residuals (Max,Min): 2.94e-02 and 7.20e-06                                            
                                                                                                                          
               Excitation 1   :     10.08498460 Residual Norm: 0.00000720   converged                                     
               Excitation 2   :     10.09760636 Residual Norm: 0.00001291   converged                                     
               Excitation 3   :     10.10170628 Residual Norm: 0.00001406   converged                                     
               Excitation 4   :     10.11411551 Residual Norm: 0.00002044   converged                                     
               Excitation 5   :     10.12326497 Residual Norm: 0.00002414   converged                                     
               Excitation 6   :     10.12572668 Residual Norm: 0.00000875   converged                                     
               Excitation 7   :     10.13274351 Residual Norm: 0.00000796   converged                                     
               Excitation 8   :     10.13823139 Residual Norm: 0.00000989   converged                                     
               Excitation 9   :     10.13840256 Residual Norm: 0.00001237   converged                                     
               Excitation 10  :     10.15099199 Residual Norm: 0.00001986   converged                                     
               Excitation 11  :     10.15780262 Residual Norm: 0.00006324   converged                                     
               Excitation 12  :     10.16491957 Residual Norm: 0.00000884   converged                                     
               Excitation 13  :     10.17061443 Residual Norm: 0.00002267   converged                                     
               Excitation 14  :     10.17103414 Residual Norm: 0.00001909   converged                                     
               Excitation 15  :     10.17696383 Residual Norm: 0.00001706   converged                                     
               Excitation 16  :     10.17916882 Residual Norm: 0.00003422   converged                                     
               Excitation 17  :     10.18272662 Residual Norm: 0.00001860   converged                                     
               Excitation 18  :     10.18534120 Residual Norm: 0.00002745   converged                                     
               Excitation 19  :     10.20538820 Residual Norm: 0.00001433   converged                                     
               Excitation 20  :     10.20815105 Residual Norm: 0.00001445   converged                                     
               Excitation 21  :     10.21014909 Residual Norm: 0.00002054   converged                                     
               Excitation 22  :     10.21095095 Residual Norm: 0.00001709   converged                                     
               Excitation 23  :     10.21265917 Residual Norm: 0.00003618   converged                                     
               Excitation 24  :     10.21698127 Residual Norm: 0.00003079   converged                                     
               Excitation 25  :     10.21999054 Residual Norm: 0.00002558   converged                                     
               Excitation 26  :     10.22050030 Residual Norm: 0.00003132   converged                                     
               Excitation 27  :     10.22257075 Residual Norm: 0.00002412   converged                                     
               Excitation 28  :     10.22562366 Residual Norm: 0.00003767   converged                                     
               Excitation 29  :     10.22713244 Residual Norm: 0.00002203   converged                                     
               Excitation 30  :     10.22908390 Residual Norm: 0.00002213   converged                                     
               Excitation 31  :     10.23084466 Residual Norm: 0.00003662   converged                                     
               Excitation 32  :     10.23449568 Residual Norm: 0.00001902   converged                                     
               Excitation 33  :     10.23655870 Residual Norm: 0.00004507   converged                                     
               Excitation 34  :     10.23669447 Residual Norm: 0.00001915   converged                                     
               Excitation 35  :     10.23855373 Residual Norm: 0.00001035   converged                                     
               Excitation 36  :     10.24267958 Residual Norm: 0.00006397   converged                                     
               Excitation 37  :     10.24358284 Residual Norm: 0.00001942   converged                                     
               Excitation 38  :     10.24370041 Residual Norm: 0.00001313   converged                                     
               Excitation 39  :     10.24514074 Residual Norm: 0.00001049   converged                                     
               Excitation 40  :     10.24557758 Residual Norm: 0.00001518   converged                                     
               Excitation 41  :     10.25086037 Residual Norm: 0.00001566   converged                                     
               Excitation 42  :     10.25109653 Residual Norm: 0.00001981   converged                                     
               Excitation 43  :     10.25304277 Residual Norm: 0.00001599   converged                                     
               Excitation 44  :     10.25461500 Residual Norm: 0.00003113   converged                                     
               Excitation 45  :     10.25618494 Residual Norm: 0.00001900   converged                                     
               Excitation 46  :     10.25646321 Residual Norm: 0.00003811   converged                                     
               Excitation 47  :     10.25764203 Residual Norm: 0.00006117   converged                                     
               Excitation 48  :     10.25860494 Residual Norm: 0.00002034   converged                                     
               Excitation 49  :     10.25965857 Residual Norm: 0.00007529   converged                                     
               Excitation 50  :     10.26045019 Residual Norm: 0.00076448                                                 
               Excitation 51  :     10.26334379 Residual Norm: 0.00033139                                                 
               Excitation 52  :     10.26496720 Residual Norm: 0.00002492   converged                                     
               Excitation 53  :     10.26507144 Residual Norm: 0.00006149   converged                                     
               Excitation 54  :     10.26543365 Residual Norm: 0.00014223                                                 
               Excitation 55  :     10.26805676 Residual Norm: 0.00011989                                                 
               Excitation 56  :     10.27148870 Residual Norm: 0.00390934                                                 
               Excitation 57  :     10.27356970 Residual Norm: 0.00005553   converged                                     
               Excitation 58  :     10.27420232 Residual Norm: 0.00004102   converged                                     
               Excitation 59  :     10.27569300 Residual Norm: 0.00005325   converged                                     
               Excitation 60  :     10.27780699 Residual Norm: 0.00007292   converged                                     
               Excitation 61  :     10.27967739 Residual Norm: 0.00018323                                                 
               Excitation 62  :     10.28222499 Residual Norm: 0.00024489                                                 
               Excitation 63  :     10.28251218 Residual Norm: 0.00008304   converged                                     
               Excitation 64  :     10.28292581 Residual Norm: 0.00023886                                                 
               Excitation 65  :     10.28610681 Residual Norm: 0.00011545                                                 
               Excitation 66  :     10.28617669 Residual Norm: 0.00008728   converged                                     
               Excitation 67  :     10.28887817 Residual Norm: 0.00018261                                                 
               Excitation 68  :     10.28942816 Residual Norm: 0.00057726                                                 
               Excitation 69  :     10.29043763 Residual Norm: 0.00027391                                                 
               Excitation 70  :     10.29068574 Residual Norm: 0.00015564                                                 
               Excitation 71  :     10.29086076 Residual Norm: 0.00013897                                                 
               Excitation 72  :     10.29198893 Residual Norm: 0.02938337                                                 
               Excitation 73  :     10.29486548 Residual Norm: 0.00012370                                                 
               Excitation 74  :     10.29561123 Residual Norm: 0.00283578                                                 
               Excitation 75  :     10.29763738 Residual Norm: 0.00037574                                                 
                                                                                                                          
* Info * Processing 17 Fock builds...                                                                                     
                                                                                                                          
* Info * 438 gerade trial vectors in reduced space                                                                        
* Info * 437 ungerade trial vectors in reduced space                                                                      
                                                                                                                          
* Info * 265.52 kB of memory used for subspace procedure on the master node                                               
* Info * 354.05 GB of memory available for the solver on the master node                                                  
                                                                                                                          
               *** Iteration:   7 * Residuals (Max,Min): 3.83e-03 and 6.69e-06                                            
                                                                                                                          
               Excitation 1   :     10.08498460 Residual Norm: 0.00000715   converged                                     
               Excitation 2   :     10.09760636 Residual Norm: 0.00001275   converged                                     
               Excitation 3   :     10.10170628 Residual Norm: 0.00001392   converged                                     
               Excitation 4   :     10.11411551 Residual Norm: 0.00002093   converged                                     
               Excitation 5   :     10.12326497 Residual Norm: 0.00002417   converged                                     
               Excitation 6   :     10.12572668 Residual Norm: 0.00000832   converged                                     
               Excitation 7   :     10.13274351 Residual Norm: 0.00000799   converged                                     
               Excitation 8   :     10.13823139 Residual Norm: 0.00000956   converged                                     
               Excitation 9   :     10.13840256 Residual Norm: 0.00001173   converged                                     
               Excitation 10  :     10.15099199 Residual Norm: 0.00001989   converged                                     
               Excitation 11  :     10.15780262 Residual Norm: 0.00002882   converged                                     
               Excitation 12  :     10.16491957 Residual Norm: 0.00000669   converged                                     
               Excitation 13  :     10.17061443 Residual Norm: 0.00002291   converged                                     
               Excitation 14  :     10.17103414 Residual Norm: 0.00001926   converged                                     
               Excitation 15  :     10.17696383 Residual Norm: 0.00001453   converged                                     
               Excitation 16  :     10.17916882 Residual Norm: 0.00003167   converged                                     
               Excitation 17  :     10.18272662 Residual Norm: 0.00001586   converged                                     
               Excitation 18  :     10.18534120 Residual Norm: 0.00002720   converged                                     
               Excitation 19  :     10.20538820 Residual Norm: 0.00001321   converged                                     
               Excitation 20  :     10.20815105 Residual Norm: 0.00000870   converged                                     
               Excitation 21  :     10.21014909 Residual Norm: 0.00002056   converged                                     
               Excitation 22  :     10.21095095 Residual Norm: 0.00001584   converged                                     
               Excitation 23  :     10.21265917 Residual Norm: 0.00003499   converged                                     
               Excitation 24  :     10.21698127 Residual Norm: 0.00002863   converged                                     
               Excitation 25  :     10.21999054 Residual Norm: 0.00002282   converged                                     
               Excitation 26  :     10.22050030 Residual Norm: 0.00003213   converged                                     
               Excitation 27  :     10.22257075 Residual Norm: 0.00002403   converged                                     
               Excitation 28  :     10.22562366 Residual Norm: 0.00003963   converged                                     
               Excitation 29  :     10.22713244 Residual Norm: 0.00002179   converged                                     
               Excitation 30  :     10.22908390 Residual Norm: 0.00002148   converged                                     
               Excitation 31  :     10.23084466 Residual Norm: 0.00002140   converged                                     
               Excitation 32  :     10.23449568 Residual Norm: 0.00001912   converged                                     
               Excitation 33  :     10.23655870 Residual Norm: 0.00004256   converged                                     
               Excitation 34  :     10.23669447 Residual Norm: 0.00000970   converged                                     
               Excitation 35  :     10.23855373 Residual Norm: 0.00000887   converged                                     
               Excitation 36  :     10.24267958 Residual Norm: 0.00002487   converged                                     
               Excitation 37  :     10.24358284 Residual Norm: 0.00001948   converged                                     
               Excitation 38  :     10.24370041 Residual Norm: 0.00001016   converged                                     
               Excitation 39  :     10.24514074 Residual Norm: 0.00000741   converged                                     
               Excitation 40  :     10.24557758 Residual Norm: 0.00001491   converged                                     
               Excitation 41  :     10.25086037 Residual Norm: 0.00001420   converged                                     
               Excitation 42  :     10.25109653 Residual Norm: 0.00001796   converged                                     
               Excitation 43  :     10.25304277 Residual Norm: 0.00001628   converged                                     
               Excitation 44  :     10.25461500 Residual Norm: 0.00003070   converged                                     
               Excitation 45  :     10.25618494 Residual Norm: 0.00000738   converged                                     
               Excitation 46  :     10.25646321 Residual Norm: 0.00003166   converged                                     
               Excitation 47  :     10.25764203 Residual Norm: 0.00003902   converged                                     
               Excitation 48  :     10.25860494 Residual Norm: 0.00001518   converged                                     
               Excitation 49  :     10.25965857 Residual Norm: 0.00005362   converged                                     
               Excitation 50  :     10.26045015 Residual Norm: 0.00007615   converged                                     
               Excitation 51  :     10.26334376 Residual Norm: 0.00004974   converged                                     
               Excitation 52  :     10.26496720 Residual Norm: 0.00002542   converged                                     
               Excitation 53  :     10.26507144 Residual Norm: 0.00003521   converged                                     
               Excitation 54  :     10.26543365 Residual Norm: 0.00008259   converged                                     
               Excitation 55  :     10.26805676 Residual Norm: 0.00001910   converged                                     
               Excitation 56  :     10.27148781 Residual Norm: 0.00037468                                                 
               Excitation 57  :     10.27356970 Residual Norm: 0.00005283   converged                                     
               Excitation 58  :     10.27420232 Residual Norm: 0.00004081   converged                                     
               Excitation 59  :     10.27569300 Residual Norm: 0.00001161   converged                                     
               Excitation 60  :     10.27780699 Residual Norm: 0.00005322   converged                                     
               Excitation 61  :     10.27967738 Residual Norm: 0.00003080   converged                                     
               Excitation 62  :     10.28222499 Residual Norm: 0.00003991   converged                                     
               Excitation 63  :     10.28251218 Residual Norm: 0.00008569   converged                                     
               Excitation 64  :     10.28292581 Residual Norm: 0.00004928   converged                                     
               Excitation 65  :     10.28610681 Residual Norm: 0.00001547   converged                                     
               Excitation 66  :     10.28617669 Residual Norm: 0.00008983   converged                                     
               Excitation 67  :     10.28887816 Residual Norm: 0.00006378   converged                                     
               Excitation 68  :     10.28942812 Residual Norm: 0.00011559                                                 
               Excitation 69  :     10.29043762 Residual Norm: 0.00003033   converged                                     
               Excitation 70  :     10.29068574 Residual Norm: 0.00001621   converged                                     
               Excitation 71  :     10.29086076 Residual Norm: 0.00001453   converged                                     
               Excitation 72  :     10.29191700 Residual Norm: 0.00383259                                                 
               Excitation 73  :     10.29486548 Residual Norm: 0.00001808   converged                                     
               Excitation 74  :     10.29561027 Residual Norm: 0.00060595                                                 
               Excitation 75  :     10.29763736 Residual Norm: 0.00006344   converged                                     
                                                                                                                          
* Info * Processing 4 Fock builds...                                                                                      
                                                                                                                          
* Info * 441 gerade trial vectors in reduced space                                                                        
* Info * 441 ungerade trial vectors in reduced space                                                                      
                                                                                                                          
* Info * 267.42 kB of memory used for subspace procedure on the master node                                               
* Info * 355.40 GB of memory available for the solver on the master node                                                  
                                                                                                                          
               *** Iteration:   8 * Residuals (Max,Min): 1.05e-03 and 7.15e-06                                            
                                                                                                                          
               Excitation 1   :     10.08498460 Residual Norm: 0.00000715   converged                                     
               Excitation 2   :     10.09760636 Residual Norm: 0.00001275   converged                                     
               Excitation 3   :     10.10170628 Residual Norm: 0.00001393   converged                                     
               Excitation 4   :     10.11411551 Residual Norm: 0.00002093   converged                                     
               Excitation 5   :     10.12326497 Residual Norm: 0.00002417   converged                                     
               Excitation 6   :     10.12572668 Residual Norm: 0.00000832   converged                                     
               Excitation 7   :     10.13274351 Residual Norm: 0.00000799   converged                                     
               Excitation 8   :     10.13823139 Residual Norm: 0.00000958   converged                                     
               Excitation 9   :     10.13840256 Residual Norm: 0.00001173   converged                                     
               Excitation 10  :     10.15099199 Residual Norm: 0.00001989   converged                                     
               Excitation 11  :     10.15780262 Residual Norm: 0.00002893   converged                                     
               Excitation 12  :     10.16491957 Residual Norm: 0.00000734   converged                                     
               Excitation 13  :     10.17061443 Residual Norm: 0.00002007   converged                                     
               Excitation 14  :     10.17103414 Residual Norm: 0.00001926   converged                                     
               Excitation 15  :     10.17696383 Residual Norm: 0.00001453   converged                                     
               Excitation 16  :     10.17916882 Residual Norm: 0.00003167   converged                                     
               Excitation 17  :     10.18272662 Residual Norm: 0.00001587   converged                                     
               Excitation 18  :     10.18534120 Residual Norm: 0.00002720   converged                                     
               Excitation 19  :     10.20538820 Residual Norm: 0.00001321   converged                                     
               Excitation 20  :     10.20815105 Residual Norm: 0.00000883   converged                                     
               Excitation 21  :     10.21014909 Residual Norm: 0.00002056   converged                                     
               Excitation 22  :     10.21095095 Residual Norm: 0.00001584   converged                                     
               Excitation 23  :     10.21265917 Residual Norm: 0.00003499   converged                                     
               Excitation 24  :     10.21698127 Residual Norm: 0.00002862   converged                                     
               Excitation 25  :     10.21999054 Residual Norm: 0.00002282   converged                                     
               Excitation 26  :     10.22050030 Residual Norm: 0.00003221   converged                                     
               Excitation 27  :     10.22257075 Residual Norm: 0.00002403   converged                                     
               Excitation 28  :     10.22562366 Residual Norm: 0.00003963   converged                                     
               Excitation 29  :     10.22713244 Residual Norm: 0.00002178   converged                                     
               Excitation 30  :     10.22908390 Residual Norm: 0.00002148   converged                                     
               Excitation 31  :     10.23084466 Residual Norm: 0.00002139   converged                                     
               Excitation 32  :     10.23449568 Residual Norm: 0.00001912   converged                                     
               Excitation 33  :     10.23655870 Residual Norm: 0.00004414   converged                                     
               Excitation 34  :     10.23669447 Residual Norm: 0.00000970   converged                                     
               Excitation 35  :     10.23855373 Residual Norm: 0.00000888   converged                                     
               Excitation 36  :     10.24267958 Residual Norm: 0.00002230   converged                                     
               Excitation 37  :     10.24358284 Residual Norm: 0.00001948   converged                                     
               Excitation 38  :     10.24370041 Residual Norm: 0.00001114   converged                                     
               Excitation 39  :     10.24514074 Residual Norm: 0.00000741   converged                                     
               Excitation 40  :     10.24557758 Residual Norm: 0.00001491   converged                                     
               Excitation 41  :     10.25086037 Residual Norm: 0.00001420   converged                                     
               Excitation 42  :     10.25109653 Residual Norm: 0.00001796   converged                                     
               Excitation 43  :     10.25304277 Residual Norm: 0.00001628   converged                                     
               Excitation 44  :     10.25461500 Residual Norm: 0.00003072   converged                                     
               Excitation 45  :     10.25618494 Residual Norm: 0.00000739   converged                                     
               Excitation 46  :     10.25646321 Residual Norm: 0.00003166   converged                                     
               Excitation 47  :     10.25764203 Residual Norm: 0.00003902   converged                                     
               Excitation 48  :     10.25860494 Residual Norm: 0.00001559   converged                                     
               Excitation 49  :     10.25965857 Residual Norm: 0.00005363   converged                                     
               Excitation 50  :     10.26045015 Residual Norm: 0.00002985   converged                                     
               Excitation 51  :     10.26334376 Residual Norm: 0.00004342   converged                                     
               Excitation 52  :     10.26496720 Residual Norm: 0.00002542   converged                                     
               Excitation 53  :     10.26507144 Residual Norm: 0.00003857   converged                                     
               Excitation 54  :     10.26543365 Residual Norm: 0.00009148   converged                                     
               Excitation 55  :     10.26805676 Residual Norm: 0.00001910   converged                                     
               Excitation 56  :     10.27148779 Residual Norm: 0.00006334   converged                                     
               Excitation 57  :     10.27356970 Residual Norm: 0.00005283   converged                                     
               Excitation 58  :     10.27420232 Residual Norm: 0.00004079   converged                                     
               Excitation 59  :     10.27569300 Residual Norm: 0.00001161   converged                                     
               Excitation 60  :     10.27780699 Residual Norm: 0.00005326   converged                                     
               Excitation 61  :     10.27967738 Residual Norm: 0.00003081   converged                                     
               Excitation 62  :     10.28222499 Residual Norm: 0.00004399   converged                                     
               Excitation 63  :     10.28251218 Residual Norm: 0.00008569   converged                                     
               Excitation 64  :     10.28292581 Residual Norm: 0.00005573   converged                                     
               Excitation 65  :     10.28610681 Residual Norm: 0.00001553   converged                                     
               Excitation 66  :     10.28617669 Residual Norm: 0.00008983   converged                                     
               Excitation 67  :     10.28887816 Residual Norm: 0.00006555   converged                                     
               Excitation 68  :     10.28942811 Residual Norm: 0.00006479   converged                                     
               Excitation 69  :     10.29043762 Residual Norm: 0.00003050   converged                                     
               Excitation 70  :     10.29068574 Residual Norm: 0.00001557   converged                                     
               Excitation 71  :     10.29086076 Residual Norm: 0.00001456   converged                                     
               Excitation 72  :     10.29191371 Residual Norm: 0.00104974                                                 
               Excitation 73  :     10.29486548 Residual Norm: 0.00001810   converged                                     
               Excitation 74  :     10.29561023 Residual Norm: 0.00012662                                                 
               Excitation 75  :     10.29763736 Residual Norm: 0.00006411   converged                                     
                                                                                                                          
* Info * Processing 2 Fock builds...                                                                                      
                                                                                                                          
* Info * 443 gerade trial vectors in reduced space                                                                        
* Info * 443 ungerade trial vectors in reduced space                                                                      
                                                                                                                          
* Info * 268.51 kB of memory used for subspace procedure on the master node                                               
* Info * 355.77 GB of memory available for the solver on the master node                                                  
                                                                                                                          
               *** Iteration:   9 * Residuals (Max,Min): 2.17e-04 and 7.15e-06                                            
                                                                                                                          
               Excitation 1   :     10.08498460 Residual Norm: 0.00000715   converged                                     
               Excitation 2   :     10.09760636 Residual Norm: 0.00001275   converged                                     
               Excitation 3   :     10.10170628 Residual Norm: 0.00001392   converged                                     
               Excitation 4   :     10.11411551 Residual Norm: 0.00002093   converged                                     
               Excitation 5   :     10.12326497 Residual Norm: 0.00002417   converged                                     
               Excitation 6   :     10.12572668 Residual Norm: 0.00000832   converged                                     
               Excitation 7   :     10.13274351 Residual Norm: 0.00000799   converged                                     
               Excitation 8   :     10.13823139 Residual Norm: 0.00000957   converged                                     
               Excitation 9   :     10.13840256 Residual Norm: 0.00001173   converged                                     
               Excitation 10  :     10.15099199 Residual Norm: 0.00001989   converged                                     
               Excitation 11  :     10.15780262 Residual Norm: 0.00002810   converged                                     
               Excitation 12  :     10.16491957 Residual Norm: 0.00000736   converged                                     
               Excitation 13  :     10.17061443 Residual Norm: 0.00002105   converged                                     
               Excitation 14  :     10.17103414 Residual Norm: 0.00001926   converged                                     
               Excitation 15  :     10.17696383 Residual Norm: 0.00001453   converged                                     
               Excitation 16  :     10.17916882 Residual Norm: 0.00003167   converged                                     
               Excitation 17  :     10.18272662 Residual Norm: 0.00001584   converged                                     
               Excitation 18  :     10.18534120 Residual Norm: 0.00002720   converged                                     
               Excitation 19  :     10.20538820 Residual Norm: 0.00001321   converged                                     
               Excitation 20  :     10.20815105 Residual Norm: 0.00000882   converged                                     
               Excitation 21  :     10.21014909 Residual Norm: 0.00002056   converged                                     
               Excitation 22  :     10.21095095 Residual Norm: 0.00001584   converged                                     
               Excitation 23  :     10.21265917 Residual Norm: 0.00003499   converged                                     
               Excitation 24  :     10.21698127 Residual Norm: 0.00002863   converged                                     
               Excitation 25  :     10.21999054 Residual Norm: 0.00002282   converged                                     
               Excitation 26  :     10.22050030 Residual Norm: 0.00003220   converged                                     
               Excitation 27  :     10.22257075 Residual Norm: 0.00002403   converged                                     
               Excitation 28  :     10.22562366 Residual Norm: 0.00003963   converged                                     
               Excitation 29  :     10.22713244 Residual Norm: 0.00002178   converged                                     
               Excitation 30  :     10.22908390 Residual Norm: 0.00002148   converged                                     
               Excitation 31  :     10.23084466 Residual Norm: 0.00002140   converged                                     
               Excitation 32  :     10.23449568 Residual Norm: 0.00001912   converged                                     
               Excitation 33  :     10.23655870 Residual Norm: 0.00004370   converged                                     
               Excitation 34  :     10.23669447 Residual Norm: 0.00000970   converged                                     
               Excitation 35  :     10.23855373 Residual Norm: 0.00000889   converged                                     
               Excitation 36  :     10.24267958 Residual Norm: 0.00002080   converged                                     
               Excitation 37  :     10.24358284 Residual Norm: 0.00001948   converged                                     
               Excitation 38  :     10.24370041 Residual Norm: 0.00001105   converged                                     
               Excitation 39  :     10.24514074 Residual Norm: 0.00000741   converged                                     
               Excitation 40  :     10.24557758 Residual Norm: 0.00001491   converged                                     
               Excitation 41  :     10.25086037 Residual Norm: 0.00001420   converged                                     
               Excitation 42  :     10.25109653 Residual Norm: 0.00001796   converged                                     
               Excitation 43  :     10.25304277 Residual Norm: 0.00001628   converged                                     
               Excitation 44  :     10.25461500 Residual Norm: 0.00003072   converged                                     
               Excitation 45  :     10.25618494 Residual Norm: 0.00000739   converged                                     
               Excitation 46  :     10.25646321 Residual Norm: 0.00003165   converged                                     
               Excitation 47  :     10.25764203 Residual Norm: 0.00003902   converged                                     
               Excitation 48  :     10.25860494 Residual Norm: 0.00001560   converged                                     
               Excitation 49  :     10.25965857 Residual Norm: 0.00005363   converged                                     
               Excitation 50  :     10.26045015 Residual Norm: 0.00002020   converged                                     
               Excitation 51  :     10.26334376 Residual Norm: 0.00004200   converged                                     
               Excitation 52  :     10.26496720 Residual Norm: 0.00002542   converged                                     
               Excitation 53  :     10.26507144 Residual Norm: 0.00003858   converged                                     
               Excitation 54  :     10.26543365 Residual Norm: 0.00009182   converged                                     
               Excitation 55  :     10.26805676 Residual Norm: 0.00001910   converged                                     
               Excitation 56  :     10.27148779 Residual Norm: 0.00002819   converged                                     
               Excitation 57  :     10.27356970 Residual Norm: 0.00005284   converged                                     
               Excitation 58  :     10.27420232 Residual Norm: 0.00004082   converged                                     
               Excitation 59  :     10.27569300 Residual Norm: 0.00001161   converged                                     
               Excitation 60  :     10.27780699 Residual Norm: 0.00005323   converged                                     
               Excitation 61  :     10.27967738 Residual Norm: 0.00003081   converged                                     
               Excitation 62  :     10.28222499 Residual Norm: 0.00004397   converged                                     
               Excitation 63  :     10.28251218 Residual Norm: 0.00008569   converged                                     
               Excitation 64  :     10.28292581 Residual Norm: 0.00005435   converged                                     
               Excitation 65  :     10.28610681 Residual Norm: 0.00001554   converged                                     
               Excitation 66  :     10.28617669 Residual Norm: 0.00008983   converged                                     
               Excitation 67  :     10.28887816 Residual Norm: 0.00006641   converged                                     
               Excitation 68  :     10.28942811 Residual Norm: 0.00005814   converged                                     
               Excitation 69  :     10.29043762 Residual Norm: 0.00003050   converged                                     
               Excitation 70  :     10.29068574 Residual Norm: 0.00001550   converged                                     
               Excitation 71  :     10.29086076 Residual Norm: 0.00001457   converged                                     
               Excitation 72  :     10.29191359 Residual Norm: 0.00021699                                                 
               Excitation 73  :     10.29486548 Residual Norm: 0.00001805   converged                                     
               Excitation 74  :     10.29561023 Residual Norm: 0.00003504   converged                                     
               Excitation 75  :     10.29763736 Residual Norm: 0.00006481   converged                                     
                                                                                                                          
* Info * Processing 1 Fock build...                                                                                       
                                                                                                                          
* Info * 444 gerade trial vectors in reduced space                                                                        
* Info * 444 ungerade trial vectors in reduced space                                                                      
                                                                                                                          
* Info * 268.89 kB of memory used for subspace procedure on the master node                                               
* Info * 355.88 GB of memory available for the solver on the master node                                                  
                                                                                                                          
               *** Iteration:   10 * Residuals (Max,Min): 9.18e-05 and 7.15e-06                                           
                                                                                                                          
               Excitation 1   :     10.08498460 Residual Norm: 0.00000715   converged                                     
               Excitation 2   :     10.09760636 Residual Norm: 0.00001275   converged                                     
               Excitation 3   :     10.10170628 Residual Norm: 0.00001392   converged                                     
               Excitation 4   :     10.11411551 Residual Norm: 0.00002093   converged                                     
               Excitation 5   :     10.12326497 Residual Norm: 0.00002417   converged                                     
               Excitation 6   :     10.12572668 Residual Norm: 0.00000832   converged                                     
               Excitation 7   :     10.13274351 Residual Norm: 0.00000799   converged                                     
               Excitation 8   :     10.13823139 Residual Norm: 0.00000957   converged                                     
               Excitation 9   :     10.13840256 Residual Norm: 0.00001173   converged                                     
               Excitation 10  :     10.15099199 Residual Norm: 0.00001989   converged                                     
               Excitation 11  :     10.15780262 Residual Norm: 0.00002618   converged                                     
               Excitation 12  :     10.16491957 Residual Norm: 0.00000736   converged                                     
               Excitation 13  :     10.17061443 Residual Norm: 0.00002105   converged                                     
               Excitation 14  :     10.17103414 Residual Norm: 0.00001926   converged                                     
               Excitation 15  :     10.17696383 Residual Norm: 0.00001453   converged                                     
               Excitation 16  :     10.17916882 Residual Norm: 0.00003167   converged                                     
               Excitation 17  :     10.18272662 Residual Norm: 0.00001584   converged                                     
               Excitation 18  :     10.18534120 Residual Norm: 0.00002720   converged                                     
               Excitation 19  :     10.20538820 Residual Norm: 0.00001321   converged                                     
               Excitation 20  :     10.20815105 Residual Norm: 0.00000882   converged                                     
               Excitation 21  :     10.21014909 Residual Norm: 0.00002056   converged                                     
               Excitation 22  :     10.21095095 Residual Norm: 0.00001584   converged                                     
               Excitation 23  :     10.21265917 Residual Norm: 0.00003499   converged                                     
               Excitation 24  :     10.21698127 Residual Norm: 0.00002863   converged                                     
               Excitation 25  :     10.21999054 Residual Norm: 0.00002282   converged                                     
               Excitation 26  :     10.22050030 Residual Norm: 0.00003220   converged                                     
               Excitation 27  :     10.22257075 Residual Norm: 0.00002403   converged                                     
               Excitation 28  :     10.22562366 Residual Norm: 0.00003963   converged                                     
               Excitation 29  :     10.22713244 Residual Norm: 0.00002178   converged                                     
               Excitation 30  :     10.22908390 Residual Norm: 0.00002148   converged                                     
               Excitation 31  :     10.23084466 Residual Norm: 0.00002140   converged                                     
               Excitation 32  :     10.23449568 Residual Norm: 0.00001912   converged                                     
               Excitation 33  :     10.23655870 Residual Norm: 0.00004370   converged                                     
               Excitation 34  :     10.23669447 Residual Norm: 0.00000970   converged                                     
               Excitation 35  :     10.23855373 Residual Norm: 0.00000889   converged                                     
               Excitation 36  :     10.24267958 Residual Norm: 0.00002080   converged                                     
               Excitation 37  :     10.24358284 Residual Norm: 0.00001948   converged                                     
               Excitation 38  :     10.24370041 Residual Norm: 0.00001105   converged                                     
               Excitation 39  :     10.24514074 Residual Norm: 0.00000741   converged                                     
               Excitation 40  :     10.24557758 Residual Norm: 0.00001491   converged                                     
               Excitation 41  :     10.25086037 Residual Norm: 0.00001420   converged                                     
               Excitation 42  :     10.25109653 Residual Norm: 0.00001796   converged                                     
               Excitation 43  :     10.25304277 Residual Norm: 0.00001628   converged                                     
               Excitation 44  :     10.25461500 Residual Norm: 0.00003072   converged                                     
               Excitation 45  :     10.25618494 Residual Norm: 0.00000739   converged                                     
               Excitation 46  :     10.25646321 Residual Norm: 0.00003165   converged                                     
               Excitation 47  :     10.25764203 Residual Norm: 0.00003902   converged                                     
               Excitation 48  :     10.25860494 Residual Norm: 0.00001560   converged                                     
               Excitation 49  :     10.25965857 Residual Norm: 0.00005363   converged                                     
               Excitation 50  :     10.26045015 Residual Norm: 0.00002199   converged                                     
               Excitation 51  :     10.26334376 Residual Norm: 0.00004355   converged                                     
               Excitation 52  :     10.26496720 Residual Norm: 0.00002542   converged                                     
               Excitation 53  :     10.26507144 Residual Norm: 0.00003858   converged                                     
               Excitation 54  :     10.26543365 Residual Norm: 0.00009182   converged                                     
               Excitation 55  :     10.26805676 Residual Norm: 0.00001910   converged                                     
               Excitation 56  :     10.27148779 Residual Norm: 0.00002223   converged                                     
               Excitation 57  :     10.27356970 Residual Norm: 0.00005284   converged                                     
               Excitation 58  :     10.27420232 Residual Norm: 0.00004082   converged                                     
               Excitation 59  :     10.27569300 Residual Norm: 0.00001161   converged                                     
               Excitation 60  :     10.27780699 Residual Norm: 0.00005322   converged                                     
               Excitation 61  :     10.27967738 Residual Norm: 0.00003081   converged                                     
               Excitation 62  :     10.28222499 Residual Norm: 0.00004397   converged                                     
               Excitation 63  :     10.28251218 Residual Norm: 0.00008569   converged                                     
               Excitation 64  :     10.28292581 Residual Norm: 0.00005435   converged                                     
               Excitation 65  :     10.28610681 Residual Norm: 0.00001554   converged                                     
               Excitation 66  :     10.28617669 Residual Norm: 0.00008983   converged                                     
               Excitation 67  :     10.28887816 Residual Norm: 0.00006641   converged                                     
               Excitation 68  :     10.28942811 Residual Norm: 0.00005814   converged                                     
               Excitation 69  :     10.29043762 Residual Norm: 0.00003050   converged                                     
               Excitation 70  :     10.29068574 Residual Norm: 0.00001550   converged                                     
               Excitation 71  :     10.29086076 Residual Norm: 0.00001457   converged                                     
               Excitation 72  :     10.29191358 Residual Norm: 0.00004944   converged                                     
               Excitation 73  :     10.29486548 Residual Norm: 0.00001805   converged                                     
               Excitation 74  :     10.29561023 Residual Norm: 0.00003504   converged                                     
               Excitation 75  :     10.29763736 Residual Norm: 0.00006481   converged                                     
                                                                                                                          
* Info * Checkpoint written to file: 0233_c1s_rsp.h5                                                                      
                                                                                                                          
* Info * Time spent in writing checkpoint file: 1.31 sec                                                                  
                                                                                                                          
               *** Linear response converged in 10 iterations. Time: 912.90 sec                                           
                                                                                                                          
                                                                                                                          
* Info * Response solution vectors written to file: 0233_c1s.h5                                                           
                                                                                                                          
               Electric Transition Dipole Moments (dipole length, a.u.)                                                   
               --------------------------------------------------------                                                   
                                                X            Y            Z                                               
               Excited State    S1:     -0.009701    -0.000266     0.076786                                               
               Excited State    S2:      0.009389     0.008421    -0.075416                                               
               Excited State    S3:     -0.004900     0.002070     0.071806                                               
               Excited State    S4:     -0.018162    -0.007945     0.076860                                               
               Excited State    S5:      0.001972    -0.004675     0.062416                                               
               Excited State    S6:     -0.006760    -0.011445     0.009850                                               
               Excited State    S7:     -0.001638    -0.002658     0.004374                                               
               Excited State    S8:      0.000909    -0.001724     0.017274                                               
               Excited State    S9:     -0.012302     0.000168     0.004177                                               
               Excited State   S10:      0.001218     0.001952    -0.035591                                               
               Excited State   S11:     -0.009185    -0.003219    -0.084587                                               
               Excited State   S12:      0.011324     0.009342     0.081860                                               
               Excited State   S13:     -0.001601    -0.011157    -0.002838                                               
               Excited State   S14:     -0.018592     0.011646    -0.000790                                               
               Excited State   S15:      0.043405     0.017292     0.017209                                               
               Excited State   S16:     -0.006671    -0.043312    -0.005727                                               
               Excited State   S17:     -0.002459     0.035323    -0.001413                                               
               Excited State   S18:     -0.000575     0.001660    -0.033754                                               
               Excited State   S19:     -0.001432     0.004970    -0.001948                                               
               Excited State   S20:     -0.004703     0.021728     0.005933                                               
               Excited State   S21:      0.003626     0.007070     0.007429                                               
               Excited State   S22:      0.010950    -0.010870     0.003416                                               
               Excited State   S23:      0.000912    -0.012788     0.002974                                               
               Excited State   S24:      0.001648    -0.003587    -0.005641                                               
               Excited State   S25:      0.014336     0.010300     0.007955                                               
               Excited State   S26:      0.000383    -0.002424     0.016813                                               
               Excited State   S27:      0.003305    -0.005323    -0.011297                                               
               Excited State   S28:     -0.003077    -0.017477     0.001013                                               
               Excited State   S29:     -0.001142    -0.002182    -0.010608                                               
               Excited State   S30:      0.002552     0.021408     0.000175                                               
               Excited State   S31:     -0.018879     0.010886     0.001136                                               
               Excited State   S32:     -0.005383    -0.003733    -0.001563                                               
               Excited State   S33:     -0.004292     0.003362     0.005306                                               
               Excited State   S34:     -0.003475    -0.000369     0.018812                                               
               Excited State   S35:     -0.003885     0.000850    -0.014152                                               
               Excited State   S36:      0.014540     0.009574    -0.009369                                               
               Excited State   S37:     -0.001390     0.000883     0.000135                                               
               Excited State   S38:      0.005610     0.000418    -0.024769                                               
               Excited State   S39:      0.009055    -0.005637     0.002391                                               
               Excited State   S40:     -0.004062    -0.005386    -0.018629                                               
               Excited State   S41:      0.004925     0.012772    -0.017384                                               
               Excited State   S42:      0.001759     0.000509     0.010576                                               
               Excited State   S43:     -0.000125    -0.000138     0.009631                                               
               Excited State   S44:     -0.005384    -0.003529     0.004821                                               
               Excited State   S45:      0.005257     0.003339    -0.004855                                               
               Excited State   S46:     -0.012621     0.007568    -0.000127                                               
               Excited State   S47:     -0.003906     0.000835     0.022879                                               
               Excited State   S48:      0.000131    -0.002158     0.009017                                               
               Excited State   S49:     -0.012429    -0.006069    -0.000282                                               
               Excited State   S50:     -0.030149     0.006652     0.004429                                               
               Excited State   S51:      0.018781     0.005216    -0.004653                                               
               Excited State   S52:     -0.001780     0.002106    -0.003379                                               
               Excited State   S53:      0.008150    -0.008108     0.004201                                               
               Excited State   S54:      0.027108     0.014187    -0.011295                                               
               Excited State   S55:      0.008559    -0.002909     0.011341                                               
               Excited State   S56:      0.007440     0.002389     0.014817                                               
               Excited State   S57:      0.001053    -0.000548     0.008341                                               
               Excited State   S58:      0.011766    -0.008245     0.003506                                               
               Excited State   S59:      0.013166     0.004985     0.012693                                               
               Excited State   S60:     -0.005768    -0.007111    -0.000416                                               
               Excited State   S61:     -0.010778    -0.008362    -0.001980                                               
               Excited State   S62:     -0.002203     0.020886    -0.008647                                               
               Excited State   S63:      0.000993    -0.010388    -0.013518                                               
               Excited State   S64:      0.001592     0.006187    -0.004668                                               
               Excited State   S65:      0.005725     0.001246     0.004156                                               
               Excited State   S66:     -0.003055    -0.000121    -0.004885                                               
               Excited State   S67:     -0.006145    -0.008763     0.012651                                               
               Excited State   S68:     -0.002827    -0.007041    -0.008919                                               
               Excited State   S69:     -0.001582    -0.005123     0.017719                                               
               Excited State   S70:     -0.009178    -0.015881    -0.010188                                               
               Excited State   S71:     -0.007083     0.003791    -0.026335                                               
               Excited State   S72:      0.015301     0.017351    -0.000513                                               
               Excited State   S73:      0.009210    -0.006913    -0.018715                                               
               Excited State   S74:      0.003089    -0.003967     0.007677                                               
               Excited State   S75:      0.004241     0.002251     0.004946                                               
                                                                                                                          
               Electric Transition Dipole Moments (dipole velocity, a.u.)                                                 
               ----------------------------------------------------------                                                 
                                                X            Y            Z                                               
               Excited State    S1:     -0.009555    -0.000266     0.075719                                               
               Excited State    S2:      0.009280     0.008296    -0.074390                                               
               Excited State    S3:     -0.004814     0.002072     0.070816                                               
               Excited State    S4:     -0.017955    -0.007877     0.075774                                               
               Excited State    S5:      0.001992    -0.004620     0.061593                                               
               Excited State    S6:     -0.006708    -0.011358     0.009737                                               
               Excited State    S7:     -0.001614    -0.002656     0.004318                                               
               Excited State    S8:      0.000899    -0.001721     0.017031                                               
               Excited State    S9:     -0.012223     0.000180     0.004121                                               
               Excited State   S10:      0.001208     0.001933    -0.035126                                               
               Excited State   S11:     -0.009052    -0.003158    -0.083435                                               
               Excited State   S12:      0.011205     0.009218     0.080797                                               
               Excited State   S13:     -0.001580    -0.011051    -0.002797                                               
               Excited State   S14:     -0.018579     0.011592    -0.000820                                               
               Excited State   S15:      0.043124     0.017196     0.017075                                               
               Excited State   S16:     -0.006689    -0.043116    -0.005636                                               
               Excited State   S17:     -0.002499     0.035218    -0.001414                                               
               Excited State   S18:     -0.000588     0.001619    -0.033323                                               
               Excited State   S19:     -0.001453     0.004848    -0.002075                                               
               Excited State   S20:     -0.004782     0.021512     0.005865                                               
               Excited State   S21:      0.003630     0.007003     0.007414                                               
               Excited State   S22:      0.010958    -0.010776     0.003383                                               
               Excited State   S23:      0.000843    -0.012693     0.002705                                               
               Excited State   S24:      0.001558    -0.003571    -0.005692                                               
               Excited State   S25:      0.014189     0.010268     0.007969                                               
               Excited State   S26:      0.000413    -0.002393     0.016616                                               
               Excited State   S27:      0.003460    -0.005247    -0.011168                                               
               Excited State   S28:     -0.003071    -0.017497     0.000969                                               
               Excited State   S29:     -0.001299    -0.002190    -0.010483                                               
               Excited State   S30:      0.002502     0.021391     0.000120                                               
               Excited State   S31:     -0.018774     0.010745     0.001108                                               
               Excited State   S32:     -0.005506    -0.003583    -0.001608                                               
               Excited State   S33:     -0.004264     0.003353     0.005228                                               
               Excited State   S34:     -0.003308    -0.000357     0.018687                                               
               Excited State   S35:     -0.003817     0.000714    -0.014071                                               
               Excited State   S36:      0.014406     0.009453    -0.009256                                               
               Excited State   S37:     -0.001337     0.000896     0.000149                                               
               Excited State   S38:      0.005526     0.000268    -0.024673                                               
               Excited State   S39:      0.009085    -0.005550     0.002320                                               
               Excited State   S40:     -0.004049    -0.005431    -0.018646                                               
               Excited State   S41:      0.004903     0.012625    -0.017136                                               
               Excited State   S42:      0.001530     0.000426     0.010264                                               
               Excited State   S43:     -0.000115    -0.000006     0.009574                                               
               Excited State   S44:     -0.005280    -0.003676     0.004840                                               
               Excited State   S45:      0.005196     0.003338    -0.004734                                               
               Excited State   S46:     -0.012474     0.007439    -0.000151                                               
               Excited State   S47:     -0.003805     0.000800     0.022616                                               
               Excited State   S48:      0.000034    -0.002064     0.008988                                               
               Excited State   S49:     -0.012340    -0.005918    -0.000364                                               
               Excited State   S50:     -0.029910     0.006572     0.004290                                               
               Excited State   S51:      0.018646     0.005171    -0.004565                                               
               Excited State   S52:     -0.001849     0.001893    -0.003352                                               
               Excited State   S53:      0.008215    -0.008154     0.004250                                               
               Excited State   S54:      0.026931     0.014007    -0.011256                                               
               Excited State   S55:      0.008447    -0.002983     0.011466                                               
               Excited State   S56:      0.007343     0.002336     0.014590                                               
               Excited State   S57:      0.000956    -0.000443     0.008297                                               
               Excited State   S58:      0.011719    -0.007932     0.003324                                               
               Excited State   S59:      0.013007     0.004984     0.012537                                               
               Excited State   S60:     -0.005878    -0.006966    -0.000361                                               
               Excited State   S61:     -0.010614    -0.008218    -0.001953                                               
               Excited State   S62:     -0.002117     0.020623    -0.008524                                               
               Excited State   S63:      0.001120    -0.010054    -0.013308                                               
               Excited State   S64:      0.001446     0.006120    -0.004522                                               
               Excited State   S65:      0.005649     0.001383     0.004406                                               
               Excited State   S66:     -0.002988    -0.000043    -0.004835                                               
               Excited State   S67:     -0.006140    -0.008459     0.012377                                               
               Excited State   S68:     -0.002959    -0.006868    -0.008863                                               
               Excited State   S69:     -0.001463    -0.005188     0.017555                                               
               Excited State   S70:     -0.009124    -0.015647    -0.010073                                               
               Excited State   S71:     -0.006898     0.003794    -0.025938                                               
               Excited State   S72:      0.015235     0.017145    -0.000411                                               
               Excited State   S73:      0.009013    -0.006905    -0.018614                                               
               Excited State   S74:      0.003153    -0.003950     0.007733                                               
               Excited State   S75:      0.004169     0.002283     0.004689                                               
                                                                                                                          
               Magnetic Transition Dipole Moments (a.u.)                                                                  
               -----------------------------------------                                                                  
                                                X            Y            Z                                               
               Excited State    S1:     -0.532614    -1.539910    -0.073413                                               
               Excited State    S2:     -1.037161     0.599559    -0.062445                                               
               Excited State    S3:     -0.977520    -0.621610    -0.047396                                               
               Excited State    S4:      0.513779    -1.498825    -0.033300                                               
               Excited State    S5:      0.401113     0.139069    -0.003773                                               
               Excited State    S6:     -0.073436    -0.196048    -0.279730                                               
               Excited State    S7:      0.038152    -0.077040    -0.038535                                               
               Excited State    S8:     -0.220616    -0.147437     0.008124                                               
               Excited State    S9:      0.079196    -0.026431     0.171860                                               
               Excited State   S10:     -0.230832    -0.072994    -0.016336                                               
               Excited State   S11:      0.006816    -1.834496     0.071486                                               
               Excited State   S12:     -0.552519     0.178999     0.056754                                               
               Excited State   S13:     -0.000469    -0.010601     0.014101                                               
               Excited State   S14:      0.003528     0.003186     0.091625                                               
               Excited State   S15:      0.107575    -0.326863     0.125912                                               
               Excited State   S16:     -0.046731     0.078555    -0.357927                                               
               Excited State   S17:      0.054370     0.017061     0.289532                                               
               Excited State   S18:     -0.207224    -0.083551    -0.001696                                               
               Excited State   S19:      0.009202     0.038468     0.100713                                               
               Excited State   S20:     -0.054021    -0.046204     0.115621                                               
               Excited State   S21:      0.104965    -0.064468     0.006718                                               
               Excited State   S22:     -0.015320    -0.066530    -0.114268                                               
               Excited State   S23:      0.037756    -0.020167    -0.114906                                               
               Excited State   S24:     -0.043537    -0.019402    -0.012056                                               
               Excited State   S25:      0.055966    -0.154189     0.103875                                               
               Excited State   S26:     -0.224608    -0.162323    -0.014867                                               
               Excited State   S27:      0.069041     0.245221    -0.071223                                               
               Excited State   S28:     -0.023865    -0.019971    -0.197709                                               
               Excited State   S29:      0.069698     0.217262    -0.040625                                               
               Excited State   S30:     -0.005029    -0.001557     0.144008                                               
               Excited State   S31:      0.030911     0.041149     0.103833                                               
               Excited State   S32:     -0.011739     0.029623    -0.043947                                               
               Excited State   S33:     -0.028778     0.026698    -0.034975                                               
               Excited State   S34:     -0.120748    -0.399245    -0.034240                                               
               Excited State   S35:      0.188895     0.148257    -0.049631                                               
               Excited State   S36:      0.076368    -0.038326     0.080893                                               
               Excited State   S37:      0.005724     0.002089     0.023443                                               
               Excited State   S38:      0.339574     0.221999     0.081135                                               
               Excited State   S39:     -0.009350    -0.040190    -0.046055                                               
               Excited State   S40:     -0.263414     0.145550     0.008315                                               
               Excited State   S41:     -0.221866     0.171631     0.041302                                               
               Excited State   S42:      0.048285    -0.238799    -0.052379                                               
               Excited State   S43:      0.137977    -0.071379    -0.005503                                               
               Excited State   S44:      0.025869     0.024356     0.052482                                               
               Excited State   S45:      0.034421     0.106891     0.103147                                               
               Excited State   S46:      0.015324     0.020045     0.061523                                               
               Excited State   S47:      0.159707    -0.442612     0.046561                                               
               Excited State   S48:     -0.123627    -0.085263    -0.013081                                               
               Excited State   S49:      0.002020     0.004248    -0.035428                                               
               Excited State   S50:     -0.010568     0.050912    -0.150012                                               
               Excited State   S51:     -0.006439    -0.072931    -0.109444                                               
               Excited State   S52:     -0.049571     0.023410     0.034518                                               
               Excited State   S53:     -0.077642    -0.061547    -0.003928                                               
               Excited State   S54:      0.099723    -0.046617     0.175999                                               
               Excited State   S55:      0.076811     0.007059    -0.047533                                               
               Excited State   S56:     -0.005505     0.330209    -0.050594                                               
               Excited State   S57:      0.059288    -0.163876    -0.015990                                               
               Excited State   S58:      0.004048    -0.015056    -0.055886                                               
               Excited State   S59:     -0.092978    -0.244767     0.198172                                               
               Excited State   S60:     -0.017316     0.011103     0.059802                                               
               Excited State   S61:      0.024046     0.022327    -0.256098                                               
               Excited State   S62:      0.150073     0.074163     0.160342                                               
               Excited State   S63:     -0.178917     0.105736    -0.094686                                               
               Excited State   S64:      0.037969    -0.011959    -0.006641                                               
               Excited State   S65:     -0.025399    -0.085749     0.069762                                               
               Excited State   S66:     -0.058769     0.041702     0.045667                                               
               Excited State   S67:     -0.174527    -0.086409    -0.176767                                               
               Excited State   S68:      0.045207    -0.034663    -0.031209                                               
               Excited State   S69:     -0.155234    -0.353254    -0.085843                                               
               Excited State   S70:     -0.006986     0.261360    -0.070622                                               
               Excited State   S71:     -0.176001     0.477297     0.017645                                               
               Excited State   S72:     -0.025503     0.013764    -0.375705                                               
               Excited State   S73:      0.138073     0.393468    -0.076209                                               
               Excited State   S74:     -0.056590     0.008127     0.033257                                               
               Excited State   S75:     -0.068879    -0.034825     0.077809                                               
                                                                                                                          
               One-Photon Absorption                                                                                      
               ---------------------                                                                                      
               Excited State    S1:     10.08498460 a.u.    274.42641 eV    Osc.Str.    0.0403                            
               Excited State    S2:     10.09760636 a.u.    274.76987 eV    Osc.Str.    0.0394                            
               Excited State    S3:     10.10170628 a.u.    274.88143 eV    Osc.Str.    0.0349                            
               Excited State    S4:     10.11411551 a.u.    275.21910 eV    Osc.Str.    0.0425                            
               Excited State    S5:     10.12326497 a.u.    275.46807 eV    Osc.Str.    0.0265                            
               Excited State    S6:     10.12572668 a.u.    275.53506 eV    Osc.Str.    0.0018                            
               Excited State    S7:     10.13274351 a.u.    275.72600 eV    Osc.Str.    0.0002                            
               Excited State    S8:     10.13823139 a.u.    275.87533 eV    Osc.Str.    0.0020                            
               Excited State    S9:     10.13840256 a.u.    275.87999 eV    Osc.Str.    0.0011                            
               Excited State   S10:     10.15099199 a.u.    276.22256 eV    Osc.Str.    0.0086                            
               Excited State   S11:     10.15780262 a.u.    276.40789 eV    Osc.Str.    0.0491                            
               Excited State   S12:     10.16491957 a.u.    276.60155 eV    Osc.Str.    0.0469                            
               Excited State   S13:     10.17061443 a.u.    276.75652 eV    Osc.Str.    0.0009                            
               Excited State   S14:     10.17103414 a.u.    276.76794 eV    Osc.Str.    0.0033                            
               Excited State   S15:     10.17696383 a.u.    276.92929 eV    Osc.Str.    0.0168                            
               Excited State   S16:     10.17916882 a.u.    276.98929 eV    Osc.Str.    0.0133                            
               Excited State   S17:     10.18272662 a.u.    277.08611 eV    Osc.Str.    0.0085                            
               Excited State   S18:     10.18534120 a.u.    277.15725 eV    Osc.Str.    0.0078                            
               Excited State   S19:     10.20538820 a.u.    277.70276 eV    Osc.Str.    0.0002                            
               Excited State   S20:     10.20815105 a.u.    277.77794 eV    Osc.Str.    0.0036                            
               Excited State   S21:     10.21014909 a.u.    277.83231 eV    Osc.Str.    0.0008                            
               Excited State   S22:     10.21095095 a.u.    277.85413 eV    Osc.Str.    0.0017                            
               Excited State   S23:     10.21265917 a.u.    277.90061 eV    Osc.Str.    0.0012                            
               Excited State   S24:     10.21698127 a.u.    278.01822 eV    Osc.Str.    0.0003                            
               Excited State   S25:     10.21999054 a.u.    278.10011 eV    Osc.Str.    0.0026                            
               Excited State   S26:     10.22050030 a.u.    278.11398 eV    Osc.Str.    0.0020                            
               Excited State   S27:     10.22257075 a.u.    278.17032 eV    Osc.Str.    0.0011                            
               Excited State   S28:     10.22562366 a.u.    278.25340 eV    Osc.Str.    0.0022                            
               Excited State   S29:     10.22713244 a.u.    278.29445 eV    Osc.Str.    0.0008                            
               Excited State   S30:     10.22908390 a.u.    278.34755 eV    Osc.Str.    0.0032                            
               Excited State   S31:     10.23084466 a.u.    278.39547 eV    Osc.Str.    0.0032                            
               Excited State   S32:     10.23449568 a.u.    278.49481 eV    Osc.Str.    0.0003                            
               Excited State   S33:     10.23655870 a.u.    278.55095 eV    Osc.Str.    0.0004                            
               Excited State   S34:     10.23669447 a.u.    278.55465 eV    Osc.Str.    0.0025                            
               Excited State   S35:     10.23855373 a.u.    278.60524 eV    Osc.Str.    0.0015                            
               Excited State   S36:     10.24267958 a.u.    278.71751 eV    Osc.Str.    0.0027                            
               Excited State   S37:     10.24358284 a.u.    278.74209 eV    Osc.Str.    0.0000                            
               Excited State   S38:     10.24370041 a.u.    278.74529 eV    Osc.Str.    0.0044                            
               Excited State   S39:     10.24514074 a.u.    278.78448 eV    Osc.Str.    0.0008                            
               Excited State   S40:     10.24557758 a.u.    278.79637 eV    Osc.Str.    0.0027                            
               Excited State   S41:     10.25086037 a.u.    278.94012 eV    Osc.Str.    0.0033                            
               Excited State   S42:     10.25109653 a.u.    278.94655 eV    Osc.Str.    0.0008                            
               Excited State   S43:     10.25304277 a.u.    278.99951 eV    Osc.Str.    0.0006                            
               Excited State   S44:     10.25461500 a.u.    279.04229 eV    Osc.Str.    0.0004                            
               Excited State   S45:     10.25618494 a.u.    279.08501 eV    Osc.Str.    0.0004                            
               Excited State   S46:     10.25646321 a.u.    279.09258 eV    Osc.Str.    0.0015                            
               Excited State   S47:     10.25764203 a.u.    279.12466 eV    Osc.Str.    0.0037                            
               Excited State   S48:     10.25860494 a.u.    279.15086 eV    Osc.Str.    0.0006                            
               Excited State   S49:     10.25965857 a.u.    279.17953 eV    Osc.Str.    0.0013                            
               Excited State   S50:     10.26045015 a.u.    279.20107 eV    Osc.Str.    0.0067                            
               Excited State   S51:     10.26334376 a.u.    279.27981 eV    Osc.Str.    0.0027                            
               Excited State   S52:     10.26496720 a.u.    279.32399 eV    Osc.Str.    0.0001                            
               Excited State   S53:     10.26507144 a.u.    279.32682 eV    Osc.Str.    0.0010                            
               Excited State   S54:     10.26543365 a.u.    279.33668 eV    Osc.Str.    0.0073                            
               Excited State   S55:     10.26805676 a.u.    279.40806 eV    Osc.Str.    0.0014                            
               Excited State   S56:     10.27148779 a.u.    279.50142 eV    Osc.Str.    0.0019                            
               Excited State   S57:     10.27356970 a.u.    279.55807 eV    Osc.Str.    0.0005                            
               Excited State   S58:     10.27420232 a.u.    279.57529 eV    Osc.Str.    0.0015                            
               Excited State   S59:     10.27569300 a.u.    279.61585 eV    Osc.Str.    0.0025                            
               Excited State   S60:     10.27780699 a.u.    279.67338 eV    Osc.Str.    0.0006                            
               Excited State   S61:     10.27967738 a.u.    279.72427 eV    Osc.Str.    0.0013                            
               Excited State   S62:     10.28222499 a.u.    279.79360 eV    Osc.Str.    0.0035                            
               Excited State   S63:     10.28251218 a.u.    279.80141 eV    Osc.Str.    0.0020                            
               Excited State   S64:     10.28292581 a.u.    279.81267 eV    Osc.Str.    0.0004                            
               Excited State   S65:     10.28610681 a.u.    279.89923 eV    Osc.Str.    0.0004                            
               Excited State   S66:     10.28617669 a.u.    279.90113 eV    Osc.Str.    0.0002                            
               Excited State   S67:     10.28887816 a.u.    279.97464 eV    Osc.Str.    0.0019                            
               Excited State   S68:     10.28942811 a.u.    279.98960 eV    Osc.Str.    0.0009                            
               Excited State   S69:     10.29043762 a.u.    280.01707 eV    Osc.Str.    0.0024                            
               Excited State   S70:     10.29068574 a.u.    280.02382 eV    Osc.Str.    0.0030                            
               Excited State   S71:     10.29086076 a.u.    280.02859 eV    Osc.Str.    0.0052                            
               Excited State   S72:     10.29191358 a.u.    280.05724 eV    Osc.Str.    0.0037                            
               Excited State   S73:     10.29486548 a.u.    280.13756 eV    Osc.Str.    0.0033                            
               Excited State   S74:     10.29561023 a.u.    280.15783 eV    Osc.Str.    0.0006                            
               Excited State   S75:     10.29763736 a.u.    280.21299 eV    Osc.Str.    0.0003                            
                                                                                                                          
               Electronic Circular Dichroism                                                                              
               -----------------------------                                                                              
               Excited State    S1:     Rot.Str.     -0.000060 a.u.    -0.0285 [10**(-40) cgs]                            
               Excited State    S2:     Rot.Str.     -0.000006 a.u.    -0.0029 [10**(-40) cgs]                            
               Excited State    S3:     Rot.Str.      0.000061 a.u.     0.0288 [10**(-40) cgs]                            
               Excited State    S4:     Rot.Str.      0.000058 a.u.     0.0274 [10**(-40) cgs]                            
               Excited State    S5:     Rot.Str.     -0.000076 a.u.    -0.0357 [10**(-40) cgs]                            
               Excited State    S6:     Rot.Str.     -0.000005 a.u.    -0.0021 [10**(-40) cgs]                            
               Excited State    S7:     Rot.Str.     -0.000023 a.u.    -0.0110 [10**(-40) cgs]                            
               Excited State    S8:     Rot.Str.      0.000194 a.u.     0.0913 [10**(-40) cgs]                            
               Excited State    S9:     Rot.Str.     -0.000265 a.u.    -0.1247 [10**(-40) cgs]                            
               Excited State   S10:     Rot.Str.      0.000154 a.u.     0.0725 [10**(-40) cgs]                            
               Excited State   S11:     Rot.Str.     -0.000232 a.u.    -0.1093 [10**(-40) cgs]                            
               Excited State   S12:     Rot.Str.      0.000045 a.u.     0.0210 [10**(-40) cgs]                            
               Excited State   S13:     Rot.Str.      0.000078 a.u.     0.0370 [10**(-40) cgs]                            
               Excited State   S14:     Rot.Str.     -0.000104 a.u.    -0.0489 [10**(-40) cgs]                            
               Excited State   S15:     Rot.Str.      0.001168 a.u.     0.5509 [10**(-40) cgs]                            
               Excited State   S16:     Rot.Str.     -0.001057 a.u.    -0.4983 [10**(-40) cgs]                            
               Excited State   S17:     Rot.Str.      0.000056 a.u.     0.0262 [10**(-40) cgs]                            
               Excited State   S18:     Rot.Str.      0.000043 a.u.     0.0204 [10**(-40) cgs]                            
               Excited State   S19:     Rot.Str.     -0.000036 a.u.    -0.0169 [10**(-40) cgs]                            
               Excited State   S20:     Rot.Str.     -0.000057 a.u.    -0.0271 [10**(-40) cgs]                            
               Excited State   S21:     Rot.Str.     -0.000021 a.u.    -0.0097 [10**(-40) cgs]                            
               Excited State   S22:     Rot.Str.      0.000162 a.u.     0.0766 [10**(-40) cgs]                            
               Excited State   S23:     Rot.Str.     -0.000023 a.u.    -0.0108 [10**(-40) cgs]                            
               Excited State   S24:     Rot.Str.      0.000070 a.u.     0.0330 [10**(-40) cgs]                            
               Excited State   S25:     Rot.Str.      0.000039 a.u.     0.0182 [10**(-40) cgs]                            
               Excited State   S26:     Rot.Str.      0.000049 a.u.     0.0230 [10**(-40) cgs]                            
               Excited State   S27:     Rot.Str.     -0.000252 a.u.    -0.1190 [10**(-40) cgs]                            
               Excited State   S28:     Rot.Str.      0.000231 a.u.     0.1090 [10**(-40) cgs]                            
               Excited State   S29:     Rot.Str.     -0.000140 a.u.    -0.0662 [10**(-40) cgs]                            
               Excited State   S30:     Rot.Str.     -0.000029 a.u.    -0.0135 [10**(-40) cgs]                            
               Excited State   S31:     Rot.Str.     -0.000023 a.u.    -0.0109 [10**(-40) cgs]                            
               Excited State   S32:     Rot.Str.      0.000029 a.u.     0.0137 [10**(-40) cgs]                            
               Excited State   S33:     Rot.Str.      0.000029 a.u.     0.0138 [10**(-40) cgs]                            
               Excited State   S34:     Rot.Str.     -0.000098 a.u.    -0.0462 [10**(-40) cgs]                            
               Excited State   S35:     Rot.Str.      0.000083 a.u.     0.0392 [10**(-40) cgs]                            
               Excited State   S36:     Rot.Str.     -0.000011 a.u.    -0.0051 [10**(-40) cgs]                            
               Excited State   S37:     Rot.Str.     -0.000002 a.u.    -0.0011 [10**(-40) cgs]                            
               Excited State   S38:     Rot.Str.     -0.000066 a.u.    -0.0311 [10**(-40) cgs]                            
               Excited State   S39:     Rot.Str.      0.000031 a.u.     0.0147 [10**(-40) cgs]                            
               Excited State   S40:     Rot.Str.      0.000121 a.u.     0.0570 [10**(-40) cgs]                            
               Excited State   S41:     Rot.Str.      0.000371 a.u.     0.1750 [10**(-40) cgs]                            
               Excited State   S42:     Rot.Str.     -0.000565 a.u.    -0.2666 [10**(-40) cgs]                            
               Excited State   S43:     Rot.Str.     -0.000068 a.u.    -0.0321 [10**(-40) cgs]                            
               Excited State   S44:     Rot.Str.      0.000028 a.u.     0.0132 [10**(-40) cgs]                            
               Excited State   S45:     Rot.Str.      0.000047 a.u.     0.0224 [10**(-40) cgs]                            
               Excited State   S46:     Rot.Str.     -0.000051 a.u.    -0.0242 [10**(-40) cgs]                            
               Excited State   S47:     Rot.Str.      0.000091 a.u.     0.0431 [10**(-40) cgs]                            
               Excited State   S48:     Rot.Str.      0.000054 a.u.     0.0256 [10**(-40) cgs]                            
               Excited State   S49:     Rot.Str.     -0.000037 a.u.    -0.0175 [10**(-40) cgs]                            
               Excited State   S50:     Rot.Str.      0.000007 a.u.     0.0034 [10**(-40) cgs]                            
               Excited State   S51:     Rot.Str.      0.000002 a.u.     0.0011 [10**(-40) cgs]                            
               Excited State   S52:     Rot.Str.      0.000020 a.u.     0.0095 [10**(-40) cgs]                            
               Excited State   S53:     Rot.Str.     -0.000153 a.u.    -0.0720 [10**(-40) cgs]                            
               Excited State   S54:     Rot.Str.      0.000052 a.u.     0.0244 [10**(-40) cgs]                            
               Excited State   S55:     Rot.Str.      0.000083 a.u.     0.0390 [10**(-40) cgs]                            
               Excited State   S56:     Rot.Str.     -0.000007 a.u.    -0.0035 [10**(-40) cgs]                            
               Excited State   S57:     Rot.Str.     -0.000003 a.u.    -0.0016 [10**(-40) cgs]                            
               Excited State   S58:     Rot.Str.     -0.000019 a.u.    -0.0089 [10**(-40) cgs]                            
               Excited State   S59:     Rot.Str.      0.000055 a.u.     0.0260 [10**(-40) cgs]                            
               Excited State   S60:     Rot.Str.      0.000003 a.u.     0.0013 [10**(-40) cgs]                            
               Excited State   S61:     Rot.Str.      0.000062 a.u.     0.0290 [10**(-40) cgs]                            
               Excited State   S62:     Rot.Str.     -0.000155 a.u.    -0.0731 [10**(-40) cgs]                            
               Excited State   S63:     Rot.Str.     -0.000003 a.u.    -0.0016 [10**(-40) cgs]                            
               Excited State   S64:     Rot.Str.      0.000012 a.u.     0.0055 [10**(-40) cgs]                            
               Excited State   S65:     Rot.Str.      0.000045 a.u.     0.0214 [10**(-40) cgs]                            
               Excited State   S66:     Rot.Str.     -0.000047 a.u.    -0.0221 [10**(-40) cgs]                            
               Excited State   S67:     Rot.Str.     -0.000385 a.u.    -0.1817 [10**(-40) cgs]                            
               Excited State   S68:     Rot.Str.      0.000381 a.u.     0.1796 [10**(-40) cgs]                            
               Excited State   S69:     Rot.Str.      0.000553 a.u.     0.2607 [10**(-40) cgs]                            
               Excited State   S70:     Rot.Str.     -0.003314 a.u.    -1.5625 [10**(-40) cgs]                            
               Excited State   S71:     Rot.Str.      0.002567 a.u.     1.2103 [10**(-40) cgs]                            
               Excited State   S72:     Rot.Str.      0.000002 a.u.     0.0009 [10**(-40) cgs]                            
               Excited State   S73:     Rot.Str.     -0.000054 a.u.    -0.0254 [10**(-40) cgs]                            
               Excited State   S74:     Rot.Str.      0.000047 a.u.     0.0220 [10**(-40) cgs]                            
               Excited State   S75:     Rot.Str.     -0.000002 a.u.    -0.0008 [10**(-40) cgs]                            
                                                                                                                          
               Character of excitations:                                                                                  
                                                                                                                          
               Excited state 1                                                                                            
               ---------------                                                                                            
               core_9   -> LUMO        -0.7943                                                                            
               core_9   -> LUMO+1       0.4580                                                                            
               core_9   -> LUMO+5      -0.2961                                                                            
                                                                                                                          
               Excited state 2                                                                                            
               ---------------                                                                                            
               core_8   -> LUMO         0.8349                                                                            
               core_8   -> LUMO+1       0.4200                                                                            
               core_8   -> LUMO+5       0.2154                                                                            
                                                                                                                          
               Excited state 3                                                                                            
               ---------------                                                                                            
               core_7   -> LUMO        -0.8915                                                                            
               core_7   -> LUMO+5      -0.3245                                                                            
                                                                                                                          
               Excited state 4                                                                                            
               ---------------                                                                                            
               core_6   -> LUMO+1      -0.9468                                                                            
                                                                                                                          
               Excited state 5                                                                                            
               ---------------                                                                                            
               core_5   -> LUMO         0.9308                                                                            
                                                                                                                          
               Excited state 6                                                                                            
               ---------------                                                                                            
               core_9   -> LUMO+1       0.8623                                                                            
               core_9   -> LUMO         0.4637                                                                            
                                                                                                                          
               Excited state 7                                                                                            
               ---------------                                                                                            
               core_6   -> LUMO         0.9410                                                                            
               core_6   -> LUMO+5       0.2881                                                                            
                                                                                                                          
               Excited state 8                                                                                            
               ---------------                                                                                            
               core_7   -> LUMO+1      -0.9624                                                                            
                                                                                                                          
               Excited state 9                                                                                            
               ---------------                                                                                            
               core_8   -> LUMO+1      -0.8828                                                                            
               core_8   -> LUMO         0.4056                                                                            
                                                                                                                          
               Excited state 10                                                                                           
               ----------------                                                                                           
               core_5   -> LUMO+1       0.9354                                                                            
               core_5   -> LUMO         0.2508                                                                            
                                                                                                                          
               Excited state 11                                                                                           
               ----------------                                                                                           
               core_3   -> LUMO        -0.7713                                                                            
               core_3   -> LUMO+5       0.5785                                                                            
                                                                                                                          
               Excited state 12                                                                                           
               ----------------                                                                                           
               core_4   -> LUMO+1       0.9281                                                                            
                                                                                                                          
               Excited state 13                                                                                           
               ----------------                                                                                           
               core_4   -> LUMO        -0.9846                                                                            
                                                                                                                          
               Excited state 14                                                                                           
               ----------------                                                                                           
               core_9   -> LUMO+2      -0.7862                                                                            
               core_9   -> LUMO+3      -0.4688                                                                            
               core_9   -> LUMO+4       0.2851                                                                            
                                                                                                                          
               Excited state 15                                                                                           
               ----------------                                                                                           
               core_6   -> LUMO+3       0.6021                                                                            
               core_6   -> LUMO+2       0.5703                                                                            
               core_6   -> LUMO+4       0.3214                                                                            
                                                                                                                          
               Excited state 16                                                                                           
               ----------------                                                                                           
               core_8   -> LUMO+2       0.5358                                                                            
               core_8   -> LUMO+4       0.5068                                                                            
               core_8   -> LUMO+3       0.5060                                                                            
               core_8   -> LUMO+7      -0.2015                                                                            
                                                                                                                          
               Excited state 17                                                                                           
               ----------------                                                                                           
               core_7   -> LUMO+2       0.7780                                                                            
               core_7   -> LUMO+4      -0.5216                                                                            
                                                                                                                          
               Excited state 18                                                                                           
               ----------------                                                                                           
               core_5   -> LUMO+5      -0.9210                                                                            
                                                                                                                          
               Excited state 19                                                                                           
               ----------------                                                                                           
               core_9   -> LUMO+4      -0.6157                                                                            
               core_9   -> LUMO+3      -0.5628                                                                            
               core_9   -> LUMO+6      -0.3063                                                                            
               core_9   -> LUMO+8      -0.2247                                                                            
               core_9   -> LUMO+7       0.2197                                                                            
                                                                                                                          
               Excited state 20                                                                                           
               ----------------                                                                                           
               core_7   -> LUMO+6       0.4816                                                                            
               core_7   -> LUMO+3       0.3673                                                                            
               core_7   -> LUMO+2      -0.3660                                                                            
               core_7   -> LUMO+7      -0.3276                                                                            
               core_7   -> LUMO+9       0.3042                                                                            
               core_7   -> LUMO+4      -0.2578                                                                            
               core_7   -> LUMO+8      -0.2436                                                                            
                                                                                                                          
               Excited state 21                                                                                           
               ----------------                                                                                           
               core_8   -> LUMO+5      -0.8865                                                                            
               core_8   -> LUMO         0.2805                                                                            
                                                                                                                          
               Excited state 22                                                                                           
               ----------------                                                                                           
               core_9   -> LUMO+4      -0.5562                                                                            
               core_9   -> LUMO+6       0.4838                                                                            
               core_9   -> LUMO+2      -0.3660                                                                            
               core_9   -> LUMO+9       0.3009                                                                            
               core_9   -> LUMO+7      -0.2283                                                                            
               core_9   -> LUMO+8      -0.2034                                                                            
                                                                                                                          
               Excited state 23                                                                                           
               ----------------                                                                                           
               core_8   -> LUMO+2      -0.5674                                                                            
               core_8   -> LUMO+7      -0.5112                                                                            
               core_8   -> LUMO+6       0.3872                                                                            
               core_8   -> LUMO+3       0.2732                                                                            
               core_8   -> LUMO+5      -0.2434                                                                            
                                                                                                                          
               Excited state 24                                                                                           
               ----------------                                                                                           
               core_5   -> LUMO+2      -0.7842                                                                            
               core_5   -> LUMO+6       0.4025                                                                            
               core_5   -> LUMO+7      -0.3236                                                                            
               core_5   -> LUMO+4      -0.2278                                                                            
                                                                                                                          
               Excited state 25                                                                                           
               ----------------                                                                                           
               core_6   -> LUMO+2      -0.6122                                                                            
               core_6   -> LUMO+7      -0.5405                                                                            
               core_6   -> LUMO+4       0.3688                                                                            
               core_6   -> LUMO+11      0.2052                                                                            
                                                                                                                          
               Excited state 26                                                                                           
               ----------------                                                                                           
               core_7   -> LUMO+5      -0.8555                                                                            
               core_7   -> LUMO         0.3379                                                                            
                                                                                                                          
               Excited state 27                                                                                           
               ----------------                                                                                           
               core_9   -> LUMO+7       0.6346                                                                            
               core_9   -> LUMO+5       0.5073                                                                            
               core_9   -> LUMO+2      -0.2671                                                                            
               core_9   -> LUMO        -0.2216                                                                            
                                                                                                                          
               Excited state 28                                                                                           
               ----------------                                                                                           
               core_7   -> LUMO+3       0.7034                                                                            
               core_7   -> LUMO+7       0.4790                                                                            
               core_7   -> LUMO+4       0.2506                                                                            
               core_7   -> LUMO+2       0.2124                                                                            
               core_7   -> LUMO+6       0.2053                                                                            
                                                                                                                          
               Excited state 29                                                                                           
               ----------------                                                                                           
               core_9   -> LUMO+5       0.7177                                                                            
               core_9   -> LUMO+7      -0.4240                                                                            
               core_9   -> LUMO+9       0.2848                                                                            
               core_9   -> LUMO        -0.2541                                                                            
               core_9   -> LUMO+6      -0.2329                                                                            
                                                                                                                          
               Excited state 30                                                                                           
               ----------------                                                                                           
               core_8   -> LUMO+8       0.4846                                                                            
               core_8   -> LUMO+4      -0.4340                                                                            
               core_8   -> LUMO+6       0.4186                                                                            
               core_8   -> LUMO+3       0.4095                                                                            
               core_8   -> LUMO+2       0.2989                                                                            
               core_8   -> LUMO+10     -0.2511                                                                            
                                                                                                                          
               Excited state 31                                                                                           
               ----------------                                                                                           
               core_5   -> LUMO+3      -0.6695                                                                            
               core_5   -> LUMO+7       0.3913                                                                            
               core_5   -> LUMO+4      -0.3530                                                                            
               core_5   -> LUMO+2      -0.2731                                                                            
                                                                                                                          
               Excited state 32                                                                                           
               ----------------                                                                                           
               core_6   -> LUMO+4       0.6422                                                                            
               core_6   -> LUMO+6      -0.6070                                                                            
               core_6   -> LUMO+3      -0.2498                                                                            
               core_6   -> LUMO+8      -0.2378                                                                            
                                                                                                                          
               Excited state 33                                                                                           
               ----------------                                                                                           
               core_4   -> LUMO+5       0.9020                                                                            
               core_4   -> LUMO+6      -0.2440                                                                            
                                                                                                                          
               Excited state 34                                                                                           
               ----------------                                                                                           
               core_9   -> LUMO+9      -0.6615                                                                            
               core_9   -> LUMO+8      -0.3716                                                                            
               core_9   -> LUMO+11      0.3235                                                                            
               core_9   -> LUMO+6       0.3109                                                                            
               core_9   -> LUMO+14      0.2888                                                                            
               core_9   -> LUMO+5       0.2070                                                                            
                                                                                                                          
               Excited state 35                                                                                           
               ----------------                                                                                           
               core_7   -> LUMO+4       0.5559                                                                            
               core_7   -> LUMO+7      -0.5540                                                                            
               core_7   -> LUMO+2       0.3044                                                                            
               core_7   -> LUMO+9      -0.2301                                                                            
               core_7   -> LUMO+5       0.2203                                                                            
               core_7   -> LUMO+6       0.2062                                                                            
                                                                                                                          
               Excited state 36                                                                                           
               ----------------                                                                                           
               core_4   -> LUMO+2      -0.7497                                                                            
               core_4   -> LUMO+6       0.3505                                                                            
               core_4   -> LUMO+3       0.3039                                                                            
               core_4   -> LUMO+5       0.2830                                                                            
                                                                                                                          
               Excited state 37                                                                                           
               ----------------                                                                                           
               core_6   -> LUMO+5       0.9086                                                                            
               core_6   -> LUMO        -0.2740                                                                            
               core_6   -> LUMO+6      -0.2048                                                                            
                                                                                                                          
               Excited state 38                                                                                           
               ----------------                                                                                           
               core_7   -> LUMO+9      -0.6899                                                                            
               core_7   -> LUMO+8      -0.4427                                                                            
               core_7   -> LUMO+6       0.2891                                                                            
               core_7   -> LUMO+3      -0.2359                                                                            
               core_7   -> LUMO+4      -0.2253                                                                            
                                                                                                                          
               Excited state 39                                                                                           
               ----------------                                                                                           
               core_9   -> LUMO+8       0.5787                                                                            
               core_9   -> LUMO+3      -0.5166                                                                            
               core_9   -> LUMO+6       0.4109                                                                            
               core_9   -> LUMO+12      0.2768                                                                            
               core_9   -> LUMO+2       0.2264                                                                            
                                                                                                                          
               Excited state 40                                                                                           
               ----------------                                                                                           
               core_8   -> LUMO+3      -0.4469                                                                            
               core_8   -> LUMO+2       0.3741                                                                            
               core_8   -> LUMO+7      -0.3676                                                                            
               core_8   -> LUMO+8      -0.3615                                                                            
               core_8   -> LUMO+6       0.3581                                                                            
               core_8   -> LUMO+11      0.3090                                                                            
               core_8   -> LUMO+9      -0.2314                                                                            
                                                                                                                          
               Excited state 41                                                                                           
               ----------------                                                                                           
               core_8   -> LUMO+4       0.5688                                                                            
               core_8   -> LUMO+9      -0.5395                                                                            
               core_8   -> LUMO+10     -0.2364                                                                            
               core_8   -> LUMO+12     -0.2086                                                                            
               core_8   -> LUMO+2      -0.2045                                                                            
                                                                                                                          
               Excited state 42                                                                                           
               ----------------                                                                                           
               core_6   -> LUMO+8      -0.4912                                                                            
               core_6   -> LUMO+7      -0.4639                                                                            
               core_6   -> LUMO+2       0.3532                                                                            
               core_6   -> LUMO+11      0.2991                                                                            
               core_6   -> LUMO+4      -0.2938                                                                            
               core_6   -> LUMO+3      -0.2889                                                                            
                                                                                                                          
               Excited state 43                                                                                           
               ----------------                                                                                           
               core_8   -> LUMO+8       0.5331                                                                            
               core_8   -> LUMO+3      -0.4754                                                                            
               core_8   -> LUMO+9       0.4206                                                                            
               core_8   -> LUMO+4       0.2714                                                                            
               core_8   -> LUMO+7      -0.2308                                                                            
                                                                                                                          
               Excited state 44                                                                                           
               ----------------                                                                                           
               core_5   -> LUMO+4       0.6009                                                                            
               core_5   -> LUMO+2      -0.5084                                                                            
               core_5   -> LUMO+6      -0.4023                                                                            
               core_5   -> LUMO+7       0.3427                                                                            
                                                                                                                          
               Excited state 45                                                                                           
               ----------------                                                                                           
               core_9   -> LUMO+8      -0.4576                                                                            
               core_9   -> LUMO+4       0.4190                                                                            
               core_9   -> LUMO+10      0.3839                                                                            
               core_9   -> LUMO+9       0.3699                                                                            
               core_9   -> LUMO+3      -0.2634                                                                            
               core_9   -> LUMO+7       0.2614                                                                            
               core_9   -> LUMO+6       0.2178                                                                            
               core_9   -> LUMO+2       0.2177                                                                            
                                                                                                                          
               Excited state 46                                                                                           
               ----------------                                                                                           
               core_5   -> LUMO+3       0.6448                                                                            
               core_5   -> LUMO+4      -0.5400                                                                            
               core_5   -> LUMO+6      -0.3322                                                                            
               core_5   -> LUMO+7       0.2879                                                                            
                                                                                                                          
               Excited state 47                                                                                           
               ----------------                                                                                           
               core_6   -> LUMO+9      -0.7067                                                                            
               core_6   -> LUMO+11      0.3395                                                                            
               core_6   -> LUMO+6       0.2698                                                                            
               core_6   -> LUMO+4       0.2587                                                                            
               core_6   -> LUMO+7       0.2111                                                                            
               core_6   -> LUMO+14      0.2071                                                                            
                                                                                                                          
               Excited state 48                                                                                           
               ----------------                                                                                           
               core_7   -> LUMO+6       0.6593                                                                            
               core_7   -> LUMO+3      -0.4443                                                                            
               core_7   -> LUMO+10      0.2741                                                                            
               core_7   -> LUMO+7       0.2621                                                                            
               core_7   -> LUMO+9       0.2545                                                                            
               core_7   -> LUMO+2       0.2544                                                                            
                                                                                                                          
               Excited state 49                                                                                           
               ----------------                                                                                           
               core_6   -> LUMO+8      -0.6089                                                                            
               core_6   -> LUMO+3       0.5595                                                                            
               core_6   -> LUMO+10      0.3273                                                                            
               core_6   -> LUMO+2      -0.2258                                                                            
                                                                                                                          
               Excited state 50                                                                                           
               ----------------                                                                                           
               core_3   -> LUMO+1      -0.5652                                                                            
               core_3   -> LUMO+2       0.5535                                                                            
               core_3   -> LUMO+3      -0.4746                                                                            
               core_3   -> LUMO+4       0.2492                                                                            
                                                                                                                          
               Excited state 51                                                                                           
               ----------------                                                                                           
               core_3   -> LUMO+1      -0.7789                                                                            
               core_3   -> LUMO+3       0.4157                                                                            
               core_3   -> LUMO+2      -0.3258                                                                            
                                                                                                                          
               Excited state 52                                                                                           
               ----------------                                                                                           
               core_8   -> LUMO+6      -0.6402                                                                            
               core_8   -> LUMO+7      -0.5564                                                                            
               core_8   -> LUMO+12     -0.2822                                                                            
               core_8   -> LUMO+4      -0.2730                                                                            
               core_8   -> LUMO+9      -0.2178                                                                            
                                                                                                                          
               Excited state 53                                                                                           
               ----------------                                                                                           
               core_7   -> LUMO+8       0.6412                                                                            
               core_7   -> LUMO+4      -0.4181                                                                            
               core_7   -> LUMO+9      -0.3354                                                                            
               core_7   -> LUMO+15      0.2013                                                                            
                                                                                                                          
               Excited state 54                                                                                           
               ----------------                                                                                           
               core_4   -> LUMO+2       0.5020                                                                            
               core_4   -> LUMO+4      -0.4264                                                                            
               core_4   -> LUMO+3       0.3834                                                                            
               core_4   -> LUMO+7      -0.3111                                                                            
               core_4   -> LUMO+6       0.2415                                                                            
               core_4   -> LUMO+8      -0.2231                                                                            
                                                                                                                          
               Excited state 55                                                                                           
               ----------------                                                                                           
               core_5   -> LUMO+9       0.7736                                                                            
               core_5   -> LUMO+8       0.4515                                                                            
               core_5   -> LUMO+6      -0.2175                                                                            
                                                                                                                          
               Excited state 56                                                                                           
               ----------------                                                                                           
               core_3   -> LUMO+5      -0.7481                                                                            
               core_3   -> LUMO        -0.6065                                                                            
                                                                                                                          
               Excited state 57                                                                                           
               ----------------                                                                                           
               core_6   -> LUMO+6      -0.4619                                                                            
               core_6   -> LUMO+4      -0.3908                                                                            
               core_6   -> LUMO+10     -0.3610                                                                            
               core_6   -> LUMO+12     -0.3268                                                                            
               core_6   -> LUMO+3       0.3049                                                                            
               core_6   -> LUMO+9      -0.2753                                                                            
               core_6   -> LUMO+7      -0.2734                                                                            
                                                                                                                          
               Excited state 58                                                                                           
               ----------------                                                                                           
               core_5   -> LUMO+7      -0.4982                                                                            
               core_5   -> LUMO+9      -0.4708                                                                            
               core_5   -> LUMO+6      -0.4529                                                                            
               core_5   -> LUMO+8       0.4152                                                                            
                                                                                                                          
               Excited state 59                                                                                           
               ----------------                                                                                           
               core_9   -> LUMO+10      0.6078                                                                            
               core_9   -> LUMO+11      0.5418                                                                            
               core_9   -> LUMO+6      -0.3872                                                                            
               core_9   -> LUMO+8       0.2072                                                                            
                                                                                                                          
               Excited state 60                                                                                           
               ----------------                                                                                           
               core_5   -> LUMO+8       0.6837                                                                            
               core_5   -> LUMO+6       0.4415                                                                            
               core_5   -> LUMO+4       0.3240                                                                            
               core_5   -> LUMO+7       0.3157                                                                            
                                                                                                                          
               Excited state 61                                                                                           
               ----------------                                                                                           
               core_9   -> LUMO+11      0.4506                                                                            
               core_9   -> LUMO+14      0.4433                                                                            
               core_9   -> LUMO+9       0.3044                                                                            
               core_9   -> LUMO+7       0.2905                                                                            
               core_9   -> LUMO+10     -0.2898                                                                            
               core_9   -> LUMO+16      0.2751                                                                            
               core_9   -> LUMO+15     -0.2344                                                                            
               core_9   -> LUMO+17     -0.2262                                                                            
               core_9   -> LUMO+19      0.2058                                                                            
                                                                                                                          
               Excited state 62                                                                                           
               ----------------                                                                                           
               core_7   -> LUMO+10     -0.6054                                                                            
               core_7   -> LUMO+17     -0.3746                                                                            
               core_7   -> LUMO+8       0.3311                                                                            
               core_7   -> LUMO+14      0.3112                                                                            
               core_7   -> LUMO+19      0.2255                                                                            
                                                                                                                          
               Excited state 63                                                                                           
               ----------------                                                                                           
               core_8   -> LUMO+11      0.4342                                                                            
               core_8   -> LUMO+10      0.4316                                                                            
               core_8   -> LUMO+8       0.3415                                                                            
               core_8   -> LUMO+12      0.2922                                                                            
               core_8   -> LUMO+13     -0.2554                                                                            
               core_8   -> LUMO+16      0.2504                                                                            
               core_8   -> LUMO+15      0.2227                                                                            
               core_8   -> LUMO+9      -0.2185                                                                            
               core_8   -> LUMO+6      -0.2183                                                                            
                                                                                                                          
               Excited state 64                                                                                           
               ----------------                                                                                           
               core_4   -> LUMO+3      -0.7390                                                                            
               core_4   -> LUMO+7      -0.4977                                                                            
               core_4   -> LUMO+4      -0.2985                                                                            
               core_4   -> LUMO+6       0.2083                                                                            
                                                                                                                          
               Excited state 65                                                                                           
               ----------------                                                                                           
               core_9   -> LUMO+12      0.7732                                                                            
               core_9   -> LUMO+17     -0.3807                                                                            
               core_9   -> LUMO+6      -0.2889                                                                            
                                                                                                                          
               Excited state 66                                                                                           
               ----------------                                                                                           
               core_8   -> LUMO+12      0.5544                                                                            
               core_8   -> LUMO+11     -0.4056                                                                            
               core_8   -> LUMO+9      -0.3545                                                                            
               core_8   -> LUMO+16     -0.3023                                                                            
               core_8   -> LUMO+15      0.2486                                                                            
               core_8   -> LUMO+21     -0.2021                                                                            
                                                                                                                          
               Excited state 67                                                                                           
               ----------------                                                                                           
               core_7   -> LUMO+11     -0.7497                                                                            
               core_7   -> LUMO+10     -0.3213                                                                            
               core_7   -> LUMO+14     -0.3161                                                                            
               core_7   -> LUMO+17      0.2251                                                                            
               core_7   -> LUMO+7      -0.2244                                                                            
                                                                                                                          
               Excited state 68                                                                                           
               ----------------                                                                                           
               core_4   -> LUMO+4       0.7044                                                                            
               core_4   -> LUMO+6       0.4079                                                                            
               core_4   -> LUMO+7      -0.2794                                                                            
               core_4   -> LUMO+2       0.2716                                                                            
               core_4   -> LUMO+9      -0.2586                                                                            
                                                                                                                          
               Excited state 69                                                                                           
               ----------------                                                                                           
               core_9   -> LUMO+13     -0.6157                                                                            
               core_9   -> LUMO+17      0.3209                                                                            
               core_9   -> LUMO+10     -0.3181                                                                            
               core_9   -> LUMO+15      0.3104                                                                            
               core_9   -> LUMO+7       0.3054                                                                            
                                                                                                                          
               Excited state 70                                                                                           
               ----------------                                                                                           
               core_8   -> LUMO+11     -0.4565                                                                            
               core_8   -> LUMO+10      0.4125                                                                            
               core_8   -> LUMO+8       0.2725                                                                            
               core_6   -> LUMO+11     -0.2702                                                                            
               core_8   -> LUMO+12     -0.2387                                                                            
               core_8   -> LUMO+9      -0.2103                                                                            
               core_6   -> LUMO+16     -0.2085                                                                            
                                                                                                                          
               Excited state 71                                                                                           
               ----------------                                                                                           
               core_6   -> LUMO+11     -0.4771                                                                            
               core_6   -> LUMO+16     -0.3497                                                                            
               core_6   -> LUMO+7      -0.2892                                                                            
               core_8   -> LUMO+11      0.2854                                                                            
               core_6   -> LUMO+9      -0.2811                                                                            
               core_6   -> LUMO+6       0.2676                                                                            
               core_8   -> LUMO+10     -0.2439                                                                            
               core_6   -> LUMO+10     -0.2069                                                                            
                                                                                                                          
               Excited state 72                                                                                           
               ----------------                                                                                           
               core_3   -> LUMO+6      -0.7082                                                                            
               core_3   -> LUMO+9      -0.3526                                                                            
               core_3   -> LUMO+2       0.3312                                                                            
                                                                                                                          
               Excited state 73                                                                                           
               ----------------                                                                                           
               core_9   -> LUMO+14     -0.6673                                                                            
               core_9   -> LUMO+10     -0.3373                                                                            
               core_9   -> LUMO+11      0.3372                                                                            
               core_9   -> LUMO+15     -0.2837                                                                            
               core_9   -> LUMO+20     -0.2234                                                                            
               core_9   -> LUMO+9      -0.2158                                                                            
                                                                                                                          
               Excited state 74                                                                                           
               ----------------                                                                                           
               core_4   -> LUMO+9       0.7609                                                                            
               core_4   -> LUMO+8       0.3917                                                                            
               core_4   -> LUMO+4       0.3486                                                                            
                                                                                                                          
               Excited state 75                                                                                           
               ----------------                                                                                           
               core_7   -> LUMO+12      0.6973                                                                            
               core_7   -> LUMO+13     -0.3754                                                                            
               core_7   -> LUMO+7       0.2583                                                                            
               core_7   -> LUMO+16     -0.2506                                                                            
               core_7   -> LUMO+10     -0.2245                                                                            
               core_7   -> LUMO+19     -0.2219                                                                            
                                                                                                                          
!========================================================================================================================!
!                               VeloxChem execution completed at Sun Jun 14 17:27:40 2026.                               !
!========================================================================================================================!
!                                          Total execution time is 916.20 sec.                                           !
!========================================================================================================================!
!                     Rinkevicius, Z.; Li, X.; Vahtras, O.; Ahmadzadeh, K.; Brand, M.; Ringholm, M.;                     !
!                              List, N. H.; Scheurer, M.; Scott, M.; Dreuw, A.; Norman, P.                               !
!                     VeloxChem: A Python-driven Density-functional Theory Program for Spectroscopy                      !
!                                Simulations in High-performance Computing Environments.                                 !
!                                       WIREs Comput Mol Sci 2020, 10 (5), e1457.                                        !
!========================================================================================================================!
