!========================================================================================================================!
!                                                                                                                        !
!                                                       VELOXCHEM                                                        !
!                                              AN ELECTRONIC STRUCTURE CODE                                              !
!                                                                                                                        !
!                                        Copyright 2018-2025 VeloxChem developers                                        !
!========================================================================================================================!
!                     VeloxChem execution started on 192 MPI processes at Fri May  8 14:04:16 2026.                      !
!========================================================================================================================!
                                                                                                                          
* Info * Using 1 OpenMP threads per MPI process.                                                                          
                                                                                                                          
* Info * Reading input file 0089_n1s.in...                                                                                
                                                                                                                          
* Info * @jobs                                                                                                            
* Info * task: response                                                                                                   
* Info * @end                                                                                                             
                                                                                                                          
* Info * @method_settings                                                                                                 
* Info * basis: def2-tzvpd                                                                                                
* Info * xcfun: cam-b3lyp                                                                                                 
* Info * @end                                                                                                             
                                                                                                                          
* Info * @response                                                                                                        
* Info * property: absorption                                                                                             
* Info * tamm_dancoff: no                                                                                                 
* Info * nstates: 50                                                                                                      
* Info * core_excitation: yes                                                                                             
* Info * num_core_orbitals: 2                                                                                             
* Info * @end                                                                                                             
                                                                                                                          
                                              Molecular Geometry (Angstroms)                                              
                                             ================================                                             
                                                                                                                          
                          Atom         Coordinate X          Coordinate Y          Coordinate Z                           
                                                                                                                          
                           O          -1.627668374900       -1.174795849800        0.055339187800                         
                           N          -1.577118170000        1.031300950800        0.008832412700                         
                           C          -0.253688332400       -0.684339276600       -0.105467403500                         
                           C          -0.292088068900        0.670496651100       -0.119964288100                         
                           C           0.938873582300       -1.323989129200       -0.084306324700                         
                           C           0.890342352200        1.461361518700       -0.065484931000                         
                           C           2.090577488700       -0.696916546400        0.079667439300                         
                           C           2.085420499600        0.689396483600        0.090079041500                         
                           C          -2.211182028100       -0.029165078300        0.070309438700                         
                           H           0.978362114000       -2.383032919500       -0.079223027700                         
                           H           0.951316670800        2.471558536600        0.084678304900                         
                           H           3.032473296900       -1.013631206100        0.095791215700                         
                           H           3.028078768000        1.284205721400        0.243770971600                         
                           H          -3.264488946100        0.048104839600        0.270193292400                         
                                                                                                                          
                          Molecular charge            : 0                                                                 
                          Spin multiplicity           : 1                                                                 
                          Number of atoms             : 14                                                                
                          Number of alpha electrons   : 31                                                                
                          Number of beta  electrons   : 31                                                                
                                                                                                                          
* Info * Reading basis set from file: /net/home/plgrid/plgiubru7/software/vlx-cpu/cpuvlxenv/lib/python3.11/site-packages/veloxchem/basis/DEF2-TZVPD
                                                                                                                          
                                              Molecular Basis (Atomic Basis)                                              
                                             ================================                                             
                                                                                                                          
                               Basis: DEF2-TZVPD                                                                          
                                                                                                                          
                               Atom Contracted GTOs           Primitive GTOs                                              
                                                                                                                          
                               O     (6S,4P,3D,1F)             (12S,7P,3D,1F)                                             
                               N     (6S,3P,3D,1F)             (12S,6P,3D,1F)                                             
                               C     (6S,3P,3D,1F)             (12S,6P,3D,1F)                                             
                               H     (3S,2P)                   (5S,2P)                                                    
                                                                                                                          
                               Contracted Basis Functions : 381                                                           
                               Primitive Basis Functions  : 526                                                           
                                                                                                                          
                                                                                                                          
                                            Self Consistent Field Driver Setup                                            
                                           ====================================                                           
                                                                                                                          
                   Wave Function Model             : Spin-Restricted Kohn-Sham                                            
                   Initial Guess Model             : Restart from Checkpoint                                              
                   Convergence Accelerator         : Direct Inversion of Iterative Subspace                               
                   Max. Number of Iterations       : 50                                                                   
                   Max. Number of Error Vectors    : 10                                                                   
                   Convergence Threshold           : 1.0e-06                                                              
                   ERI Screening Threshold         : 1.0e-12                                                              
                   Linear Dependence Threshold     : 1.0e-06                                                              
                   Exchange-Correlation Functional : CAM-B3LYP                                                            
                   Molecular Grid Level            : 4                                                                    
                                                                                                                          
* Info * Nuclear repulsion energy: 411.6650982668 a.u.                                                                    
                                                                                                                          
* Info * Using the CAM-B3LYP functional.                                                                                  
                                                                                                                          
         T. Yanai, D. P. Tew, and N. C. Handy.,  Chem. Phys. Lett. 393, 51 (2004)
                                                                                                                          
* Info * Using the Libxc library (v7.0.0).                                                                                
                                                                                                                          
         S. Lehtola, C. Steigemann, M. J.T. Oliveira, and M. A.L. Marques.,  SoftwareX 7, 1–5 (2018)
                                                                                                                          
* Info * Using the following algorithm for XC numerical integration.                                                      
                                                                                                                          
         J. Kussmann, H. Laqua and C. Ochsenfeld, J. Chem. Theory Comput. 2021, 17, 1512-1521
                                                                                                                          
* Info * Molecular grid with 207455 points generated in 0.22 sec.                                                         
                                                                                                                          
* Info * Restarting from checkpoint file: 0089_n1s_scf.h5                                                                 
                                                                                                                          
* Info * Overlap matrix computed in 0.01 sec.                                                                             
                                                                                                                          
* Info * Kinetic energy matrix computed in 0.00 sec.                                                                      
                                                                                                                          
* Info * Nuclear potential matrix computed in 0.02 sec.                                                                   
                                                                                                                          
* Info * Orthogonalization matrix computed in 0.02 sec.                                                                   
                                                                                                                          
* Info * Removed 1 linearly dependent vector.                                                                             
                                                                                                                          
* Info * ERI screening threshold tightened to 1.0e-13.                                                                    
                                                                                                                          
                                                                                                                          
               Iter. |    Kohn-Sham Energy | Energy Change | Gradient Norm | Max. Gradient | Density Change               
               --------------------------------------------------------------------------------------------               
                  1      -399.622742616572    0.0000000000      0.00000030      0.00000001      0.00000000                
                                                                                                                          
* Info * Checkpoint written to file: 0089_n1s_scf.h5                                                                      
                                                                                                                          
* Info * SCF results written to file: 0089_n1s.h5                                                                         
                                                                                                                          
               *** SCF converged in 1 iterations. Time: 2.63 sec.                                                         
                                                                                                                          
               Spin-Restricted Kohn-Sham:                                                                                 
               --------------------------                                                                                 
               Total Energy                       :     -399.6227426166 a.u.                                              
               Electronic Energy                  :     -811.2878408834 a.u.                                              
               Nuclear Repulsion Energy           :      411.6650982668 a.u.                                              
               ------------------------------------                                                                       
               Gradient Norm                      :        0.0000002964 a.u.                                              
                                                                                                                          
                                                                                                                          
               Ground State Information                                                                                   
               ------------------------                                                                                   
               Charge of Molecule            :  0.0                                                                       
               Multiplicity (2S+1)           :  1                                                                         
               Magnetic Quantum Number (M_S) :  0.0                                                                       
                                                                                                                          
                                                                                                                          
                                                 Spin Restricted Orbitals                                                 
                                                 ------------------------                                                 
                                                                                                                          
               Molecular Orbital No.  27:                                                                                 
               --------------------------                                                                                 
               Occupation: 2.000 Energy:   -0.43269 a.u.                                                                  
               (   3 C   3p-1:    -0.16) (   4 C   5s  :     0.19) (   5 C   5s  :    -0.20)                              
               (   5 C   1p-1:     0.16) (   6 C   3p-1:    -0.15) (   7 C   1p-1:    -0.22)                              
               (   7 C   3p-1:    -0.18) (   8 C   1p-1:     0.22) (   8 C   2p-1:     0.15)                              
                                                                                                                          
               Molecular Orbital No.  28:                                                                                 
               --------------------------                                                                                 
               Occupation: 2.000 Energy:   -0.41144 a.u.                                                                  
               (   1 O   1p0 :    -0.22) (   1 O   2p0 :    -0.19) (   2 N   1p0 :     0.27)                              
               (   2 N   2p0 :     0.23) (   6 C   5s  :    -0.17)                                                        
                                                                                                                          
               Molecular Orbital No.  29:                                                                                 
               --------------------------                                                                                 
               Occupation: 2.000 Energy:   -0.35882 a.u.                                                                  
               (   2 N   4s  :     0.24) (   2 N   5s  :     0.42) (   2 N   6s  :     0.36)                              
               (   2 N   1p+1:    -0.16) (   2 N   1p-1:     0.33) (   2 N   2p-1:     0.23)                              
               (   2 N   3p-1:     0.16) (   3 C   3p+1:     0.22) (   4 C   3p-1:    -0.26)                              
               (   5 C   3p-1:    -0.16) (   9 C   5s  :    -0.16)                                                        
                                                                                                                          
               Molecular Orbital No.  30:                                                                                 
               --------------------------                                                                                 
               Occupation: 2.000 Energy:   -0.32016 a.u.                                                                  
               (   3 C   1p0 :    -0.24) (   3 C   2p0 :    -0.20) (   3 C   3p0 :    -0.15)                              
               (   6 C   1p0 :     0.16) (   8 C   1p0 :     0.24) (   8 C   2p0 :     0.21)                              
                                                                                                                          
               Molecular Orbital No.  31:                                                                                 
               --------------------------                                                                                 
               Occupation: 2.000 Energy:   -0.30440 a.u.                                                                  
               (   2 N   1p0 :     0.16) (   3 C   5s  :     0.21) (   4 C   1p0 :    -0.17)                              
               (   4 C   3p0 :    -0.16) (   5 C   1p0 :     0.16) (   6 C   1p0 :    -0.20)                              
               (   6 C   2p0 :    -0.18) (   7 C   1p0 :     0.20) (   7 C   2p0 :     0.17)                              
               (   9 C   1p0 :     0.16)                                                                                  
                                                                                                                          
               Molecular Orbital No.  32:                                                                                 
               --------------------------                                                                                 
               Occupation: 0.000 Energy:    0.00615 a.u.                                                                  
               (   1 O   6s  :     0.28) (   1 O   4p0 :     0.17) (   2 N   5s  :     0.17)                              
               (   3 C   5s  :    -0.38) (   3 C   3p0 :     0.16) (   3 C   3d-1:     0.16)                              
               (   4 C   5s  :    -0.40) (   4 C   1p0 :    -0.15) (   4 C   3p+1:     0.51)                              
               (   4 C   3p0 :    -0.40) (   4 C   3d+2:    -0.20) (   4 C   3d-1:     0.16)                              
               (   4 C   3d-2:    -0.15) (   5 C   5s  :     0.49) (   5 C   6s  :    -0.17)                              
               (   5 C   1p0 :     0.21) (   5 C   2p0 :     0.20) (   5 C   3d-1:    -0.16)                              
               (   6 C   5s  :     0.35) (   6 C   6s  :    -0.47) (   6 C   1p0 :     0.23)                              
               (   6 C   2p0 :     0.22) (   6 C   3p-1:     0.34) (   6 C   3p0 :     0.16)                              
               (   7 C   5s  :     0.38) (   7 C   6s  :    -0.28) (   7 C   3d-2:    -0.16)                              
               (   8 C   5s  :    -0.37) (   8 C   6s  :     0.23) (   8 C   3p0 :    -0.16)                              
               (   8 C   3d-2:    -0.17) (   9 C   5s  :     0.44) (   9 C   1p0 :     0.18)                              
               (   9 C   2p0 :     0.18) (   9 C   3p+1:     0.32) (  11 H   3s  :    -0.64)                              
               (  12 H   3s  :    -0.21) (  13 H   3s  :     0.55)                                                        
                                                                                                                          
               Molecular Orbital No.  33:                                                                                 
               --------------------------                                                                                 
               Occupation: 0.000 Energy:    0.02757 a.u.                                                                  
               (   1 O   6s  :    -1.26) (   1 O   1p0 :     0.17) (   1 O   4p-1:    -0.19)                              
               (   2 N   5s  :    -0.16) (   3 C   5s  :    -0.95) (   3 C   6s  :     1.58)                              
               (   3 C   1p0 :    -0.24) (   3 C   2p0 :    -0.23) (   3 C   3p+1:     0.46)                              
               (   3 C   3p-1:    -0.88) (   3 C   3p0 :    -0.32) (   4 C   5s  :     1.12)                              
               (   4 C   6s  :    -0.63) (   4 C   3p+1:    -0.53) (   4 C   3p-1:    -0.63)                              
               (   4 C   3p0 :     0.44) (   4 C   3d+2:    -0.42) (   5 C   5s  :    -1.37)                              
               (   5 C   6s  :    -0.55) (   5 C   3p-1:    -0.47) (   6 C   5s  :    -0.23)                              
               (   6 C   3p+1:    -0.19) (   6 C   3p-1:    -0.17) (   6 C   3d-2:     0.25)                              
               (   7 C   5s  :     0.63) (   7 C   6s  :     0.17) (   7 C   3p+1:    -0.65)                              
               (   8 C   5s  :     0.32) (   8 C   6s  :    -0.25) (   8 C   1p0 :    -0.22)                              
               (   8 C   2p0 :    -0.22) (   8 C   3p+1:    -0.24) (   8 C   3p-1:     0.22)                              
               (   9 C   5s  :    -0.17) (   9 C   6s  :     0.42) (   9 C   3p+1:     0.42)                              
               (   9 C   3p-1:    -0.19) (   9 C   3p0 :    -0.18) (  10 H   3s  :    -0.29)                              
               (  12 H   3s  :     0.72) (  12 H   2p+1:    -0.18) (  14 H   3s  :     0.63)                              
               (  14 H   2p+1:     0.15)                                                                                  
                                                                                                                          
               Molecular Orbital No.  34:                                                                                 
               --------------------------                                                                                 
               Occupation: 0.000 Energy:    0.03121 a.u.                                                                  
               (   1 O   5s  :     0.44) (   1 O   6s  :     4.67) (   1 O   4p-1:     1.10)                              
               (   2 N   5s  :     1.22) (   2 N   6s  :     1.71) (   2 N   3p+1:     1.07)                              
               (   2 N   3d+2:     0.32) (   2 N   3d-2:    -0.24) (   3 C   5s  :    -4.74)                              
               (   3 C   6s  :     0.50) (   3 C   3p+1:    -3.21) (   3 C   3p-1:     1.08)                              
               (   3 C   3d+1:     0.19) (   3 C   3d+2:    -2.49) (   3 C   3d-2:    -1.14)                              
               (   4 C   4s  :    -0.17) (   4 C   5s  :    -9.72) (   4 C   6s  :    -1.48)                              
               (   4 C   3p+1:     3.59) (   4 C   3p-1:    -0.22) (   4 C   3p0 :    -0.18)                              
               (   4 C   3d+2:    -1.10) (   4 C   3d-2:    -1.54) (   4 C   3d0 :     0.42)                              
               (   5 C   4s  :     0.49) (   5 C   5s  :     4.16) (   5 C   6s  :    -1.88)                              
               (   5 C   3p+1:    -0.90) (   5 C   3p-1:     2.97) (   5 C   3p0 :    -0.23)                              
               (   5 C   3d+2:    -0.46) (   5 C   3d-1:    -0.24) (   5 C   3d-2:    -1.71)                              
               (   5 C   3d0 :     0.36) (   6 C   4s  :     0.23) (   6 C   5s  :    -1.51)                              
               (   6 C   6s  :    -0.85) (   6 C   3p+1:    -1.56) (   6 C   3p0 :    -0.23)                              
               (   6 C   3d+2:     0.37) (   6 C   3d-2:     0.69) (   6 C   3d0 :     0.25)                              
               (   7 C   4s  :     0.40) (   7 C   5s  :     1.21) (   7 C   6s  :    -2.07)                              
               (   7 C   3p+1:    -1.74) (   7 C   3p-1:     0.76) (   7 C   3d+2:    -0.44)                              
               (   7 C   3d-2:    -0.80) (   7 C   3d0 :     0.42) (   8 C   4s  :     0.19)                              
               (   8 C   5s  :    -0.27) (   8 C   3p+1:    -1.71) (   8 C   3p0 :    -0.46)                              
               (   8 C   3d+2:     0.33) (   8 C   3d-1:    -0.15) (   8 C   3d-2:    -1.37)                              
               (   8 C   3d0 :     0.29) (   9 C   4s  :     0.23) (   9 C   5s  :     3.78)                              
               (   9 C   6s  :    -2.80) (   9 C   3p+1:     1.60) (   9 C   3p-1:     0.81)                              
               (   9 C   3p0 :    -0.23) (   9 C   3d+2:     0.67) (   9 C   3d-2:     0.27)                              
               (  10 H   3s  :     1.62) (  10 H   2p+1:    -0.59) (  10 H   2p-1:     0.30)                              
               (  11 H   3s  :     1.41) (  11 H   2p+1:    -0.29) (  12 H   3s  :     2.45)                              
               (  12 H   2p+1:    -0.25) (  12 H   2p-1:     0.50) (  13 H   3s  :     3.96)                              
               (  13 H   2p+1:    -0.74) (  13 H   2p0 :    -0.20) (  14 H   3s  :    -0.43)                              
               (  14 H   2p-1:     0.17)                                                                                  
                                                                                                                          
               Molecular Orbital No.  35:                                                                                 
               --------------------------                                                                                 
               Occupation: 0.000 Energy:    0.04386 a.u.                                                                  
               (   1 O   5s  :    -0.82) (   1 O   6s  :    -6.40) (   1 O   3p+1:     0.16)                              
               (   1 O   3p-1:    -0.22) (   1 O   4p+1:    -0.58) (   1 O   4p-1:    -1.10)                              
               (   1 O   3d-2:     0.20) (   2 N   5s  :    -2.12) (   2 N   6s  :    -2.15)                              
               (   2 N   3p+1:    -0.85) (   2 N   3p-1:     0.62) (   3 C   5s  :   -11.93)                              
               (   3 C   6s  :     1.75) (   3 C   3p+1:     2.38) (   3 C   3p-1:    -2.53)                              
               (   3 C   3p0 :     0.15) (   3 C   3d+2:     0.23) (   3 C   3d-2:     2.67)                              
               (   3 C   3d0 :     0.31) (   4 C   5s  :     0.54) (   4 C   6s  :     2.41)                              
               (   4 C   3p+1:    -7.18) (   4 C   3p-1:    -4.64) (   4 C   3p0 :     0.27)                              
               (   4 C   3d+1:     0.16) (   4 C   3d+2:    -1.74) (   4 C   3d-1:     0.24)                              
               (   4 C   3d-2:     0.51) (   4 C   3d0 :    -0.59) (   5 C   5s  :    -1.96)                              
               (   5 C   6s  :     0.29) (   5 C   3p+1:    -2.90) (   5 C   3p-1:    -1.61)                              
               (   5 C   3p0 :    -0.22) (   5 C   3d+1:    -0.17) (   5 C   3d+2:     0.29)                              
               (   5 C   3d-2:    -1.13) (   6 C   5s  :     1.52) (   6 C   6s  :    -0.40)                              
               (   6 C   3p+1:    -3.35) (   6 C   3p-1:    -3.01) (   6 C   3p0 :    -0.66)                              
               (   6 C   3d+1:     0.42) (   6 C   3d+2:     0.36) (   6 C   3d-2:     2.36)                              
               (   7 C   4s  :     0.54) (   7 C   5s  :     6.84) (   7 C   6s  :    -2.03)                              
               (   7 C   3p+1:    -3.76) (   7 C   3p-1:     1.06) (   7 C   3p0 :    -0.46)                              
               (   7 C   3d-1:    -0.17) (   7 C   3d-2:     0.23) (   7 C   3d0 :     0.24)                              
               (   8 C   4s  :     0.49) (   8 C   5s  :    -0.29) (   8 C   6s  :    -2.16)                              
               (   8 C   3p+1:    -1.64) (   8 C   3p-1:     1.41) (   8 C   3p0 :    -0.34)                              
               (   8 C   3d+2:     0.99) (   8 C   3d-1:    -0.29) (   8 C   3d-2:    -1.11)                              
               (   8 C   3d0 :     0.58) (   9 C   5s  :     3.46) (   9 C   6s  :     3.23)                              
               (   9 C   3p+1:     2.03) (   9 C   3p-1:    -1.13) (   9 C   3p0 :    -0.16)                              
               (   9 C   3d-2:    -0.40) (   9 C   3d0 :    -0.23) (  10 H   3s  :     0.31)                              
               (  10 H   2p+1:    -0.43) (  11 H   3s  :     2.89) (  11 H   2p+1:    -0.95)                              
               (  11 H   2p-1:    -0.52) (  12 H   3s  :     3.44) (  12 H   2p+1:    -0.57)                              
               (  13 H   3s  :     2.78) (  13 H   2p+1:    -0.62) (  14 H   3s  :     0.60)                              
               (  14 H   2p+1:     0.29) (  14 H   2p-1:    -0.18)                                                        
                                                                                                                          
               Molecular Orbital No.  36:                                                                                 
               --------------------------                                                                                 
               Occupation: 0.000 Energy:    0.05427 a.u.                                                                  
               (   1 O   6s  :     1.66) (   1 O   4p-1:     0.62) (   2 N   5s  :     0.26)                              
               (   2 N   6s  :     0.63) (   2 N   3p+1:    -0.60) (   2 N   3d+2:    -0.16)                              
               (   2 N   3d-2:     0.22) (   3 C   5s  :     6.83) (   3 C   6s  :     2.37)                              
               (   3 C   3p+1:     0.21) (   3 C   3p0 :    -0.45) (   3 C   3d+2:    -2.60)                              
               (   3 C   3d-2:    -1.81) (   3 C   3d0 :    -0.25) (   4 C   5s  :     0.96)                              
               (   4 C   6s  :    -0.96) (   4 C   2p-1:     0.16) (   4 C   3p+1:     3.49)                              
               (   4 C   3p-1:     3.32) (   4 C   3p0 :     0.24) (   4 C   3d+2:     2.75)                              
               (   4 C   3d-1:    -0.22) (   4 C   3d-2:     0.67) (   4 C   3d0 :    -0.45)                              
               (   5 C   4s  :     0.76) (   5 C   5s  :     3.33) (   5 C   6s  :    -4.03)                              
               (   5 C   3p+1:     3.42) (   5 C   3p-1:     2.58) (   5 C   3p0 :     0.59)                              
               (   5 C   3d+2:    -0.86) (   5 C   3d-2:    -1.04) (   5 C   3d0 :     0.61)                              
               (   6 C   4s  :    -0.66) (   6 C   5s  :    -8.57) (   6 C   6s  :     3.41)                              
               (   6 C   3p+1:     1.38) (   6 C   3p-1:     5.10) (   6 C   3p0 :     0.44)                              
               (   6 C   3d+2:     0.47) (   6 C   3d-2:    -0.98) (   6 C   3d0 :    -0.37)                              
               (   7 C   4s  :     0.44) (   7 C   5s  :     2.84) (   7 C   6s  :    -2.65)                              
               (   7 C   3p+1:     1.12) (   7 C   3p-1:     3.20) (   7 C   3d+1:    -0.19)                              
               (   7 C   3d+2:    -1.24) (   7 C   3d-2:    -2.09) (   7 C   3d0 :     0.62)                              
               (   8 C   4s  :    -0.32) (   8 C   5s  :    -2.64) (   8 C   6s  :     2.46)                              
               (   8 C   3p+1:     0.74) (   8 C   3p-1:     2.78) (   8 C   3p0 :     0.17)                              
               (   8 C   3d+1:     0.26) (   8 C   3d+2:     2.00) (   8 C   3d-2:    -0.84)                              
               (   8 C   3d0 :    -0.44) (   9 C   4s  :    -0.22) (   9 C   5s  :     0.25)                              
               (   9 C   6s  :     0.66) (   9 C   3p+1:    -1.52) (   9 C   3p-1:    -1.59)                              
               (   9 C   3p0 :     0.18) (   9 C   3d+1:    -0.26) (   9 C   3d+2:     0.76)                              
               (   9 C   3d-1:     0.21) (   9 C   3d-2:    -1.19) (   9 C   3d0 :    -0.46)                              
               (  10 H   3s  :     1.38) (  10 H   2p+1:    -0.49) (  10 H   2p-1:     0.28)                              
               (  11 H   3s  :    -3.53) (  11 H   2p+1:     0.43) (  11 H   2p-1:     0.61)                              
               (  12 H   2p+1:     0.32) (  12 H   2p-1:     0.72) (  13 H   3s  :    -2.54)                              
               (  13 H   2p-1:     0.85) (  14 H   3s  :    -3.46) (  14 H   2p+1:    -0.36)                              
               (  14 H   2p-1:    -0.40)                                                                                  
                                                                                                                          
                                                                                                                          
                                                Ground State Dipole Moment                                                
                                               ----------------------------                                               
                                                                                                                          
                                   X   :         0.418759 a.u.         1.064378 Debye                                     
                                   Y   :        -0.404622 a.u.        -1.028448 Debye                                     
                                   Z   :         0.102922 a.u.         0.261601 Debye                                     
                                 Total :         0.591330 a.u.         1.503011 Debye                                     
                                                                                                                          
                                                                                                                          
                                            Linear Response EigenSolver Setup                                             
                                           ===================================                                            
                                                                                                                          
                               Number of States                : 50                                                       
                               Max. Number of Iterations       : 150                                                      
                               Convergence Threshold           : 1.0e-04                                                  
                               ERI Screening Threshold         : 1.0e-13                                                  
                               Exchange-Correlation Functional : CAM-B3LYP                                                
                               Molecular Grid Level            : 4                                                        
                                                                                                                          
* Info * Using the CAM-B3LYP functional.                                                                                  
                                                                                                                          
         T. Yanai, D. P. Tew, and N. C. Handy.,  Chem. Phys. Lett. 393, 51 (2004)
                                                                                                                          
* Info * Using the Libxc library (v7.0.0).                                                                                
                                                                                                                          
         S. Lehtola, C. Steigemann, M. J.T. Oliveira, and M. A.L. Marques.,  SoftwareX 7, 1–5 (2018)
                                                                                                                          
* Info * Using the following algorithm for XC numerical integration.                                                      
                                                                                                                          
         J. Kussmann, H. Laqua and C. Ochsenfeld, J. Chem. Theory Comput. 2021, 17, 1512-1521
                                                                                                                          
* Info * Molecular grid with 207455 points generated in 0.20 sec.                                                         
                                                                                                                          
* Info * Processing 50 Fock builds...                                                                                     
                                                                                                                          
* Info * 50 gerade trial vectors in reduced space                                                                         
* Info * 50 ungerade trial vectors in reduced space                                                                       
                                                                                                                          
* Info * 15.06 kB of memory used for subspace procedure on the master node                                                
* Info * 748.71 GB of memory available for the solver on the master node                                                  
                                                                                                                          
               *** Iteration:   1 * Residuals (Max,Min): 1.50e-01 and 3.42e-02                                            
                                                                                                                          
               Excitation 1   :     14.22169223 Residual Norm: 0.09570113                                                 
               Excitation 2   :     14.28208949 Residual Norm: 0.05400153                                                 
               Excitation 3   :     14.29368621 Residual Norm: 0.09595748                                                 
               Excitation 4   :     14.30553055 Residual Norm: 0.10170571                                                 
               Excitation 5   :     14.33277879 Residual Norm: 0.04736639                                                 
               Excitation 6   :     14.34221527 Residual Norm: 0.05226561                                                 
               Excitation 7   :     14.35268736 Residual Norm: 0.10323398                                                 
               Excitation 8   :     14.36260308 Residual Norm: 0.03416248                                                 
               Excitation 9   :     14.37052464 Residual Norm: 0.08521671                                                 
               Excitation 10  :     14.37788952 Residual Norm: 0.04429955                                                 
               Excitation 11  :     14.39572451 Residual Norm: 0.05673810                                                 
               Excitation 12  :     14.40377053 Residual Norm: 0.07101407                                                 
               Excitation 13  :     14.40762623 Residual Norm: 0.06213300                                                 
               Excitation 14  :     14.42405447 Residual Norm: 0.03716340                                                 
               Excitation 15  :     14.42574108 Residual Norm: 0.05418537                                                 
               Excitation 16  :     14.43885467 Residual Norm: 0.03587514                                                 
               Excitation 17  :     14.44702331 Residual Norm: 0.04436143                                                 
               Excitation 18  :     14.45212810 Residual Norm: 0.08769469                                                 
               Excitation 19  :     14.46350850 Residual Norm: 0.05702000                                                 
               Excitation 20  :     14.47150726 Residual Norm: 0.07821576                                                 
               Excitation 21  :     14.47570253 Residual Norm: 0.06002165                                                 
               Excitation 22  :     14.48123347 Residual Norm: 0.05850846                                                 
               Excitation 23  :     14.49017196 Residual Norm: 0.11840350                                                 
               Excitation 24  :     14.49726629 Residual Norm: 0.07388679                                                 
               Excitation 25  :     14.50538454 Residual Norm: 0.15019057                                                 
               Excitation 26  :     14.51849791 Residual Norm: 0.07309578                                                 
               Excitation 27  :     14.52462205 Residual Norm: 0.04987962                                                 
               Excitation 28  :     14.52572804 Residual Norm: 0.04687264                                                 
               Excitation 29  :     14.53393197 Residual Norm: 0.04915995                                                 
               Excitation 30  :     14.53713808 Residual Norm: 0.05698144                                                 
               Excitation 31  :     14.54541410 Residual Norm: 0.12415172                                                 
               Excitation 32  :     14.55007919 Residual Norm: 0.05037158                                                 
               Excitation 33  :     14.55573261 Residual Norm: 0.06156472                                                 
               Excitation 34  :     14.56173702 Residual Norm: 0.08490918                                                 
               Excitation 35  :     14.56880864 Residual Norm: 0.06707918                                                 
               Excitation 36  :     14.57515131 Residual Norm: 0.04694447                                                 
               Excitation 37  :     14.58322227 Residual Norm: 0.06011981                                                 
               Excitation 38  :     14.59001167 Residual Norm: 0.05687687                                                 
               Excitation 39  :     14.59585844 Residual Norm: 0.09048925                                                 
               Excitation 40  :     14.60246163 Residual Norm: 0.05696805                                                 
               Excitation 41  :     14.60531179 Residual Norm: 0.05440692                                                 
               Excitation 42  :     14.61420712 Residual Norm: 0.06164418                                                 
               Excitation 43  :     14.62102266 Residual Norm: 0.09162859                                                 
               Excitation 44  :     14.62289221 Residual Norm: 0.05498769                                                 
               Excitation 45  :     14.62994542 Residual Norm: 0.06045844                                                 
               Excitation 46  :     14.63907913 Residual Norm: 0.06793356                                                 
               Excitation 47  :     14.64605097 Residual Norm: 0.05092830                                                 
               Excitation 48  :     14.65037406 Residual Norm: 0.06315036                                                 
               Excitation 49  :     14.65337421 Residual Norm: 0.07462615                                                 
               Excitation 50  :     14.66490019 Residual Norm: 0.05528846                                                 
                                                                                                                          
* Info * Processing 50 Fock builds...                                                                                     
                                                                                                                          
* Info * 100 gerade trial vectors in reduced space                                                                        
* Info * 100 ungerade trial vectors in reduced space                                                                      
                                                                                                                          
* Info * 21.46 kB of memory used for subspace procedure on the master node                                                
* Info * 748.61 GB of memory available for the solver on the master node                                                  
                                                                                                                          
               *** Iteration:   2 * Residuals (Max,Min): 1.06e-01 and 3.35e-03                                            
                                                                                                                          
               Excitation 1   :     14.21957004 Residual Norm: 0.00879285                                                 
               Excitation 2   :     14.28127398 Residual Norm: 0.00403049                                                 
               Excitation 3   :     14.29155632 Residual Norm: 0.00925556                                                 
               Excitation 4   :     14.30476282 Residual Norm: 0.00813288                                                 
               Excitation 5   :     14.33202354 Residual Norm: 0.00453148                                                 
               Excitation 6   :     14.34136394 Residual Norm: 0.00748695                                                 
               Excitation 7   :     14.35210071 Residual Norm: 0.00862346                                                 
               Excitation 8   :     14.36203444 Residual Norm: 0.00334705                                                 
               Excitation 9   :     14.36995170 Residual Norm: 0.00756737                                                 
               Excitation 10  :     14.37735433 Residual Norm: 0.00501360                                                 
               Excitation 11  :     14.39447057 Residual Norm: 0.00728638                                                 
               Excitation 12  :     14.40289358 Residual Norm: 0.00695198                                                 
               Excitation 13  :     14.40628929 Residual Norm: 0.00845389                                                 
               Excitation 14  :     14.42316853 Residual Norm: 0.00406093                                                 
               Excitation 15  :     14.42441764 Residual Norm: 0.00548014                                                 
               Excitation 16  :     14.43791607 Residual Norm: 0.00336953                                                 
               Excitation 17  :     14.44597264 Residual Norm: 0.00458276                                                 
               Excitation 18  :     14.44979044 Residual Norm: 0.01042994                                                 
               Excitation 19  :     14.46192553 Residual Norm: 0.00752093                                                 
               Excitation 20  :     14.46907530 Residual Norm: 0.01225032                                                 
               Excitation 21  :     14.47339309 Residual Norm: 0.00854389                                                 
               Excitation 22  :     14.47934815 Residual Norm: 0.00644486                                                 
               Excitation 23  :     14.48746987 Residual Norm: 0.01218653                                                 
               Excitation 24  :     14.49282427 Residual Norm: 0.00936906                                                 
               Excitation 25  :     14.50103858 Residual Norm: 0.01061273                                                 
               Excitation 26  :     14.51533578 Residual Norm: 0.01093287                                                 
               Excitation 27  :     14.52228442 Residual Norm: 0.01046993                                                 
               Excitation 28  :     14.52290323 Residual Norm: 0.01668690                                                 
               Excitation 29  :     14.53177636 Residual Norm: 0.00934771                                                 
               Excitation 30  :     14.53388488 Residual Norm: 0.01636429                                                 
               Excitation 31  :     14.54033851 Residual Norm: 0.01555989                                                 
               Excitation 32  :     14.54780722 Residual Norm: 0.01268875                                                 
               Excitation 33  :     14.55356916 Residual Norm: 0.01263415                                                 
               Excitation 34  :     14.55766636 Residual Norm: 0.01044003                                                 
               Excitation 35  :     14.56689203 Residual Norm: 0.00857200                                                 
               Excitation 36  :     14.57251674 Residual Norm: 0.00902254                                                 
               Excitation 37  :     14.57874325 Residual Norm: 0.01302852                                                 
               Excitation 38  :     14.58573519 Residual Norm: 0.02306432                                                 
               Excitation 39  :     14.59189601 Residual Norm: 0.01618024                                                 
               Excitation 40  :     14.59847094 Residual Norm: 0.01643533                                                 
               Excitation 41  :     14.60085120 Residual Norm: 0.02201274                                                 
               Excitation 42  :     14.60592472 Residual Norm: 0.04140727                                                 
               Excitation 43  :     14.60879534 Residual Norm: 0.03841463                                                 
               Excitation 44  :     14.61735935 Residual Norm: 0.04740441                                                 
               Excitation 45  :     14.62563386 Residual Norm: 0.03438249                                                 
               Excitation 46  :     14.63029878 Residual Norm: 0.05424424                                                 
               Excitation 47  :     14.63809728 Residual Norm: 0.02625376                                                 
               Excitation 48  :     14.64281184 Residual Norm: 0.02621502                                                 
               Excitation 49  :     14.64646387 Residual Norm: 0.03194419                                                 
               Excitation 50  :     14.65266177 Residual Norm: 0.10581583                                                 
                                                                                                                          
* Info * Processing 50 Fock builds...                                                                                     
                                                                                                                          
* Info * 150 gerade trial vectors in reduced space                                                                        
* Info * 150 ungerade trial vectors in reduced space                                                                      
                                                                                                                          
* Info * 27.86 kB of memory used for subspace procedure on the master node                                                
* Info * 748.73 GB of memory available for the solver on the master node                                                  
                                                                                                                          
               *** Iteration:   3 * Residuals (Max,Min): 9.23e-03 and 1.14e-04                                            
                                                                                                                          
               Excitation 1   :     14.21956816 Residual Norm: 0.00028272                                                 
               Excitation 2   :     14.28127237 Residual Norm: 0.00015469                                                 
               Excitation 3   :     14.29155431 Residual Norm: 0.00027352                                                 
               Excitation 4   :     14.30475952 Residual Norm: 0.00024650                                                 
               Excitation 5   :     14.33202183 Residual Norm: 0.00020015                                                 
               Excitation 6   :     14.34135929 Residual Norm: 0.00029383                                                 
               Excitation 7   :     14.35209618 Residual Norm: 0.00026527                                                 
               Excitation 8   :     14.36203356 Residual Norm: 0.00011380                                                 
               Excitation 9   :     14.36994841 Residual Norm: 0.00023780                                                 
               Excitation 10  :     14.37735071 Residual Norm: 0.00019151                                                 
               Excitation 11  :     14.39446285 Residual Norm: 0.00038465                                                 
               Excitation 12  :     14.40288947 Residual Norm: 0.00028836                                                 
               Excitation 13  :     14.40627708 Residual Norm: 0.00042587                                                 
               Excitation 14  :     14.42316660 Residual Norm: 0.00019842                                                 
               Excitation 15  :     14.42441381 Residual Norm: 0.00020109                                                 
               Excitation 16  :     14.43791270 Residual Norm: 0.00014905                                                 
               Excitation 17  :     14.44596863 Residual Norm: 0.00023262                                                 
               Excitation 18  :     14.44977366 Residual Norm: 0.00052433                                                 
               Excitation 19  :     14.46192000 Residual Norm: 0.00027860                                                 
               Excitation 20  :     14.46905677 Residual Norm: 0.00056785                                                 
               Excitation 21  :     14.47338161 Residual Norm: 0.00029474                                                 
               Excitation 22  :     14.47934006 Residual Norm: 0.00027466                                                 
               Excitation 23  :     14.48745466 Residual Norm: 0.00053251                                                 
               Excitation 24  :     14.49280697 Residual Norm: 0.00050427                                                 
               Excitation 25  :     14.50101056 Residual Norm: 0.00061264                                                 
               Excitation 26  :     14.51531071 Residual Norm: 0.00061480                                                 
               Excitation 27  :     14.52226661 Residual Norm: 0.00049341                                                 
               Excitation 28  :     14.52286079 Residual Norm: 0.00070544                                                 
               Excitation 29  :     14.53176260 Residual Norm: 0.00058310                                                 
               Excitation 30  :     14.53383956 Residual Norm: 0.00080281                                                 
               Excitation 31  :     14.54030335 Residual Norm: 0.00105224                                                 
               Excitation 32  :     14.54778852 Residual Norm: 0.00092022                                                 
               Excitation 33  :     14.55354421 Residual Norm: 0.00063980                                                 
               Excitation 34  :     14.55764372 Residual Norm: 0.00069913                                                 
               Excitation 35  :     14.56687429 Residual Norm: 0.00070958                                                 
               Excitation 36  :     14.57249691 Residual Norm: 0.00048209                                                 
               Excitation 37  :     14.57870360 Residual Norm: 0.00058407                                                 
               Excitation 38  :     14.58565885 Residual Norm: 0.00182001                                                 
               Excitation 39  :     14.59183875 Residual Norm: 0.00127048                                                 
               Excitation 40  :     14.59837559 Residual Norm: 0.00147066                                                 
               Excitation 41  :     14.60076867 Residual Norm: 0.00129333                                                 
               Excitation 42  :     14.60550500 Residual Norm: 0.00325127                                                 
               Excitation 43  :     14.60853926 Residual Norm: 0.00227887                                                 
               Excitation 44  :     14.61714828 Residual Norm: 0.00286204                                                 
               Excitation 45  :     14.62550883 Residual Norm: 0.00188275                                                 
               Excitation 46  :     14.62982881 Residual Norm: 0.00354185                                                 
               Excitation 47  :     14.63790566 Residual Norm: 0.00252946                                                 
               Excitation 48  :     14.64267766 Residual Norm: 0.00186179                                                 
               Excitation 49  :     14.64629111 Residual Norm: 0.00278219                                                 
               Excitation 50  :     14.65127622 Residual Norm: 0.00923152                                                 
                                                                                                                          
* Info * Processing 38 Fock builds...                                                                                     
                                                                                                                          
* Info * 187 gerade trial vectors in reduced space                                                                        
* Info * 188 ungerade trial vectors in reduced space                                                                      
                                                                                                                          
* Info * 32.94 kB of memory used for subspace procedure on the master node                                                
* Info * 753.79 GB of memory available for the solver on the master node                                                  
                                                                                                                          
               *** Iteration:   4 * Residuals (Max,Min): 4.16e-04 and 1.33e-05                                            
                                                                                                                          
               Excitation 1   :     14.21956816 Residual Norm: 0.00004902   converged                                     
               Excitation 2   :     14.28127237 Residual Norm: 0.00004595   converged                                     
               Excitation 3   :     14.29155431 Residual Norm: 0.00003497   converged                                     
               Excitation 4   :     14.30475951 Residual Norm: 0.00001942   converged                                     
               Excitation 5   :     14.33202183 Residual Norm: 0.00003727   converged                                     
               Excitation 6   :     14.34135928 Residual Norm: 0.00002747   converged                                     
               Excitation 7   :     14.35209618 Residual Norm: 0.00001329   converged                                     
               Excitation 8   :     14.36203356 Residual Norm: 0.00002802   converged                                     
               Excitation 9   :     14.36994841 Residual Norm: 0.00001800   converged                                     
               Excitation 10  :     14.37735071 Residual Norm: 0.00002307   converged                                     
               Excitation 11  :     14.39446284 Residual Norm: 0.00002309   converged                                     
               Excitation 12  :     14.40288947 Residual Norm: 0.00002570   converged                                     
               Excitation 13  :     14.40627707 Residual Norm: 0.00002216   converged                                     
               Excitation 14  :     14.42316660 Residual Norm: 0.00002417   converged                                     
               Excitation 15  :     14.42441381 Residual Norm: 0.00002761   converged                                     
               Excitation 16  :     14.43791269 Residual Norm: 0.00002211   converged                                     
               Excitation 17  :     14.44596863 Residual Norm: 0.00003254   converged                                     
               Excitation 18  :     14.44977364 Residual Norm: 0.00002591   converged                                     
               Excitation 19  :     14.46192000 Residual Norm: 0.00002898   converged                                     
               Excitation 20  :     14.46905675 Residual Norm: 0.00001913   converged                                     
               Excitation 21  :     14.47338161 Residual Norm: 0.00002442   converged                                     
               Excitation 22  :     14.47934006 Residual Norm: 0.00002314   converged                                     
               Excitation 23  :     14.48745464 Residual Norm: 0.00002331   converged                                     
               Excitation 24  :     14.49280695 Residual Norm: 0.00001779   converged                                     
               Excitation 25  :     14.50101053 Residual Norm: 0.00002169   converged                                     
               Excitation 26  :     14.51531067 Residual Norm: 0.00002844   converged                                     
               Excitation 27  :     14.52226659 Residual Norm: 0.00001969   converged                                     
               Excitation 28  :     14.52286074 Residual Norm: 0.00003252   converged                                     
               Excitation 29  :     14.53176258 Residual Norm: 0.00002727   converged                                     
               Excitation 30  :     14.53383950 Residual Norm: 0.00003677   converged                                     
               Excitation 31  :     14.54030330 Residual Norm: 0.00002896   converged                                     
               Excitation 32  :     14.54778848 Residual Norm: 0.00002997   converged                                     
               Excitation 33  :     14.55354417 Residual Norm: 0.00003059   converged                                     
               Excitation 34  :     14.55764367 Residual Norm: 0.00002503   converged                                     
               Excitation 35  :     14.56687427 Residual Norm: 0.00002295   converged                                     
               Excitation 36  :     14.57249688 Residual Norm: 0.00002260   converged                                     
               Excitation 37  :     14.57870355 Residual Norm: 0.00002830   converged                                     
               Excitation 38  :     14.58565858 Residual Norm: 0.00007558   converged                                     
               Excitation 39  :     14.59183862 Residual Norm: 0.00004852   converged                                     
               Excitation 40  :     14.59837526 Residual Norm: 0.00006911   converged                                     
               Excitation 41  :     14.60076847 Residual Norm: 0.00005898   converged                                     
               Excitation 42  :     14.60550364 Residual Norm: 0.00016089                                                 
               Excitation 43  :     14.60853864 Residual Norm: 0.00010438                                                 
               Excitation 44  :     14.61714786 Residual Norm: 0.00009294   converged                                     
               Excitation 45  :     14.62550854 Residual Norm: 0.00007378   converged                                     
               Excitation 46  :     14.62982732 Residual Norm: 0.00018511                                                 
               Excitation 47  :     14.63790483 Residual Norm: 0.00012523                                                 
               Excitation 48  :     14.64267727 Residual Norm: 0.00009096   converged                                     
               Excitation 49  :     14.64629039 Residual Norm: 0.00013508                                                 
               Excitation 50  :     14.65126856 Residual Norm: 0.00041633                                                 
                                                                                                                          
* Info * Processing 5 Fock builds...                                                                                      
                                                                                                                          
* Info * 192 gerade trial vectors in reduced space                                                                        
* Info * 193 ungerade trial vectors in reduced space                                                                      
                                                                                                                          
* Info * 33.30 kB of memory used for subspace procedure on the master node                                                
* Info * 755.90 GB of memory available for the solver on the master node                                                  
                                                                                                                          
               *** Iteration:   5 * Residuals (Max,Min): 8.19e-05 and 6.74e-06                                            
                                                                                                                          
               Excitation 1   :     14.21956816 Residual Norm: 0.00004616   converged                                     
               Excitation 2   :     14.28127237 Residual Norm: 0.00004598   converged                                     
               Excitation 3   :     14.29155431 Residual Norm: 0.00003428   converged                                     
               Excitation 4   :     14.30475951 Residual Norm: 0.00001852   converged                                     
               Excitation 5   :     14.33202183 Residual Norm: 0.00003475   converged                                     
               Excitation 6   :     14.34135928 Residual Norm: 0.00002735   converged                                     
               Excitation 7   :     14.35209618 Residual Norm: 0.00001295   converged                                     
               Excitation 8   :     14.36203356 Residual Norm: 0.00002686   converged                                     
               Excitation 9   :     14.36994841 Residual Norm: 0.00001699   converged                                     
               Excitation 10  :     14.37735071 Residual Norm: 0.00002111   converged                                     
               Excitation 11  :     14.39446284 Residual Norm: 0.00002166   converged                                     
               Excitation 12  :     14.40288947 Residual Norm: 0.00002471   converged                                     
               Excitation 13  :     14.40627707 Residual Norm: 0.00002054   converged                                     
               Excitation 14  :     14.42316660 Residual Norm: 0.00002442   converged                                     
               Excitation 15  :     14.42441381 Residual Norm: 0.00002641   converged                                     
               Excitation 16  :     14.43791269 Residual Norm: 0.00002228   converged                                     
               Excitation 17  :     14.44596863 Residual Norm: 0.00003127   converged                                     
               Excitation 18  :     14.44977364 Residual Norm: 0.00002539   converged                                     
               Excitation 19  :     14.46192000 Residual Norm: 0.00002741   converged                                     
               Excitation 20  :     14.46905675 Residual Norm: 0.00001417   converged                                     
               Excitation 21  :     14.47338161 Residual Norm: 0.00002113   converged                                     
               Excitation 22  :     14.47934006 Residual Norm: 0.00002280   converged                                     
               Excitation 23  :     14.48745464 Residual Norm: 0.00001867   converged                                     
               Excitation 24  :     14.49280695 Residual Norm: 0.00001896   converged                                     
               Excitation 25  :     14.50101053 Residual Norm: 0.00001664   converged                                     
               Excitation 26  :     14.51531067 Residual Norm: 0.00001960   converged                                     
               Excitation 27  :     14.52226659 Residual Norm: 0.00001489   converged                                     
               Excitation 28  :     14.52286074 Residual Norm: 0.00002139   converged                                     
               Excitation 29  :     14.53176258 Residual Norm: 0.00002415   converged                                     
               Excitation 30  :     14.53383950 Residual Norm: 0.00002288   converged                                     
               Excitation 31  :     14.54030330 Residual Norm: 0.00001987   converged                                     
               Excitation 32  :     14.54778848 Residual Norm: 0.00002481   converged                                     
               Excitation 33  :     14.55354417 Residual Norm: 0.00001816   converged                                     
               Excitation 34  :     14.55764367 Residual Norm: 0.00002113   converged                                     
               Excitation 35  :     14.56687427 Residual Norm: 0.00002004   converged                                     
               Excitation 36  :     14.57249688 Residual Norm: 0.00001812   converged                                     
               Excitation 37  :     14.57870355 Residual Norm: 0.00002283   converged                                     
               Excitation 38  :     14.58565858 Residual Norm: 0.00003525   converged                                     
               Excitation 39  :     14.59183862 Residual Norm: 0.00003037   converged                                     
               Excitation 40  :     14.59837526 Residual Norm: 0.00002710   converged                                     
               Excitation 41  :     14.60076847 Residual Norm: 0.00002716   converged                                     
               Excitation 42  :     14.60550364 Residual Norm: 0.00001366   converged                                     
               Excitation 43  :     14.60853863 Residual Norm: 0.00002340   converged                                     
               Excitation 44  :     14.61714786 Residual Norm: 0.00004341   converged                                     
               Excitation 45  :     14.62550854 Residual Norm: 0.00004137   converged                                     
               Excitation 46  :     14.62982732 Residual Norm: 0.00001007   converged                                     
               Excitation 47  :     14.63790483 Residual Norm: 0.00001678   converged                                     
               Excitation 48  :     14.64267727 Residual Norm: 0.00008189   converged                                     
               Excitation 49  :     14.64629039 Residual Norm: 0.00000674   converged                                     
               Excitation 50  :     14.65126854 Residual Norm: 0.00001742   converged                                     
                                                                                                                          
* Info * Checkpoint written to file: 0089_n1s_rsp.h5                                                                      
                                                                                                                          
* Info * Time spent in writing checkpoint file: 1.26 sec                                                                  
                                                                                                                          
               *** Linear response converged in 5 iterations. Time: 421.27 sec                                            
                                                                                                                          
                                                                                                                          
* Info * Response solution vectors written to file: 0089_n1s.h5                                                           
                                                                                                                          
               Electric Transition Dipole Moments (dipole length, a.u.)                                                   
               --------------------------------------------------------                                                   
                                                X            Y            Z                                               
               Excited State    S1:     -0.007308    -0.001374    -0.048459                                               
               Excited State    S2:     -0.002601    -0.000008     0.015553                                               
               Excited State    S3:     -0.003141     0.001133    -0.043294                                               
               Excited State    S4:      0.000914     0.005532     0.007075                                               
               Excited State    S5:     -0.009309     0.009254    -0.002413                                               
               Excited State    S6:     -0.011909     0.008460     0.002553                                               
               Excited State    S7:      0.005124     0.007521    -0.000079                                               
               Excited State    S8:     -0.003765     0.001281    -0.006935                                               
               Excited State    S9:     -0.004103     0.003784     0.000964                                               
               Excited State   S10:      0.006014    -0.004406    -0.001431                                               
               Excited State   S11:     -0.013972    -0.007902     0.002959                                               
               Excited State   S12:      0.011719     0.001797    -0.002188                                               
               Excited State   S13:     -0.009976    -0.004093    -0.000177                                               
               Excited State   S14:     -0.002856     0.002630    -0.008499                                               
               Excited State   S15:     -0.003011     0.004435     0.009383                                               
               Excited State   S16:      0.001515     0.000162     0.000465                                               
               Excited State   S17:     -0.004697    -0.001617    -0.006272                                               
               Excited State   S18:      0.009710    -0.000597     0.001846                                               
               Excited State   S19:     -0.007037     0.006215    -0.011525                                               
               Excited State   S20:      0.017277     0.002705    -0.014213                                               
               Excited State   S21:     -0.005701     0.004168     0.003025                                               
               Excited State   S22:      0.005906    -0.001598    -0.007420                                               
               Excited State   S23:     -0.005538    -0.004857    -0.001201                                               
               Excited State   S24:      0.010406     0.006866     0.010786                                               
               Excited State   S25:      0.006653    -0.003288    -0.013843                                               
               Excited State   S26:      0.002183    -0.001524     0.007777                                               
               Excited State   S27:      0.002875     0.001798    -0.004110                                               
               Excited State   S28:     -0.004327    -0.006144    -0.001022                                               
               Excited State   S29:     -0.002725    -0.003553     0.002693                                               
               Excited State   S30:      0.012425     0.009464    -0.004761                                               
               Excited State   S31:      0.018158    -0.003460     0.006422                                               
               Excited State   S32:      0.007086    -0.005621    -0.000872                                               
               Excited State   S33:     -0.006480    -0.006641     0.004528                                               
               Excited State   S34:     -0.003725    -0.000555    -0.012192                                               
               Excited State   S35:     -0.001350     0.006227     0.002025                                               
               Excited State   S36:     -0.000130     0.001377    -0.000723                                               
               Excited State   S37:      0.009601     0.003035     0.000719                                               
               Excited State   S38:      0.006101    -0.004594     0.004552                                               
               Excited State   S39:      0.004055     0.009482     0.000445                                               
               Excited State   S40:     -0.003899    -0.000831    -0.002849                                               
               Excited State   S41:     -0.003406    -0.007135    -0.002646                                               
               Excited State   S42:      0.015107     0.008284    -0.002688                                               
               Excited State   S43:      0.013014     0.007465     0.000493                                               
               Excited State   S44:      0.000482    -0.012143     0.001175                                               
               Excited State   S45:     -0.000935    -0.008581    -0.001323                                               
               Excited State   S46:     -0.002107    -0.013028     0.002485                                               
               Excited State   S47:      0.002389    -0.003055    -0.000267                                               
               Excited State   S48:     -0.001192     0.006231     0.002084                                               
               Excited State   S49:      0.005935    -0.000916     0.002800                                               
               Excited State   S50:     -0.002942     0.009973    -0.001116                                               
                                                                                                                          
               Electric Transition Dipole Moments (dipole velocity, a.u.)                                                 
               ----------------------------------------------------------                                                 
                                                X            Y            Z                                               
               Excited State    S1:     -0.007232    -0.001371    -0.047872                                               
               Excited State    S2:     -0.002579     0.000001     0.015370                                               
               Excited State    S3:     -0.003107     0.001122    -0.042810                                               
               Excited State    S4:      0.000849     0.005555     0.006996                                               
               Excited State    S5:     -0.009271     0.009336    -0.002412                                               
               Excited State    S6:     -0.011851     0.008470     0.002551                                               
               Excited State    S7:      0.005021     0.007509    -0.000009                                               
               Excited State    S8:     -0.003753     0.001298    -0.006944                                               
               Excited State    S9:     -0.004086     0.003750     0.000898                                               
               Excited State   S10:      0.006130    -0.004466    -0.001465                                               
               Excited State   S11:     -0.013809    -0.007971     0.003023                                               
               Excited State   S12:      0.011850     0.001859    -0.002110                                               
               Excited State   S13:     -0.009920    -0.004158    -0.000190                                               
               Excited State   S14:     -0.002780     0.002662    -0.008418                                               
               Excited State   S15:     -0.002938     0.004368     0.009294                                               
               Excited State   S16:      0.001310     0.000077     0.000433                                               
               Excited State   S17:     -0.004614    -0.001693    -0.006132                                               
               Excited State   S18:      0.009549    -0.000633     0.001820                                               
               Excited State   S19:     -0.006884     0.006150    -0.011447                                               
               Excited State   S20:      0.017166     0.002816    -0.014095                                               
               Excited State   S21:     -0.005633     0.004160     0.002962                                               
               Excited State   S22:      0.005960    -0.001601    -0.007278                                               
               Excited State   S23:     -0.005641    -0.004678    -0.001227                                               
               Excited State   S24:      0.010307     0.006763     0.010823                                               
               Excited State   S25:      0.006672    -0.003482    -0.013751                                               
               Excited State   S26:      0.002238    -0.001520     0.007498                                               
               Excited State   S27:      0.002801     0.002035    -0.004036                                               
               Excited State   S28:     -0.004360    -0.006171    -0.001027                                               
               Excited State   S29:     -0.002791    -0.003639     0.002637                                               
               Excited State   S30:      0.012400     0.009303    -0.004772                                               
               Excited State   S31:      0.018205    -0.003241     0.006206                                               
               Excited State   S32:      0.006886    -0.005513    -0.000857                                               
               Excited State   S33:     -0.006372    -0.006297     0.004494                                               
               Excited State   S34:     -0.003957    -0.000376    -0.012006                                               
               Excited State   S35:     -0.001293     0.006284     0.001953                                               
               Excited State   S36:     -0.000145     0.001341    -0.000841                                               
               Excited State   S37:      0.009406     0.003156     0.000809                                               
               Excited State   S38:      0.005769    -0.004412     0.004396                                               
               Excited State   S39:      0.003770     0.009162     0.000392                                               
               Excited State   S40:     -0.003764    -0.000760    -0.002611                                               
               Excited State   S41:     -0.003565    -0.007056    -0.002396                                               
               Excited State   S42:      0.015036     0.008344    -0.002602                                               
               Excited State   S43:      0.012936     0.007407     0.000471                                               
               Excited State   S44:      0.000659    -0.011899     0.001132                                               
               Excited State   S45:     -0.000644    -0.008366    -0.001177                                               
               Excited State   S46:     -0.002083    -0.013066     0.002549                                               
               Excited State   S47:      0.002202    -0.003060    -0.000238                                               
               Excited State   S48:     -0.001138     0.006140     0.002031                                               
               Excited State   S49:      0.005815    -0.000981     0.002794                                               
               Excited State   S50:     -0.002971     0.009731    -0.001144                                               
                                                                                                                          
               Magnetic Transition Dipole Moments (a.u.)                                                                  
               -----------------------------------------                                                                  
                                                X            Y            Z                                               
               Excited State    S1:     -0.662925    -1.015097     0.129222                                               
               Excited State    S2:      0.213816     0.326753     0.035838                                               
               Excited State    S3:     -0.596075    -0.911983     0.019361                                               
               Excited State    S4:      0.096825     0.149220    -0.130230                                               
               Excited State    S5:     -0.034779    -0.052600    -0.069957                                               
               Excited State    S6:      0.034615     0.053093    -0.015404                                               
               Excited State    S7:     -0.001026     0.000395    -0.230772                                               
               Excited State    S8:     -0.097277    -0.149038     0.024713                                               
               Excited State    S9:      0.012113     0.018751    -0.023140                                               
               Excited State   S10:     -0.019997    -0.030649     0.009810                                               
               Excited State   S11:      0.043342     0.063186     0.364559                                               
               Excited State   S12:     -0.029823    -0.043872    -0.206136                                               
               Excited State   S13:     -0.002154    -0.005259     0.228488                                               
               Excited State   S14:     -0.118596    -0.181253    -0.018148                                               
               Excited State   S15:      0.130052     0.199394    -0.052613                                               
               Excited State   S16:      0.006084     0.009460    -0.020106                                               
               Excited State   S17:     -0.086089    -0.132532     0.101343                                               
               Excited State   S18:      0.025709     0.040318    -0.120741                                               
               Excited State   S19:     -0.162002    -0.247515    -0.035507                                               
               Excited State   S20:     -0.198993    -0.301776    -0.302623                                               
               Excited State   S21:      0.041261     0.063254    -0.010223                                               
               Excited State   S22:     -0.102468    -0.156305    -0.049519                                               
               Excited State   S23:     -0.016752    -0.027175     0.180567                                               
               Excited State   S24:      0.151976     0.234920    -0.291500                                               
               Excited State   S25:     -0.193837    -0.296296    -0.019034                                               
               Excited State   S26:      0.106224     0.162442     0.001198                                               
               Excited State   S27:     -0.057342    -0.086987    -0.083674                                               
               Excited State   S28:     -0.013810    -0.022728     0.195164                                               
               Excited State   S29:      0.037797     0.056763     0.118308                                               
               Excited State   S30:     -0.068679    -0.101858    -0.377017                                               
               Excited State   S31:      0.088302     0.136678    -0.187651                                               
               Excited State   S32:     -0.011457    -0.017761     0.021958                                               
               Excited State   S33:      0.064465     0.096680     0.226918                                               
               Excited State   S34:     -0.170230    -0.260966     0.064260                                               
               Excited State   S35:      0.026974     0.042209    -0.118080                                               
               Excited State   S36:     -0.012108    -0.018299    -0.027087                                               
               Excited State   S37:      0.011047     0.018805    -0.202175                                               
               Excited State   S38:      0.063015     0.096211     0.013875                                               
               Excited State   S39:      0.004480     0.009036    -0.252820                                               
               Excited State   S40:     -0.037093    -0.057251     0.069958                                               
               Excited State   S41:     -0.033233    -0.052550     0.204328                                               
               Excited State   S42:     -0.038037    -0.054832    -0.395504                                               
               Excited State   S43:      0.005805     0.011878    -0.345314                                               
               Excited State   S44:      0.017595     0.024734     0.249810                                               
               Excited State   S45:     -0.015799    -0.025690     0.191445                                               
               Excited State   S46:      0.037960     0.055359     0.314489                                               
               Excited State   S47:     -0.003050    -0.004906     0.035362                                               
               Excited State   S48:      0.028211     0.044288    -0.117781                                               
               Excited State   S49:      0.039979     0.061709    -0.061512                                               
               Excited State   S50:     -0.017478    -0.025342    -0.169937                                               
                                                                                                                          
               One-Photon Absorption                                                                                      
               ---------------------                                                                                      
               Excited State    S1:     14.21956816 a.u.    386.93416 eV    Osc.Str.    0.0228                            
               Excited State    S2:     14.28127237 a.u.    388.61322 eV    Osc.Str.    0.0024                            
               Excited State    S3:     14.29155431 a.u.    388.89300 eV    Osc.Str.    0.0180                            
               Excited State    S4:     14.30475951 a.u.    389.25234 eV    Osc.Str.    0.0008                            
               Excited State    S5:     14.33202183 a.u.    389.99418 eV    Osc.Str.    0.0017                            
               Excited State    S6:     14.34135928 a.u.    390.24827 eV    Osc.Str.    0.0021                            
               Excited State    S7:     14.35209618 a.u.    390.54043 eV    Osc.Str.    0.0008                            
               Excited State    S8:     14.36203356 a.u.    390.81084 eV    Osc.Str.    0.0006                            
               Excited State    S9:     14.36994841 a.u.    391.02622 eV    Osc.Str.    0.0003                            
               Excited State   S10:     14.37735071 a.u.    391.22764 eV    Osc.Str.    0.0006                            
               Excited State   S11:     14.39446284 a.u.    391.69329 eV    Osc.Str.    0.0026                            
               Excited State   S12:     14.40288947 a.u.    391.92259 eV    Osc.Str.    0.0014                            
               Excited State   S13:     14.40627707 a.u.    392.01477 eV    Osc.Str.    0.0011                            
               Excited State   S14:     14.42316660 a.u.    392.47436 eV    Osc.Str.    0.0008                            
               Excited State   S15:     14.42441381 a.u.    392.50830 eV    Osc.Str.    0.0011                            
               Excited State   S16:     14.43791269 a.u.    392.87562 eV    Osc.Str.    0.0000                            
               Excited State   S17:     14.44596863 a.u.    393.09483 eV    Osc.Str.    0.0006                            
               Excited State   S18:     14.44977364 a.u.    393.19837 eV    Osc.Str.    0.0009                            
               Excited State   S19:     14.46192000 a.u.    393.52889 eV    Osc.Str.    0.0021                            
               Excited State   S20:     14.46905675 a.u.    393.72309 eV    Osc.Str.    0.0049                            
               Excited State   S21:     14.47338161 a.u.    393.84078 eV    Osc.Str.    0.0006                            
               Excited State   S22:     14.47934006 a.u.    394.00291 eV    Osc.Str.    0.0009                            
               Excited State   S23:     14.48745464 a.u.    394.22372 eV    Osc.Str.    0.0005                            
               Excited State   S24:     14.49280695 a.u.    394.36937 eV    Osc.Str.    0.0026                            
               Excited State   S25:     14.50101053 a.u.    394.59260 eV    Osc.Str.    0.0024                            
               Excited State   S26:     14.51531067 a.u.    394.98173 eV    Osc.Str.    0.0007                            
               Excited State   S27:     14.52226659 a.u.    395.17101 eV    Osc.Str.    0.0003                            
               Excited State   S28:     14.52286074 a.u.    395.18717 eV    Osc.Str.    0.0006                            
               Excited State   S29:     14.53176258 a.u.    395.42940 eV    Osc.Str.    0.0003                            
               Excited State   S30:     14.53383950 a.u.    395.48592 eV    Osc.Str.    0.0026                            
               Excited State   S31:     14.54030330 a.u.    395.66181 eV    Osc.Str.    0.0037                            
               Excited State   S32:     14.54778848 a.u.    395.86549 eV    Osc.Str.    0.0008                            
               Excited State   S33:     14.55354417 a.u.    396.02211 eV    Osc.Str.    0.0010                            
               Excited State   S34:     14.55764367 a.u.    396.13366 eV    Osc.Str.    0.0016                            
               Excited State   S35:     14.56687427 a.u.    396.38484 eV    Osc.Str.    0.0004                            
               Excited State   S36:     14.57249688 a.u.    396.53784 eV    Osc.Str.    0.0000                            
               Excited State   S37:     14.57870355 a.u.    396.70673 eV    Osc.Str.    0.0010                            
               Excited State   S38:     14.58565858 a.u.    396.89599 eV    Osc.Str.    0.0008                            
               Excited State   S39:     14.59183862 a.u.    397.06416 eV    Osc.Str.    0.0010                            
               Excited State   S40:     14.59837526 a.u.    397.24203 eV    Osc.Str.    0.0002                            
               Excited State   S41:     14.60076847 a.u.    397.30715 eV    Osc.Str.    0.0007                            
               Excited State   S42:     14.60550364 a.u.    397.43600 eV    Osc.Str.    0.0030                            
               Excited State   S43:     14.60853863 a.u.    397.51859 eV    Osc.Str.    0.0022                            
               Excited State   S44:     14.61714786 a.u.    397.75286 eV    Osc.Str.    0.0015                            
               Excited State   S45:     14.62550854 a.u.    397.98036 eV    Osc.Str.    0.0007                            
               Excited State   S46:     14.62982732 a.u.    398.09788 eV    Osc.Str.    0.0018                            
               Excited State   S47:     14.63790483 a.u.    398.31768 eV    Osc.Str.    0.0001                            
               Excited State   S48:     14.64267727 a.u.    398.44755 eV    Osc.Str.    0.0004                            
               Excited State   S49:     14.64629039 a.u.    398.54586 eV    Osc.Str.    0.0004                            
               Excited State   S50:     14.65126854 a.u.    398.68133 eV    Osc.Str.    0.0011                            
                                                                                                                          
               Electronic Circular Dichroism                                                                              
               -----------------------------                                                                              
               Excited State    S1:     Rot.Str.     -0.000000 a.u.    -0.0001 [10**(-40) cgs]                            
               Excited State    S2:     Rot.Str.     -0.000000 a.u.    -0.0000 [10**(-40) cgs]                            
               Excited State    S3:     Rot.Str.      0.000000 a.u.     0.0001 [10**(-40) cgs]                            
               Excited State    S4:     Rot.Str.     -0.000000 a.u.    -0.0000 [10**(-40) cgs]                            
               Excited State    S5:     Rot.Str.      0.000000 a.u.     0.0000 [10**(-40) cgs]                            
               Excited State    S6:     Rot.Str.      0.000000 a.u.     0.0001 [10**(-40) cgs]                            
               Excited State    S7:     Rot.Str.     -0.000000 a.u.    -0.0001 [10**(-40) cgs]                            
               Excited State    S8:     Rot.Str.     -0.000000 a.u.    -0.0000 [10**(-40) cgs]                            
               Excited State    S9:     Rot.Str.      0.000000 a.u.     0.0000 [10**(-40) cgs]                            
               Excited State   S10:     Rot.Str.     -0.000000 a.u.    -0.0000 [10**(-40) cgs]                            
               Excited State   S11:     Rot.Str.      0.000000 a.u.     0.0000 [10**(-40) cgs]                            
               Excited State   S12:     Rot.Str.     -0.000000 a.u.    -0.0000 [10**(-40) cgs]                            
               Excited State   S13:     Rot.Str.     -0.000000 a.u.    -0.0001 [10**(-40) cgs]                            
               Excited State   S14:     Rot.Str.     -0.000000 a.u.    -0.0000 [10**(-40) cgs]                            
               Excited State   S15:     Rot.Str.      0.000000 a.u.     0.0000 [10**(-40) cgs]                            
               Excited State   S16:     Rot.Str.     -0.000000 a.u.    -0.0000 [10**(-40) cgs]                            
               Excited State   S17:     Rot.Str.      0.000000 a.u.     0.0000 [10**(-40) cgs]                            
               Excited State   S18:     Rot.Str.      0.000000 a.u.     0.0001 [10**(-40) cgs]                            
               Excited State   S19:     Rot.Str.     -0.000001 a.u.    -0.0002 [10**(-40) cgs]                            
               Excited State   S20:     Rot.Str.     -0.000000 a.u.    -0.0001 [10**(-40) cgs]                            
               Excited State   S21:     Rot.Str.      0.000000 a.u.     0.0002 [10**(-40) cgs]                            
               Excited State   S22:     Rot.Str.      0.000000 a.u.     0.0000 [10**(-40) cgs]                            
               Excited State   S23:     Rot.Str.     -0.000000 a.u.    -0.0000 [10**(-40) cgs]                            
               Excited State   S24:     Rot.Str.      0.000000 a.u.     0.0002 [10**(-40) cgs]                            
               Excited State   S25:     Rot.Str.      0.000000 a.u.     0.0000 [10**(-40) cgs]                            
               Excited State   S26:     Rot.Str.     -0.000000 a.u.    -0.0001 [10**(-40) cgs]                            
               Excited State   S27:     Rot.Str.      0.000000 a.u.     0.0001 [10**(-40) cgs]                            
               Excited State   S28:     Rot.Str.      0.000000 a.u.     0.0000 [10**(-40) cgs]                            
               Excited State   S29:     Rot.Str.     -0.000000 a.u.    -0.0001 [10**(-40) cgs]                            
               Excited State   S30:     Rot.Str.      0.000000 a.u.     0.0000 [10**(-40) cgs]                            
               Excited State   S31:     Rot.Str.      0.000000 a.u.     0.0001 [10**(-40) cgs]                            
               Excited State   S32:     Rot.Str.      0.000000 a.u.     0.0001 [10**(-40) cgs]                            
               Excited State   S33:     Rot.Str.      0.000000 a.u.     0.0002 [10**(-40) cgs]                            
               Excited State   S34:     Rot.Str.      0.000000 a.u.     0.0001 [10**(-40) cgs]                            
               Excited State   S35:     Rot.Str.     -0.000000 a.u.    -0.0001 [10**(-40) cgs]                            
               Excited State   S36:     Rot.Str.      0.000000 a.u.     0.0000 [10**(-40) cgs]                            
               Excited State   S37:     Rot.Str.     -0.000000 a.u.    -0.0002 [10**(-40) cgs]                            
               Excited State   S38:     Rot.Str.     -0.000000 a.u.    -0.0000 [10**(-40) cgs]                            
               Excited State   S39:     Rot.Str.      0.000001 a.u.     0.0003 [10**(-40) cgs]                            
               Excited State   S40:     Rot.Str.      0.000000 a.u.     0.0002 [10**(-40) cgs]                            
               Excited State   S41:     Rot.Str.     -0.000000 a.u.    -0.0002 [10**(-40) cgs]                            
               Excited State   S42:     Rot.Str.     -0.000000 a.u.    -0.0001 [10**(-40) cgs]                            
               Excited State   S43:     Rot.Str.      0.000001 a.u.     0.0003 [10**(-40) cgs]                            
               Excited State   S44:     Rot.Str.      0.000000 a.u.     0.0000 [10**(-40) cgs]                            
               Excited State   S45:     Rot.Str.     -0.000000 a.u.    -0.0001 [10**(-40) cgs]                            
               Excited State   S46:     Rot.Str.     -0.000001 a.u.    -0.0004 [10**(-40) cgs]                            
               Excited State   S47:     Rot.Str.     -0.000000 a.u.    -0.0001 [10**(-40) cgs]                            
               Excited State   S48:     Rot.Str.      0.000001 a.u.     0.0003 [10**(-40) cgs]                            
               Excited State   S49:     Rot.Str.      0.000000 a.u.     0.0000 [10**(-40) cgs]                            
               Excited State   S50:     Rot.Str.     -0.000000 a.u.    -0.0001 [10**(-40) cgs]                            
                                                                                                                          
               Character of excitations:                                                                                  
                                                                                                                          
               Excited state 1                                                                                            
               ---------------                                                                                            
               core_2   -> LUMO        -0.7255                                                                            
               core_2   -> LUMO+9       0.4329                                                                            
               core_2   -> LUMO+1       0.4292                                                                            
               core_2   -> LUMO+8      -0.2283                                                                            
                                                                                                                          
               Excited state 2                                                                                            
               ---------------                                                                                            
               core_2   -> LUMO+1      -0.7022                                                                            
               core_2   -> LUMO        -0.6337                                                                            
               core_2   -> LUMO+9      -0.2258                                                                            
                                                                                                                          
               Excited state 3                                                                                            
               ---------------                                                                                            
               core_2   -> LUMO+9       0.5360                                                                            
               core_2   -> LUMO+1      -0.5352                                                                            
               core_2   -> LUMO+8      -0.4299                                                                            
               core_2   -> LUMO         0.2118                                                                            
                                                                                                                          
               Excited state 4                                                                                            
               ---------------                                                                                            
               core_2   -> LUMO+2      -0.6945                                                                            
               core_2   -> LUMO+3       0.4956                                                                            
               core_2   -> LUMO+4       0.3146                                                                            
               core_2   -> LUMO+6       0.2618                                                                            
                                                                                                                          
               Excited state 5                                                                                            
               ---------------                                                                                            
               core_2   -> LUMO+5       0.7831                                                                            
               core_2   -> LUMO+7      -0.4286                                                                            
                                                                                                                          
               Excited state 6                                                                                            
               ---------------                                                                                            
               core_2   -> LUMO+3      -0.6929                                                                            
               core_2   -> LUMO+7      -0.4123                                                                            
               core_2   -> LUMO+4       0.4054                                                                            
               core_2   -> LUMO+2      -0.2502                                                                            
                                                                                                                          
               Excited state 7                                                                                            
               ---------------                                                                                            
               core_2   -> LUMO+2       0.6180                                                                            
               core_2   -> LUMO+4       0.4510                                                                            
               core_2   -> LUMO+6       0.3996                                                                            
               core_2   -> LUMO+3       0.2391                                                                            
               core_2   -> LUMO+5      -0.2362                                                                            
               core_2   -> LUMO+11      0.2140                                                                            
                                                                                                                          
               Excited state 8                                                                                            
               ---------------                                                                                            
               core_2   -> LUMO+8      -0.7618                                                                            
               core_2   -> LUMO+9      -0.4964                                                                            
                                                                                                                          
               Excited state 9                                                                                            
               ---------------                                                                                            
               core_2   -> LUMO+6       0.6687                                                                            
               core_2   -> LUMO+4      -0.5361                                                                            
               core_2   -> LUMO+10     -0.3882                                                                            
                                                                                                                          
               Excited state 10                                                                                           
               ----------------                                                                                           
               core_2   -> LUMO+7       0.6313                                                                            
               core_2   -> LUMO+4       0.3700                                                                            
               core_2   -> LUMO+3      -0.3094                                                                            
               core_2   -> LUMO+5       0.3078                                                                            
               core_2   -> LUMO+6       0.2501                                                                            
               core_2   -> LUMO+11     -0.2371                                                                            
               core_2   -> LUMO+10     -0.2079                                                                            
                                                                                                                          
               Excited state 11                                                                                           
               ----------------                                                                                           
               core_2   -> LUMO+10     -0.4849                                                                            
               core_2   -> LUMO+15     -0.4577                                                                            
               core_2   -> LUMO+12     -0.3462                                                                            
               core_2   -> LUMO+14      0.3453                                                                            
               core_2   -> LUMO+5      -0.2286                                                                            
               core_2   -> LUMO+6      -0.2211                                                                            
               core_2   -> LUMO+13     -0.2131                                                                            
                                                                                                                          
               Excited state 12                                                                                           
               ----------------                                                                                           
               core_2   -> LUMO+11     -0.8212                                                                            
               core_2   -> LUMO+7      -0.2220                                                                            
                                                                                                                          
               Excited state 13                                                                                           
               ----------------                                                                                           
               core_2   -> LUMO+10      0.5786                                                                            
               core_2   -> LUMO+14      0.5301                                                                            
               core_2   -> LUMO+6       0.2804                                                                            
               core_2   -> LUMO+15     -0.2347                                                                            
               core_2   -> LUMO+5       0.2080                                                                            
               core_2   -> LUMO+19     -0.2032                                                                            
                                                                                                                          
               Excited state 14                                                                                           
               ----------------                                                                                           
               core_2   -> LUMO+12      0.7191                                                                            
               core_2   -> LUMO+14      0.3852                                                                            
               core_2   -> LUMO+16      0.2440                                                                            
               core_2   -> LUMO+7       0.2155                                                                            
               core_2   -> LUMO+13     -0.2084                                                                            
                                                                                                                          
               Excited state 15                                                                                           
               ----------------                                                                                           
               core_2   -> LUMO+16     -0.6249                                                                            
               core_2   -> LUMO+13     -0.3885                                                                            
               core_2   -> LUMO+14     -0.3073                                                                            
               core_2   -> LUMO+20      0.2983                                                                            
               core_2   -> LUMO+12      0.2450                                                                            
               core_2   -> LUMO+7       0.2445                                                                            
               core_2   -> LUMO+15     -0.2335                                                                            
                                                                                                                          
               Excited state 16                                                                                           
               ----------------                                                                                           
               core_2   -> LUMO+13     -0.6928                                                                            
               core_2   -> LUMO+16      0.3605                                                                            
               core_2   -> LUMO+12     -0.2591                                                                            
               core_2   -> LUMO+14     -0.2369                                                                            
               core_2   -> LUMO+10      0.2175                                                                            
                                                                                                                          
               Excited state 17                                                                                           
               ----------------                                                                                           
               core_2   -> LUMO+15     -0.6226                                                                            
               core_2   -> LUMO+16      0.3811                                                                            
               core_2   -> LUMO+14     -0.3421                                                                            
               core_2   -> LUMO+17      0.2533                                                                            
               core_2   -> LUMO+13      0.2259                                                                            
               core_2   -> LUMO+10      0.2230                                                                            
                                                                                                                          
               Excited state 18                                                                                           
               ----------------                                                                                           
               core_2   -> LUMO+17     -0.7498                                                                            
               core_2   -> LUMO+18     -0.3005                                                                            
               core_2   -> LUMO+10      0.2102                                                                            
                                                                                                                          
               Excited state 19                                                                                           
               ----------------                                                                                           
               core_2   -> LUMO+18     -0.7533                                                                            
               core_2   -> LUMO+24      0.2839                                                                            
               core_2   -> LUMO+19     -0.2814                                                                            
               core_2   -> LUMO+11     -0.2172                                                                            
               core_2   -> LUMO+17      0.2093                                                                            
                                                                                                                          
               Excited state 20                                                                                           
               ----------------                                                                                           
               core_2   -> LUMO+19      0.4556                                                                            
               core_2   -> LUMO+21     -0.4535                                                                            
               core_2   -> LUMO+17      0.2763                                                                            
               core_2   -> LUMO+20      0.2636                                                                            
               core_2   -> LUMO+25      0.2611                                                                            
               core_2   -> LUMO+12     -0.2026                                                                            
                                                                                                                          
               Excited state 21                                                                                           
               ----------------                                                                                           
               core_2   -> LUMO+19      0.5173                                                                            
               core_2   -> LUMO+21      0.4745                                                                            
               core_2   -> LUMO+20     -0.4328                                                                            
               core_2   -> LUMO+18     -0.2835                                                                            
               core_2   -> LUMO+16     -0.2568                                                                            
               core_2   -> LUMO+26     -0.2204                                                                            
                                                                                                                          
               Excited state 22                                                                                           
               ----------------                                                                                           
               core_2   -> LUMO+20     -0.6447                                                                            
               core_2   -> LUMO+21     -0.4993                                                                            
               core_2   -> LUMO+15     -0.3455                                                                            
               core_2   -> LUMO+14     -0.2009                                                                            
                                                                                                                          
               Excited state 23                                                                                           
               ----------------                                                                                           
               core_2   -> LUMO+22      0.7101                                                                            
               core_2   -> LUMO+29      0.3730                                                                            
               core_2   -> LUMO+24     -0.2357                                                                            
               core_2   -> LUMO+25     -0.2191                                                                            
               core_2   -> LUMO+23     -0.2166                                                                            
                                                                                                                          
               Excited state 24                                                                                           
               ----------------                                                                                           
               core_2   -> LUMO+23      0.6137                                                                            
               core_2   -> LUMO+24     -0.3569                                                                            
               core_2   -> LUMO+27     -0.2787                                                                            
               core_2   -> LUMO+26      0.2225                                                                            
               core_2   -> LUMO+38      0.2210                                                                            
               core_2   -> LUMO+17      0.2058                                                                            
                                                                                                                          
               Excited state 25                                                                                           
               ----------------                                                                                           
               core_2   -> LUMO+25      0.4288                                                                            
               core_2   -> LUMO+26      0.4172                                                                            
               core_2   -> LUMO+33      0.3733                                                                            
               core_2   -> LUMO+21      0.3056                                                                            
               core_2   -> LUMO+24      0.2651                                                                            
               core_2   -> LUMO+19     -0.2102                                                                            
                                                                                                                          
               Excited state 26                                                                                           
               ----------------                                                                                           
               core_2   -> LUMO+24     -0.4330                                                                            
               core_2   -> LUMO+23     -0.3547                                                                            
               core_2   -> LUMO+25      0.3438                                                                            
               core_2   -> LUMO+31      0.3397                                                                            
               core_2   -> LUMO+27     -0.3388                                                                            
               core_2   -> LUMO+28     -0.2971                                                                            
               core_2   -> LUMO+18     -0.2088                                                                            
                                                                                                                          
               Excited state 27                                                                                           
               ----------------                                                                                           
               core_2   -> LUMO+27     -0.5671                                                                            
               core_2   -> LUMO+28      0.3741                                                                            
               core_2   -> LUMO+25     -0.3020                                                                            
               core_2   -> LUMO+31      0.2778                                                                            
               core_2   -> LUMO+24      0.2327                                                                            
               core_2   -> LUMO+35     -0.2256                                                                            
               core_2   -> LUMO+23     -0.2116                                                                            
                                                                                                                          
               Excited state 28                                                                                           
               ----------------                                                                                           
               core_2   -> LUMO+26      0.5670                                                                            
               core_2   -> LUMO+24     -0.4228                                                                            
               core_2   -> LUMO+19      0.3762                                                                            
               core_2   -> LUMO+27      0.3026                                                                            
               core_2   -> LUMO+22     -0.2269                                                                            
                                                                                                                          
               Excited state 29                                                                                           
               ----------------                                                                                           
               core_2   -> LUMO+29     -0.5122                                                                            
               core_2   -> LUMO+28     -0.4154                                                                            
               core_2   -> LUMO+26      0.3519                                                                            
               core_2   -> LUMO+25     -0.3351                                                                            
               core_2   -> LUMO+22      0.3200                                                                            
               core_2   -> LUMO+24      0.2191                                                                            
                                                                                                                          
               Excited state 30                                                                                           
               ----------------                                                                                           
               core_2   -> LUMO+32      0.5687                                                                            
               core_2   -> LUMO+28      0.4479                                                                            
               core_2   -> LUMO+29     -0.3648                                                                            
               core_2   -> LUMO+23     -0.3496                                                                            
               core_2   -> LUMO+33     -0.2210                                                                            
                                                                                                                          
               Excited state 31                                                                                           
               ----------------                                                                                           
               core_2   -> LUMO+31      0.5912                                                                            
               core_2   -> LUMO+27      0.4744                                                                            
               core_2   -> LUMO+29     -0.2381                                                                            
               core_2   -> LUMO+33      0.2030                                                                            
               core_2   -> LUMO+28      0.2023                                                                            
                                                                                                                          
               Excited state 32                                                                                           
               ----------------                                                                                           
               core_2   -> LUMO+30     -0.5405                                                                            
               core_2   -> LUMO+25     -0.3742                                                                            
               core_2   -> LUMO+28     -0.3577                                                                            
               core_2   -> LUMO+32      0.3109                                                                            
               core_2   -> LUMO+29      0.2821                                                                            
               core_2   -> LUMO+22     -0.2219                                                                            
                                                                                                                          
               Excited state 33                                                                                           
               ----------------                                                                                           
               core_2   -> LUMO+30     -0.6381                                                                            
               core_2   -> LUMO+33     -0.3205                                                                            
               core_2   -> LUMO+36     -0.3154                                                                            
               core_2   -> LUMO+25      0.2971                                                                            
               core_2   -> LUMO+32     -0.2744                                                                            
               core_2   -> LUMO+26      0.2583                                                                            
                                                                                                                          
               Excited state 34                                                                                           
               ----------------                                                                                           
               core_2   -> LUMO+34     -0.5516                                                                            
               core_2   -> LUMO+35     -0.4246                                                                            
               core_2   -> LUMO+32      0.4201                                                                            
               core_2   -> LUMO+33      0.3486                                                                            
               core_2   -> LUMO+36     -0.2030                                                                            
                                                                                                                          
               Excited state 35                                                                                           
               ----------------                                                                                           
               core_2   -> LUMO+33     -0.4735                                                                            
               core_2   -> LUMO+31      0.3628                                                                            
               core_2   -> LUMO+35     -0.3480                                                                            
               core_2   -> LUMO+32      0.2987                                                                            
               core_2   -> LUMO+34      0.2959                                                                            
               core_2   -> LUMO+30      0.2557                                                                            
               core_2   -> LUMO+23      0.2034                                                                            
                                                                                                                          
               Excited state 36                                                                                           
               ----------------                                                                                           
               core_2   -> LUMO+35     -0.6098                                                                            
               core_2   -> LUMO+34      0.4114                                                                            
               core_2   -> LUMO+29     -0.2749                                                                            
               core_2   -> LUMO+33      0.2561                                                                            
               core_2   -> LUMO+31     -0.2358                                                                            
               core_2   -> LUMO+32     -0.2021                                                                            
                                                                                                                          
               Excited state 37                                                                                           
               ----------------                                                                                           
               core_2   -> LUMO+38      0.5381                                                                            
               core_2   -> LUMO+34     -0.3976                                                                            
               core_2   -> LUMO+36      0.3491                                                                            
               core_2   -> LUMO+33     -0.2732                                                                            
               core_2   -> LUMO+37      0.2714                                                                            
                                                                                                                          
               Excited state 38                                                                                           
               ----------------                                                                                           
               core_2   -> LUMO+36     -0.6076                                                                            
               core_2   -> LUMO+38      0.4838                                                                            
               core_2   -> LUMO+41     -0.2854                                                                            
               core_2   -> LUMO+31     -0.2706                                                                            
               core_2   -> LUMO+43      0.2011                                                                            
                                                                                                                          
               Excited state 39                                                                                           
               ----------------                                                                                           
               core_2   -> LUMO+37      0.7775                                                                            
               core_2   -> LUMO+33      0.2429                                                                            
                                                                                                                          
               Excited state 40                                                                                           
               ----------------                                                                                           
               core_2   -> LUMO+39      0.5443                                                                            
               core_2   -> LUMO+43     -0.4966                                                                            
               core_2   -> LUMO+41      0.3544                                                                            
               core_2   -> LUMO+42     -0.2389                                                                            
               core_2   -> LUMO+37     -0.2177                                                                            
                                                                                                                          
               Excited state 41                                                                                           
               ----------------                                                                                           
               core_2   -> LUMO+43     -0.5231                                                                            
               core_2   -> LUMO+39     -0.4847                                                                            
               core_2   -> LUMO+40     -0.4510                                                                            
               core_2   -> LUMO+42     -0.2610                                                                            
                                                                                                                          
               Excited state 42                                                                                           
               ----------------                                                                                           
               core_2   -> LUMO+40      0.4546                                                                            
               core_2   -> LUMO+49      0.2978                                                                            
               core_2   -> LUMO+36     -0.2949                                                                            
               core_2   -> LUMO+39     -0.2771                                                                            
               core_2   -> LUMO+44     -0.2742                                                                            
               core_2   -> LUMO+45      0.2565                                                                            
               core_2   -> LUMO+42      0.2471                                                                            
                                                                                                                          
               Excited state 43                                                                                           
               ----------------                                                                                           
               core_2   -> LUMO+42      0.5894                                                                            
               core_2   -> LUMO+40     -0.5035                                                                            
               core_2   -> LUMO+39      0.2876                                                                            
               core_2   -> LUMO+38     -0.2419                                                                            
                                                                                                                          
               Excited state 44                                                                                           
               ----------------                                                                                           
               core_2   -> LUMO+41      0.7397                                                                            
               core_2   -> LUMO+39     -0.3790                                                                            
               core_2   -> LUMO+38      0.2585                                                                            
                                                                                                                          
               Excited state 45                                                                                           
               ----------------                                                                                           
               core_2   -> LUMO+45     -0.5398                                                                            
               core_2   -> LUMO+46     -0.3707                                                                            
               core_2   -> LUMO+40      0.3026                                                                            
               core_2   -> LUMO+49     -0.2894                                                                            
               core_2   -> LUMO+43     -0.2870                                                                            
               core_2   -> LUMO+42      0.2700                                                                            
               core_2   -> LUMO+47      0.2214                                                                            
                                                                                                                          
               Excited state 46                                                                                           
               ----------------                                                                                           
               core_2   -> LUMO+45      0.5959                                                                            
               core_2   -> LUMO+44      0.4041                                                                            
               core_2   -> LUMO+42      0.3036                                                                            
               core_2   -> LUMO+49     -0.2522                                                                            
               core_2   -> LUMO+43     -0.2511                                                                            
                                                                                                                          
               Excited state 47                                                                                           
               ----------------                                                                                           
               core_2   -> LUMO+47     -0.7252                                                                            
               core_2   -> LUMO+46      0.3159                                                                            
               core_2   -> LUMO+52      0.2970                                                                            
               core_2   -> LUMO+43     -0.2361                                                                            
               core_2   -> LUMO+49     -0.2262                                                                            
                                                                                                                          
               Excited state 48                                                                                           
               ----------------                                                                                           
               core_2   -> LUMO+44      0.6108                                                                            
               core_2   -> LUMO+46      0.4944                                                                            
               core_2   -> LUMO+45     -0.3653                                                                            
               core_2   -> LUMO+43     -0.2454                                                                            
                                                                                                                          
               Excited state 49                                                                                           
               ----------------                                                                                           
               core_2   -> LUMO+48      0.7872                                                                            
               core_2   -> LUMO+46     -0.2990                                                                            
               core_2   -> LUMO+44      0.2624                                                                            
                                                                                                                          
               Excited state 50                                                                                           
               ----------------                                                                                           
               core_2   -> LUMO+51     -0.4531                                                                            
               core_2   -> LUMO+46     -0.4328                                                                            
               core_2   -> LUMO+52     -0.4057                                                                            
               core_2   -> LUMO+47     -0.3531                                                                            
               core_2   -> LUMO+44      0.2658                                                                            
               core_2   -> LUMO+54      0.2028                                                                            
                                                                                                                          
!========================================================================================================================!
!                               VeloxChem execution completed at Fri May  8 14:11:21 2026.                               !
!========================================================================================================================!
!                                          Total execution time is 424.47 sec.                                           !
!========================================================================================================================!
!                     Rinkevicius, Z.; Li, X.; Vahtras, O.; Ahmadzadeh, K.; Brand, M.; Ringholm, M.;                     !
!                              List, N. H.; Scheurer, M.; Scott, M.; Dreuw, A.; Norman, P.                               !
!                     VeloxChem: A Python-driven Density-functional Theory Program for Spectroscopy                      !
!                                Simulations in High-performance Computing Environments.                                 !
!                                       WIREs Comput Mol Sci 2020, 10 (5), e1457.                                        !
!========================================================================================================================!
