!========================================================================================================================!
!                                                                                                                        !
!                                                       VELOXCHEM                                                        !
!                                              AN ELECTRONIC STRUCTURE CODE                                              !
!                                                                                                                        !
!                                        Copyright 2018-2025 VeloxChem developers                                        !
!========================================================================================================================!
!                     VeloxChem execution started on 192 MPI processes at Mon May 11 12:12:38 2026.                      !
!========================================================================================================================!
                                                                                                                          
* Info * Using 1 OpenMP threads per MPI process.                                                                          
                                                                                                                          
* Info * Reading input file 0270_n1s.in...                                                                                
                                                                                                                          
* Info * @jobs                                                                                                            
* Info * task: response                                                                                                   
* Info * @end                                                                                                             
                                                                                                                          
* Info * @method_settings                                                                                                 
* Info * basis: def2-tzvpd                                                                                                
* Info * xcfun: cam-b3lyp                                                                                                 
* Info * @end                                                                                                             
                                                                                                                          
* Info * @response                                                                                                        
* Info * property: absorption                                                                                             
* Info * tamm_dancoff: no                                                                                                 
* Info * nstates: 50                                                                                                      
* Info * core_excitation: yes                                                                                             
* Info * num_core_orbitals: 2                                                                                             
* Info * @end                                                                                                             
                                                                                                                          
                                              Molecular Geometry (Angstroms)                                              
                                             ================================                                             
                                                                                                                          
                          Atom         Coordinate X          Coordinate Y          Coordinate Z                           
                                                                                                                          
                           O          -1.498311823400       -1.129144106400        0.026228819000                         
                           N          -1.632262126200        1.079266251900        0.056398677400                         
                           C          -0.259141900100       -0.690272387000        0.002537119700                         
                           C          -0.231287100900        0.713071795400       -0.052447960100                         
                           C           0.882913314100       -1.399634956200       -0.016045728300                         
                           C           0.857537573300        1.416200840000        0.028625753100                         
                           C           2.082127165400       -0.706374183700       -0.005732700100                         
                           C           2.104158799100        0.729045510500       -0.045978636400                         
                           C          -2.250707115500       -0.050812148300       -0.023878945900                         
                           H           0.791670617300       -2.525854077300        0.199467163500                         
                           H           0.764892845600        2.497720991900       -0.025626983400                         
                           H           3.058126774200       -1.279508204700        0.088902823500                         
                           H           2.953385228800        1.400135076000        0.225045736000                         
                           H          -3.382736422100       -0.175380453300       -0.336569950300                         
                                                                                                                          
                          Molecular charge            : 0                                                                 
                          Spin multiplicity           : 1                                                                 
                          Number of atoms             : 14                                                                
                          Number of alpha electrons   : 31                                                                
                          Number of beta  electrons   : 31                                                                
                                                                                                                          
* Info * Reading basis set from file: /net/home/plgrid/plgiubru7/software/vlx-cpu/cpuvlxenv/lib/python3.11/site-packages/veloxchem/basis/DEF2-TZVPD
                                                                                                                          
                                              Molecular Basis (Atomic Basis)                                              
                                             ================================                                             
                                                                                                                          
                               Basis: DEF2-TZVPD                                                                          
                                                                                                                          
                               Atom Contracted GTOs           Primitive GTOs                                              
                                                                                                                          
                               O     (6S,4P,3D,1F)             (12S,7P,3D,1F)                                             
                               N     (6S,3P,3D,1F)             (12S,6P,3D,1F)                                             
                               C     (6S,3P,3D,1F)             (12S,6P,3D,1F)                                             
                               H     (3S,2P)                   (5S,2P)                                                    
                                                                                                                          
                               Contracted Basis Functions : 381                                                           
                               Primitive Basis Functions  : 526                                                           
                                                                                                                          
                                                                                                                          
                                            Self Consistent Field Driver Setup                                            
                                           ====================================                                           
                                                                                                                          
                   Wave Function Model             : Spin-Restricted Kohn-Sham                                            
                   Initial Guess Model             : Restart from Checkpoint                                              
                   Convergence Accelerator         : Direct Inversion of Iterative Subspace                               
                   Max. Number of Iterations       : 50                                                                   
                   Max. Number of Error Vectors    : 10                                                                   
                   Convergence Threshold           : 1.0e-06                                                              
                   ERI Screening Threshold         : 1.0e-12                                                              
                   Linear Dependence Threshold     : 1.0e-06                                                              
                   Exchange-Correlation Functional : CAM-B3LYP                                                            
                   Molecular Grid Level            : 4                                                                    
                                                                                                                          
* Info * Nuclear repulsion energy: 409.1814272327 a.u.                                                                    
                                                                                                                          
* Info * Using the CAM-B3LYP functional.                                                                                  
                                                                                                                          
         T. Yanai, D. P. Tew, and N. C. Handy.,  Chem. Phys. Lett. 393, 51 (2004)
                                                                                                                          
* Info * Using the Libxc library (v7.0.0).                                                                                
                                                                                                                          
         S. Lehtola, C. Steigemann, M. J.T. Oliveira, and M. A.L. Marques.,  SoftwareX 7, 1–5 (2018)
                                                                                                                          
* Info * Using the following algorithm for XC numerical integration.                                                      
                                                                                                                          
         J. Kussmann, H. Laqua and C. Ochsenfeld, J. Chem. Theory Comput. 2021, 17, 1512-1521
                                                                                                                          
* Info * Molecular grid with 208024 points generated in 0.23 sec.                                                         
                                                                                                                          
* Info * Restarting from checkpoint file: 0270_n1s_scf.h5                                                                 
                                                                                                                          
* Info * Overlap matrix computed in 0.00 sec.                                                                             
                                                                                                                          
* Info * Kinetic energy matrix computed in 0.00 sec.                                                                      
                                                                                                                          
* Info * Nuclear potential matrix computed in 0.01 sec.                                                                   
                                                                                                                          
* Info * Orthogonalization matrix computed in 0.01 sec.                                                                   
                                                                                                                          
                                                                                                                          
               Iter. |    Kohn-Sham Energy | Energy Change | Gradient Norm | Max. Gradient | Density Change               
               --------------------------------------------------------------------------------------------               
                  1      -399.632302392372    0.0000000000      0.00000065      0.00000002      0.00000000                
                                                                                                                          
* Info * Checkpoint written to file: 0270_n1s_scf.h5                                                                      
                                                                                                                          
* Info * SCF results written to file: 0270_n1s.h5                                                                         
                                                                                                                          
               *** SCF converged in 1 iterations. Time: 2.84 sec.                                                         
                                                                                                                          
               Spin-Restricted Kohn-Sham:                                                                                 
               --------------------------                                                                                 
               Total Energy                       :     -399.6323023924 a.u.                                              
               Electronic Energy                  :     -808.8137296251 a.u.                                              
               Nuclear Repulsion Energy           :      409.1814272327 a.u.                                              
               ------------------------------------                                                                       
               Gradient Norm                      :        0.0000006543 a.u.                                              
                                                                                                                          
                                                                                                                          
               Ground State Information                                                                                   
               ------------------------                                                                                   
               Charge of Molecule            :  0.0                                                                       
               Multiplicity (2S+1)           :  1                                                                         
               Magnetic Quantum Number (M_S) :  0.0                                                                       
                                                                                                                          
                                                                                                                          
                                                 Spin Restricted Orbitals                                                 
                                                 ------------------------                                                 
                                                                                                                          
               Molecular Orbital No.  27:                                                                                 
               --------------------------                                                                                 
               Occupation: 2.000 Energy:   -0.42258 a.u.                                                                  
               (   1 O   1p-1:    -0.17) (   2 N   1p-1:    -0.15) (   3 C   5s  :     0.26)                              
               (   3 C   3p-1:     0.23) (   4 C   5s  :    -0.23) (   7 C   1p-1:     0.15)                              
               (   8 C   1p-1:    -0.15)                                                                                  
                                                                                                                          
               Molecular Orbital No.  28:                                                                                 
               --------------------------                                                                                 
               Occupation: 2.000 Energy:   -0.40501 a.u.                                                                  
               (   2 N   1p0 :     0.27) (   2 N   2p0 :     0.23) (   3 C   3p-1:     0.18)                              
               (   4 C   3p-1:     0.18) (   6 C   5s  :    -0.30) (   6 C   3p+1:     0.17)                              
               (   9 C   1p0 :     0.16)                                                                                  
                                                                                                                          
               Molecular Orbital No.  29:                                                                                 
               --------------------------                                                                                 
               Occupation: 2.000 Energy:   -0.35999 a.u.                                                                  
               (   2 N   4s  :    -0.20) (   2 N   5s  :    -0.36) (   2 N   6s  :    -0.31)                              
               (   2 N   1p+1:     0.18) (   2 N   1p-1:    -0.31) (   2 N   2p-1:    -0.23)                              
               (   2 N   3p-1:    -0.16) (   3 C   5s  :     0.29) (   3 C   3p+1:    -0.16)                              
               (   4 C   5s  :    -0.16) (   4 C   3p-1:     0.28)                                                        
                                                                                                                          
               Molecular Orbital No.  30:                                                                                 
               --------------------------                                                                                 
               Occupation: 2.000 Energy:   -0.31264 a.u.                                                                  
               (   1 O   1p0 :    -0.16) (   2 N   1p0 :     0.16) (   3 C   5s  :     0.26)                              
               (   3 C   3p-1:     0.18) (   4 C   3p+1:     0.20) (   4 C   3p-1:     0.29)                              
               (   5 C   5s  :     0.18) (   5 C   1p0 :     0.22) (   5 C   2p0 :     0.19)                              
               (   6 C   5s  :    -0.36) (   6 C   1p0 :    -0.23) (   6 C   2p0 :    -0.19)                              
                                                                                                                          
               Molecular Orbital No.  31:                                                                                 
               --------------------------                                                                                 
               Occupation: 2.000 Energy:   -0.30509 a.u.                                                                  
               (   3 C   1p0 :    -0.22) (   3 C   2p0 :    -0.19) (   4 C   5s  :    -0.29)                              
               (   4 C   1p0 :    -0.18) (   4 C   2p0 :    -0.16) (   7 C   1p0 :     0.20)                              
               (   7 C   2p0 :     0.17) (   8 C   1p0 :     0.22) (   8 C   2p0 :     0.19)                              
               (   8 C   3p0 :     0.16) (   9 C   1p0 :     0.16) (  13 H   3s  :    -0.17)                              
                                                                                                                          
               Molecular Orbital No.  32:                                                                                 
               --------------------------                                                                                 
               Occupation: 0.000 Energy:    0.00527 a.u.                                                                  
               (   1 O   4p0 :    -0.20) (   3 C   5s  :    -1.42) (   3 C   6s  :    -0.28)                              
               (   3 C   3p+1:    -0.52) (   3 C   3d-1:    -0.18) (   4 C   5s  :     0.66)                              
               (   4 C   6s  :     0.27) (   4 C   3p-1:    -0.21) (   4 C   3p0 :     0.23)                              
               (   4 C   3d+1:    -0.16) (   4 C   3d+2:     0.27) (   5 C   6s  :     0.46)                              
               (   5 C   1p0 :    -0.18) (   5 C   2p0 :    -0.17) (   5 C   3p+1:    -0.64)                              
               (   5 C   3p-1:     0.35) (   5 C   3p0 :    -0.18) (   5 C   3d-2:    -0.25)                              
               (   6 C   5s  :     0.46) (   6 C   1p0 :    -0.20) (   6 C   2p0 :    -0.20)                              
               (   6 C   3p-1:     0.27) (   6 C   3d-2:    -0.16) (   7 C   5s  :    -0.54)                              
               (   7 C   6s  :    -0.28) (   7 C   3p-1:    -0.75) (   7 C   3d+2:     0.28)                              
               (   8 C   5s  :     0.98) (   8 C   3p-1:    -0.66) (   8 C   3d+2:    -0.25)                              
               (   9 C   1p0 :    -0.23) (   9 C   2p0 :    -0.22) (   9 C   3p+1:    -0.36)                              
               (   9 C   3p0 :    -0.25) (  10 H   3s  :     0.51) (  11 H   3s  :    -0.23)                              
               (  12 H   3s  :    -0.29) (  14 H   3s  :    -0.50)                                                        
                                                                                                                          
               Molecular Orbital No.  33:                                                                                 
               --------------------------                                                                                 
               Occupation: 0.000 Energy:    0.02579 a.u.                                                                  
               (   1 O   6s  :    -0.35) (   2 N   6s  :    -0.17) (   3 C   5s  :    -0.17)                              
               (   3 C   6s  :     0.18) (   3 C   1p0 :     0.24) (   3 C   2p0 :     0.24)                              
               (   3 C   3p-1:    -0.61) (   3 C   3p0 :     0.25) (   3 C   3d-1:     0.16)                              
               (   4 C   5s  :    -1.16) (   4 C   3p+1:    -0.61) (   4 C   3p-1:    -0.87)                              
               (   4 C   3p0 :    -0.36) (   4 C   3d-2:    -0.18) (   5 C   5s  :    -1.54)                              
               (   5 C   6s  :    -0.21) (   5 C   3p-1:    -0.29) (   6 C   5s  :     1.52)                              
               (   6 C   6s  :     0.48) (   6 C   3p+1:    -0.75) (   6 C   3p-1:    -0.48)                              
               (   6 C   3p0 :    -0.15) (   6 C   3d+2:     0.15) (   6 C   3d-2:     0.30)                              
               (   7 C   5s  :     1.03) (   7 C   6s  :     0.52) (   7 C   1p0 :    -0.20)                              
               (   7 C   2p0 :    -0.19) (   7 C   3p+1:    -0.46) (   7 C   3p-1:     0.28)                              
               (   7 C   3d-2:     0.25) (   8 C   5s  :     0.70) (   8 C   6s  :    -0.92)                              
               (   8 C   1p0 :     0.25) (   8 C   2p0 :     0.24) (   8 C   3p+1:     0.23)                              
               (   8 C   3p-1:     0.65) (   8 C   3p0 :     0.25) (   8 C   3d+2:     0.16)                              
               (   8 C   3d-2:     0.22) (   9 C   6s  :     0.22) (   9 C   3p+1:     0.20)                              
               (  11 H   3s  :     0.48) (  12 H   3s  :     0.72) (  13 H   3s  :    -1.19)                              
               (  13 H   2p+1:     0.22) (  13 H   2p-1:     0.17) (  13 H   2p0 :     0.15)                              
               (  14 H   3s  :     0.30)                                                                                  
                                                                                                                          
               Molecular Orbital No.  34:                                                                                 
               --------------------------                                                                                 
               Occupation: 0.000 Energy:    0.03046 a.u.                                                                  
               (   1 O   5s  :    -0.54) (   1 O   6s  :    -5.59) (   1 O   3p+1:    -0.17)                              
               (   1 O   4p-1:    -1.29) (   1 O   3d+2:    -0.16) (   2 N   5s  :    -0.41)                              
               (   2 N   6s  :    -1.06) (   2 N   3p+1:    -0.65) (   2 N   3d+2:    -0.21)                              
               (   2 N   3d-2:     0.19) (   3 C   5s  :    -1.95) (   3 C   6s  :    -0.43)                              
               (   3 C   3p+1:     0.70) (   3 C   3p-1:    -2.81) (   3 C   3p0 :    -0.40)                              
               (   3 C   3d+2:     3.13) (   3 C   3d-2:     1.21) (   3 C   3d0 :     0.33)                              
               (   4 C   5s  :    13.75) (   4 C   6s  :     1.28) (   4 C   3p+1:    -1.54)                              
               (   4 C   3p-1:    -2.57) (   4 C   3p0 :     0.83) (   4 C   3d+1:     0.21)                              
               (   4 C   3d+2:     0.90) (   4 C   3d-2:     1.34) (   4 C   3d0 :    -0.38)                              
               (   5 C   4s  :    -0.48) (   5 C   5s  :     2.42) (   5 C   6s  :     2.41)                              
               (   5 C   3p+1:     0.37) (   5 C   3p-1:    -0.70) (   5 C   3d+1:    -0.29)                              
               (   5 C   3d+2:     0.57) (   5 C   3d-2:     1.67) (   5 C   3d0 :    -0.52)                              
               (   6 C   4s  :    -0.30) (   6 C   5s  :    -0.78) (   6 C   6s  :     0.72)                              
               (   6 C   3p+1:     1.28) (   6 C   3p-1:     1.00) (   6 C   3p0 :    -0.40)                              
               (   6 C   3d+1:     0.15) (   6 C   3d+2:     0.46) (   6 C   3d-1:     0.17)                              
               (   6 C   3d-2:    -1.11) (   6 C   3d0 :    -0.24) (   7 C   4s  :    -0.31)                              
               (   7 C   5s  :    -5.16) (   7 C   6s  :     0.89) (   7 C   3p+1:     2.87)                              
               (   7 C   3p-1:    -1.17) (   7 C   3p0 :     0.27) (   7 C   3d+2:    -0.18)                              
               (   7 C   3d-1:    -0.18) (   7 C   3d-2:    -0.21) (   7 C   3d0 :    -0.28)                              
               (   8 C   4s  :    -0.26) (   8 C   5s  :    -0.72) (   8 C   6s  :     0.81)                              
               (   8 C   3p+1:     0.92) (   8 C   3p-1:    -0.94) (   8 C   3d+2:    -0.54)                              
               (   8 C   3d-2:     0.55) (   8 C   3d0 :    -0.30) (   9 C   4s  :    -0.20)                              
               (   9 C   5s  :    -1.82) (   9 C   6s  :     2.71) (   9 C   3p+1:    -2.20)                              
               (   9 C   3p-1:    -0.58) (   9 C   3d+1:     0.27) (   9 C   3d+2:    -0.34)                              
               (  10 H   3s  :    -0.53) (  10 H   2p+1:     0.52) (  11 H   3s  :    -1.05)                              
               (  11 H   2p+1:     0.41) (  11 H   2p-1:     0.26) (  12 H   3s  :    -2.94)                              
               (  12 H   2p+1:     0.61) (  12 H   2p-1:    -0.20) (  13 H   3s  :    -1.49)                              
               (  13 H   2p+1:     0.35) (  13 H   2p0 :     0.21) (  14 H   3s  :    -1.35)                              
               (  14 H   2p+1:    -0.31)                                                                                  
                                                                                                                          
               Molecular Orbital No.  35:                                                                                 
               --------------------------                                                                                 
               Occupation: 0.000 Energy:    0.04339 a.u.                                                                  
               (   1 O   5s  :     0.85) (   1 O   6s  :     6.64) (   1 O   3p+1:    -0.17)                              
               (   1 O   3p-1:     0.25) (   1 O   4p+1:     0.79) (   1 O   4p-1:     0.95)                              
               (   1 O   3d-2:    -0.20) (   2 N   5s  :     1.48) (   2 N   6s  :     1.30)                              
               (   2 N   3p+1:     0.50) (   2 N   3p-1:    -0.42) (   3 C   5s  :    10.02)                              
               (   3 C   6s  :    -2.41) (   3 C   3p+1:     0.68) (   3 C   3p-1:    -0.61)                              
               (   3 C   3d-2:    -2.84) (   3 C   3d0 :    -0.32) (   4 C   5s  :     2.78)                              
               (   4 C   6s  :    -2.10) (   4 C   3p+1:     4.69) (   4 C   3p-1:     1.30)                              
               (   4 C   3d+2:     1.00) (   4 C   3d-2:    -0.44) (   4 C   3d0 :     0.41)                              
               (   5 C   5s  :    -3.13) (   5 C   3p+1:     4.25) (   5 C   3p0 :    -0.21)                              
               (   5 C   3d+1:    -0.22) (   5 C   3d+2:    -0.45) (   5 C   3d-1:    -0.16)                              
               (   5 C   3d-2:     1.33) (   6 C   4s  :    -0.22) (   6 C   5s  :    -2.32)                              
               (   6 C   6s  :     1.56) (   6 C   3p+1:     1.52) (   6 C   3p-1:     2.27)                              
               (   6 C   3p0 :     0.19) (   6 C   3d+2:    -0.17) (   6 C   3d-1:    -0.29)                              
               (   6 C   3d-2:    -1.53) (   6 C   3d0 :    -0.20) (   7 C   4s  :    -0.43)                              
               (   7 C   5s  :    -1.73) (   7 C   6s  :     1.87) (   7 C   3p+1:     2.49)                              
               (   7 C   3p-1:     0.89) (   7 C   3p0 :     0.58) (   7 C   3d+1:    -0.17)                              
               (   7 C   3d+2:    -0.64) (   7 C   3d-2:    -0.93) (   7 C   3d0 :    -0.41)                              
               (   8 C   4s  :    -0.46) (   8 C   5s  :    -2.10) (   8 C   6s  :     1.80)                              
               (   8 C   3p+1:     1.53) (   8 C   3p-1:     1.22) (   8 C   3p0 :    -0.20)                              
               (   8 C   3d+1:     0.33) (   8 C   3d+2:    -0.20) (   8 C   3d-1:     0.22)                              
               (   8 C   3d-2:     0.31) (   8 C   3d0 :    -0.35) (   9 C   5s  :    -5.27)                              
               (   9 C   6s  :    -2.58) (   9 C   2p+1:    -0.20) (   9 C   3p+1:    -1.14)                              
               (   9 C   3p-1:     0.64) (   9 C   3d+1:    -0.23) (   9 C   3d+2:    -0.44)                              
               (   9 C   3d0 :     0.28) (  10 H   3s  :    -0.79) (  10 H   2p+1:     0.35)                              
               (  10 H   2p-1:    -0.19) (  11 H   3s  :    -2.19) (  11 H   2p+1:     0.47)                              
               (  11 H   2p-1:     0.36) (  12 H   3s  :    -2.84) (  12 H   2p+1:     0.57)                              
               (  12 H   2p0 :     0.15) (  13 H   3s  :    -2.80) (  13 H   2p+1:     0.45)                              
               (  13 H   2p-1:     0.24) (  14 H   3s  :     1.71) (  14 H   2p+1:     0.30)                              
                                                                                                                          
               Molecular Orbital No.  36:                                                                                 
               --------------------------                                                                                 
               Occupation: 0.000 Energy:    0.05306 a.u.                                                                  
               (   1 O   6s  :     1.11) (   1 O   4p-1:     0.59) (   2 N   5s  :     0.59)                              
               (   2 N   6s  :     0.78) (   3 C   5s  :     3.26) (   3 C   6s  :     2.83)                              
               (   3 C   2p-1:     0.15) (   3 C   3p+1:    -0.70) (   3 C   3p-1:     1.04)                              
               (   3 C   3d+2:    -2.44) (   3 C   3d-2:    -0.53) (   3 C   3d0 :    -0.27)                              
               (   4 C   5s  :     0.77) (   4 C   6s  :    -2.31) (   4 C   2p-1:     0.18)                              
               (   4 C   3p+1:     4.49) (   4 C   3p-1:     2.67) (   4 C   3d+1:     0.19)                              
               (   4 C   3d+2:     1.83) (   4 C   3d-2:     0.53) (   5 C   4s  :     0.70)                              
               (   5 C   5s  :     2.22) (   5 C   6s  :    -4.72) (   5 C   3p+1:     0.84)                              
               (   5 C   3p-1:     2.22) (   5 C   3p0 :    -0.20) (   5 C   3d+2:    -0.77)                              
               (   5 C   3d-2:    -1.11) (   5 C   3d0 :     0.67) (   6 C   4s  :    -0.71)                              
               (   6 C   5s  :    -6.18) (   6 C   6s  :     3.80) (   6 C   3p+1:     2.06)                              
               (   6 C   3p-1:     2.66) (   6 C   3p0 :     0.40) (   6 C   3d+2:     0.21)                              
               (   6 C   3d-1:    -0.19) (   6 C   3d-2:    -1.78) (   6 C   3d0 :    -0.50)                              
               (   7 C   4s  :     0.31) (   7 C   5s  :     3.81) (   7 C   6s  :    -1.04)                              
               (   7 C   3p+1:    -0.72) (   7 C   3p-1:     2.57) (   7 C   3p0 :    -0.25)                              
               (   7 C   3d+2:    -1.27) (   7 C   3d-2:    -1.04) (   7 C   3d0 :     0.27)                              
               (   8 C   4s  :    -0.30) (   8 C   5s  :    -5.99) (   8 C   6s  :     1.79)                              
               (   8 C   3p+1:     2.19) (   8 C   3p-1:     2.50) (   8 C   3d+1:     0.39)                              
               (   8 C   3d+2:     0.66) (   8 C   3d-2:    -0.67) (   8 C   3d0 :    -0.23)                              
               (   9 C   4s  :    -0.18) (   9 C   5s  :     1.91) (   9 C   6s  :     0.89)                              
               (   9 C   3p+1:    -0.56) (   9 C   3p-1:    -0.94) (   9 C   3p0 :    -0.19)                              
               (   9 C   3d+1:     0.26) (   9 C   3d+2:     0.78) (   9 C   3d-2:    -0.19)                              
               (   9 C   3d0 :    -0.40) (  10 H   3s  :     1.46) (  10 H   2p+1:    -0.37)                              
               (  10 H   2p-1:     0.29) (  11 H   3s  :    -2.32) (  11 H   2p+1:     0.55)                              
               (  11 H   2p-1:     0.34) (  12 H   3s  :     1.56) (  12 H   2p-1:     0.66)                              
               (  13 H   3s  :    -2.23) (  13 H   2p+1:     0.21) (  13 H   2p-1:     0.59)                              
               (  14 H   3s  :    -2.83) (  14 H   2p+1:    -0.46) (  14 H   2p0 :    -0.26)                              
                                                                                                                          
                                                                                                                          
                                                Ground State Dipole Moment                                                
                                               ----------------------------                                               
                                                                                                                          
                                   X   :         0.180445 a.u.         0.458646 Debye                                     
                                   Y   :        -0.534741 a.u.        -1.359176 Debye                                     
                                   Z   :         0.009789 a.u.         0.024881 Debye                                     
                                 Total :         0.564450 a.u.         1.434689 Debye                                     
                                                                                                                          
                                                                                                                          
                                            Linear Response EigenSolver Setup                                             
                                           ===================================                                            
                                                                                                                          
                               Number of States                : 50                                                       
                               Max. Number of Iterations       : 150                                                      
                               Convergence Threshold           : 1.0e-04                                                  
                               ERI Screening Threshold         : 1.0e-12                                                  
                               Exchange-Correlation Functional : CAM-B3LYP                                                
                               Molecular Grid Level            : 4                                                        
                                                                                                                          
* Info * Using the CAM-B3LYP functional.                                                                                  
                                                                                                                          
         T. Yanai, D. P. Tew, and N. C. Handy.,  Chem. Phys. Lett. 393, 51 (2004)
                                                                                                                          
* Info * Using the Libxc library (v7.0.0).                                                                                
                                                                                                                          
         S. Lehtola, C. Steigemann, M. J.T. Oliveira, and M. A.L. Marques.,  SoftwareX 7, 1–5 (2018)
                                                                                                                          
* Info * Using the following algorithm for XC numerical integration.                                                      
                                                                                                                          
         J. Kussmann, H. Laqua and C. Ochsenfeld, J. Chem. Theory Comput. 2021, 17, 1512-1521
                                                                                                                          
* Info * Molecular grid with 208024 points generated in 0.20 sec.                                                         
                                                                                                                          
* Info * Processing 50 Fock builds...                                                                                     
                                                                                                                          
* Info * 50 gerade trial vectors in reduced space                                                                         
* Info * 50 ungerade trial vectors in reduced space                                                                       
                                                                                                                          
* Info * 15.06 kB of memory used for subspace procedure on the master node                                                
* Info * 355.31 GB of memory available for the solver on the master node                                                  
                                                                                                                          
               *** Iteration:   1 * Residuals (Max,Min): 1.58e-01 and 3.40e-02                                            
                                                                                                                          
               Excitation 1   :     14.21965301 Residual Norm: 0.11597598                                                 
               Excitation 2   :     14.30382564 Residual Norm: 0.05666494                                                 
               Excitation 3   :     14.31186437 Residual Norm: 0.06714864                                                 
               Excitation 4   :     14.32601000 Residual Norm: 0.08163281                                                 
               Excitation 5   :     14.34436383 Residual Norm: 0.11364636                                                 
               Excitation 6   :     14.36110260 Residual Norm: 0.04575582                                                 
               Excitation 7   :     14.36632215 Residual Norm: 0.15776557                                                 
               Excitation 8   :     14.37767644 Residual Norm: 0.04153710                                                 
               Excitation 9   :     14.38474759 Residual Norm: 0.09016044                                                 
               Excitation 10  :     14.39373172 Residual Norm: 0.06293111                                                 
               Excitation 11  :     14.41552430 Residual Norm: 0.05863184                                                 
               Excitation 12  :     14.41993232 Residual Norm: 0.04624338                                                 
               Excitation 13  :     14.42837636 Residual Norm: 0.13980842                                                 
               Excitation 14  :     14.43267604 Residual Norm: 0.04570818                                                 
               Excitation 15  :     14.44681763 Residual Norm: 0.05752161                                                 
               Excitation 16  :     14.45395516 Residual Norm: 0.11335355                                                 
               Excitation 17  :     14.45980049 Residual Norm: 0.03396202                                                 
               Excitation 18  :     14.47518997 Residual Norm: 0.05695585                                                 
               Excitation 19  :     14.47817988 Residual Norm: 0.10990170                                                 
               Excitation 20  :     14.48727730 Residual Norm: 0.11451243                                                 
               Excitation 21  :     14.49267980 Residual Norm: 0.05040103                                                 
               Excitation 22  :     14.49934640 Residual Norm: 0.04575896                                                 
               Excitation 23  :     14.50314719 Residual Norm: 0.06569486                                                 
               Excitation 24  :     14.50596270 Residual Norm: 0.07905944                                                 
               Excitation 25  :     14.52126227 Residual Norm: 0.10596692                                                 
               Excitation 26  :     14.52937649 Residual Norm: 0.07180218                                                 
               Excitation 27  :     14.53522792 Residual Norm: 0.04851027                                                 
               Excitation 28  :     14.54093101 Residual Norm: 0.06451529                                                 
               Excitation 29  :     14.54325316 Residual Norm: 0.06574105                                                 
               Excitation 30  :     14.54869015 Residual Norm: 0.06867572                                                 
               Excitation 31  :     14.56247142 Residual Norm: 0.10310474                                                 
               Excitation 32  :     14.56348869 Residual Norm: 0.05857981                                                 
               Excitation 33  :     14.57173139 Residual Norm: 0.06083877                                                 
               Excitation 34  :     14.57600593 Residual Norm: 0.05861023                                                 
               Excitation 35  :     14.57821544 Residual Norm: 0.05843728                                                 
               Excitation 36  :     14.58997816 Residual Norm: 0.07835695                                                 
               Excitation 37  :     14.59775285 Residual Norm: 0.06889348                                                 
               Excitation 38  :     14.60452805 Residual Norm: 0.05847828                                                 
               Excitation 39  :     14.60924229 Residual Norm: 0.05862582                                                 
               Excitation 40  :     14.61477514 Residual Norm: 0.06120900                                                 
               Excitation 41  :     14.62085089 Residual Norm: 0.05708917                                                 
               Excitation 42  :     14.62476777 Residual Norm: 0.04863754                                                 
               Excitation 43  :     14.63251137 Residual Norm: 0.06185044                                                 
               Excitation 44  :     14.63671633 Residual Norm: 0.05150696                                                 
               Excitation 45  :     14.64348048 Residual Norm: 0.04994464                                                 
               Excitation 46  :     14.64761689 Residual Norm: 0.05426192                                                 
               Excitation 47  :     14.66214419 Residual Norm: 0.06426892                                                 
               Excitation 48  :     14.66529034 Residual Norm: 0.05775083                                                 
               Excitation 49  :     14.66708504 Residual Norm: 0.06034310                                                 
               Excitation 50  :     14.68107767 Residual Norm: 0.07268155                                                 
                                                                                                                          
* Info * Processing 50 Fock builds...                                                                                     
                                                                                                                          
* Info * 100 gerade trial vectors in reduced space                                                                        
* Info * 100 ungerade trial vectors in reduced space                                                                      
                                                                                                                          
* Info * 21.46 kB of memory used for subspace procedure on the master node                                                
* Info * 352.56 GB of memory available for the solver on the master node                                                  
                                                                                                                          
               *** Iteration:   2 * Residuals (Max,Min): 1.20e-01 and 3.44e-03                                            
                                                                                                                          
               Excitation 1   :     14.21716951 Residual Norm: 0.01061661                                                 
               Excitation 2   :     14.30293701 Residual Norm: 0.00518616                                                 
               Excitation 3   :     14.31075264 Residual Norm: 0.00558461                                                 
               Excitation 4   :     14.32525999 Residual Norm: 0.00569533                                                 
               Excitation 5   :     14.34373242 Residual Norm: 0.00377117                                                 
               Excitation 6   :     14.36001900 Residual Norm: 0.00733100                                                 
               Excitation 7   :     14.36546274 Residual Norm: 0.00894636                                                 
               Excitation 8   :     14.37698878 Residual Norm: 0.00407857                                                 
               Excitation 9   :     14.38426412 Residual Norm: 0.00451327                                                 
               Excitation 10  :     14.39300015 Residual Norm: 0.00520770                                                 
               Excitation 11  :     14.41486507 Residual Norm: 0.00427741                                                 
               Excitation 12  :     14.41847908 Residual Norm: 0.00846336                                                 
               Excitation 13  :     14.42586692 Residual Norm: 0.01068139                                                 
               Excitation 14  :     14.43137829 Residual Norm: 0.00620377                                                 
               Excitation 15  :     14.44577143 Residual Norm: 0.00497147                                                 
               Excitation 16  :     14.45006475 Residual Norm: 0.01282499                                                 
               Excitation 17  :     14.45901268 Residual Norm: 0.00343691                                                 
               Excitation 18  :     14.47291028 Residual Norm: 0.01242500                                                 
               Excitation 19  :     14.47582922 Residual Norm: 0.00829951                                                 
               Excitation 20  :     14.48468791 Residual Norm: 0.00705367                                                 
               Excitation 21  :     14.49109760 Residual Norm: 0.00610734                                                 
               Excitation 22  :     14.49756069 Residual Norm: 0.00739675                                                 
               Excitation 23  :     14.50026789 Residual Norm: 0.01198834                                                 
               Excitation 24  :     14.50277732 Residual Norm: 0.01385507                                                 
               Excitation 25  :     14.51698834 Residual Norm: 0.01494287                                                 
               Excitation 26  :     14.52659519 Residual Norm: 0.01211971                                                 
               Excitation 27  :     14.53318109 Residual Norm: 0.00839814                                                 
               Excitation 28  :     14.53546898 Residual Norm: 0.01941868                                                 
               Excitation 29  :     14.54012775 Residual Norm: 0.01007926                                                 
               Excitation 30  :     14.54570077 Residual Norm: 0.01125218                                                 
               Excitation 31  :     14.55679996 Residual Norm: 0.01991714                                                 
               Excitation 32  :     14.56146257 Residual Norm: 0.00654331                                                 
               Excitation 33  :     14.56785811 Residual Norm: 0.01829415                                                 
               Excitation 34  :     14.57387842 Residual Norm: 0.00820998                                                 
               Excitation 35  :     14.57577739 Residual Norm: 0.00759253                                                 
               Excitation 36  :     14.58538777 Residual Norm: 0.01361682                                                 
               Excitation 37  :     14.59092651 Residual Norm: 0.02289567                                                 
               Excitation 38  :     14.60139539 Residual Norm: 0.02527013                                                 
               Excitation 39  :     14.60344870 Residual Norm: 0.02336891                                                 
               Excitation 40  :     14.60915926 Residual Norm: 0.01825610                                                 
               Excitation 41  :     14.61766438 Residual Norm: 0.01963695                                                 
               Excitation 42  :     14.62289402 Residual Norm: 0.01378498                                                 
               Excitation 43  :     14.62612056 Residual Norm: 0.02807981                                                 
               Excitation 44  :     14.63340669 Residual Norm: 0.02225488                                                 
               Excitation 45  :     14.63845800 Residual Norm: 0.02389776                                                 
               Excitation 46  :     14.64135681 Residual Norm: 0.03024033                                                 
               Excitation 47  :     14.64906468 Residual Norm: 0.12019506                                                 
               Excitation 48  :     14.65680137 Residual Norm: 0.05307331                                                 
               Excitation 49  :     14.66190019 Residual Norm: 0.02732096                                                 
               Excitation 50  :     14.66349828 Residual Norm: 0.10965277                                                 
                                                                                                                          
* Info * Processing 50 Fock builds...                                                                                     
                                                                                                                          
* Info * 150 gerade trial vectors in reduced space                                                                        
* Info * 150 ungerade trial vectors in reduced space                                                                      
                                                                                                                          
* Info * 27.86 kB of memory used for subspace procedure on the master node                                                
* Info * 351.93 GB of memory available for the solver on the master node                                                  
                                                                                                                          
               *** Iteration:   3 * Residuals (Max,Min): 9.55e-03 and 1.35e-04                                            
                                                                                                                          
               Excitation 1   :     14.21716725 Residual Norm: 0.00030397                                                 
               Excitation 2   :     14.30293570 Residual Norm: 0.00014682                                                 
               Excitation 3   :     14.31075035 Residual Norm: 0.00022421                                                 
               Excitation 4   :     14.32525745 Residual Norm: 0.00024006                                                 
               Excitation 5   :     14.34373064 Residual Norm: 0.00020900                                                 
               Excitation 6   :     14.36001409 Residual Norm: 0.00033808                                                 
               Excitation 7   :     14.36545587 Residual Norm: 0.00038334                                                 
               Excitation 8   :     14.37698783 Residual Norm: 0.00013470                                                 
               Excitation 9   :     14.38426231 Residual Norm: 0.00018586                                                 
               Excitation 10  :     14.39299576 Residual Norm: 0.00021819                                                 
               Excitation 11  :     14.41486287 Residual Norm: 0.00027545                                                 
               Excitation 12  :     14.41846779 Residual Norm: 0.00043538                                                 
               Excitation 13  :     14.42585240 Residual Norm: 0.00056787                                                 
               Excitation 14  :     14.43137397 Residual Norm: 0.00029274                                                 
               Excitation 15  :     14.44576719 Residual Norm: 0.00027163                                                 
               Excitation 16  :     14.45004312 Residual Norm: 0.00065717                                                 
               Excitation 17  :     14.45900920 Residual Norm: 0.00017085                                                 
               Excitation 18  :     14.47288718 Residual Norm: 0.00083909                                                 
               Excitation 19  :     14.47582064 Residual Norm: 0.00044481                                                 
               Excitation 20  :     14.48468042 Residual Norm: 0.00030418                                                 
               Excitation 21  :     14.49109431 Residual Norm: 0.00021033                                                 
               Excitation 22  :     14.49754751 Residual Norm: 0.00042669                                                 
               Excitation 23  :     14.50024844 Residual Norm: 0.00064668                                                 
               Excitation 24  :     14.50274719 Residual Norm: 0.00071128                                                 
               Excitation 25  :     14.51692782 Residual Norm: 0.00103833                                                 
               Excitation 26  :     14.52655312 Residual Norm: 0.00085016                                                 
               Excitation 27  :     14.53316553 Residual Norm: 0.00064174                                                 
               Excitation 28  :     14.53537584 Residual Norm: 0.00113310                                                 
               Excitation 29  :     14.54011263 Residual Norm: 0.00063961                                                 
               Excitation 30  :     14.54567701 Residual Norm: 0.00066973                                                 
               Excitation 31  :     14.55669380 Residual Norm: 0.00149221                                                 
               Excitation 32  :     14.56145568 Residual Norm: 0.00043111                                                 
               Excitation 33  :     14.56779742 Residual Norm: 0.00144228                                                 
               Excitation 34  :     14.57386263 Residual Norm: 0.00062471                                                 
               Excitation 35  :     14.57576429 Residual Norm: 0.00044140                                                 
               Excitation 36  :     14.58533019 Residual Norm: 0.00142162                                                 
               Excitation 37  :     14.59082831 Residual Norm: 0.00143798                                                 
               Excitation 38  :     14.60130901 Residual Norm: 0.00176043                                                 
               Excitation 39  :     14.60331667 Residual Norm: 0.00199465                                                 
               Excitation 40  :     14.60908410 Residual Norm: 0.00150008                                                 
               Excitation 41  :     14.61759287 Residual Norm: 0.00186229                                                 
               Excitation 42  :     14.62285886 Residual Norm: 0.00091173                                                 
               Excitation 43  :     14.62594513 Residual Norm: 0.00196977                                                 
               Excitation 44  :     14.63329509 Residual Norm: 0.00209873                                                 
               Excitation 45  :     14.63825443 Residual Norm: 0.00246458                                                 
               Excitation 46  :     14.64110293 Residual Norm: 0.00314848                                                 
               Excitation 47  :     14.64696010 Residual Norm: 0.00927298                                                 
               Excitation 48  :     14.65620470 Residual Norm: 0.00466959                                                 
               Excitation 49  :     14.66176956 Residual Norm: 0.00222501                                                 
               Excitation 50  :     14.66224433 Residual Norm: 0.00955227                                                 
                                                                                                                          
* Info * Processing 36 Fock builds...                                                                                     
                                                                                                                          
* Info * 186 gerade trial vectors in reduced space                                                                        
* Info * 186 ungerade trial vectors in reduced space                                                                      
                                                                                                                          
* Info * 32.75 kB of memory used for subspace procedure on the master node                                                
* Info * 356.01 GB of memory available for the solver on the master node                                                  
                                                                                                                          
               *** Iteration:   4 * Residuals (Max,Min): 4.20e-04 and 1.94e-05                                            
                                                                                                                          
               Excitation 1   :     14.21716724 Residual Norm: 0.00008269   converged                                     
               Excitation 2   :     14.30293570 Residual Norm: 0.00003644   converged                                     
               Excitation 3   :     14.31075035 Residual Norm: 0.00003410   converged                                     
               Excitation 4   :     14.32525745 Residual Norm: 0.00004462   converged                                     
               Excitation 5   :     14.34373063 Residual Norm: 0.00003924   converged                                     
               Excitation 6   :     14.36001408 Residual Norm: 0.00003304   converged                                     
               Excitation 7   :     14.36545587 Residual Norm: 0.00003877   converged                                     
               Excitation 8   :     14.37698783 Residual Norm: 0.00004262   converged                                     
               Excitation 9   :     14.38426230 Residual Norm: 0.00001938   converged                                     
               Excitation 10  :     14.39299575 Residual Norm: 0.00003614   converged                                     
               Excitation 11  :     14.41486287 Residual Norm: 0.00002061   converged                                     
               Excitation 12  :     14.41846778 Residual Norm: 0.00003197   converged                                     
               Excitation 13  :     14.42585239 Residual Norm: 0.00002268   converged                                     
               Excitation 14  :     14.43137397 Residual Norm: 0.00003791   converged                                     
               Excitation 15  :     14.44576719 Residual Norm: 0.00004028   converged                                     
               Excitation 16  :     14.45004310 Residual Norm: 0.00002617   converged                                     
               Excitation 17  :     14.45900920 Residual Norm: 0.00004631   converged                                     
               Excitation 18  :     14.47288715 Residual Norm: 0.00003314   converged                                     
               Excitation 19  :     14.47582063 Residual Norm: 0.00003984   converged                                     
               Excitation 20  :     14.48468042 Residual Norm: 0.00003864   converged                                     
               Excitation 21  :     14.49109431 Residual Norm: 0.00003217   converged                                     
               Excitation 22  :     14.49754750 Residual Norm: 0.00003307   converged                                     
               Excitation 23  :     14.50024842 Residual Norm: 0.00004001   converged                                     
               Excitation 24  :     14.50274716 Residual Norm: 0.00002748   converged                                     
               Excitation 25  :     14.51692776 Residual Norm: 0.00003990   converged                                     
               Excitation 26  :     14.52655308 Residual Norm: 0.00004416   converged                                     
               Excitation 27  :     14.53316551 Residual Norm: 0.00003871   converged                                     
               Excitation 28  :     14.53537571 Residual Norm: 0.00005401   converged                                     
               Excitation 29  :     14.54011261 Residual Norm: 0.00004072   converged                                     
               Excitation 30  :     14.54567697 Residual Norm: 0.00003285   converged                                     
               Excitation 31  :     14.55669367 Residual Norm: 0.00005891   converged                                     
               Excitation 32  :     14.56145566 Residual Norm: 0.00002736   converged                                     
               Excitation 33  :     14.56779730 Residual Norm: 0.00004556   converged                                     
               Excitation 34  :     14.57386259 Residual Norm: 0.00003484   converged                                     
               Excitation 35  :     14.57576427 Residual Norm: 0.00002757   converged                                     
               Excitation 36  :     14.58533010 Residual Norm: 0.00004752   converged                                     
               Excitation 37  :     14.59082809 Residual Norm: 0.00006441   converged                                     
               Excitation 38  :     14.60130881 Residual Norm: 0.00006635   converged                                     
               Excitation 39  :     14.60331625 Residual Norm: 0.00009033   converged                                     
               Excitation 40  :     14.60908387 Residual Norm: 0.00006471   converged                                     
               Excitation 41  :     14.61759266 Residual Norm: 0.00007433   converged                                     
               Excitation 42  :     14.62285876 Residual Norm: 0.00005009   converged                                     
               Excitation 43  :     14.62594459 Residual Norm: 0.00009439   converged                                     
               Excitation 44  :     14.63329468 Residual Norm: 0.00009250   converged                                     
               Excitation 45  :     14.63825351 Residual Norm: 0.00013735                                                 
               Excitation 46  :     14.64110188 Residual Norm: 0.00015691                                                 
               Excitation 47  :     14.64695239 Residual Norm: 0.00040049                                                 
               Excitation 48  :     14.65620202 Residual Norm: 0.00020940                                                 
               Excitation 49  :     14.66176886 Residual Norm: 0.00010521                                                 
               Excitation 50  :     14.66223767 Residual Norm: 0.00041962                                                 
                                                                                                                          
* Info * Processing 6 Fock builds...                                                                                      
                                                                                                                          
* Info * 192 gerade trial vectors in reduced space                                                                        
* Info * 192 ungerade trial vectors in reduced space                                                                      
                                                                                                                          
* Info * 33.23 kB of memory used for subspace procedure on the master node                                                
* Info * 359.67 GB of memory available for the solver on the master node                                                  
                                                                                                                          
               *** Iteration:   5 * Residuals (Max,Min): 7.86e-05 and 4.23e-06                                            
                                                                                                                          
               Excitation 1   :     14.21716724 Residual Norm: 0.00007862   converged                                     
               Excitation 2   :     14.30293570 Residual Norm: 0.00003538   converged                                     
               Excitation 3   :     14.31075035 Residual Norm: 0.00003412   converged                                     
               Excitation 4   :     14.32525745 Residual Norm: 0.00004391   converged                                     
               Excitation 5   :     14.34373063 Residual Norm: 0.00004058   converged                                     
               Excitation 6   :     14.36001408 Residual Norm: 0.00003236   converged                                     
               Excitation 7   :     14.36545587 Residual Norm: 0.00003805   converged                                     
               Excitation 8   :     14.37698783 Residual Norm: 0.00004146   converged                                     
               Excitation 9   :     14.38426230 Residual Norm: 0.00001900   converged                                     
               Excitation 10  :     14.39299575 Residual Norm: 0.00003224   converged                                     
               Excitation 11  :     14.41486287 Residual Norm: 0.00001865   converged                                     
               Excitation 12  :     14.41846778 Residual Norm: 0.00003059   converged                                     
               Excitation 13  :     14.42585239 Residual Norm: 0.00002093   converged                                     
               Excitation 14  :     14.43137397 Residual Norm: 0.00003118   converged                                     
               Excitation 15  :     14.44576719 Residual Norm: 0.00003934   converged                                     
               Excitation 16  :     14.45004310 Residual Norm: 0.00002569   converged                                     
               Excitation 17  :     14.45900920 Residual Norm: 0.00004415   converged                                     
               Excitation 18  :     14.47288715 Residual Norm: 0.00002843   converged                                     
               Excitation 19  :     14.47582063 Residual Norm: 0.00003561   converged                                     
               Excitation 20  :     14.48468042 Residual Norm: 0.00003382   converged                                     
               Excitation 21  :     14.49109431 Residual Norm: 0.00003012   converged                                     
               Excitation 22  :     14.49754750 Residual Norm: 0.00003327   converged                                     
               Excitation 23  :     14.50024842 Residual Norm: 0.00003470   converged                                     
               Excitation 24  :     14.50274716 Residual Norm: 0.00002247   converged                                     
               Excitation 25  :     14.51692776 Residual Norm: 0.00002856   converged                                     
               Excitation 26  :     14.52655308 Residual Norm: 0.00002937   converged                                     
               Excitation 27  :     14.53316551 Residual Norm: 0.00002882   converged                                     
               Excitation 28  :     14.53537571 Residual Norm: 0.00002740   converged                                     
               Excitation 29  :     14.54011261 Residual Norm: 0.00003499   converged                                     
               Excitation 30  :     14.54567697 Residual Norm: 0.00002976   converged                                     
               Excitation 31  :     14.55669367 Residual Norm: 0.00003158   converged                                     
               Excitation 32  :     14.56145566 Residual Norm: 0.00002452   converged                                     
               Excitation 33  :     14.56779730 Residual Norm: 0.00003211   converged                                     
               Excitation 34  :     14.57386259 Residual Norm: 0.00002735   converged                                     
               Excitation 35  :     14.57576427 Residual Norm: 0.00002221   converged                                     
               Excitation 36  :     14.58533010 Residual Norm: 0.00003190   converged                                     
               Excitation 37  :     14.59082809 Residual Norm: 0.00002524   converged                                     
               Excitation 38  :     14.60130881 Residual Norm: 0.00004232   converged                                     
               Excitation 39  :     14.60331625 Residual Norm: 0.00004179   converged                                     
               Excitation 40  :     14.60908387 Residual Norm: 0.00004362   converged                                     
               Excitation 41  :     14.61759266 Residual Norm: 0.00003627   converged                                     
               Excitation 42  :     14.62285876 Residual Norm: 0.00002974   converged                                     
               Excitation 43  :     14.62594459 Residual Norm: 0.00003399   converged                                     
               Excitation 44  :     14.63329468 Residual Norm: 0.00003301   converged                                     
               Excitation 45  :     14.63825351 Residual Norm: 0.00000563   converged                                     
               Excitation 46  :     14.64110188 Residual Norm: 0.00000655   converged                                     
               Excitation 47  :     14.64695237 Residual Norm: 0.00001616   converged                                     
               Excitation 48  :     14.65620201 Residual Norm: 0.00000962   converged                                     
               Excitation 49  :     14.66176886 Residual Norm: 0.00000423   converged                                     
               Excitation 50  :     14.66223766 Residual Norm: 0.00001783   converged                                     
                                                                                                                          
* Info * Checkpoint written to file: 0270_n1s_rsp.h5                                                                      
                                                                                                                          
* Info * Time spent in writing checkpoint file: 1.15 sec                                                                  
                                                                                                                          
               *** Linear response converged in 5 iterations. Time: 400.91 sec                                            
                                                                                                                          
                                                                                                                          
* Info * Response solution vectors written to file: 0270_n1s.h5                                                           
                                                                                                                          
               Electric Transition Dipole Moments (dipole length, a.u.)                                                   
               --------------------------------------------------------                                                   
                                                X            Y            Z                                               
               Excited State    S1:     -0.001165     0.002910    -0.059995                                               
               Excited State    S2:     -0.002452    -0.001491     0.019442                                               
               Excited State    S3:      0.000699     0.001702    -0.020544                                               
               Excited State    S4:     -0.001489     0.007028     0.011081                                               
               Excited State    S5:     -0.001293     0.005831    -0.001270                                               
               Excited State    S6:      0.016823    -0.011164    -0.000894                                               
               Excited State    S7:      0.009045     0.006463    -0.004785                                               
               Excited State    S8:      0.003001    -0.001619    -0.008295                                               
               Excited State    S9:      0.000454     0.003238    -0.002496                                               
               Excited State   S10:      0.009502    -0.004719     0.003036                                               
               Excited State   S11:     -0.010020    -0.005689    -0.005902                                               
               Excited State   S12:      0.019549     0.001392    -0.001169                                               
               Excited State   S13:     -0.020594    -0.005116     0.003013                                               
               Excited State   S14:     -0.009515    -0.004409     0.012492                                               
               Excited State   S15:     -0.008392    -0.000424     0.002205                                               
               Excited State   S16:     -0.023207     0.006826     0.011170                                               
               Excited State   S17:     -0.002939    -0.000204    -0.005457                                               
               Excited State   S18:      0.020691     0.006773     0.000060                                               
               Excited State   S19:      0.015153    -0.004240    -0.001165                                               
               Excited State   S20:      0.008832     0.004980     0.010787                                               
               Excited State   S21:      0.003685     0.001150    -0.016016                                               
               Excited State   S22:     -0.002561    -0.000511    -0.010305                                               
               Excited State   S23:     -0.015467     0.004061    -0.000777                                               
               Excited State   S24:      0.011106    -0.009947     0.003620                                               
               Excited State   S25:      0.016672     0.005149     0.009254                                               
               Excited State   S26:      0.008684     0.007216    -0.001980                                               
               Excited State   S27:      0.006829     0.002834     0.004062                                               
               Excited State   S28:     -0.006007    -0.002235    -0.004537                                               
               Excited State   S29:      0.006322     0.003886    -0.015684                                               
               Excited State   S30:      0.012799    -0.003621     0.007526                                               
               Excited State   S31:      0.008126     0.013143     0.001608                                               
               Excited State   S32:     -0.001127    -0.002784     0.004950                                               
               Excited State   S33:      0.013169     0.008710    -0.006230                                               
               Excited State   S34:      0.004437     0.003093     0.000917                                               
               Excited State   S35:      0.005271     0.000895     0.000475                                               
               Excited State   S36:      0.011262     0.012827     0.005202                                               
               Excited State   S37:      0.005700    -0.001436     0.001977                                               
               Excited State   S38:     -0.004669     0.009001     0.001241                                               
               Excited State   S39:     -0.001870     0.000747     0.000997                                               
               Excited State   S40:      0.005837     0.004022     0.000327                                               
               Excited State   S41:      0.010141     0.006217    -0.003200                                               
               Excited State   S42:     -0.000802    -0.004696    -0.000369                                               
               Excited State   S43:      0.006939    -0.003250     0.000892                                               
               Excited State   S44:      0.005795     0.008416     0.000923                                               
               Excited State   S45:      0.003338    -0.001286     0.002273                                               
               Excited State   S46:      0.013414     0.005743    -0.000863                                               
               Excited State   S47:      0.019939    -0.025564     0.004823                                               
               Excited State   S48:      0.009263    -0.003947     0.003283                                               
               Excited State   S49:     -0.004956     0.004533    -0.000575                                               
               Excited State   S50:      0.024680    -0.007466    -0.005554                                               
                                                                                                                          
               Electric Transition Dipole Moments (dipole velocity, a.u.)                                                 
               ----------------------------------------------------------                                                 
                                                X            Y            Z                                               
               Excited State    S1:     -0.001140     0.002876    -0.059270                                               
               Excited State    S2:     -0.002427    -0.001466     0.019242                                               
               Excited State    S3:      0.000686     0.001691    -0.020327                                               
               Excited State    S4:     -0.001505     0.007017     0.010971                                               
               Excited State    S5:     -0.001289     0.005831    -0.001198                                               
               Excited State    S6:      0.016711    -0.011215    -0.000882                                               
               Excited State    S7:      0.008947     0.006435    -0.004719                                               
               Excited State    S8:      0.003157    -0.001581    -0.008338                                               
               Excited State    S9:      0.000441     0.003200    -0.002577                                               
               Excited State   S10:      0.009539    -0.004773     0.003014                                               
               Excited State   S11:     -0.009956    -0.005776    -0.005838                                               
               Excited State   S12:      0.019494     0.001459    -0.001135                                               
               Excited State   S13:     -0.020416    -0.005170     0.002981                                               
               Excited State   S14:     -0.009547    -0.004481     0.012334                                               
               Excited State   S15:     -0.008276    -0.000580     0.002173                                               
               Excited State   S16:     -0.022973     0.006771     0.010978                                               
               Excited State   S17:     -0.002915    -0.000314    -0.005463                                               
               Excited State   S18:      0.020578     0.006857     0.000016                                               
               Excited State   S19:      0.015063    -0.004317    -0.001157                                               
               Excited State   S20:      0.008830     0.004828     0.010701                                               
               Excited State   S21:      0.003559     0.001084    -0.015875                                               
               Excited State   S22:     -0.002509    -0.000626    -0.010141                                               
               Excited State   S23:     -0.015311     0.003988    -0.000740                                               
               Excited State   S24:      0.011070    -0.009936     0.003582                                               
               Excited State   S25:      0.016519     0.005349     0.009115                                               
               Excited State   S26:      0.008600     0.007034    -0.002021                                               
               Excited State   S27:      0.006886     0.002818     0.003955                                               
               Excited State   S28:     -0.005957    -0.002252    -0.004430                                               
               Excited State   S29:      0.006184     0.003939    -0.015452                                               
               Excited State   S30:      0.012813    -0.003748     0.007309                                               
               Excited State   S31:      0.008002     0.012945     0.001611                                               
               Excited State   S32:     -0.001120    -0.002709     0.005099                                               
               Excited State   S33:      0.013160     0.008373    -0.006144                                               
               Excited State   S34:      0.004361     0.002980     0.000638                                               
               Excited State   S35:      0.005118     0.000667     0.000467                                               
               Excited State   S36:      0.011082     0.012659     0.005116                                               
               Excited State   S37:      0.005858    -0.001348     0.001870                                               
               Excited State   S38:     -0.004361     0.009071     0.001123                                               
               Excited State   S39:     -0.002082     0.000549     0.000893                                               
               Excited State   S40:      0.005890     0.003844     0.000425                                               
               Excited State   S41:      0.010143     0.006127    -0.003170                                               
               Excited State   S42:     -0.000840    -0.004676    -0.000475                                               
               Excited State   S43:      0.006757    -0.003281     0.000799                                               
               Excited State   S44:      0.005750     0.008337     0.000726                                               
               Excited State   S45:      0.003498    -0.001098     0.002212                                               
               Excited State   S46:      0.012981     0.005528    -0.000677                                               
               Excited State   S47:      0.019784    -0.025528     0.004735                                               
               Excited State   S48:      0.009264    -0.003999     0.003243                                               
               Excited State   S49:     -0.004822     0.004529    -0.000572                                               
               Excited State   S50:      0.024366    -0.007493    -0.005453                                               
                                                                                                                          
               Magnetic Transition Dipole Moments (a.u.)                                                                  
               -----------------------------------------                                                                  
                                                X            Y            Z                                               
               Excited State    S1:     -0.861198    -1.300329    -0.046547                                               
               Excited State    S2:      0.281663     0.422571     0.067739                                               
               Excited State    S3:     -0.297829    -0.448075    -0.047329                                               
               Excited State    S4:      0.154855     0.241210    -0.133046                                               
               Excited State    S5:     -0.021968    -0.027485    -0.110162                                               
               Excited State    S6:     -0.004324    -0.006735     0.003682                                               
               Excited State    S7:     -0.074034    -0.097708    -0.273585                                               
               Excited State    S8:     -0.120976    -0.182436    -0.011204                                               
               Excited State    S9:     -0.040223    -0.056809    -0.077477                                               
               Excited State   S10:      0.047869     0.074205    -0.034033                                               
               Excited State   S11:     -0.081352    -0.137410     0.274703                                               
               Excited State   S12:     -0.017811    -0.010279    -0.318971                                               
               Excited State   S13:      0.047820     0.050617     0.415245                                               
               Excited State   S14:      0.184924     0.267137     0.240177                                               
               Excited State   S15:      0.032443     0.042069     0.134805                                               
               Excited State   S16:      0.156505     0.226936     0.187460                                               
               Excited State   S17:     -0.080285    -0.124046     0.049978                                               
               Excited State   S18:     -0.005052     0.016210    -0.456640                                               
               Excited State   S19:     -0.013710    -0.014195    -0.125936                                               
               Excited State   S20:      0.154284     0.245867    -0.238229                                               
               Excited State   S21:     -0.235370    -0.352005    -0.076812                                               
               Excited State   S22:     -0.149418    -0.228647     0.051091                                               
               Excited State   S23:     -0.014024    -0.028439     0.137172                                               
               Excited State   S24:      0.060653     0.088681     0.058544                                               
               Excited State   S25:      0.130785     0.216822    -0.364185                                               
               Excited State   S26:     -0.035346    -0.038671    -0.284885                                               
               Excited State   S27:      0.056396     0.094010    -0.165158                                               
               Excited State   S28:     -0.063926    -0.103970     0.138769                                               
               Excited State   S29:     -0.232084    -0.341689    -0.180048                                               
               Excited State   S30:      0.111314     0.173869    -0.105923                                               
               Excited State   S31:      0.013911     0.042320    -0.409351                                               
               Excited State   S32:      0.077760     0.113589     0.077437                                               
               Excited State   S33:     -0.097777    -0.127790    -0.383612                                               
               Excited State   S34:      0.007229     0.017705    -0.131822                                               
               Excited State   S35:      0.006402     0.014460    -0.091063                                               
               Excited State   S36:      0.066217     0.123698    -0.449549                                               
               Excited State   S37:      0.028895     0.046603    -0.056763                                               
               Excited State   S38:      0.009648     0.021890    -0.139391                                               
               Excited State   S39:      0.012914     0.018484     0.018667                                               
               Excited State   S40:      0.003336     0.014151    -0.174255                                               
               Excited State   S41:     -0.052069    -0.063530    -0.289265                                               
               Excited State   S42:     -0.003424    -0.011389     0.117933                                               
               Excited State   S43:      0.014473     0.023325    -0.026668                                               
               Excited State   S44:      0.004343     0.020754    -0.273966                                               
               Excited State   S45:      0.033846     0.052573    -0.027371                                               
               Excited State   S46:     -0.014446    -0.005179    -0.318582                                               
               Excited State   S47:      0.090638     0.122340     0.281138                                               
               Excited State   S48:      0.051469     0.080548    -0.048013                                               
               Excited State   S49:     -0.012057    -0.016774    -0.030258                                               
               Excited State   S50:     -0.075661    -0.104262    -0.194777                                               
                                                                                                                          
               One-Photon Absorption                                                                                      
               ---------------------                                                                                      
               Excited State    S1:     14.21716724 a.u.    386.86883 eV    Osc.Str.    0.0342                            
               Excited State    S2:     14.30293570 a.u.    389.20271 eV    Osc.Str.    0.0037                            
               Excited State    S3:     14.31075035 a.u.    389.41536 eV    Osc.Str.    0.0041                            
               Excited State    S4:     14.32525745 a.u.    389.81011 eV    Osc.Str.    0.0017                            
               Excited State    S5:     14.34373063 a.u.    390.31279 eV    Osc.Str.    0.0004                            
               Excited State    S6:     14.36001408 a.u.    390.75589 eV    Osc.Str.    0.0039                            
               Excited State    S7:     14.36545587 a.u.    390.90397 eV    Osc.Str.    0.0014                            
               Excited State    S8:     14.37698783 a.u.    391.21777 eV    Osc.Str.    0.0008                            
               Excited State    S9:     14.38426230 a.u.    391.41572 eV    Osc.Str.    0.0002                            
               Excited State   S10:     14.39299575 a.u.    391.65337 eV    Osc.Str.    0.0012                            
               Excited State   S11:     14.41486287 a.u.    392.24840 eV    Osc.Str.    0.0016                            
               Excited State   S12:     14.41846778 a.u.    392.34650 eV    Osc.Str.    0.0037                            
               Excited State   S13:     14.42585239 a.u.    392.54744 eV    Osc.Str.    0.0044                            
               Excited State   S14:     14.43137397 a.u.    392.69769 eV    Osc.Str.    0.0026                            
               Excited State   S15:     14.44576719 a.u.    393.08935 eV    Osc.Str.    0.0007                            
               Excited State   S16:     14.45004310 a.u.    393.20570 eV    Osc.Str.    0.0068                            
               Excited State   S17:     14.45900920 a.u.    393.44968 eV    Osc.Str.    0.0004                            
               Excited State   S18:     14.47288715 a.u.    393.82732 eV    Osc.Str.    0.0046                            
               Excited State   S19:     14.47582063 a.u.    393.90715 eV    Osc.Str.    0.0024                            
               Excited State   S20:     14.48468042 a.u.    394.14823 eV    Osc.Str.    0.0021                            
               Excited State   S21:     14.49109431 a.u.    394.32276 eV    Osc.Str.    0.0026                            
               Excited State   S22:     14.49754750 a.u.    394.49836 eV    Osc.Str.    0.0011                            
               Excited State   S23:     14.50024842 a.u.    394.57186 eV    Osc.Str.    0.0025                            
               Excited State   S24:     14.50274716 a.u.    394.63985 eV    Osc.Str.    0.0023                            
               Excited State   S25:     14.51692776 a.u.    395.02573 eV    Osc.Str.    0.0038                            
               Excited State   S26:     14.52655308 a.u.    395.28765 eV    Osc.Str.    0.0013                            
               Excited State   S27:     14.53316551 a.u.    395.46758 eV    Osc.Str.    0.0007                            
               Excited State   S28:     14.53537571 a.u.    395.52772 eV    Osc.Str.    0.0006                            
               Excited State   S29:     14.54011261 a.u.    395.65662 eV    Osc.Str.    0.0029                            
               Excited State   S30:     14.54567697 a.u.    395.80803 eV    Osc.Str.    0.0023                            
               Excited State   S31:     14.55669367 a.u.    396.10781 eV    Osc.Str.    0.0023                            
               Excited State   S32:     14.56145566 a.u.    396.23739 eV    Osc.Str.    0.0003                            
               Excited State   S33:     14.56779730 a.u.    396.40996 eV    Osc.Str.    0.0028                            
               Excited State   S34:     14.57386259 a.u.    396.57500 eV    Osc.Str.    0.0003                            
               Excited State   S35:     14.57576427 a.u.    396.62675 eV    Osc.Str.    0.0003                            
               Excited State   S36:     14.58533010 a.u.    396.88705 eV    Osc.Str.    0.0031                            
               Excited State   S37:     14.59082809 a.u.    397.03666 eV    Osc.Str.    0.0004                            
               Excited State   S38:     14.60130881 a.u.    397.32185 eV    Osc.Str.    0.0010                            
               Excited State   S39:     14.60331625 a.u.    397.37648 eV    Osc.Str.    0.0000                            
               Excited State   S40:     14.60908387 a.u.    397.53342 eV    Osc.Str.    0.0005                            
               Excited State   S41:     14.61759266 a.u.    397.76496 eV    Osc.Str.    0.0015                            
               Excited State   S42:     14.62285876 a.u.    397.90826 eV    Osc.Str.    0.0002                            
               Excited State   S43:     14.62594459 a.u.    397.99223 eV    Osc.Str.    0.0006                            
               Excited State   S44:     14.63329468 a.u.    398.19223 eV    Osc.Str.    0.0010                            
               Excited State   S45:     14.63825351 a.u.    398.32717 eV    Osc.Str.    0.0002                            
               Excited State   S46:     14.64110188 a.u.    398.40468 eV    Osc.Str.    0.0021                            
               Excited State   S47:     14.64695237 a.u.    398.56388 eV    Osc.Str.    0.0105                            
               Excited State   S48:     14.65620201 a.u.    398.81557 eV    Osc.Str.    0.0011                            
               Excited State   S49:     14.66176886 a.u.    398.96706 eV    Osc.Str.    0.0004                            
               Excited State   S50:     14.66223766 a.u.    398.97981 eV    Osc.Str.    0.0068                            
                                                                                                                          
               Electronic Circular Dichroism                                                                              
               -----------------------------                                                                              
               Excited State    S1:     Rot.Str.      0.000001 a.u.     0.0004 [10**(-40) cgs]                            
               Excited State    S2:     Rot.Str.      0.000000 a.u.     0.0001 [10**(-40) cgs]                            
               Excited State    S3:     Rot.Str.      0.000000 a.u.     0.0000 [10**(-40) cgs]                            
               Excited State    S4:     Rot.Str.     -0.000000 a.u.    -0.0001 [10**(-40) cgs]                            
               Excited State    S5:     Rot.Str.      0.000000 a.u.     0.0000 [10**(-40) cgs]                            
               Excited State    S6:     Rot.Str.      0.000000 a.u.     0.0000 [10**(-40) cgs]                            
               Excited State    S7:     Rot.Str.     -0.000000 a.u.    -0.0001 [10**(-40) cgs]                            
               Excited State    S8:     Rot.Str.     -0.000000 a.u.    -0.0000 [10**(-40) cgs]                            
               Excited State    S9:     Rot.Str.      0.000000 a.u.     0.0000 [10**(-40) cgs]                            
               Excited State   S10:     Rot.Str.     -0.000000 a.u.    -0.0001 [10**(-40) cgs]                            
               Excited State   S11:     Rot.Str.      0.000000 a.u.     0.0000 [10**(-40) cgs]                            
               Excited State   S12:     Rot.Str.     -0.000000 a.u.    -0.0000 [10**(-40) cgs]                            
               Excited State   S13:     Rot.Str.     -0.000000 a.u.    -0.0001 [10**(-40) cgs]                            
               Excited State   S14:     Rot.Str.     -0.000000 a.u.    -0.0001 [10**(-40) cgs]                            
               Excited State   S15:     Rot.Str.     -0.000000 a.u.    -0.0000 [10**(-40) cgs]                            
               Excited State   S16:     Rot.Str.     -0.000001 a.u.    -0.0003 [10**(-40) cgs]                            
               Excited State   S17:     Rot.Str.     -0.000000 a.u.    -0.0000 [10**(-40) cgs]                            
               Excited State   S18:     Rot.Str.      0.000000 a.u.     0.0000 [10**(-40) cgs]                            
               Excited State   S19:     Rot.Str.      0.000000 a.u.     0.0002 [10**(-40) cgs]                            
               Excited State   S20:     Rot.Str.      0.000000 a.u.     0.0000 [10**(-40) cgs]                            
               Excited State   S21:     Rot.Str.      0.000000 a.u.     0.0001 [10**(-40) cgs]                            
               Excited State   S22:     Rot.Str.      0.000000 a.u.     0.0000 [10**(-40) cgs]                            
               Excited State   S23:     Rot.Str.     -0.000000 a.u.    -0.0001 [10**(-40) cgs]                            
               Excited State   S24:     Rot.Str.      0.000000 a.u.     0.0000 [10**(-40) cgs]                            
               Excited State   S25:     Rot.Str.      0.000001 a.u.     0.0003 [10**(-40) cgs]                            
               Excited State   S26:     Rot.Str.     -0.000000 a.u.    -0.0001 [10**(-40) cgs]                            
               Excited State   S27:     Rot.Str.     -0.000000 a.u.    -0.0000 [10**(-40) cgs]                            
               Excited State   S28:     Rot.Str.      0.000000 a.u.     0.0001 [10**(-40) cgs]                            
               Excited State   S29:     Rot.Str.      0.000001 a.u.     0.0004 [10**(-40) cgs]                            
               Excited State   S30:     Rot.Str.      0.000000 a.u.     0.0002 [10**(-40) cgs]                            
               Excited State   S31:     Rot.Str.     -0.000000 a.u.    -0.0001 [10**(-40) cgs]                            
               Excited State   S32:     Rot.Str.     -0.000000 a.u.    -0.0000 [10**(-40) cgs]                            
               Excited State   S33:     Rot.Str.      0.000000 a.u.     0.0001 [10**(-40) cgs]                            
               Excited State   S34:     Rot.Str.      0.000000 a.u.     0.0001 [10**(-40) cgs]                            
               Excited State   S35:     Rot.Str.     -0.000000 a.u.    -0.0000 [10**(-40) cgs]                            
               Excited State   S36:     Rot.Str.     -0.000000 a.u.    -0.0002 [10**(-40) cgs]                            
               Excited State   S37:     Rot.Str.      0.000000 a.u.     0.0001 [10**(-40) cgs]                            
               Excited State   S38:     Rot.Str.     -0.000000 a.u.    -0.0000 [10**(-40) cgs]                            
               Excited State   S39:     Rot.Str.     -0.000000 a.u.    -0.0000 [10**(-40) cgs]                            
               Excited State   S40:     Rot.Str.     -0.000000 a.u.    -0.0000 [10**(-40) cgs]                            
               Excited State   S41:     Rot.Str.     -0.000001 a.u.    -0.0002 [10**(-40) cgs]                            
               Excited State   S42:     Rot.Str.      0.000000 a.u.     0.0001 [10**(-40) cgs]                            
               Excited State   S43:     Rot.Str.     -0.000000 a.u.    -0.0000 [10**(-40) cgs]                            
               Excited State   S44:     Rot.Str.     -0.000001 a.u.    -0.0005 [10**(-40) cgs]                            
               Excited State   S45:     Rot.Str.      0.000000 a.u.     0.0000 [10**(-40) cgs]                            
               Excited State   S46:     Rot.Str.     -0.000000 a.u.    -0.0002 [10**(-40) cgs]                            
               Excited State   S47:     Rot.Str.      0.000001 a.u.     0.0006 [10**(-40) cgs]                            
               Excited State   S48:     Rot.Str.     -0.000001 a.u.    -0.0005 [10**(-40) cgs]                            
               Excited State   S49:     Rot.Str.     -0.000001 a.u.    -0.0003 [10**(-40) cgs]                            
               Excited State   S50:     Rot.Str.     -0.000000 a.u.    -0.0000 [10**(-40) cgs]                            
                                                                                                                          
               Character of excitations:                                                                                  
                                                                                                                          
               Excited state 1                                                                                            
               ---------------                                                                                            
               core_2   -> LUMO        -0.8097                                                                            
               core_2   -> LUMO+6       0.3966                                                                            
               core_2   -> LUMO+5       0.3512                                                                            
                                                                                                                          
               Excited state 2                                                                                            
               ---------------                                                                                            
               core_2   -> LUMO+1       0.9135                                                                            
               core_2   -> LUMO+6      -0.2203                                                                            
                                                                                                                          
               Excited state 3                                                                                            
               ---------------                                                                                            
               core_2   -> LUMO         0.5241                                                                            
               core_2   -> LUMO+6       0.5170                                                                            
               core_2   -> LUMO+5       0.4105                                                                            
               core_2   -> LUMO+1       0.3627                                                                            
               core_2   -> LUMO+2      -0.2725                                                                            
               core_2   -> LUMO+4      -0.2044                                                                            
                                                                                                                          
               Excited state 4                                                                                            
               ---------------                                                                                            
               core_2   -> LUMO+2      -0.6860                                                                            
               core_2   -> LUMO+3       0.4290                                                                            
               core_2   -> LUMO+4      -0.2720                                                                            
               core_2   -> LUMO+7      -0.2523                                                                            
               core_2   -> LUMO+5      -0.2363                                                                            
               core_2   -> LUMO+6      -0.2138                                                                            
                                                                                                                          
               Excited state 5                                                                                            
               ---------------                                                                                            
               core_2   -> LUMO+5       0.6470                                                                            
               core_2   -> LUMO+6      -0.5146                                                                            
               core_2   -> LUMO+3       0.4089                                                                            
               core_2   -> LUMO+7       0.2018                                                                            
                                                                                                                          
               Excited state 6                                                                                            
               ---------------                                                                                            
               core_2   -> LUMO+3       0.5890                                                                            
               core_2   -> LUMO+4       0.4962                                                                            
               core_2   -> LUMO+8       0.4904                                                                            
                                                                                                                          
               Excited state 7                                                                                            
               ---------------                                                                                            
               core_2   -> LUMO+2       0.5646                                                                            
               core_2   -> LUMO+7      -0.5210                                                                            
               core_2   -> LUMO+4      -0.3280                                                                            
               core_2   -> LUMO+8      -0.2816                                                                            
               core_2   -> LUMO+3       0.2401                                                                            
                                                                                                                          
               Excited state 8                                                                                            
               ---------------                                                                                            
               core_2   -> LUMO+9      -0.8773                                                                            
               core_2   -> LUMO+7      -0.2412                                                                            
               core_2   -> LUMO+14      0.2301                                                                            
               core_2   -> LUMO+8       0.2037                                                                            
                                                                                                                          
               Excited state 9                                                                                            
               ---------------                                                                                            
               core_2   -> LUMO+4       0.5207                                                                            
               core_2   -> LUMO+7      -0.4062                                                                            
               core_2   -> LUMO+10     -0.3980                                                                            
               core_2   -> LUMO+3      -0.3369                                                                            
               core_2   -> LUMO+5       0.2654                                                                            
               core_2   -> LUMO+2      -0.2551                                                                            
               core_2   -> LUMO+8      -0.2054                                                                            
                                                                                                                          
               Excited state 10                                                                                           
               ----------------                                                                                           
               core_2   -> LUMO+8       0.5431                                                                            
               core_2   -> LUMO+4      -0.4414                                                                            
               core_2   -> LUMO+11     -0.4089                                                                            
               core_2   -> LUMO+7      -0.3016                                                                            
               core_2   -> LUMO+3      -0.2744                                                                            
               core_2   -> LUMO+9       0.2460                                                                            
                                                                                                                          
               Excited state 11                                                                                           
               ----------------                                                                                           
               core_2   -> LUMO+10     -0.6301                                                                            
               core_2   -> LUMO+11      0.4296                                                                            
               core_2   -> LUMO+7       0.3607                                                                            
               core_2   -> LUMO+17     -0.2622                                                                            
               core_2   -> LUMO+8       0.2398                                                                            
                                                                                                                          
               Excited state 12                                                                                           
               ----------------                                                                                           
               core_2   -> LUMO+11     -0.5290                                                                            
               core_2   -> LUMO+13      0.4165                                                                            
               core_2   -> LUMO+7       0.3151                                                                            
               core_2   -> LUMO+5      -0.2688                                                                            
               core_2   -> LUMO+10     -0.2360                                                                            
                                                                                                                          
               Excited state 13                                                                                           
               ----------------                                                                                           
               core_2   -> LUMO+13     -0.4180                                                                            
               core_2   -> LUMO+14      0.3744                                                                            
               core_2   -> LUMO+10     -0.3692                                                                            
               core_2   -> LUMO+11     -0.3320                                                                            
               core_2   -> LUMO+15     -0.3008                                                                            
               core_2   -> LUMO+8      -0.2858                                                                            
                                                                                                                          
               Excited state 14                                                                                           
               ----------------                                                                                           
               core_2   -> LUMO+12      0.8491                                                                            
               core_2   -> LUMO+14     -0.3169                                                                            
                                                                                                                          
               Excited state 15                                                                                           
               ----------------                                                                                           
               core_2   -> LUMO+14     -0.5973                                                                            
               core_2   -> LUMO+13     -0.3393                                                                            
               core_2   -> LUMO+12     -0.3252                                                                            
               core_2   -> LUMO+19      0.2929                                                                            
               core_2   -> LUMO+20      0.2736                                                                            
               core_2   -> LUMO+9      -0.2418                                                                            
               core_2   -> LUMO+15      0.2006                                                                            
                                                                                                                          
               Excited state 16                                                                                           
               ----------------                                                                                           
               core_2   -> LUMO+13      0.4839                                                                            
               core_2   -> LUMO+17      0.4827                                                                            
               core_2   -> LUMO+16     -0.3356                                                                            
               core_2   -> LUMO+10     -0.2697                                                                            
               core_2   -> LUMO+8       0.2387                                                                            
               core_2   -> LUMO+25     -0.2336                                                                            
                                                                                                                          
               Excited state 17                                                                                           
               ----------------                                                                                           
               core_2   -> LUMO+15     -0.7914                                                                            
               core_2   -> LUMO+14     -0.3542                                                                            
               core_2   -> LUMO+17     -0.2925                                                                            
               core_2   -> LUMO+16     -0.2746                                                                            
                                                                                                                          
               Excited state 18                                                                                           
               ----------------                                                                                           
               core_2   -> LUMO+16     -0.5013                                                                            
               core_2   -> LUMO+18     -0.5003                                                                            
               core_2   -> LUMO+19     -0.3811                                                                            
               core_2   -> LUMO+13     -0.3095                                                                            
                                                                                                                          
               Excited state 19                                                                                           
               ----------------                                                                                           
               core_2   -> LUMO+17      0.5016                                                                            
               core_2   -> LUMO+16      0.3929                                                                            
               core_2   -> LUMO+19     -0.3116                                                                            
               core_2   -> LUMO+15     -0.3074                                                                            
               core_2   -> LUMO+18     -0.2622                                                                            
               core_2   -> LUMO+21      0.2397                                                                            
               core_2   -> LUMO+11      0.2332                                                                            
                                                                                                                          
               Excited state 20                                                                                           
               ----------------                                                                                           
               core_2   -> LUMO+21     -0.4831                                                                            
               core_2   -> LUMO+18      0.3835                                                                            
               core_2   -> LUMO+23     -0.3658                                                                            
               core_2   -> LUMO+25      0.2652                                                                            
               core_2   -> LUMO+20      0.2388                                                                            
               core_2   -> LUMO+16     -0.2173                                                                            
               core_2   -> LUMO+17      0.2171                                                                            
               core_2   -> LUMO+13     -0.2132                                                                            
                                                                                                                          
               Excited state 21                                                                                           
               ----------------                                                                                           
               core_2   -> LUMO+21      0.5590                                                                            
               core_2   -> LUMO+20      0.4754                                                                            
               core_2   -> LUMO+18      0.3038                                                                            
               core_2   -> LUMO+16     -0.2774                                                                            
               core_2   -> LUMO+12      0.2442                                                                            
                                                                                                                          
               Excited state 22                                                                                           
               ----------------                                                                                           
               core_2   -> LUMO+22      0.4806                                                                            
               core_2   -> LUMO+20     -0.4598                                                                            
               core_2   -> LUMO+24     -0.2935                                                                            
               core_2   -> LUMO+18      0.2881                                                                            
               core_2   -> LUMO+14     -0.2796                                                                            
               core_2   -> LUMO+16     -0.2156                                                                            
               core_2   -> LUMO+21      0.2050                                                                            
               core_2   -> LUMO+23      0.2036                                                                            
                                                                                                                          
               Excited state 23                                                                                           
               ----------------                                                                                           
               core_2   -> LUMO+22      0.5496                                                                            
               core_2   -> LUMO+20      0.4068                                                                            
               core_2   -> LUMO+18     -0.3183                                                                            
               core_2   -> LUMO+23      0.3171                                                                            
               core_2   -> LUMO+21     -0.2690                                                                            
                                                                                                                          
               Excited state 24                                                                                           
               ----------------                                                                                           
               core_2   -> LUMO+19      0.5509                                                                            
               core_2   -> LUMO+18     -0.3227                                                                            
               core_2   -> LUMO+27      0.3142                                                                            
               core_2   -> LUMO+25      0.2951                                                                            
               core_2   -> LUMO+23     -0.2538                                                                            
               core_2   -> LUMO+26     -0.2375                                                                            
                                                                                                                          
               Excited state 25                                                                                           
               ----------------                                                                                           
               core_2   -> LUMO+24      0.6356                                                                            
               core_2   -> LUMO+22      0.3212                                                                            
               core_2   -> LUMO+26     -0.3210                                                                            
               core_2   -> LUMO+34     -0.2253                                                                            
               core_2   -> LUMO+35     -0.2226                                                                            
                                                                                                                          
               Excited state 26                                                                                           
               ----------------                                                                                           
               core_2   -> LUMO+27     -0.6679                                                                            
               core_2   -> LUMO+23     -0.3367                                                                            
               core_2   -> LUMO+19      0.3090                                                                            
               core_2   -> LUMO+30     -0.2480                                                                            
                                                                                                                          
               Excited state 27                                                                                           
               ----------------                                                                                           
               core_2   -> LUMO+25      0.5264                                                                            
               core_2   -> LUMO+23      0.4829                                                                            
               core_2   -> LUMO+27     -0.4758                                                                            
               core_2   -> LUMO+29      0.2114                                                                            
               core_2   -> LUMO+22     -0.2002                                                                            
                                                                                                                          
               Excited state 28                                                                                           
               ----------------                                                                                           
               core_2   -> LUMO+26     -0.5524                                                                            
               core_2   -> LUMO+29      0.3370                                                                            
               core_2   -> LUMO+30     -0.3291                                                                            
               core_2   -> LUMO+24     -0.2512                                                                            
               core_2   -> LUMO+25     -0.2413                                                                            
               core_2   -> LUMO+16      0.2097                                                                            
               core_2   -> LUMO+19     -0.2080                                                                            
               core_2   -> LUMO+27     -0.2063                                                                            
                                                                                                                          
               Excited state 29                                                                                           
               ----------------                                                                                           
               core_2   -> LUMO+26      0.4844                                                                            
               core_2   -> LUMO+29      0.4487                                                                            
               core_2   -> LUMO+30     -0.2959                                                                            
               core_2   -> LUMO+21     -0.2575                                                                            
               core_2   -> LUMO+28      0.2393                                                                            
               core_2   -> LUMO+31      0.2204                                                                            
               core_2   -> LUMO+17      0.2171                                                                            
                                                                                                                          
               Excited state 30                                                                                           
               ----------------                                                                                           
               core_2   -> LUMO+28      0.4813                                                                            
               core_2   -> LUMO+31     -0.4807                                                                            
               core_2   -> LUMO+23      0.3542                                                                            
               core_2   -> LUMO+22     -0.3161                                                                            
               core_2   -> LUMO+25     -0.2891                                                                            
               core_2   -> LUMO+29     -0.2057                                                                            
                                                                                                                          
               Excited state 31                                                                                           
               ----------------                                                                                           
               core_2   -> LUMO+34     -0.5938                                                                            
               core_2   -> LUMO+28     -0.3633                                                                            
               core_2   -> LUMO+24     -0.3442                                                                            
               core_2   -> LUMO+32      0.2498                                                                            
               core_2   -> LUMO+31     -0.2416                                                                            
               core_2   -> LUMO+27      0.2155                                                                            
                                                                                                                          
               Excited state 32                                                                                           
               ----------------                                                                                           
               core_2   -> LUMO+30      0.5384                                                                            
               core_2   -> LUMO+29      0.4754                                                                            
               core_2   -> LUMO+33      0.3465                                                                            
               core_2   -> LUMO+31     -0.2453                                                                            
               core_2   -> LUMO+25     -0.2162                                                                            
               core_2   -> LUMO+23     -0.2098                                                                            
                                                                                                                          
               Excited state 33                                                                                           
               ----------------                                                                                           
               core_2   -> LUMO+31      0.5237                                                                            
               core_2   -> LUMO+30      0.4399                                                                            
               core_2   -> LUMO+33     -0.3450                                                                            
               core_2   -> LUMO+28      0.2587                                                                            
               core_2   -> LUMO+40     -0.2258                                                                            
               core_2   -> LUMO+37      0.2133                                                                            
                                                                                                                          
               Excited state 34                                                                                           
               ----------------                                                                                           
               core_2   -> LUMO+32      0.5450                                                                            
               core_2   -> LUMO+33     -0.5095                                                                            
               core_2   -> LUMO+34      0.2886                                                                            
               core_2   -> LUMO+30      0.2797                                                                            
                                                                                                                          
               Excited state 35                                                                                           
               ----------------                                                                                           
               core_2   -> LUMO+32     -0.5635                                                                            
               core_2   -> LUMO+28     -0.4095                                                                            
               core_2   -> LUMO+33     -0.3512                                                                            
               core_2   -> LUMO+29      0.3347                                                                            
               core_2   -> LUMO+36      0.2239                                                                            
               core_2   -> LUMO+31     -0.2137                                                                            
               core_2   -> LUMO+24      0.2091                                                                            
                                                                                                                          
               Excited state 36                                                                                           
               ----------------                                                                                           
               core_2   -> LUMO+35     -0.5699                                                                            
               core_2   -> LUMO+36      0.4772                                                                            
               core_2   -> LUMO+34      0.3036                                                                            
               core_2   -> LUMO+39     -0.2034                                                                            
               core_2   -> LUMO+43     -0.2009                                                                            
                                                                                                                          
               Excited state 37                                                                                           
               ----------------                                                                                           
               core_2   -> LUMO+36     -0.4871                                                                            
               core_2   -> LUMO+37      0.3958                                                                            
               core_2   -> LUMO+35     -0.3672                                                                            
               core_2   -> LUMO+34      0.3116                                                                            
               core_2   -> LUMO+29      0.2202                                                                            
               core_2   -> LUMO+38      0.2130                                                                            
                                                                                                                          
               Excited state 38                                                                                           
               ----------------                                                                                           
               core_2   -> LUMO+37      0.6895                                                                            
               core_2   -> LUMO+36      0.3570                                                                            
               core_2   -> LUMO+38     -0.2867                                                                            
               core_2   -> LUMO+35      0.2437                                                                            
                                                                                                                          
               Excited state 39                                                                                           
               ----------------                                                                                           
               core_2   -> LUMO+38      0.6719                                                                            
               core_2   -> LUMO+39     -0.4189                                                                            
                                                                                                                          
               Excited state 40                                                                                           
               ----------------                                                                                           
               core_2   -> LUMO+39      0.5011                                                                            
               core_2   -> LUMO+40     -0.4103                                                                            
               core_2   -> LUMO+38      0.3554                                                                            
               core_2   -> LUMO+42     -0.2890                                                                            
               core_2   -> LUMO+36      0.2408                                                                            
               core_2   -> LUMO+35      0.2383                                                                            
                                                                                                                          
               Excited state 41                                                                                           
               ----------------                                                                                           
               core_2   -> LUMO+40     -0.6514                                                                            
               core_2   -> LUMO+39     -0.4411                                                                            
               core_2   -> LUMO+38     -0.2836                                                                            
               core_2   -> LUMO+36     -0.2137                                                                            
                                                                                                                          
               Excited state 42                                                                                           
               ----------------                                                                                           
               core_2   -> LUMO+43      0.4481                                                                            
               core_2   -> LUMO+45     -0.4132                                                                            
               core_2   -> LUMO+42      0.3272                                                                            
               core_2   -> LUMO+39      0.3184                                                                            
               core_2   -> LUMO+40     -0.3033                                                                            
               core_2   -> LUMO+41     -0.2809                                                                            
               core_2   -> LUMO+36      0.2572                                                                            
               core_2   -> LUMO+44     -0.2264                                                                            
                                                                                                                          
               Excited state 43                                                                                           
               ----------------                                                                                           
               core_2   -> LUMO+41      0.7401                                                                            
               core_2   -> LUMO+43      0.3676                                                                            
                                                                                                                          
               Excited state 44                                                                                           
               ----------------                                                                                           
               core_2   -> LUMO+42     -0.6710                                                                            
               core_2   -> LUMO+45     -0.5715                                                                            
                                                                                                                          
               Excited state 45                                                                                           
               ----------------                                                                                           
               core_2   -> LUMO+43     -0.5819                                                                            
               core_2   -> LUMO+44     -0.4176                                                                            
               core_2   -> LUMO+45     -0.4084                                                                            
               core_2   -> LUMO+42      0.2564                                                                            
                                                                                                                          
               Excited state 46                                                                                           
               ----------------                                                                                           
               core_2   -> LUMO+44     -0.6346                                                                            
               core_2   -> LUMO+45      0.3933                                                                            
               core_2   -> LUMO+35      0.2515                                                                            
               core_2   -> LUMO+46     -0.2451                                                                            
               core_2   -> LUMO+41     -0.2345                                                                            
               core_2   -> LUMO+43      0.2290                                                                            
                                                                                                                          
               Excited state 47                                                                                           
               ----------------                                                                                           
               core_2   -> LUMO+48      0.6186                                                                            
               core_2   -> LUMO+57      0.3299                                                                            
               core_2   -> LUMO+58      0.2313                                                                            
               core_2   -> LUMO+54     -0.2106                                                                            
               core_2   -> LUMO+61      0.2071                                                                            
                                                                                                                          
               Excited state 48                                                                                           
               ----------------                                                                                           
               core_2   -> LUMO+47     -0.4677                                                                            
               core_2   -> LUMO+49      0.3873                                                                            
               core_2   -> LUMO+46      0.3731                                                                            
               core_2   -> LUMO+50      0.3139                                                                            
               core_2   -> LUMO+48     -0.2765                                                                            
               core_2   -> LUMO+43     -0.2546                                                                            
               core_2   -> LUMO+54     -0.2346                                                                            
                                                                                                                          
               Excited state 49                                                                                           
               ----------------                                                                                           
               core_2   -> LUMO+46     -0.7400                                                                            
               core_2   -> LUMO+47     -0.5179                                                                            
               core_2   -> LUMO+48     -0.2159                                                                            
                                                                                                                          
               Excited state 50                                                                                           
               ----------------                                                                                           
               core_2   -> LUMO+49      0.4762                                                                            
               core_2   -> LUMO+47      0.4157                                                                            
               core_2   -> LUMO+44      0.3381                                                                            
               core_2   -> LUMO+63      0.2337                                                                            
               core_2   -> LUMO+61      0.2266                                                                            
               core_2   -> LUMO+40     -0.2061                                                                            
               core_2   -> LUMO+60      0.2055                                                                            
               core_2   -> LUMO+46     -0.2038                                                                            
                                                                                                                          
!========================================================================================================================!
!                               VeloxChem execution completed at Mon May 11 12:19:23 2026.                               !
!========================================================================================================================!
!                                          Total execution time is 404.27 sec.                                           !
!========================================================================================================================!
!                     Rinkevicius, Z.; Li, X.; Vahtras, O.; Ahmadzadeh, K.; Brand, M.; Ringholm, M.;                     !
!                              List, N. H.; Scheurer, M.; Scott, M.; Dreuw, A.; Norman, P.                               !
!                     VeloxChem: A Python-driven Density-functional Theory Program for Spectroscopy                      !
!                                Simulations in High-performance Computing Environments.                                 !
!                                       WIREs Comput Mol Sci 2020, 10 (5), e1457.                                        !
!========================================================================================================================!
