!========================================================================================================================!
!                                                                                                                        !
!                                                       VELOXCHEM                                                        !
!                                              AN ELECTRONIC STRUCTURE CODE                                              !
!                                                                                                                        !
!                                        Copyright 2018-2025 VeloxChem developers                                        !
!========================================================================================================================!
!                     VeloxChem execution started on 192 MPI processes at Mon May 11 12:15:51 2026.                      !
!========================================================================================================================!
                                                                                                                          
* Info * Using 1 OpenMP threads per MPI process.                                                                          
                                                                                                                          
* Info * Reading input file 0274_n1s.in...                                                                                
                                                                                                                          
* Info * @jobs                                                                                                            
* Info * task: response                                                                                                   
* Info * @end                                                                                                             
                                                                                                                          
* Info * @method_settings                                                                                                 
* Info * basis: def2-tzvpd                                                                                                
* Info * xcfun: cam-b3lyp                                                                                                 
* Info * @end                                                                                                             
                                                                                                                          
* Info * @response                                                                                                        
* Info * property: absorption                                                                                             
* Info * tamm_dancoff: no                                                                                                 
* Info * nstates: 50                                                                                                      
* Info * core_excitation: yes                                                                                             
* Info * num_core_orbitals: 2                                                                                             
* Info * @end                                                                                                             
                                                                                                                          
                                              Molecular Geometry (Angstroms)                                              
                                             ================================                                             
                                                                                                                          
                          Atom         Coordinate X          Coordinate Y          Coordinate Z                           
                                                                                                                          
                           O          -1.527879287400       -1.203476581100        0.067555745700                         
                           N          -1.594676725600        1.096407137700       -0.044909733800                         
                           C          -0.275930686500       -0.729075591900        0.054050366400                         
                           C          -0.250935416400        0.686579890100        0.002108537500                         
                           C           0.898911203100       -1.409587401800       -0.068354894700                         
                           C           0.929343523700        1.385230338800        0.047565487300                         
                           C           2.055135155500       -0.625313919000       -0.057193256900                         
                           C           2.049272056200        0.740044565300        0.031232795100                         
                           C          -2.261000419000        0.027685826800       -0.030539372700                         
                           H           1.002956722100       -2.381272493700       -0.000862599600                         
                           H           0.918601268300        2.686653642900       -0.162170101500                         
                           H           3.025138292100       -1.116528823300        0.066933025000                         
                           H           3.007618499500        1.167048092400        0.076725745600                         
                           H          -3.335726115900       -0.263750753700       -0.171336304400                         
                                                                                                                          
                          Molecular charge            : 0                                                                 
                          Spin multiplicity           : 1                                                                 
                          Number of atoms             : 14                                                                
                          Number of alpha electrons   : 31                                                                
                          Number of beta  electrons   : 31                                                                
                                                                                                                          
* Info * Reading basis set from file: /net/home/plgrid/plgiubru7/software/vlx-cpu/cpuvlxenv/lib/python3.11/site-packages/veloxchem/basis/DEF2-TZVPD
                                                                                                                          
                                              Molecular Basis (Atomic Basis)                                              
                                             ================================                                             
                                                                                                                          
                               Basis: DEF2-TZVPD                                                                          
                                                                                                                          
                               Atom Contracted GTOs           Primitive GTOs                                              
                                                                                                                          
                               O     (6S,4P,3D,1F)             (12S,7P,3D,1F)                                             
                               N     (6S,3P,3D,1F)             (12S,6P,3D,1F)                                             
                               C     (6S,3P,3D,1F)             (12S,6P,3D,1F)                                             
                               H     (3S,2P)                   (5S,2P)                                                    
                                                                                                                          
                               Contracted Basis Functions : 381                                                           
                               Primitive Basis Functions  : 526                                                           
                                                                                                                          
                                                                                                                          
                                            Self Consistent Field Driver Setup                                            
                                           ====================================                                           
                                                                                                                          
                   Wave Function Model             : Spin-Restricted Kohn-Sham                                            
                   Initial Guess Model             : Restart from Checkpoint                                              
                   Convergence Accelerator         : Direct Inversion of Iterative Subspace                               
                   Max. Number of Iterations       : 50                                                                   
                   Max. Number of Error Vectors    : 10                                                                   
                   Convergence Threshold           : 1.0e-06                                                              
                   ERI Screening Threshold         : 1.0e-12                                                              
                   Linear Dependence Threshold     : 1.0e-06                                                              
                   Exchange-Correlation Functional : CAM-B3LYP                                                            
                   Molecular Grid Level            : 4                                                                    
                                                                                                                          
* Info * Nuclear repulsion energy: 409.2405341316 a.u.                                                                    
                                                                                                                          
* Info * Using the CAM-B3LYP functional.                                                                                  
                                                                                                                          
         T. Yanai, D. P. Tew, and N. C. Handy.,  Chem. Phys. Lett. 393, 51 (2004)
                                                                                                                          
* Info * Using the Libxc library (v7.0.0).                                                                                
                                                                                                                          
         S. Lehtola, C. Steigemann, M. J.T. Oliveira, and M. A.L. Marques.,  SoftwareX 7, 1–5 (2018)
                                                                                                                          
* Info * Using the following algorithm for XC numerical integration.                                                      
                                                                                                                          
         J. Kussmann, H. Laqua and C. Ochsenfeld, J. Chem. Theory Comput. 2021, 17, 1512-1521
                                                                                                                          
* Info * Molecular grid with 207800 points generated in 0.21 sec.                                                         
                                                                                                                          
* Info * Restarting from checkpoint file: 0274_n1s_scf.h5                                                                 
                                                                                                                          
* Info * Overlap matrix computed in 0.00 sec.                                                                             
                                                                                                                          
* Info * Kinetic energy matrix computed in 0.00 sec.                                                                      
                                                                                                                          
* Info * Nuclear potential matrix computed in 0.01 sec.                                                                   
                                                                                                                          
* Info * Orthogonalization matrix computed in 0.01 sec.                                                                   
                                                                                                                          
* Info * Removed 1 linearly dependent vector.                                                                             
                                                                                                                          
* Info * ERI screening threshold tightened to 1.0e-13.                                                                    
                                                                                                                          
                                                                                                                          
               Iter. |    Kohn-Sham Energy | Energy Change | Gradient Norm | Max. Gradient | Density Change               
               --------------------------------------------------------------------------------------------               
                  1      -399.617215605828    0.0000000000      0.00000047      0.00000002      0.00000000                
                                                                                                                          
* Info * Checkpoint written to file: 0274_n1s_scf.h5                                                                      
                                                                                                                          
* Info * SCF results written to file: 0274_n1s.h5                                                                         
                                                                                                                          
               *** SCF converged in 1 iterations. Time: 3.71 sec.                                                         
                                                                                                                          
               Spin-Restricted Kohn-Sham:                                                                                 
               --------------------------                                                                                 
               Total Energy                       :     -399.6172156058 a.u.                                              
               Electronic Energy                  :     -808.8577497374 a.u.                                              
               Nuclear Repulsion Energy           :      409.2405341316 a.u.                                              
               ------------------------------------                                                                       
               Gradient Norm                      :        0.0000004699 a.u.                                              
                                                                                                                          
                                                                                                                          
               Ground State Information                                                                                   
               ------------------------                                                                                   
               Charge of Molecule            :  0.0                                                                       
               Multiplicity (2S+1)           :  1                                                                         
               Magnetic Quantum Number (M_S) :  0.0                                                                       
                                                                                                                          
                                                                                                                          
                                                 Spin Restricted Orbitals                                                 
                                                 ------------------------                                                 
                                                                                                                          
               Molecular Orbital No.  27:                                                                                 
               --------------------------                                                                                 
               Occupation: 2.000 Energy:   -0.41909 a.u.                                                                  
               (   1 O   1p0 :     0.18) (   1 O   2p0 :     0.15) (   2 N   1p0 :    -0.28)                              
               (   2 N   2p0 :    -0.23) (   9 C   1p0 :    -0.18)                                                        
                                                                                                                          
               Molecular Orbital No.  28:                                                                                 
               --------------------------                                                                                 
               Occupation: 2.000 Energy:   -0.41025 a.u.                                                                  
               (   1 O   1p-1:    -0.18) (   2 N   5s  :    -0.16) (   3 C   3p-1:     0.19)                              
               (   6 C   1p-1:     0.19) (   6 C   3p-1:     0.19) (   7 C   1p-1:     0.16)                              
               (   8 C   1p-1:    -0.16) (  11 H   2s  :     0.18)                                                        
                                                                                                                          
               Molecular Orbital No.  29:                                                                                 
               --------------------------                                                                                 
               Occupation: 2.000 Energy:   -0.37307 a.u.                                                                  
               (   2 N   4s  :     0.21) (   2 N   5s  :     0.39) (   2 N   6s  :     0.31)                              
               (   2 N   1p+1:    -0.15) (   2 N   1p-1:     0.31) (   2 N   2p-1:     0.22)                              
               (   3 C   1p-1:     0.15) (   3 C   3p+1:     0.17) (   4 C   3p-1:    -0.17)                              
                                                                                                                          
               Molecular Orbital No.  30:                                                                                 
               --------------------------                                                                                 
               Occupation: 2.000 Energy:   -0.31979 a.u.                                                                  
               (   1 O   1p0 :    -0.18) (   1 O   2p0 :    -0.16) (   3 C   1p0 :     0.16)                              
               (   4 C   3p-1:     0.15) (   5 C   1p0 :     0.23) (   5 C   2p0 :     0.20)                              
               (   5 C   3p0 :     0.16) (   6 C   1p0 :    -0.21) (   6 C   2p0 :    -0.17)                              
               (   6 C   3p+1:     0.18) (   8 C   1p0 :    -0.19) (   8 C   2p0 :    -0.16)                              
                                                                                                                          
               Molecular Orbital No.  31:                                                                                 
               --------------------------                                                                                 
               Occupation: 2.000 Energy:   -0.30197 a.u.                                                                  
               (   3 C   1p0 :    -0.16) (   4 C   1p0 :    -0.23) (   4 C   2p0 :    -0.20)                              
               (   4 C   3p0 :    -0.17) (   6 C   3p+1:    -0.16) (   7 C   1p0 :     0.23)                              
               (   7 C   2p0 :     0.20) (   9 C   1p0 :     0.18) (   9 C   2p0 :     0.16)                              
                                                                                                                          
               Molecular Orbital No.  32:                                                                                 
               --------------------------                                                                                 
               Occupation: 0.000 Energy:    0.00017 a.u.                                                                  
               (   1 O   4p0 :    -0.16) (   3 C   5s  :    -0.49) (   3 C   3p+1:    -0.54)                              
               (   3 C   3p-1:     0.88) (   4 C   6s  :     0.32) (   4 C   3p+1:     0.31)                              
               (   4 C   3p-1:     0.77) (   4 C   3p0 :     0.33) (   5 C   5s  :     0.61)                              
               (   5 C   6s  :     0.33) (   5 C   1p0 :    -0.17) (   5 C   2p0 :    -0.16)                              
               (   5 C   3p+1:    -0.69) (   5 C   3p-1:     0.24) (   5 C   3d+2:     0.24)                              
               (   5 C   3d-2:    -0.18) (   6 C   5s  :     0.88) (   6 C   6s  :    -0.48)                              
               (   6 C   1p0 :    -0.18) (   6 C   2p0 :    -0.17) (   6 C   3p+1:     0.69)                              
               (   6 C   3p-1:    -0.15) (   6 C   3d+2:    -0.32) (   6 C   3d-2:    -0.29)                              
               (   7 C   5s  :    -0.17) (   7 C   6s  :    -0.38) (   7 C   1p0 :     0.19)                              
               (   7 C   2p0 :     0.18) (   7 C   3p-1:    -0.50) (   7 C   3d+2:     0.20)                              
               (   8 C   5s  :    -0.56) (   8 C   6s  :     0.45) (   8 C   3p+1:     0.56)                              
               (   8 C   3p-1:    -0.40) (   8 C   3d+2:    -0.38) (   9 C   1p0 :    -0.24)                              
               (   9 C   2p0 :    -0.23) (   9 C   3p+1:    -0.17) (   9 C   3p0 :    -0.23)                              
               (  10 H   3s  :     0.51) (  11 H   3s  :    -0.50) (  12 H   3s  :    -0.59)                              
               (  13 H   3s  :     0.28) (  14 H   3s  :    -0.24)                                                        
                                                                                                                          
               Molecular Orbital No.  33:                                                                                 
               --------------------------                                                                                 
               Occupation: 0.000 Energy:    0.02972 a.u.                                                                  
               (   1 O   5s  :    -0.45) (   1 O   6s  :    -3.72) (   1 O   3p+1:    -0.26)                              
               (   1 O   4p-1:    -0.90) (   1 O   3d+2:    -0.19) (   2 N   5s  :    -1.00)                              
               (   2 N   6s  :    -0.52) (   2 N   3p+1:    -0.40) (   2 N   3p-1:     0.28)                              
               (   2 N   3d-2:     0.21) (   3 C   4s  :     0.16) (   3 C   5s  :     3.87)                              
               (   3 C   3p+1:     3.57) (   3 C   3p-1:    -5.15) (   3 C   3p0 :    -0.42)                              
               (   3 C   3d+1:    -0.39) (   3 C   3d+2:     3.74) (   3 C   3d-1:     0.39)                              
               (   3 C   3d-2:     0.61) (   4 C   5s  :    14.17) (   4 C   6s  :     0.34)                              
               (   4 C   3p+1:    -1.47) (   4 C   3p-1:    -2.97) (   4 C   3p0 :     0.34)                              
               (   4 C   3d+1:     0.36) (   4 C   3d+2:     0.34) (   4 C   3d-1:     0.24)                              
               (   4 C   3d-2:     1.88) (   4 C   3d0 :    -0.42) (   5 C   4s  :    -0.36)                              
               (   5 C   5s  :    -2.96) (   5 C   6s  :     1.70) (   5 C   3p+1:     3.20)                              
               (   5 C   3p-1:    -2.70) (   5 C   3p0 :    -0.30) (   5 C   3d+1:    -0.52)                              
               (   5 C   3d+2:    -0.21) (   5 C   3d-1:    -0.33) (   5 C   3d-2:     2.68)                              
               (   6 C   4s  :    -0.31) (   6 C   5s  :    -1.61) (   6 C   6s  :     1.50)                              
               (   6 C   3p+1:     1.95) (   6 C   3p-1:     0.40) (   6 C   3p0 :    -0.16)                              
               (   6 C   3d+1:     0.38) (   6 C   3d+2:     0.26) (   6 C   3d-2:    -0.75)                              
               (   6 C   3d0 :    -0.34) (   7 C   4s  :    -0.33) (   7 C   5s  :    -0.55)                              
               (   7 C   6s  :     1.10) (   7 C   3p+1:     2.49) (   7 C   3p-1:     1.03)                              
               (   7 C   3p0 :     0.50) (   7 C   3d+1:    -0.20) (   7 C   3d+2:    -0.60)                              
               (   7 C   3d-1:    -0.33) (   7 C   3d-2:    -1.19) (   7 C   3d0 :    -0.49)                              
               (   8 C   4s  :    -0.37) (   8 C   5s  :    -3.70) (   8 C   6s  :     0.92)                              
               (   8 C   3p+1:     2.34) (   8 C   3p-1:     1.07) (   8 C   3d+1:     0.17)                              
               (   8 C   3d+2:     0.71) (   8 C   3d-1:    -0.24) (   8 C   3d0 :    -0.25)                              
               (   9 C   4s  :    -0.17) (   9 C   5s  :    -2.14) (   9 C   6s  :     2.28)                              
               (   9 C   3p+1:    -1.94) (   9 C   3p-1:     0.25) (   9 C   3d+2:    -0.38)                              
               (   9 C   3d-2:     0.79) (  10 H   3s  :    -1.77) (  10 H   2p+1:     1.10)                              
               (  11 H   3s  :    -0.71) (  11 H   2p+1:     0.25) (  11 H   2p-1:     0.24)                              
               (  12 H   3s  :    -3.52) (  12 H   2p+1:     0.68) (  13 H   3s  :    -3.34)                              
               (  13 H   2p+1:     0.42) (  13 H   2p-1:     0.46) (  14 H   3s  :    -1.32)                              
               (  14 H   2p+1:    -0.21) (  14 H   2p-1:     0.27)                                                        
                                                                                                                          
               Molecular Orbital No.  34:                                                                                 
               --------------------------                                                                                 
               Occupation: 0.000 Energy:    0.04027 a.u.                                                                  
               (   1 O   5s  :     0.82) (   1 O   6s  :     6.96) (   1 O   4p+1:     0.68)                              
               (   1 O   4p-1:     1.10) (   2 N   5s  :     1.97) (   2 N   6s  :     1.39)                              
               (   2 N   3p+1:     0.27) (   2 N   3p-1:    -0.74) (   3 C   5s  :     8.43)                              
               (   3 C   6s  :    -2.98) (   3 C   3p+1:    -0.91) (   3 C   3p-1:     2.61)                              
               (   3 C   3d+2:    -1.43) (   3 C   3d-2:    -2.51) (   4 C   5s  :    -2.31)                              
               (   4 C   6s  :    -1.36) (   4 C   3p+1:     4.59) (   4 C   3p-1:     3.50)                              
               (   4 C   3d+2:     1.79) (   4 C   3d-2:    -1.24) (   4 C   3d0 :     0.38)                              
               (   5 C   4s  :     0.25) (   5 C   5s  :    -1.24) (   5 C   6s  :    -0.45)                              
               (   5 C   3p+1:     1.68) (   5 C   3p-1:     1.93) (   5 C   3p0 :    -0.19)                              
               (   5 C   3d+2:    -0.44) (   5 C   3d-2:     0.38) (   5 C   3d0 :     0.15)                              
               (   6 C   4s  :    -0.16) (   6 C   5s  :    -2.67) (   6 C   6s  :     0.96)                              
               (   6 C   3p+1:     1.34) (   6 C   3p-1:     2.45) (   6 C   3d+2:    -0.37)                              
               (   6 C   3d-1:    -0.33) (   6 C   3d-2:    -1.25) (   7 C   4s  :    -0.18)                              
               (   7 C   5s  :    -3.34) (   7 C   6s  :     0.70) (   7 C   3p+1:     1.47)                              
               (   7 C   3p-1:    -0.68) (   7 C   3d+2:    -0.26) (   7 C   3d-2:    -0.27)                              
               (   8 C   4s  :    -0.42) (   8 C   5s  :     1.66) (   8 C   6s  :     1.71)                              
               (   8 C   3p+1:     0.65) (   8 C   3p-1:    -0.42) (   8 C   3p0 :    -0.23)                              
               (   8 C   3d+2:    -0.39) (   8 C   3d-2:     0.30) (   8 C   3d0 :    -0.46)                              
               (   9 C   5s  :    -4.12) (   9 C   6s  :    -3.11) (   9 C   2p+1:    -0.17)                              
               (   9 C   3p+1:    -1.01) (   9 C   3d-2:    -0.71) (   9 C   3d0 :     0.39)                              
               (  10 H   3s  :     1.02) (  10 H   2p+1:     0.23) (  10 H   2p-1:     0.17)                              
               (  11 H   3s  :    -1.68) (  11 H   2p+1:     0.21) (  11 H   2p-1:     0.48)                              
               (  12 H   3s  :    -1.23) (  12 H   2p+1:     0.31) (  13 H   3s  :    -1.64)                              
               (  13 H   2p+1:     0.32) (  14 H   3s  :     1.30) (  14 H   2p-1:    -0.27)                              
                                                                                                                          
               Molecular Orbital No.  35:                                                                                 
               --------------------------                                                                                 
               Occupation: 0.000 Energy:    0.04339 a.u.                                                                  
               (   1 O   5s  :    -0.16) (   1 O   6s  :    -1.39) (   1 O   3p0 :    -0.16)                              
               (   1 O   4p+1:    -0.37) (   1 O   4p0 :    -0.15) (   2 N   5s  :    -0.33)                              
               (   2 N   6s  :    -0.74) (   3 C   5s  :    -4.49) (   3 C   6s  :     0.70)                              
               (   3 C   1p0 :     0.25) (   3 C   2p0 :     0.25) (   3 C   3p+1:    -0.32)                              
               (   3 C   3p-1:     0.42) (   3 C   3p0 :     0.34) (   3 C   3d+2:    -0.48)                              
               (   3 C   3d-2:     0.60) (   4 C   5s  :    -3.90) (   4 C   6s  :     1.69)                              
               (   4 C   3p+1:    -1.96) (   4 C   3p-1:    -0.53) (   4 C   3p0 :    -0.40)                              
               (   4 C   3d+1:    -0.21) (   4 C   3d+2:    -1.10) (   4 C   3d-1:    -0.29)                              
               (   4 C   3d-2:    -0.16) (   5 C   5s  :    -1.14) (   5 C   6s  :     0.73)                              
               (   5 C   3p+1:    -1.33) (   5 C   3p-1:     0.32) (   5 C   3p0 :     0.27)                              
               (   5 C   3d+2:     0.67) (   5 C   3d-2:    -0.92) (   6 C   5s  :     1.84)                              
               (   6 C   6s  :    -1.62) (   6 C   3p+1:    -1.97) (   6 C   3p-1:    -1.10)                              
               (   6 C   3d+1:    -0.25) (   6 C   3d+2:    -0.39) (   6 C   3d-2:     1.10)                              
               (   7 C   4s  :     0.22) (   7 C   5s  :     0.72) (   7 C   6s  :    -1.32)                              
               (   7 C   3p+1:    -1.59) (   7 C   3d+2:     0.57) (   7 C   3d-1:     0.28)                              
               (   7 C   3d-2:     0.52) (   7 C   3d0 :     0.18) (   8 C   4s  :     0.37)                              
               (   8 C   5s  :     2.06) (   8 C   6s  :    -0.78) (   8 C   1p0 :     0.20)                              
               (   8 C   2p0 :     0.20) (   8 C   3p+1:    -1.60) (   8 C   3d-1:     0.18)                              
               (   8 C   3d-2:    -0.30) (   8 C   3d0 :     0.38) (   9 C   5s  :     1.57)                              
               (   9 C   3p+1:     1.11) (  10 H   3s  :     1.72) (  10 H   2p+1:    -0.49)                              
               (  10 H   2p-1:     0.25) (  11 H   3s  :     0.21) (  11 H   2p+1:    -0.25)                              
               (  12 H   3s  :     1.80) (  12 H   2p+1:    -0.44) (  13 H   3s  :     2.49)                              
               (  13 H   2p+1:    -0.38) (  13 H   2p-1:    -0.15) (  14 H   3s  :     0.70)                              
                                                                                                                          
               Molecular Orbital No.  36:                                                                                 
               --------------------------                                                                                 
               Occupation: 0.000 Energy:    0.05324 a.u.                                                                  
               (   1 O   6s  :    -1.04) (   1 O   4p-1:     0.16) (   2 N   5s  :    -0.64)                              
               (   2 N   6s  :     0.74) (   2 N   3p-1:     0.46) (   2 N   3d+2:     0.22)                              
               (   3 C   5s  :    -1.99) (   3 C   6s  :     2.13) (   3 C   3p+1:     0.46)                              
               (   3 C   3p-1:    -0.61) (   3 C   3p0 :     0.16) (   3 C   3d+2:    -0.98)                              
               (   3 C   3d-1:     0.17) (   3 C   3d-2:     1.07) (   4 C   5s  :    -6.34)                              
               (   4 C   6s  :    -2.77) (   4 C   3p+1:    -0.63) (   4 C   3p-1:    -2.04)                              
               (   4 C   3p0 :    -0.33) (   4 C   3d+2:     0.17) (   4 C   3d-2:    -0.30)                              
               (   5 C   4s  :     0.75) (   5 C   5s  :     3.84) (   5 C   6s  :    -3.92)                              
               (   5 C   3p+1:     0.44) (   5 C   3p-1:     1.87) (   5 C   3d+2:    -0.19)                              
               (   5 C   3d-2:    -0.19) (   5 C   3d0 :     0.66) (   6 C   4s  :    -0.79)                              
               (   6 C   5s  :    -6.10) (   6 C   6s  :     4.38) (   6 C   3p+1:    -4.19)                              
               (   6 C   3p-1:     1.76) (   6 C   3d+2:     0.81) (   6 C   3d-2:     1.04)                              
               (   6 C   3d0 :    -0.45) (   7 C   4s  :     0.43) (   7 C   5s  :     6.39)                              
               (   7 C   6s  :    -2.11) (   7 C   3p+1:    -1.29) (   7 C   3p-1:     4.52)                              
               (   7 C   3d+1:    -0.33) (   7 C   3d+2:    -2.20) (   7 C   3d-2:    -1.35)                              
               (   7 C   3d0 :     0.41) (   8 C   5s  :    -1.32) (   8 C   6s  :     0.69)                              
               (   8 C   2p+1:    -0.17) (   8 C   3p+1:    -1.94) (   8 C   3p-1:     4.81)                              
               (   8 C   3p0 :     0.50) (   8 C   3d+2:     2.56) (   8 C   3d-1:    -0.24)                              
               (   8 C   3d-2:    -2.27) (   8 C   3d0 :    -0.29) (   9 C   4s  :    -0.21)                              
               (   9 C   5s  :     4.44) (   9 C   6s  :     2.00) (   9 C   3p+1:     1.06)                              
               (   9 C   3p-1:    -0.59) (   9 C   3d+2:     0.98) (   9 C   3d-2:     0.30)                              
               (   9 C   3d0 :    -0.54) (  10 H   3s  :     2.33) (  10 H   2p+1:    -0.26)                              
               (  10 H   2p-1:     0.21) (  11 H   3s  :    -0.59) (  11 H   2p-1:     0.27)                              
               (  12 H   3s  :     2.93) (  12 H   2p-1:     0.91) (  13 H   3s  :    -0.53)                              
               (  13 H   2p+1:    -0.37) (  13 H   2p-1:     1.05) (  14 H   3s  :    -2.57)                              
               (  14 H   2p+1:    -0.25)                                                                                  
                                                                                                                          
                                                                                                                          
                                                Ground State Dipole Moment                                                
                                               ----------------------------                                               
                                                                                                                          
                                   X   :         0.238054 a.u.         0.605074 Debye                                     
                                   Y   :        -0.419565 a.u.        -1.066427 Debye                                     
                                   Z   :        -0.015824 a.u.        -0.040221 Debye                                     
                                 Total :         0.482654 a.u.         1.226784 Debye                                     
                                                                                                                          
                                                                                                                          
                                            Linear Response EigenSolver Setup                                             
                                           ===================================                                            
                                                                                                                          
                               Number of States                : 50                                                       
                               Max. Number of Iterations       : 150                                                      
                               Convergence Threshold           : 1.0e-04                                                  
                               ERI Screening Threshold         : 1.0e-13                                                  
                               Exchange-Correlation Functional : CAM-B3LYP                                                
                               Molecular Grid Level            : 4                                                        
                                                                                                                          
* Info * Using the CAM-B3LYP functional.                                                                                  
                                                                                                                          
         T. Yanai, D. P. Tew, and N. C. Handy.,  Chem. Phys. Lett. 393, 51 (2004)
                                                                                                                          
* Info * Using the Libxc library (v7.0.0).                                                                                
                                                                                                                          
         S. Lehtola, C. Steigemann, M. J.T. Oliveira, and M. A.L. Marques.,  SoftwareX 7, 1–5 (2018)
                                                                                                                          
* Info * Using the following algorithm for XC numerical integration.                                                      
                                                                                                                          
         J. Kussmann, H. Laqua and C. Ochsenfeld, J. Chem. Theory Comput. 2021, 17, 1512-1521
                                                                                                                          
* Info * Molecular grid with 207800 points generated in 0.20 sec.                                                         
                                                                                                                          
* Info * Processing 50 Fock builds...                                                                                     
                                                                                                                          
* Info * 50 gerade trial vectors in reduced space                                                                         
* Info * 50 ungerade trial vectors in reduced space                                                                       
                                                                                                                          
* Info * 15.06 kB of memory used for subspace procedure on the master node                                                
* Info * 769.33 GB of memory available for the solver on the master node                                                  
                                                                                                                          
               *** Iteration:   1 * Residuals (Max,Min): 1.79e-01 and 3.24e-02                                            
                                                                                                                          
               Excitation 1   :     14.23004813 Residual Norm: 0.10948991                                                 
               Excitation 2   :     14.31734049 Residual Norm: 0.07536283                                                 
               Excitation 3   :     14.33208401 Residual Norm: 0.04483887                                                 
               Excitation 4   :     14.33953538 Residual Norm: 0.09531624                                                 
               Excitation 5   :     14.36132480 Residual Norm: 0.03773999                                                 
               Excitation 6   :     14.36552511 Residual Norm: 0.12918269                                                 
               Excitation 7   :     14.37788551 Residual Norm: 0.17945011                                                 
               Excitation 8   :     14.39448617 Residual Norm: 0.03235139                                                 
               Excitation 9   :     14.39758659 Residual Norm: 0.03580257                                                 
               Excitation 10  :     14.41038321 Residual Norm: 0.06273947                                                 
               Excitation 11  :     14.42740347 Residual Norm: 0.05773990                                                 
               Excitation 12  :     14.43021622 Residual Norm: 0.05832836                                                 
               Excitation 13  :     14.44191391 Residual Norm: 0.10281587                                                 
               Excitation 14  :     14.45121698 Residual Norm: 0.04789143                                                 
               Excitation 15  :     14.45470476 Residual Norm: 0.09902507                                                 
               Excitation 16  :     14.46811133 Residual Norm: 0.04730316                                                 
               Excitation 17  :     14.47377200 Residual Norm: 0.04365354                                                 
               Excitation 18  :     14.48704994 Residual Norm: 0.06691885                                                 
               Excitation 19  :     14.49229234 Residual Norm: 0.09064295                                                 
               Excitation 20  :     14.50144009 Residual Norm: 0.05336785                                                 
               Excitation 21  :     14.51059521 Residual Norm: 0.05578389                                                 
               Excitation 22  :     14.51291771 Residual Norm: 0.07023608                                                 
               Excitation 23  :     14.52082207 Residual Norm: 0.07452718                                                 
               Excitation 24  :     14.52435320 Residual Norm: 0.06858552                                                 
               Excitation 25  :     14.53175593 Residual Norm: 0.14113496                                                 
               Excitation 26  :     14.54128334 Residual Norm: 0.07767828                                                 
               Excitation 27  :     14.54895200 Residual Norm: 0.07557938                                                 
               Excitation 28  :     14.56086431 Residual Norm: 0.03971777                                                 
               Excitation 29  :     14.56229948 Residual Norm: 0.09416461                                                 
               Excitation 30  :     14.56934983 Residual Norm: 0.05328759                                                 
               Excitation 31  :     14.57498533 Residual Norm: 0.08315987                                                 
               Excitation 32  :     14.57864432 Residual Norm: 0.04950547                                                 
               Excitation 33  :     14.58758185 Residual Norm: 0.04421394                                                 
               Excitation 34  :     14.59039420 Residual Norm: 0.08879159                                                 
               Excitation 35  :     14.59419615 Residual Norm: 0.07862394                                                 
               Excitation 36  :     14.59735599 Residual Norm: 0.05141465                                                 
               Excitation 37  :     14.60898128 Residual Norm: 0.05253839                                                 
               Excitation 38  :     14.61513217 Residual Norm: 0.07964686                                                 
               Excitation 39  :     14.62305566 Residual Norm: 0.05569895                                                 
               Excitation 40  :     14.63091448 Residual Norm: 0.06301293                                                 
               Excitation 41  :     14.63719109 Residual Norm: 0.07946683                                                 
               Excitation 42  :     14.64574847 Residual Norm: 0.05903499                                                 
               Excitation 43  :     14.64954334 Residual Norm: 0.04931327                                                 
               Excitation 44  :     14.65208890 Residual Norm: 0.06157425                                                 
               Excitation 45  :     14.65587942 Residual Norm: 0.06285356                                                 
               Excitation 46  :     14.66237567 Residual Norm: 0.06613612                                                 
               Excitation 47  :     14.67941786 Residual Norm: 0.05460291                                                 
               Excitation 48  :     14.68357395 Residual Norm: 0.07172874                                                 
               Excitation 49  :     14.68867637 Residual Norm: 0.06584010                                                 
               Excitation 50  :     14.69716120 Residual Norm: 0.04703025                                                 
                                                                                                                          
* Info * Processing 50 Fock builds...                                                                                     
                                                                                                                          
* Info * 100 gerade trial vectors in reduced space                                                                        
* Info * 100 ungerade trial vectors in reduced space                                                                      
                                                                                                                          
* Info * 21.46 kB of memory used for subspace procedure on the master node                                                
* Info * 769.37 GB of memory available for the solver on the master node                                                  
                                                                                                                          
               *** Iteration:   2 * Residuals (Max,Min): 1.11e-01 and 2.88e-03                                            
                                                                                                                          
               Excitation 1   :     14.22760507 Residual Norm: 0.01072722                                                 
               Excitation 2   :     14.31576161 Residual Norm: 0.00791763                                                 
               Excitation 3   :     14.33135876 Residual Norm: 0.00324080                                                 
               Excitation 4   :     14.33881792 Residual Norm: 0.00598630                                                 
               Excitation 5   :     14.36058034 Residual Norm: 0.00591747                                                 
               Excitation 6   :     14.36455972 Residual Norm: 0.00550623                                                 
               Excitation 7   :     14.37676166 Residual Norm: 0.01009238                                                 
               Excitation 8   :     14.39407527 Residual Norm: 0.00288419                                                 
               Excitation 9   :     14.39687744 Residual Norm: 0.00313355                                                 
               Excitation 10  :     14.40969987 Residual Norm: 0.00532127                                                 
               Excitation 11  :     14.42600165 Residual Norm: 0.00745149                                                 
               Excitation 12  :     14.42937616 Residual Norm: 0.00523521                                                 
               Excitation 13  :     14.44037910 Residual Norm: 0.00757528                                                 
               Excitation 14  :     14.45004342 Residual Norm: 0.00536630                                                 
               Excitation 15  :     14.45360736 Residual Norm: 0.00467743                                                 
               Excitation 16  :     14.46674061 Residual Norm: 0.00441298                                                 
               Excitation 17  :     14.47254889 Residual Norm: 0.00485306                                                 
               Excitation 18  :     14.48459456 Residual Norm: 0.01357509                                                 
               Excitation 19  :     14.49037673 Residual Norm: 0.01011246                                                 
               Excitation 20  :     14.49948721 Residual Norm: 0.01096921                                                 
               Excitation 21  :     14.50779151 Residual Norm: 0.01454603                                                 
               Excitation 22  :     14.51096652 Residual Norm: 0.00868193                                                 
               Excitation 23  :     14.51795672 Residual Norm: 0.01123148                                                 
               Excitation 24  :     14.51978187 Residual Norm: 0.01496811                                                 
               Excitation 25  :     14.52840179 Residual Norm: 0.01079298                                                 
               Excitation 26  :     14.53613450 Residual Norm: 0.01632884                                                 
               Excitation 27  :     14.54616381 Residual Norm: 0.01170063                                                 
               Excitation 28  :     14.55897293 Residual Norm: 0.00827659                                                 
               Excitation 29  :     14.56001508 Residual Norm: 0.00520943                                                 
               Excitation 30  :     14.56567743 Residual Norm: 0.01874451                                                 
               Excitation 31  :     14.56994875 Residual Norm: 0.01491167                                                 
               Excitation 32  :     14.57609073 Residual Norm: 0.00949288                                                 
               Excitation 33  :     14.58533373 Residual Norm: 0.01134689                                                 
               Excitation 34  :     14.58680583 Residual Norm: 0.01327774                                                 
               Excitation 35  :     14.59015788 Residual Norm: 0.01406965                                                 
               Excitation 36  :     14.59519765 Residual Norm: 0.01020122                                                 
               Excitation 37  :     14.60495719 Residual Norm: 0.01862920                                                 
               Excitation 38  :     14.60832137 Residual Norm: 0.04174954                                                 
               Excitation 39  :     14.61811572 Residual Norm: 0.02126763                                                 
               Excitation 40  :     14.62401678 Residual Norm: 0.02320294                                                 
               Excitation 41  :     14.63258358 Residual Norm: 0.04498399                                                 
               Excitation 42  :     14.63791515 Residual Norm: 0.04319531                                                 
               Excitation 43  :     14.64199843 Residual Norm: 0.04642846                                                 
               Excitation 44  :     14.64513430 Residual Norm: 0.03110968                                                 
               Excitation 45  :     14.65018751 Residual Norm: 0.03772156                                                 
               Excitation 46  :     14.65660680 Residual Norm: 0.04891945                                                 
               Excitation 47  :     14.66117895 Residual Norm: 0.07599074                                                 
               Excitation 48  :     14.67463664 Residual Norm: 0.03650404                                                 
               Excitation 49  :     14.67883609 Residual Norm: 0.04591416                                                 
               Excitation 50  :     14.68797792 Residual Norm: 0.11111190                                                 
                                                                                                                          
* Info * Processing 50 Fock builds...                                                                                     
                                                                                                                          
* Info * 150 gerade trial vectors in reduced space                                                                        
* Info * 150 ungerade trial vectors in reduced space                                                                      
                                                                                                                          
* Info * 27.86 kB of memory used for subspace procedure on the master node                                                
* Info * 769.67 GB of memory available for the solver on the master node                                                  
                                                                                                                          
               *** Iteration:   3 * Residuals (Max,Min): 1.20e-02 and 1.11e-04                                            
                                                                                                                          
               Excitation 1   :     14.22760291 Residual Norm: 0.00030874                                                 
               Excitation 2   :     14.31575987 Residual Norm: 0.00023832                                                 
               Excitation 3   :     14.33135673 Residual Norm: 0.00012912                                                 
               Excitation 4   :     14.33881499 Residual Norm: 0.00023404                                                 
               Excitation 5   :     14.36057431 Residual Norm: 0.00025083                                                 
               Excitation 6   :     14.36455627 Residual Norm: 0.00032205                                                 
               Excitation 7   :     14.37675593 Residual Norm: 0.00038208                                                 
               Excitation 8   :     14.39407390 Residual Norm: 0.00011099                                                 
               Excitation 9   :     14.39687642 Residual Norm: 0.00011229                                                 
               Excitation 10  :     14.40969602 Residual Norm: 0.00020961                                                 
               Excitation 11  :     14.42599169 Residual Norm: 0.00031368                                                 
               Excitation 12  :     14.42937283 Residual Norm: 0.00035868                                                 
               Excitation 13  :     14.44036923 Residual Norm: 0.00039412                                                 
               Excitation 14  :     14.45004074 Residual Norm: 0.00020369                                                 
               Excitation 15  :     14.45360373 Residual Norm: 0.00022499                                                 
               Excitation 16  :     14.46673550 Residual Norm: 0.00018132                                                 
               Excitation 17  :     14.47254285 Residual Norm: 0.00021212                                                 
               Excitation 18  :     14.48456268 Residual Norm: 0.00076220                                                 
               Excitation 19  :     14.49036196 Residual Norm: 0.00057918                                                 
               Excitation 20  :     14.49947061 Residual Norm: 0.00056904                                                 
               Excitation 21  :     14.50776535 Residual Norm: 0.00062818                                                 
               Excitation 22  :     14.51095828 Residual Norm: 0.00037430                                                 
               Excitation 23  :     14.51793714 Residual Norm: 0.00061306                                                 
               Excitation 24  :     14.51971563 Residual Norm: 0.00087016                                                 
               Excitation 25  :     14.52837655 Residual Norm: 0.00071254                                                 
               Excitation 26  :     14.53606571 Residual Norm: 0.00095890                                                 
               Excitation 27  :     14.54613166 Residual Norm: 0.00069504                                                 
               Excitation 28  :     14.55896032 Residual Norm: 0.00053796                                                 
               Excitation 29  :     14.56000901 Residual Norm: 0.00040857                                                 
               Excitation 30  :     14.56561337 Residual Norm: 0.00102238                                                 
               Excitation 31  :     14.56989779 Residual Norm: 0.00077830                                                 
               Excitation 32  :     14.57607794 Residual Norm: 0.00054289                                                 
               Excitation 33  :     14.58530400 Residual Norm: 0.00069714                                                 
               Excitation 34  :     14.58676392 Residual Norm: 0.00110802                                                 
               Excitation 35  :     14.59010982 Residual Norm: 0.00143128                                                 
               Excitation 36  :     14.59517680 Residual Norm: 0.00059136                                                 
               Excitation 37  :     14.60489048 Residual Norm: 0.00123065                                                 
               Excitation 38  :     14.60803565 Residual Norm: 0.00284063                                                 
               Excitation 39  :     14.61801592 Residual Norm: 0.00123241                                                 
               Excitation 40  :     14.62385010 Residual Norm: 0.00175568                                                 
               Excitation 41  :     14.63223646 Residual Norm: 0.00331977                                                 
               Excitation 42  :     14.63752287 Residual Norm: 0.00354308                                                 
               Excitation 43  :     14.64161993 Residual Norm: 0.00341530                                                 
               Excitation 44  :     14.64499412 Residual Norm: 0.00222079                                                 
               Excitation 45  :     14.64999134 Residual Norm: 0.00205681                                                 
               Excitation 46  :     14.65621572 Residual Norm: 0.00379507                                                 
               Excitation 47  :     14.66034724 Residual Norm: 0.00487310                                                 
               Excitation 48  :     14.67408609 Residual Norm: 0.00526737                                                 
               Excitation 49  :     14.67837403 Residual Norm: 0.00365190                                                 
               Excitation 50  :     14.68452431 Residual Norm: 0.01202784                                                 
                                                                                                                          
* Info * Processing 37 Fock builds...                                                                                     
                                                                                                                          
* Info * 187 gerade trial vectors in reduced space                                                                        
* Info * 187 ungerade trial vectors in reduced space                                                                      
                                                                                                                          
* Info * 31.78 kB of memory used for subspace procedure on the master node                                                
* Info * 770.11 GB of memory available for the solver on the master node                                                  
                                                                                                                          
               *** Iteration:   4 * Residuals (Max,Min): 5.22e-04 and 1.71e-05                                            
                                                                                                                          
               Excitation 1   :     14.22760291 Residual Norm: 0.00007013   converged                                     
               Excitation 2   :     14.31575987 Residual Norm: 0.00003061   converged                                     
               Excitation 3   :     14.33135673 Residual Norm: 0.00003730   converged                                     
               Excitation 4   :     14.33881499 Residual Norm: 0.00004619   converged                                     
               Excitation 5   :     14.36057430 Residual Norm: 0.00003632   converged                                     
               Excitation 6   :     14.36455627 Residual Norm: 0.00003042   converged                                     
               Excitation 7   :     14.37675593 Residual Norm: 0.00002501   converged                                     
               Excitation 8   :     14.39407389 Residual Norm: 0.00002612   converged                                     
               Excitation 9   :     14.39687642 Residual Norm: 0.00001968   converged                                     
               Excitation 10  :     14.40969601 Residual Norm: 0.00003263   converged                                     
               Excitation 11  :     14.42599168 Residual Norm: 0.00002355   converged                                     
               Excitation 12  :     14.42937283 Residual Norm: 0.00005747   converged                                     
               Excitation 13  :     14.44036922 Residual Norm: 0.00005383   converged                                     
               Excitation 14  :     14.45004073 Residual Norm: 0.00001715   converged                                     
               Excitation 15  :     14.45360373 Residual Norm: 0.00002393   converged                                     
               Excitation 16  :     14.46673549 Residual Norm: 0.00002720   converged                                     
               Excitation 17  :     14.47254284 Residual Norm: 0.00002045   converged                                     
               Excitation 18  :     14.48456264 Residual Norm: 0.00002632   converged                                     
               Excitation 19  :     14.49036195 Residual Norm: 0.00003735   converged                                     
               Excitation 20  :     14.49947059 Residual Norm: 0.00002839   converged                                     
               Excitation 21  :     14.50776532 Residual Norm: 0.00003167   converged                                     
               Excitation 22  :     14.51095827 Residual Norm: 0.00002476   converged                                     
               Excitation 23  :     14.51793712 Residual Norm: 0.00004171   converged                                     
               Excitation 24  :     14.51971558 Residual Norm: 0.00002759   converged                                     
               Excitation 25  :     14.52837652 Residual Norm: 0.00003230   converged                                     
               Excitation 26  :     14.53606564 Residual Norm: 0.00004835   converged                                     
               Excitation 27  :     14.54613162 Residual Norm: 0.00004814   converged                                     
               Excitation 28  :     14.55896031 Residual Norm: 0.00004264   converged                                     
               Excitation 29  :     14.56000900 Residual Norm: 0.00002405   converged                                     
               Excitation 30  :     14.56561329 Residual Norm: 0.00004162   converged                                     
               Excitation 31  :     14.56989774 Residual Norm: 0.00004264   converged                                     
               Excitation 32  :     14.57607792 Residual Norm: 0.00001902   converged                                     
               Excitation 33  :     14.58530394 Residual Norm: 0.00003455   converged                                     
               Excitation 34  :     14.58676383 Residual Norm: 0.00004067   converged                                     
               Excitation 35  :     14.59010975 Residual Norm: 0.00004062   converged                                     
               Excitation 36  :     14.59517676 Residual Norm: 0.00002146   converged                                     
               Excitation 37  :     14.60489033 Residual Norm: 0.00004337   converged                                     
               Excitation 38  :     14.60803509 Residual Norm: 0.00008245   converged                                     
               Excitation 39  :     14.61801573 Residual Norm: 0.00005927   converged                                     
               Excitation 40  :     14.62384971 Residual Norm: 0.00007507   converged                                     
               Excitation 41  :     14.63223567 Residual Norm: 0.00011148                                                 
               Excitation 42  :     14.63752199 Residual Norm: 0.00011071                                                 
               Excitation 43  :     14.64161886 Residual Norm: 0.00012706                                                 
               Excitation 44  :     14.64499382 Residual Norm: 0.00006846   converged                                     
               Excitation 45  :     14.64999091 Residual Norm: 0.00006618   converged                                     
               Excitation 46  :     14.65621464 Residual Norm: 0.00011396                                                 
               Excitation 47  :     14.66034501 Residual Norm: 0.00015620                                                 
               Excitation 48  :     14.67408335 Residual Norm: 0.00021597                                                 
               Excitation 49  :     14.67837263 Residual Norm: 0.00015060                                                 
               Excitation 50  :     14.68450952 Residual Norm: 0.00052152                                                 
                                                                                                                          
* Info * Processing 7 Fock builds...                                                                                      
                                                                                                                          
* Info * 194 gerade trial vectors in reduced space                                                                        
* Info * 194 ungerade trial vectors in reduced space                                                                      
                                                                                                                          
* Info * 33.49 kB of memory used for subspace procedure on the master node                                                
* Info * 770.49 GB of memory available for the solver on the master node                                                  
                                                                                                                          
               *** Iteration:   5 * Residuals (Max,Min): 6.55e-05 and 7.63e-06                                            
                                                                                                                          
               Excitation 1   :     14.22760291 Residual Norm: 0.00006554   converged                                     
               Excitation 2   :     14.31575987 Residual Norm: 0.00002849   converged                                     
               Excitation 3   :     14.33135673 Residual Norm: 0.00003640   converged                                     
               Excitation 4   :     14.33881499 Residual Norm: 0.00004198   converged                                     
               Excitation 5   :     14.36057430 Residual Norm: 0.00003614   converged                                     
               Excitation 6   :     14.36455627 Residual Norm: 0.00002857   converged                                     
               Excitation 7   :     14.37675593 Residual Norm: 0.00002410   converged                                     
               Excitation 8   :     14.39407389 Residual Norm: 0.00002593   converged                                     
               Excitation 9   :     14.39687642 Residual Norm: 0.00001891   converged                                     
               Excitation 10  :     14.40969601 Residual Norm: 0.00003180   converged                                     
               Excitation 11  :     14.42599168 Residual Norm: 0.00002259   converged                                     
               Excitation 12  :     14.42937283 Residual Norm: 0.00005652   converged                                     
               Excitation 13  :     14.44036922 Residual Norm: 0.00005217   converged                                     
               Excitation 14  :     14.45004073 Residual Norm: 0.00001706   converged                                     
               Excitation 15  :     14.45360373 Residual Norm: 0.00002429   converged                                     
               Excitation 16  :     14.46673549 Residual Norm: 0.00002684   converged                                     
               Excitation 17  :     14.47254284 Residual Norm: 0.00001977   converged                                     
               Excitation 18  :     14.48456264 Residual Norm: 0.00002179   converged                                     
               Excitation 19  :     14.49036195 Residual Norm: 0.00003654   converged                                     
               Excitation 20  :     14.49947059 Residual Norm: 0.00002513   converged                                     
               Excitation 21  :     14.50776532 Residual Norm: 0.00002984   converged                                     
               Excitation 22  :     14.51095827 Residual Norm: 0.00002065   converged                                     
               Excitation 23  :     14.51793712 Residual Norm: 0.00003774   converged                                     
               Excitation 24  :     14.51971558 Residual Norm: 0.00002135   converged                                     
               Excitation 25  :     14.52837652 Residual Norm: 0.00002940   converged                                     
               Excitation 26  :     14.53606564 Residual Norm: 0.00004296   converged                                     
               Excitation 27  :     14.54613162 Residual Norm: 0.00003943   converged                                     
               Excitation 28  :     14.55896031 Residual Norm: 0.00004052   converged                                     
               Excitation 29  :     14.56000900 Residual Norm: 0.00002370   converged                                     
               Excitation 30  :     14.56561329 Residual Norm: 0.00003350   converged                                     
               Excitation 31  :     14.56989774 Residual Norm: 0.00003561   converged                                     
               Excitation 32  :     14.57607792 Residual Norm: 0.00001808   converged                                     
               Excitation 33  :     14.58530394 Residual Norm: 0.00003150   converged                                     
               Excitation 34  :     14.58676383 Residual Norm: 0.00002401   converged                                     
               Excitation 35  :     14.59010975 Residual Norm: 0.00002333   converged                                     
               Excitation 36  :     14.59517676 Residual Norm: 0.00001801   converged                                     
               Excitation 37  :     14.60489033 Residual Norm: 0.00002666   converged                                     
               Excitation 38  :     14.60803509 Residual Norm: 0.00003809   converged                                     
               Excitation 39  :     14.61801573 Residual Norm: 0.00003798   converged                                     
               Excitation 40  :     14.62384971 Residual Norm: 0.00003740   converged                                     
               Excitation 41  :     14.63223567 Residual Norm: 0.00000763   converged                                     
               Excitation 42  :     14.63752199 Residual Norm: 0.00001475   converged                                     
               Excitation 43  :     14.64161886 Residual Norm: 0.00001872   converged                                     
               Excitation 44  :     14.64499382 Residual Norm: 0.00002306   converged                                     
               Excitation 45  :     14.64999091 Residual Norm: 0.00002995   converged                                     
               Excitation 46  :     14.65621464 Residual Norm: 0.00001078   converged                                     
               Excitation 47  :     14.66034501 Residual Norm: 0.00001836   converged                                     
               Excitation 48  :     14.67408335 Residual Norm: 0.00001113   converged                                     
               Excitation 49  :     14.67837263 Residual Norm: 0.00001198   converged                                     
               Excitation 50  :     14.68450949 Residual Norm: 0.00002347   converged                                     
                                                                                                                          
* Info * Checkpoint written to file: 0274_n1s_rsp.h5                                                                      
                                                                                                                          
* Info * Time spent in writing checkpoint file: 1.15 sec                                                                  
                                                                                                                          
               *** Linear response converged in 5 iterations. Time: 681.98 sec                                            
                                                                                                                          
                                                                                                                          
* Info * Response solution vectors written to file: 0274_n1s.h5                                                           
                                                                                                                          
               Electric Transition Dipole Moments (dipole length, a.u.)                                                   
               --------------------------------------------------------                                                   
                                                X            Y            Z                                               
               Excited State    S1:      0.002767    -0.002306    -0.060454                                               
               Excited State    S2:      0.002304    -0.001511    -0.034682                                               
               Excited State    S3:     -0.004180     0.002122    -0.000490                                               
               Excited State    S4:     -0.000381     0.004465     0.002275                                               
               Excited State    S5:      0.013455    -0.000576     0.000608                                               
               Excited State    S6:     -0.008689     0.010775    -0.001044                                               
               Excited State    S7:      0.001691    -0.013116     0.002772                                               
               Excited State    S8:     -0.001100    -0.003216     0.002607                                               
               Excited State    S9:      0.000041    -0.002091    -0.006571                                               
               Excited State   S10:     -0.010275     0.003454    -0.000503                                               
               Excited State   S11:      0.014203     0.006216    -0.000377                                               
               Excited State   S12:      0.010990     0.010194     0.002517                                               
               Excited State   S13:     -0.011487    -0.006433    -0.000102                                               
               Excited State   S14:     -0.003753    -0.000682     0.014323                                               
               Excited State   S15:     -0.005499    -0.000407    -0.002199                                               
               Excited State   S16:     -0.003087     0.000787    -0.000467                                               
               Excited State   S17:     -0.000535     0.001037     0.002277                                               
               Excited State   S18:     -0.017657     0.007144     0.003865                                               
               Excited State   S19:     -0.016141    -0.011407     0.000983                                               
               Excited State   S20:     -0.014533     0.006549     0.000427                                               
               Excited State   S21:     -0.018575     0.009732    -0.001765                                               
               Excited State   S22:     -0.009058     0.004836    -0.015439                                               
               Excited State   S23:      0.001093    -0.007525    -0.020929                                               
               Excited State   S24:      0.007162     0.008607    -0.003704                                               
               Excited State   S25:     -0.004468    -0.007383    -0.004211                                               
               Excited State   S26:      0.021462    -0.000178     0.005587                                               
               Excited State   S27:      0.000429     0.009310    -0.003749                                               
               Excited State   S28:     -0.000698    -0.007137     0.006143                                               
               Excited State   S29:     -0.002919     0.003485     0.000273                                               
               Excited State   S30:      0.014108    -0.000163    -0.006320                                               
               Excited State   S31:      0.013423     0.007576     0.000886                                               
               Excited State   S32:     -0.002720    -0.002331     0.009542                                               
               Excited State   S33:      0.003152    -0.003539     0.007139                                               
               Excited State   S34:     -0.007173     0.001507     0.003864                                               
               Excited State   S35:     -0.012146    -0.015455    -0.001158                                               
               Excited State   S36:      0.004164    -0.002045     0.001787                                               
               Excited State   S37:      0.012229    -0.002795    -0.002024                                               
               Excited State   S38:     -0.020810     0.005824    -0.004389                                               
               Excited State   S39:     -0.005086    -0.002742    -0.004630                                               
               Excited State   S40:     -0.007065    -0.002623     0.004013                                               
               Excited State   S41:      0.015169    -0.007898     0.000180                                               
               Excited State   S42:      0.000717     0.013425    -0.001503                                               
               Excited State   S43:     -0.018023     0.007612    -0.001905                                               
               Excited State   S44:     -0.000405     0.010199    -0.000885                                               
               Excited State   S45:      0.008695    -0.006111    -0.002463                                               
               Excited State   S46:     -0.021942     0.001028    -0.000592                                               
               Excited State   S47:     -0.025131     0.001074     0.000432                                               
               Excited State   S48:      0.000234    -0.003619     0.002936                                               
               Excited State   S49:      0.001337     0.002568     0.003493                                               
               Excited State   S50:     -0.011991    -0.003328    -0.003327                                               
                                                                                                                          
               Electric Transition Dipole Moments (dipole velocity, a.u.)                                                 
               ----------------------------------------------------------                                                 
                                                X            Y            Z                                               
               Excited State    S1:      0.002742    -0.002276    -0.059741                                               
               Excited State    S2:      0.002279    -0.001490    -0.034310                                               
               Excited State    S3:     -0.004159     0.002134    -0.000487                                               
               Excited State    S4:     -0.000431     0.004528     0.002240                                               
               Excited State    S5:      0.013378    -0.000547     0.000611                                               
               Excited State    S6:     -0.008666     0.010799    -0.001011                                               
               Excited State    S7:      0.001762    -0.013096     0.002789                                               
               Excited State    S8:     -0.001144    -0.003227     0.002456                                               
               Excited State    S9:      0.000080    -0.002059    -0.006538                                               
               Excited State   S10:     -0.010349     0.003511    -0.000515                                               
               Excited State   S11:      0.014182     0.006228    -0.000387                                               
               Excited State   S12:      0.010969     0.010224     0.002540                                               
               Excited State   S13:     -0.011335    -0.006464    -0.000158                                               
               Excited State   S14:     -0.003738    -0.000627     0.014219                                               
               Excited State   S15:     -0.005383    -0.000315    -0.002179                                               
               Excited State   S16:     -0.002977     0.000748    -0.000535                                               
               Excited State   S17:     -0.000582     0.001050     0.002416                                               
               Excited State   S18:     -0.017432     0.007069     0.003777                                               
               Excited State   S19:     -0.016190    -0.011274     0.001095                                               
               Excited State   S20:     -0.014352     0.006464     0.000430                                               
               Excited State   S21:     -0.018433     0.009745    -0.001723                                               
               Excited State   S22:     -0.008962     0.004752    -0.015416                                               
               Excited State   S23:      0.000975    -0.007418    -0.020737                                               
               Excited State   S24:      0.007104     0.008566    -0.003791                                               
               Excited State   S25:     -0.004317    -0.007574    -0.004015                                               
               Excited State   S26:      0.021342     0.000004     0.005538                                               
               Excited State   S27:      0.000322     0.009023    -0.003635                                               
               Excited State   S28:     -0.000666    -0.007094     0.006070                                               
               Excited State   S29:     -0.003099     0.003530     0.000186                                               
               Excited State   S30:      0.014075     0.000060    -0.006276                                               
               Excited State   S31:      0.013299     0.007477     0.000909                                               
               Excited State   S32:     -0.002860    -0.002287     0.009356                                               
               Excited State   S33:      0.003277    -0.003490     0.007057                                               
               Excited State   S34:     -0.007225     0.001627     0.003765                                               
               Excited State   S35:     -0.011879    -0.015273    -0.001061                                               
               Excited State   S36:      0.004045    -0.002100     0.001616                                               
               Excited State   S37:      0.012028    -0.003033    -0.001792                                               
               Excited State   S38:     -0.020828     0.005972    -0.004176                                               
               Excited State   S39:     -0.005196    -0.002625    -0.004518                                               
               Excited State   S40:     -0.007159    -0.002660     0.003839                                               
               Excited State   S41:      0.015274    -0.007741     0.000238                                               
               Excited State   S42:      0.000657     0.013353    -0.001350                                               
               Excited State   S43:     -0.017884     0.007599    -0.001755                                               
               Excited State   S44:     -0.000480     0.010071    -0.000986                                               
               Excited State   S45:      0.008463    -0.006156    -0.002482                                               
               Excited State   S46:     -0.021456     0.001091    -0.000569                                               
               Excited State   S47:     -0.024820     0.000976     0.000292                                               
               Excited State   S48:      0.000138    -0.003454     0.002867                                               
               Excited State   S49:      0.001193     0.002399     0.003389                                               
               Excited State   S50:     -0.012015    -0.003196    -0.003485                                               
                                                                                                                          
               Magnetic Transition Dipole Moments (a.u.)                                                                  
               -----------------------------------------                                                                  
                                                X            Y            Z                                               
               Excited State    S1:     -0.881615    -1.282234     0.008393                                               
               Excited State    S2:     -0.509545    -0.741412    -0.001667                                               
               Excited State    S3:     -0.005925    -0.007986     0.015644                                               
               Excited State    S4:      0.036013     0.048659    -0.091432                                               
               Excited State    S5:      0.008761     0.005069    -0.187149                                               
               Excited State    S6:     -0.008465    -0.016599    -0.104807                                               
               Excited State    S7:      0.033535     0.059345     0.257416                                               
               Excited State    S8:      0.034644     0.053965     0.087038                                               
               Excited State    S9:     -0.098725    -0.141850     0.043493                                               
               Excited State   S10:     -0.005543    -0.004851     0.078197                                               
               Excited State   S11:     -0.001973    -0.017061    -0.347209                                               
               Excited State   S12:      0.044204     0.048507    -0.386171                                               
               Excited State   S13:     -0.006317     0.003517     0.310133                                               
               Excited State   S14:      0.212396     0.311842     0.069558                                               
               Excited State   S15:     -0.032805    -0.044153     0.087400                                               
               Excited State   S16:     -0.007535    -0.009869     0.028271                                               
               Excited State   S17:      0.036842     0.053023    -0.014195                                               
               Excited State   S18:      0.061019     0.093160     0.107202                                               
               Excited State   S19:      0.009500     0.033855     0.489051                                               
               Excited State   S20:      0.010416     0.018257     0.074278                                               
               Excited State   S21:     -0.019883    -0.026352     0.063971                                               
               Excited State   S22:     -0.228737    -0.331519     0.030793                                               
               Excited State   S23:     -0.316377    -0.454175     0.147581                                               
               Excited State   S24:     -0.051752    -0.087263    -0.294233                                               
               Excited State   S25:     -0.065098    -0.085228     0.230720                                               
               Excited State   S26:      0.083358     0.108125    -0.321375                                               
               Excited State   S27:     -0.049190    -0.079902    -0.202581                                               
               Excited State   S28:      0.087112     0.133625     0.165663                                               
               Excited State   S29:      0.004975     0.006010    -0.030729                                               
               Excited State   S30:     -0.094629    -0.146404    -0.213634                                               
               Excited State   S31:      0.018334     0.011688    -0.364861                                               
               Excited State   S32:      0.139853     0.207248     0.093415                                               
               Excited State   S33:      0.104445     0.153125     0.027216                                               
               Excited State   S34:      0.057872     0.087205     0.073399                                               
               Excited State   S35:     -0.025492    -0.015922     0.515309                                               
               Excited State   S36:      0.023181     0.032948    -0.014968                                               
               Excited State   S37:     -0.029021    -0.046866    -0.115189                                               
               Excited State   S38:     -0.059498    -0.078971     0.183642                                               
               Excited State   S39:     -0.070026    -0.096293     0.136518                                               
               Excited State   S40:      0.056477     0.089003     0.167064                                               
               Excited State   S41:     -0.001238    -0.004205    -0.060898                                               
               Excited State   S42:     -0.012213    -0.030164    -0.304417                                               
               Excited State   S43:     -0.021922    -0.027536     0.103530                                               
               Excited State   S44:     -0.008692    -0.021496    -0.214929                                               
               Excited State   S45:     -0.041489    -0.060076     0.007444                                               
               Excited State   S46:     -0.007990     0.000708     0.301596                                               
               Excited State   S47:      0.005035     0.021897     0.355266                                               
               Excited State   S48:      0.041525     0.063290     0.074168                                               
               Excited State   S49:      0.053018     0.074194    -0.071132                                               
               Excited State   S50:     -0.054976    -0.069616     0.253345                                               
                                                                                                                          
               One-Photon Absorption                                                                                      
               ---------------------                                                                                      
               Excited State    S1:     14.22760291 a.u.    387.15280 eV    Osc.Str.    0.0348                            
               Excited State    S2:     14.31575987 a.u.    389.55167 eV    Osc.Str.    0.0116                            
               Excited State    S3:     14.33135673 a.u.    389.97608 eV    Osc.Str.    0.0002                            
               Excited State    S4:     14.33881499 a.u.    390.17903 eV    Osc.Str.    0.0002                            
               Excited State    S5:     14.36057430 a.u.    390.77113 eV    Osc.Str.    0.0017                            
               Excited State    S6:     14.36455627 a.u.    390.87949 eV    Osc.Str.    0.0018                            
               Excited State    S7:     14.37675593 a.u.    391.21146 eV    Osc.Str.    0.0017                            
               Excited State    S8:     14.39407389 a.u.    391.68270 eV    Osc.Str.    0.0002                            
               Excited State    S9:     14.39687642 a.u.    391.75897 eV    Osc.Str.    0.0005                            
               Excited State   S10:     14.40969601 a.u.    392.10780 eV    Osc.Str.    0.0011                            
               Excited State   S11:     14.42599168 a.u.    392.55123 eV    Osc.Str.    0.0023                            
               Excited State   S12:     14.42937283 a.u.    392.64324 eV    Osc.Str.    0.0022                            
               Excited State   S13:     14.44036922 a.u.    392.94246 eV    Osc.Str.    0.0017                            
               Excited State   S14:     14.45004073 a.u.    393.20564 eV    Osc.Str.    0.0021                            
               Excited State   S15:     14.45360373 a.u.    393.30259 eV    Osc.Str.    0.0003                            
               Excited State   S16:     14.46673549 a.u.    393.65993 eV    Osc.Str.    0.0001                            
               Excited State   S17:     14.47254284 a.u.    393.81795 eV    Osc.Str.    0.0001                            
               Excited State   S18:     14.48456264 a.u.    394.14503 eV    Osc.Str.    0.0036                            
               Excited State   S19:     14.49036195 a.u.    394.30284 eV    Osc.Str.    0.0038                            
               Excited State   S20:     14.49947059 a.u.    394.55069 eV    Osc.Str.    0.0025                            
               Excited State   S21:     14.50776532 a.u.    394.77641 eV    Osc.Str.    0.0043                            
               Excited State   S22:     14.51095827 a.u.    394.86329 eV    Osc.Str.    0.0033                            
               Excited State   S23:     14.51793712 a.u.    395.05319 eV    Osc.Str.    0.0048                            
               Excited State   S24:     14.51971558 a.u.    395.10159 eV    Osc.Str.    0.0013                            
               Excited State   S25:     14.52837652 a.u.    395.33727 eV    Osc.Str.    0.0009                            
               Excited State   S26:     14.53606564 a.u.    395.54650 eV    Osc.Str.    0.0048                            
               Excited State   S27:     14.54613162 a.u.    395.82041 eV    Osc.Str.    0.0010                            
               Excited State   S28:     14.55896031 a.u.    396.16949 eV    Osc.Str.    0.0009                            
               Excited State   S29:     14.56000900 a.u.    396.19803 eV    Osc.Str.    0.0002                            
               Excited State   S30:     14.56561329 a.u.    396.35053 eV    Osc.Str.    0.0023                            
               Excited State   S31:     14.56989774 a.u.    396.46711 eV    Osc.Str.    0.0023                            
               Excited State   S32:     14.57607792 a.u.    396.63529 eV    Osc.Str.    0.0010                            
               Excited State   S33:     14.58530394 a.u.    396.88634 eV    Osc.Str.    0.0007                            
               Excited State   S34:     14.58676383 a.u.    396.92606 eV    Osc.Str.    0.0007                            
               Excited State   S35:     14.59010975 a.u.    397.01711 eV    Osc.Str.    0.0038                            
               Excited State   S36:     14.59517676 a.u.    397.15499 eV    Osc.Str.    0.0002                            
               Excited State   S37:     14.60489033 a.u.    397.41931 eV    Osc.Str.    0.0016                            
               Excited State   S38:     14.60803509 a.u.    397.50489 eV    Osc.Str.    0.0047                            
               Excited State   S39:     14.61801573 a.u.    397.77647 eV    Osc.Str.    0.0005                            
               Excited State   S40:     14.62384971 a.u.    397.93522 eV    Osc.Str.    0.0007                            
               Excited State   S41:     14.63223567 a.u.    398.16342 eV    Osc.Str.    0.0029                            
               Excited State   S42:     14.63752199 a.u.    398.30726 eV    Osc.Str.    0.0018                            
               Excited State   S43:     14.64161886 a.u.    398.41875 eV    Osc.Str.    0.0038                            
               Excited State   S44:     14.64499382 a.u.    398.51058 eV    Osc.Str.    0.0010                            
               Excited State   S45:     14.64999091 a.u.    398.64656 eV    Osc.Str.    0.0012                            
               Excited State   S46:     14.65621464 a.u.    398.81592 eV    Osc.Str.    0.0047                            
               Excited State   S47:     14.66034501 a.u.    398.92831 eV    Osc.Str.    0.0062                            
               Excited State   S48:     14.67408335 a.u.    399.30215 eV    Osc.Str.    0.0002                            
               Excited State   S49:     14.67837263 a.u.    399.41887 eV    Osc.Str.    0.0002                            
               Excited State   S50:     14.68450949 a.u.    399.58586 eV    Osc.Str.    0.0016                            
                                                                                                                          
               Electronic Circular Dichroism                                                                              
               -----------------------------                                                                              
               Excited State    S1:     Rot.Str.      0.000000 a.u.     0.0001 [10**(-40) cgs]                            
               Excited State    S2:     Rot.Str.      0.000000 a.u.     0.0001 [10**(-40) cgs]                            
               Excited State    S3:     Rot.Str.     -0.000000 a.u.    -0.0000 [10**(-40) cgs]                            
               Excited State    S4:     Rot.Str.     -0.000000 a.u.    -0.0000 [10**(-40) cgs]                            
               Excited State    S5:     Rot.Str.      0.000000 a.u.     0.0000 [10**(-40) cgs]                            
               Excited State    S6:     Rot.Str.      0.000000 a.u.     0.0000 [10**(-40) cgs]                            
               Excited State    S7:     Rot.Str.     -0.000000 a.u.    -0.0001 [10**(-40) cgs]                            
               Excited State    S8:     Rot.Str.     -0.000000 a.u.    -0.0000 [10**(-40) cgs]                            
               Excited State    S9:     Rot.Str.     -0.000000 a.u.    -0.0001 [10**(-40) cgs]                            
               Excited State   S10:     Rot.Str.      0.000000 a.u.     0.0000 [10**(-40) cgs]                            
               Excited State   S11:     Rot.Str.      0.000000 a.u.     0.0000 [10**(-40) cgs]                            
               Excited State   S12:     Rot.Str.     -0.000000 a.u.    -0.0000 [10**(-40) cgs]                            
               Excited State   S13:     Rot.Str.     -0.000000 a.u.    -0.0000 [10**(-40) cgs]                            
               Excited State   S14:     Rot.Str.     -0.000000 a.u.    -0.0001 [10**(-40) cgs]                            
               Excited State   S15:     Rot.Str.      0.000000 a.u.     0.0000 [10**(-40) cgs]                            
               Excited State   S16:     Rot.Str.     -0.000000 a.u.    -0.0000 [10**(-40) cgs]                            
               Excited State   S17:     Rot.Str.     -0.000000 a.u.    -0.0000 [10**(-40) cgs]                            
               Excited State   S18:     Rot.Str.     -0.000000 a.u.    -0.0001 [10**(-40) cgs]                            
               Excited State   S19:     Rot.Str.      0.000000 a.u.     0.0001 [10**(-40) cgs]                            
               Excited State   S20:     Rot.Str.      0.000000 a.u.     0.0002 [10**(-40) cgs]                            
               Excited State   S21:     Rot.Str.     -0.000001 a.u.    -0.0002 [10**(-40) cgs]                            
               Excited State   S22:     Rot.Str.      0.000000 a.u.     0.0000 [10**(-40) cgs]                            
               Excited State   S23:     Rot.Str.      0.000000 a.u.     0.0001 [10**(-40) cgs]                            
               Excited State   S24:     Rot.Str.      0.000000 a.u.     0.0002 [10**(-40) cgs]                            
               Excited State   S25:     Rot.Str.      0.000000 a.u.     0.0001 [10**(-40) cgs]                            
               Excited State   S26:     Rot.Str.     -0.000000 a.u.    -0.0002 [10**(-40) cgs]                            
               Excited State   S27:     Rot.Str.     -0.000000 a.u.    -0.0002 [10**(-40) cgs]                            
               Excited State   S28:     Rot.Str.     -0.000000 a.u.    -0.0001 [10**(-40) cgs]                            
               Excited State   S29:     Rot.Str.      0.000000 a.u.     0.0000 [10**(-40) cgs]                            
               Excited State   S30:     Rot.Str.      0.000000 a.u.     0.0000 [10**(-40) cgs]                            
               Excited State   S31:     Rot.Str.     -0.000000 a.u.    -0.0001 [10**(-40) cgs]                            
               Excited State   S32:     Rot.Str.      0.000000 a.u.     0.0000 [10**(-40) cgs]                            
               Excited State   S33:     Rot.Str.     -0.000000 a.u.    -0.0000 [10**(-40) cgs]                            
               Excited State   S34:     Rot.Str.      0.000000 a.u.     0.0000 [10**(-40) cgs]                            
               Excited State   S35:     Rot.Str.     -0.000001 a.u.    -0.0004 [10**(-40) cgs]                            
               Excited State   S36:     Rot.Str.      0.000000 a.u.     0.0002 [10**(-40) cgs]                            
               Excited State   S37:     Rot.Str.     -0.000001 a.u.    -0.0003 [10**(-40) cgs]                            
               Excited State   S38:     Rot.Str.      0.000001 a.u.     0.0003 [10**(-40) cgs]                            
               Excited State   S39:     Rot.Str.     -0.000000 a.u.    -0.0001 [10**(-40) cgs]                            
               Excited State   S40:     Rot.Str.      0.000000 a.u.     0.0002 [10**(-40) cgs]                            
               Excited State   S41:     Rot.Str.     -0.000001 a.u.    -0.0004 [10**(-40) cgs]                            
               Excited State   S42:     Rot.Str.      0.000000 a.u.     0.0001 [10**(-40) cgs]                            
               Excited State   S43:     Rot.Str.      0.000001 a.u.     0.0005 [10**(-40) cgs]                            
               Excited State   S44:     Rot.Str.     -0.000000 a.u.    -0.0002 [10**(-40) cgs]                            
               Excited State   S45:     Rot.Str.      0.000000 a.u.     0.0001 [10**(-40) cgs]                            
               Excited State   S46:     Rot.Str.      0.000001 a.u.     0.0003 [10**(-40) cgs]                            
               Excited State   S47:     Rot.Str.      0.000000 a.u.     0.0001 [10**(-40) cgs]                            
               Excited State   S48:     Rot.Str.     -0.000000 a.u.    -0.0001 [10**(-40) cgs]                            
               Excited State   S49:     Rot.Str.      0.000000 a.u.     0.0001 [10**(-40) cgs]                            
               Excited State   S50:     Rot.Str.      0.000000 a.u.     0.0001 [10**(-40) cgs]                            
                                                                                                                          
               Character of excitations:                                                                                  
                                                                                                                          
               Excited state 1                                                                                            
               ---------------                                                                                            
               core_2   -> LUMO         0.7983                                                                            
               core_2   -> LUMO+5       0.5149                                                                            
                                                                                                                          
               Excited state 2                                                                                            
               ---------------                                                                                            
               core_2   -> LUMO+5       0.7396                                                                            
               core_2   -> LUMO        -0.5461                                                                            
               core_2   -> LUMO+6       0.2373                                                                            
                                                                                                                          
               Excited state 3                                                                                            
               ---------------                                                                                            
               core_2   -> LUMO+3       0.7287                                                                            
               core_2   -> LUMO+1       0.5738                                                                            
               core_2   -> LUMO         0.2025                                                                            
                                                                                                                          
               Excited state 4                                                                                            
               ---------------                                                                                            
               core_2   -> LUMO+2      -0.6439                                                                            
               core_2   -> LUMO+1       0.4803                                                                            
               core_2   -> LUMO+3      -0.3321                                                                            
               core_2   -> LUMO+4       0.2935                                                                            
               core_2   -> LUMO+7      -0.2614                                                                            
                                                                                                                          
               Excited state 5                                                                                            
               ---------------                                                                                            
               core_2   -> LUMO+2      -0.6124                                                                            
               core_2   -> LUMO+3       0.4463                                                                            
               core_2   -> LUMO+6      -0.4320                                                                            
               core_2   -> LUMO+1      -0.2860                                                                            
                                                                                                                          
               Excited state 6                                                                                            
               ---------------                                                                                            
               core_2   -> LUMO+6      -0.5971                                                                            
               core_2   -> LUMO+4       0.4668                                                                            
               core_2   -> LUMO+7       0.4530                                                                            
               core_2   -> LUMO+5       0.2377                                                                            
               core_2   -> LUMO+8       0.2356                                                                            
                                                                                                                          
               Excited state 7                                                                                            
               ---------------                                                                                            
               core_2   -> LUMO+7       0.5125                                                                            
               core_2   -> LUMO+8      -0.4885                                                                            
               core_2   -> LUMO+4      -0.3114                                                                            
               core_2   -> LUMO+1       0.2800                                                                            
               core_2   -> LUMO+10      0.2776                                                                            
               core_2   -> LUMO+2      -0.2188                                                                            
                                                                                                                          
               Excited state 8                                                                                            
               ---------------                                                                                            
               core_2   -> LUMO+4       0.4898                                                                            
               core_2   -> LUMO+1      -0.4607                                                                            
               core_2   -> LUMO+6       0.3288                                                                            
               core_2   -> LUMO+9       0.2910                                                                            
               core_2   -> LUMO+3       0.2641                                                                            
               core_2   -> LUMO+10      0.2202                                                                            
               core_2   -> LUMO+7       0.2157                                                                            
                                                                                                                          
               Excited state 9                                                                                            
               ---------------                                                                                            
               core_2   -> LUMO+9      -0.8518                                                                            
               core_2   -> LUMO+10      0.2284                                                                            
               core_2   -> LUMO+8       0.2125                                                                            
                                                                                                                          
               Excited state 10                                                                                           
               ----------------                                                                                           
               core_2   -> LUMO+8       0.5684                                                                            
               core_2   -> LUMO+4      -0.4983                                                                            
               core_2   -> LUMO+11      0.3829                                                                            
               core_2   -> LUMO+7       0.3666                                                                            
                                                                                                                          
               Excited state 11                                                                                           
               ----------------                                                                                           
               core_2   -> LUMO+11     -0.4570                                                                            
               core_2   -> LUMO+6       0.4095                                                                            
               core_2   -> LUMO+7       0.3662                                                                            
               core_2   -> LUMO+14      0.2918                                                                            
               core_2   -> LUMO+19      0.2765                                                                            
               core_2   -> LUMO+12     -0.2026                                                                            
                                                                                                                          
               Excited state 12                                                                                           
               ----------------                                                                                           
               core_2   -> LUMO+10      0.5622                                                                            
               core_2   -> LUMO+11     -0.4280                                                                            
               core_2   -> LUMO+12     -0.3485                                                                            
               core_2   -> LUMO+8       0.2911                                                                            
               core_2   -> LUMO+16      0.2721                                                                            
               core_2   -> LUMO+7      -0.2285                                                                            
                                                                                                                          
               Excited state 13                                                                                           
               ----------------                                                                                           
               core_2   -> LUMO+12      0.6235                                                                            
               core_2   -> LUMO+8       0.3894                                                                            
               core_2   -> LUMO+11     -0.3843                                                                            
               core_2   -> LUMO+13     -0.3425                                                                            
               core_2   -> LUMO+17     -0.2139                                                                            
                                                                                                                          
               Excited state 14                                                                                           
               ----------------                                                                                           
               core_2   -> LUMO+13      0.7010                                                                            
               core_2   -> LUMO+16      0.3442                                                                            
               core_2   -> LUMO+15      0.3090                                                                            
               core_2   -> LUMO+12      0.2510                                                                            
               core_2   -> LUMO+21      0.2003                                                                            
                                                                                                                          
               Excited state 15                                                                                           
               ----------------                                                                                           
               core_2   -> LUMO+10     -0.5825                                                                            
               core_2   -> LUMO+12     -0.3843                                                                            
               core_2   -> LUMO+22      0.2444                                                                            
               core_2   -> LUMO+15     -0.2383                                                                            
               core_2   -> LUMO+19     -0.2255                                                                            
               core_2   -> LUMO+16      0.2251                                                                            
               core_2   -> LUMO+13     -0.2028                                                                            
               core_2   -> LUMO+11     -0.2016                                                                            
                                                                                                                          
               Excited state 16                                                                                           
               ----------------                                                                                           
               core_2   -> LUMO+14      0.6149                                                                            
               core_2   -> LUMO+15     -0.4037                                                                            
               core_2   -> LUMO+18      0.2927                                                                            
               core_2   -> LUMO+20     -0.2810                                                                            
               core_2   -> LUMO+12      0.2528                                                                            
               core_2   -> LUMO+16      0.2184                                                                            
                                                                                                                          
               Excited state 17                                                                                           
               ----------------                                                                                           
               core_2   -> LUMO+15      0.4847                                                                            
               core_2   -> LUMO+16      0.4157                                                                            
               core_2   -> LUMO+13     -0.4115                                                                            
               core_2   -> LUMO+14      0.3875                                                                            
               core_2   -> LUMO+20      0.2657                                                                            
               core_2   -> LUMO+17      0.2306                                                                            
                                                                                                                          
               Excited state 18                                                                                           
               ----------------                                                                                           
               core_2   -> LUMO+18     -0.5824                                                                            
               core_2   -> LUMO+17     -0.4992                                                                            
               core_2   -> LUMO+16      0.3483                                                                            
               core_2   -> LUMO+11      0.2642                                                                            
               core_2   -> LUMO+21      0.2025                                                                            
                                                                                                                          
               Excited state 19                                                                                           
               ----------------                                                                                           
               core_2   -> LUMO+19     -0.4629                                                                            
               core_2   -> LUMO+16     -0.4164                                                                            
               core_2   -> LUMO+14      0.3517                                                                            
               core_2   -> LUMO+12     -0.2782                                                                            
               core_2   -> LUMO+15      0.2335                                                                            
               core_2   -> LUMO+22      0.2286                                                                            
               core_2   -> LUMO+17     -0.2225                                                                            
                                                                                                                          
               Excited state 20                                                                                           
               ----------------                                                                                           
               core_2   -> LUMO+17      0.6178                                                                            
               core_2   -> LUMO+18     -0.5259                                                                            
               core_2   -> LUMO+19     -0.2985                                                                            
               core_2   -> LUMO+24     -0.2243                                                                            
                                                                                                                          
               Excited state 21                                                                                           
               ----------------                                                                                           
               core_2   -> LUMO+20     -0.5867                                                                            
               core_2   -> LUMO+19      0.3580                                                                            
               core_2   -> LUMO+25     -0.3331                                                                            
               core_2   -> LUMO+21      0.3073                                                                            
               core_2   -> LUMO+15      0.2568                                                                            
               core_2   -> LUMO+14     -0.2195                                                                            
               core_2   -> LUMO+22      0.2107                                                                            
               core_2   -> LUMO+17      0.2089                                                                            
                                                                                                                          
               Excited state 22                                                                                           
               ----------------                                                                                           
               core_2   -> LUMO+20      0.5290                                                                            
               core_2   -> LUMO+21      0.4336                                                                            
               core_2   -> LUMO+22      0.3498                                                                            
               core_2   -> LUMO+25     -0.2963                                                                            
                                                                                                                          
               Excited state 23                                                                                           
               ----------------                                                                                           
               core_2   -> LUMO+23     -0.4499                                                                            
               core_2   -> LUMO+27     -0.3873                                                                            
               core_2   -> LUMO+25     -0.3440                                                                            
               core_2   -> LUMO+21     -0.3191                                                                            
               core_2   -> LUMO+24      0.2928                                                                            
               core_2   -> LUMO+15      0.2536                                                                            
               core_2   -> LUMO+28      0.2395                                                                            
               core_2   -> LUMO+26     -0.2059                                                                            
                                                                                                                          
               Excited state 24                                                                                           
               ----------------                                                                                           
               core_2   -> LUMO+21     -0.5036                                                                            
               core_2   -> LUMO+22      0.4695                                                                            
               core_2   -> LUMO+27      0.3480                                                                            
               core_2   -> LUMO+31     -0.2499                                                                            
               core_2   -> LUMO+29     -0.2401                                                                            
               core_2   -> LUMO+26     -0.2249                                                                            
               core_2   -> LUMO+15      0.2003                                                                            
                                                                                                                          
               Excited state 25                                                                                           
               ----------------                                                                                           
               core_2   -> LUMO+24      0.6797                                                                            
               core_2   -> LUMO+23      0.3803                                                                            
               core_2   -> LUMO+33     -0.2401                                                                            
               core_2   -> LUMO+22      0.2119                                                                            
                                                                                                                          
               Excited state 26                                                                                           
               ----------------                                                                                           
               core_2   -> LUMO+23     -0.5546                                                                            
               core_2   -> LUMO+25      0.3763                                                                            
               core_2   -> LUMO+33      0.2977                                                                            
               core_2   -> LUMO+32      0.2942                                                                            
               core_2   -> LUMO+24      0.2536                                                                            
                                                                                                                          
               Excited state 27                                                                                           
               ----------------                                                                                           
               core_2   -> LUMO+29     -0.5515                                                                            
               core_2   -> LUMO+22     -0.4075                                                                            
               core_2   -> LUMO+19     -0.3672                                                                            
               core_2   -> LUMO+27      0.3087                                                                            
               core_2   -> LUMO+25     -0.2689                                                                            
               core_2   -> LUMO+24      0.2416                                                                            
                                                                                                                          
               Excited state 28                                                                                           
               ----------------                                                                                           
               core_2   -> LUMO+27      0.4839                                                                            
               core_2   -> LUMO+31      0.4794                                                                            
               core_2   -> LUMO+32     -0.3695                                                                            
               core_2   -> LUMO+23     -0.3133                                                                            
               core_2   -> LUMO+26     -0.2903                                                                            
               core_2   -> LUMO+29      0.2219                                                                            
                                                                                                                          
               Excited state 29                                                                                           
               ----------------                                                                                           
               core_2   -> LUMO+26     -0.6883                                                                            
               core_2   -> LUMO+25      0.3410                                                                            
               core_2   -> LUMO+28      0.3236                                                                            
               core_2   -> LUMO+21      0.2502                                                                            
               core_2   -> LUMO+27     -0.2500                                                                            
                                                                                                                          
               Excited state 30                                                                                           
               ----------------                                                                                           
               core_2   -> LUMO+29      0.6087                                                                            
               core_2   -> LUMO+27      0.3086                                                                            
               core_2   -> LUMO+32      0.2724                                                                            
               core_2   -> LUMO+25     -0.2599                                                                            
               core_2   -> LUMO+31     -0.2552                                                                            
               core_2   -> LUMO+23      0.2293                                                                            
               core_2   -> LUMO+26     -0.2207                                                                            
                                                                                                                          
               Excited state 31                                                                                           
               ----------------                                                                                           
               core_2   -> LUMO+32      0.4492                                                                            
               core_2   -> LUMO+28      0.4410                                                                            
               core_2   -> LUMO+31      0.3457                                                                            
               core_2   -> LUMO+30     -0.3456                                                                            
               core_2   -> LUMO+22      0.3021                                                                            
                                                                                                                          
               Excited state 32                                                                                           
               ----------------                                                                                           
               core_2   -> LUMO+28     -0.4986                                                                            
               core_2   -> LUMO+31      0.4273                                                                            
               core_2   -> LUMO+32      0.3433                                                                            
               core_2   -> LUMO+33      0.3386                                                                            
               core_2   -> LUMO+26     -0.3061                                                                            
               core_2   -> LUMO+34     -0.2138                                                                            
                                                                                                                          
               Excited state 33                                                                                           
               ----------------                                                                                           
               core_2   -> LUMO+30      0.5616                                                                            
               core_2   -> LUMO+28      0.4497                                                                            
               core_2   -> LUMO+35      0.3412                                                                            
               core_2   -> LUMO+33      0.2652                                                                            
               core_2   -> LUMO+36     -0.2393                                                                            
               core_2   -> LUMO+25     -0.2377                                                                            
                                                                                                                          
               Excited state 34                                                                                           
               ----------------                                                                                           
               core_2   -> LUMO+33      0.6197                                                                            
               core_2   -> LUMO+30     -0.4074                                                                            
               core_2   -> LUMO+32     -0.2642                                                                            
               core_2   -> LUMO+24      0.2477                                                                            
               core_2   -> LUMO+38      0.2300                                                                            
               core_2   -> LUMO+28      0.2054                                                                            
                                                                                                                          
               Excited state 35                                                                                           
               ----------------                                                                                           
               core_2   -> LUMO+35      0.6827                                                                            
               core_2   -> LUMO+37      0.4011                                                                            
               core_2   -> LUMO+30     -0.3596                                                                            
               core_2   -> LUMO+32      0.2238                                                                            
                                                                                                                          
               Excited state 36                                                                                           
               ----------------                                                                                           
               core_2   -> LUMO+34     -0.7548                                                                            
               core_2   -> LUMO+36      0.4309                                                                            
                                                                                                                          
               Excited state 37                                                                                           
               ----------------                                                                                           
               core_2   -> LUMO+36     -0.6390                                                                            
               core_2   -> LUMO+41      0.3030                                                                            
               core_2   -> LUMO+34     -0.3010                                                                            
               core_2   -> LUMO+38     -0.2811                                                                            
               core_2   -> LUMO+33     -0.2176                                                                            
                                                                                                                          
               Excited state 38                                                                                           
               ----------------                                                                                           
               core_2   -> LUMO+38      0.5427                                                                            
               core_2   -> LUMO+39      0.3153                                                                            
               core_2   -> LUMO+37     -0.2849                                                                            
               core_2   -> LUMO+35      0.2459                                                                            
               core_2   -> LUMO+33     -0.2445                                                                            
               core_2   -> LUMO+30      0.2087                                                                            
                                                                                                                          
               Excited state 39                                                                                           
               ----------------                                                                                           
               core_2   -> LUMO+37      0.6020                                                                            
               core_2   -> LUMO+39      0.4678                                                                            
               core_2   -> LUMO+35     -0.2700                                                                            
               core_2   -> LUMO+43     -0.2612                                                                            
               core_2   -> LUMO+36     -0.2261                                                                            
               core_2   -> LUMO+41     -0.2043                                                                            
                                                                                                                          
               Excited state 40                                                                                           
               ----------------                                                                                           
               core_2   -> LUMO+41     -0.3898                                                                            
               core_2   -> LUMO+39     -0.3780                                                                            
               core_2   -> LUMO+40     -0.3666                                                                            
               core_2   -> LUMO+43      0.3115                                                                            
               core_2   -> LUMO+36     -0.3009                                                                            
               core_2   -> LUMO+34     -0.2391                                                                            
               core_2   -> LUMO+37      0.2192                                                                            
               core_2   -> LUMO+44     -0.2047                                                                            
                                                                                                                          
               Excited state 41                                                                                           
               ----------------                                                                                           
               core_2   -> LUMO+38      0.6076                                                                            
               core_2   -> LUMO+41      0.3529                                                                            
               core_2   -> LUMO+37      0.3203                                                                            
               core_2   -> LUMO+39     -0.2650                                                                            
               core_2   -> LUMO+45      0.2341                                                                            
                                                                                                                          
               Excited state 42                                                                                           
               ----------------                                                                                           
               core_2   -> LUMO+39     -0.4701                                                                            
               core_2   -> LUMO+43     -0.4622                                                                            
               core_2   -> LUMO+46     -0.3814                                                                            
               core_2   -> LUMO+42     -0.2542                                                                            
               core_2   -> LUMO+45     -0.2496                                                                            
               core_2   -> LUMO+53      0.2272                                                                            
                                                                                                                          
               Excited state 43                                                                                           
               ----------------                                                                                           
               core_2   -> LUMO+42      0.4386                                                                            
               core_2   -> LUMO+40      0.4285                                                                            
               core_2   -> LUMO+43     -0.3382                                                                            
               core_2   -> LUMO+41     -0.2514                                                                            
               core_2   -> LUMO+39     -0.2443                                                                            
               core_2   -> LUMO+46      0.2248                                                                            
               core_2   -> LUMO+48     -0.2026                                                                            
                                                                                                                          
               Excited state 44                                                                                           
               ----------------                                                                                           
               core_2   -> LUMO+40      0.6046                                                                            
               core_2   -> LUMO+43      0.5349                                                                            
               core_2   -> LUMO+45     -0.3604                                                                            
               core_2   -> LUMO+36     -0.2088                                                                            
                                                                                                                          
               Excited state 45                                                                                           
               ----------------                                                                                           
               core_2   -> LUMO+41     -0.5226                                                                            
               core_2   -> LUMO+44      0.5073                                                                            
               core_2   -> LUMO+42     -0.3788                                                                            
               core_2   -> LUMO+45      0.2444                                                                            
               core_2   -> LUMO+37     -0.2019                                                                            
                                                                                                                          
               Excited state 46                                                                                           
               ----------------                                                                                           
               core_2   -> LUMO+44      0.7228                                                                            
               core_2   -> LUMO+41      0.2603                                                                            
               core_2   -> LUMO+40     -0.2281                                                                            
               core_2   -> LUMO+54     -0.2053                                                                            
                                                                                                                          
               Excited state 47                                                                                           
               ----------------                                                                                           
               core_2   -> LUMO+42     -0.5530                                                                            
               core_2   -> LUMO+54     -0.3061                                                                            
               core_2   -> LUMO+49     -0.2975                                                                            
               core_2   -> LUMO+44     -0.2462                                                                            
               core_2   -> LUMO+48     -0.2381                                                                            
               core_2   -> LUMO+45      0.2314                                                                            
               core_2   -> LUMO+47     -0.2120                                                                            
                                                                                                                          
               Excited state 48                                                                                           
               ----------------                                                                                           
               core_2   -> LUMO+46      0.5518                                                                            
               core_2   -> LUMO+45     -0.4945                                                                            
               core_2   -> LUMO+48      0.3314                                                                            
               core_2   -> LUMO+47      0.2704                                                                            
               core_2   -> LUMO+50     -0.2309                                                                            
               core_2   -> LUMO+43     -0.2010                                                                            
                                                                                                                          
               Excited state 49                                                                                           
               ----------------                                                                                           
               core_2   -> LUMO+49      0.5999                                                                            
               core_2   -> LUMO+48     -0.4103                                                                            
               core_2   -> LUMO+46      0.3483                                                                            
               core_2   -> LUMO+47      0.3230                                                                            
                                                                                                                          
               Excited state 50                                                                                           
               ----------------                                                                                           
               core_2   -> LUMO+50     -0.5820                                                                            
               core_2   -> LUMO+52     -0.4828                                                                            
               core_2   -> LUMO+46     -0.3647                                                                            
               core_2   -> LUMO+55      0.2277                                                                            
               core_2   -> LUMO+47      0.2201                                                                            
               core_2   -> LUMO+49      0.2044                                                                            
                                                                                                                          
!========================================================================================================================!
!                               VeloxChem execution completed at Mon May 11 12:27:17 2026.                               !
!========================================================================================================================!
!                                          Total execution time is 686.19 sec.                                           !
!========================================================================================================================!
!                     Rinkevicius, Z.; Li, X.; Vahtras, O.; Ahmadzadeh, K.; Brand, M.; Ringholm, M.;                     !
!                              List, N. H.; Scheurer, M.; Scott, M.; Dreuw, A.; Norman, P.                               !
!                     VeloxChem: A Python-driven Density-functional Theory Program for Spectroscopy                      !
!                                Simulations in High-performance Computing Environments.                                 !
!                                       WIREs Comput Mol Sci 2020, 10 (5), e1457.                                        !
!========================================================================================================================!
