!========================================================================================================================!
!                                                                                                                        !
!                                                       VELOXCHEM                                                        !
!                                              AN ELECTRONIC STRUCTURE CODE                                              !
!                                                                                                                        !
!                                        Copyright 2018-2025 VeloxChem developers                                        !
!========================================================================================================================!
!                     VeloxChem execution started on 192 MPI processes at Mon May 11 12:15:50 2026.                      !
!========================================================================================================================!
                                                                                                                          
* Info * Using 1 OpenMP threads per MPI process.                                                                          
                                                                                                                          
* Info * Reading input file 0275_n1s.in...                                                                                
                                                                                                                          
* Info * @jobs                                                                                                            
* Info * task: response                                                                                                   
* Info * @end                                                                                                             
                                                                                                                          
* Info * @method_settings                                                                                                 
* Info * basis: def2-tzvpd                                                                                                
* Info * xcfun: cam-b3lyp                                                                                                 
* Info * @end                                                                                                             
                                                                                                                          
* Info * @response                                                                                                        
* Info * property: absorption                                                                                             
* Info * tamm_dancoff: no                                                                                                 
* Info * nstates: 50                                                                                                      
* Info * core_excitation: yes                                                                                             
* Info * num_core_orbitals: 2                                                                                             
* Info * @end                                                                                                             
                                                                                                                          
                                              Molecular Geometry (Angstroms)                                              
                                             ================================                                             
                                                                                                                          
                          Atom         Coordinate X          Coordinate Y          Coordinate Z                           
                                                                                                                          
                           O          -1.496356561800       -1.149236789500        0.106444383600                         
                           N          -1.559079986800        1.115189175200       -0.013029844300                         
                           C          -0.273510838600       -0.743464847100       -0.042695319400                         
                           C          -0.316879312200        0.688567807400       -0.038554569400                         
                           C           0.869152062800       -1.421826573100       -0.072443215900                         
                           C           0.868093349600        1.446607009900       -0.004968082700                         
                           C           2.098433197500       -0.631880916100       -0.018194700300                         
                           C           2.076218663200        0.721329040500        0.091272408900                         
                           C          -2.250662268000       -0.036816945700       -0.015345903300                         
                           H           0.918269342500       -2.521822996800       -0.002340879200                         
                           H           0.832718646400        2.578022825500       -0.136404367900                         
                           H           2.980799015200       -1.372456581400       -0.116384134400                         
                           H           3.061908789600        1.163763819500        0.155069916000                         
                           H          -3.288951647900       -0.245180549200       -0.200075567300                         
                                                                                                                          
                          Molecular charge            : 0                                                                 
                          Spin multiplicity           : 1                                                                 
                          Number of atoms             : 14                                                                
                          Number of alpha electrons   : 31                                                                
                          Number of beta  electrons   : 31                                                                
                                                                                                                          
* Info * Reading basis set from file: /net/home/plgrid/plgiubru7/software/vlx-cpu/cpuvlxenv/lib/python3.11/site-packages/veloxchem/basis/DEF2-TZVPD
                                                                                                                          
                                              Molecular Basis (Atomic Basis)                                              
                                             ================================                                             
                                                                                                                          
                               Basis: DEF2-TZVPD                                                                          
                                                                                                                          
                               Atom Contracted GTOs           Primitive GTOs                                              
                                                                                                                          
                               O     (6S,4P,3D,1F)             (12S,7P,3D,1F)                                             
                               N     (6S,3P,3D,1F)             (12S,6P,3D,1F)                                             
                               C     (6S,3P,3D,1F)             (12S,6P,3D,1F)                                             
                               H     (3S,2P)                   (5S,2P)                                                    
                                                                                                                          
                               Contracted Basis Functions : 381                                                           
                               Primitive Basis Functions  : 526                                                           
                                                                                                                          
                                                                                                                          
                                            Self Consistent Field Driver Setup                                            
                                           ====================================                                           
                                                                                                                          
                   Wave Function Model             : Spin-Restricted Kohn-Sham                                            
                   Initial Guess Model             : Restart from Checkpoint                                              
                   Convergence Accelerator         : Direct Inversion of Iterative Subspace                               
                   Max. Number of Iterations       : 50                                                                   
                   Max. Number of Error Vectors    : 10                                                                   
                   Convergence Threshold           : 1.0e-06                                                              
                   ERI Screening Threshold         : 1.0e-12                                                              
                   Linear Dependence Threshold     : 1.0e-06                                                              
                   Exchange-Correlation Functional : CAM-B3LYP                                                            
                   Molecular Grid Level            : 4                                                                    
                                                                                                                          
* Info * Nuclear repulsion energy: 408.8809922646 a.u.                                                                    
                                                                                                                          
* Info * Using the CAM-B3LYP functional.                                                                                  
                                                                                                                          
         T. Yanai, D. P. Tew, and N. C. Handy.,  Chem. Phys. Lett. 393, 51 (2004)
                                                                                                                          
* Info * Using the Libxc library (v7.0.0).                                                                                
                                                                                                                          
         S. Lehtola, C. Steigemann, M. J.T. Oliveira, and M. A.L. Marques.,  SoftwareX 7, 1–5 (2018)
                                                                                                                          
* Info * Using the following algorithm for XC numerical integration.                                                      
                                                                                                                          
         J. Kussmann, H. Laqua and C. Ochsenfeld, J. Chem. Theory Comput. 2021, 17, 1512-1521
                                                                                                                          
* Info * Molecular grid with 208022 points generated in 0.21 sec.                                                         
                                                                                                                          
* Info * Restarting from checkpoint file: 0275_n1s_scf.h5                                                                 
                                                                                                                          
* Info * Overlap matrix computed in 0.00 sec.                                                                             
                                                                                                                          
* Info * Kinetic energy matrix computed in 0.00 sec.                                                                      
                                                                                                                          
* Info * Nuclear potential matrix computed in 0.01 sec.                                                                   
                                                                                                                          
* Info * Orthogonalization matrix computed in 0.01 sec.                                                                   
                                                                                                                          
* Info * Removed 1 linearly dependent vector.                                                                             
                                                                                                                          
* Info * ERI screening threshold tightened to 1.0e-13.                                                                    
                                                                                                                          
                                                                                                                          
               Iter. |    Kohn-Sham Energy | Energy Change | Gradient Norm | Max. Gradient | Density Change               
               --------------------------------------------------------------------------------------------               
                  1      -399.635531843171    0.0000000000      0.00000058      0.00000002      0.00000000                
                                                                                                                          
* Info * Checkpoint written to file: 0275_n1s_scf.h5                                                                      
                                                                                                                          
* Info * SCF results written to file: 0275_n1s.h5                                                                         
                                                                                                                          
               *** SCF converged in 1 iterations. Time: 2.77 sec.                                                         
                                                                                                                          
               Spin-Restricted Kohn-Sham:                                                                                 
               --------------------------                                                                                 
               Total Energy                       :     -399.6355318432 a.u.                                              
               Electronic Energy                  :     -808.5165241078 a.u.                                              
               Nuclear Repulsion Energy           :      408.8809922646 a.u.                                              
               ------------------------------------                                                                       
               Gradient Norm                      :        0.0000005782 a.u.                                              
                                                                                                                          
                                                                                                                          
               Ground State Information                                                                                   
               ------------------------                                                                                   
               Charge of Molecule            :  0.0                                                                       
               Multiplicity (2S+1)           :  1                                                                         
               Magnetic Quantum Number (M_S) :  0.0                                                                       
                                                                                                                          
                                                                                                                          
                                                 Spin Restricted Orbitals                                                 
                                                 ------------------------                                                 
                                                                                                                          
               Molecular Orbital No.  27:                                                                                 
               --------------------------                                                                                 
               Occupation: 2.000 Energy:   -0.42819 a.u.                                                                  
               (   3 C   3p-1:    -0.20) (   5 C   5s  :    -0.16) (   7 C   1p+1:    -0.16)                              
               (   8 C   5s  :     0.21) (  13 H   2s  :     0.15)                                                        
                                                                                                                          
               Molecular Orbital No.  28:                                                                                 
               --------------------------                                                                                 
               Occupation: 2.000 Energy:   -0.41056 a.u.                                                                  
               (   2 N   1p0 :     0.24) (   2 N   2p0 :     0.20) (   3 C   3p-1:     0.20)                              
               (   4 C   3p-1:     0.19) (   5 C   1p0 :    -0.15) (   6 C   3p+1:     0.16)                              
               (   8 C   3p+1:     0.18)                                                                                  
                                                                                                                          
               Molecular Orbital No.  29:                                                                                 
               --------------------------                                                                                 
               Occupation: 2.000 Energy:   -0.37282 a.u.                                                                  
               (   2 N   4s  :     0.23) (   2 N   5s  :     0.41) (   2 N   6s  :     0.31)                              
               (   2 N   1p-1:     0.32) (   2 N   2p-1:     0.23) (   2 N   3p-1:     0.16)                              
               (   3 C   1p-1:     0.16) (   3 C   3p+1:     0.23) (   4 C   5s  :     0.24)                              
               (   4 C   3p-1:    -0.26) (   5 C   5s  :    -0.18) (   5 C   3p-1:    -0.15)                              
                                                                                                                          
               Molecular Orbital No.  30:                                                                                 
               --------------------------                                                                                 
               Occupation: 2.000 Energy:   -0.31455 a.u.                                                                  
               (   3 C   1p0 :     0.21) (   3 C   2p0 :     0.19) (   3 C   3p0 :     0.15)                              
               (   5 C   1p0 :     0.19) (   5 C   2p0 :     0.16) (   8 C   5s  :    -0.22)                              
               (   8 C   1p0 :    -0.23) (   8 C   2p0 :    -0.20)                                                        
                                                                                                                          
               Molecular Orbital No.  31:                                                                                 
               --------------------------                                                                                 
               Occupation: 2.000 Energy:   -0.28581 a.u.                                                                  
               (   4 C   1p0 :    -0.18) (   4 C   2p0 :    -0.16) (   4 C   3p0 :    -0.17)                              
               (   6 C   1p0 :    -0.20) (   6 C   2p0 :    -0.17) (   7 C   1p0 :     0.21)                              
               (   7 C   2p0 :     0.18) (   9 C   1p0 :     0.19) (   9 C   2p0 :     0.17)                              
                                                                                                                          
               Molecular Orbital No.  32:                                                                                 
               --------------------------                                                                                 
               Occupation: 0.000 Energy:   -0.01525 a.u.                                                                  
               (   1 O   6s  :    -0.30) (   1 O   4p0 :     0.16) (   3 C   3p-1:     0.55)                              
               (   3 C   3d-2:     0.36) (   4 C   5s  :    -0.49) (   4 C   6s  :    -0.21)                              
               (   4 C   3p+1:    -0.22) (   4 C   3p-1:     0.45) (   4 C   3p0 :    -0.26)                              
               (   4 C   3d-2:     0.20) (   5 C   5s  :     0.90) (   5 C   1p0 :     0.16)                              
               (   5 C   2p0 :     0.15) (   5 C   3p+1:    -0.37) (   6 C   5s  :    -0.35)                              
               (   6 C   6s  :     0.19) (   6 C   1p0 :     0.20) (   6 C   2p0 :     0.19)                              
               (   6 C   3p+1:     0.23) (   6 C   3p-1:    -0.23) (   7 C   5s  :     0.38)                              
               (   7 C   1p0 :    -0.16) (   7 C   3p+1:    -0.19) (   8 C   5s  :    -0.32)                              
               (   9 C   1p0 :     0.26) (   9 C   2p0 :     0.25) (   9 C   3p+1:     0.25)                              
               (   9 C   3p0 :     0.26) (  10 H   3s  :    -0.19) (  11 H   3s  :     0.29)                              
               (  14 H   3s  :     0.32)                                                                                  
                                                                                                                          
               Molecular Orbital No.  33:                                                                                 
               --------------------------                                                                                 
               Occupation: 0.000 Energy:    0.03108 a.u.                                                                  
               (   1 O   5s  :    -0.61) (   1 O   6s  :    -5.75) (   1 O   3p+1:    -0.18)                              
               (   1 O   4p-1:    -1.31) (   1 O   4p0 :     0.17) (   2 N   5s  :    -1.44)                              
               (   2 N   6s  :    -1.06) (   2 N   3p+1:    -0.57) (   2 N   3p-1:     0.44)                              
               (   3 C   4s  :     0.19) (   3 C   5s  :    -0.19) (   3 C   6s  :    -0.39)                              
               (   3 C   3p+1:     3.22) (   3 C   3p-1:    -4.34) (   3 C   3p0 :    -0.24)                              
               (   3 C   3d+1:    -0.34) (   3 C   3d+2:     4.24) (   3 C   3d-2:     1.51)                              
               (   3 C   3d0 :     0.29) (   4 C   5s  :    11.91) (   4 C   6s  :     1.54)                              
               (   4 C   3p+1:    -3.45) (   4 C   3p-1:    -4.04) (   4 C   3d+1:     0.25)                              
               (   4 C   3d+2:    -0.53) (   4 C   3d-2:     1.39) (   4 C   3d0 :    -0.45)                              
               (   5 C   4s  :    -0.53) (   5 C   5s  :    -0.73) (   5 C   6s  :     2.36)                              
               (   5 C   3p+1:     1.61) (   5 C   3p-1:    -2.44) (   5 C   3p0 :     0.35)                              
               (   5 C   3d+1:    -0.19) (   5 C   3d+2:     0.45) (   5 C   3d-2:     2.64)                              
               (   5 C   3d0 :    -0.38) (   6 C   4s  :    -0.22) (   6 C   5s  :    -2.10)                              
               (   6 C   6s  :     0.41) (   6 C   3p+1:    -1.23) (   6 C   3p-1:     0.29)                              
               (   6 C   3p0 :    -0.35) (   6 C   3d+2:    -0.18) (   6 C   3d-2:     0.50)                              
               (   6 C   3d0 :    -0.25) (   7 C   4s  :    -0.30) (   7 C   5s  :     1.69)                              
               (   7 C   6s  :     0.91) (   7 C   3p+1:     2.00) (   7 C   3p-1:     2.39)                              
               (   7 C   3p0 :     0.26) (   7 C   3d+2:    -1.59) (   7 C   3d-2:    -0.76)                              
               (   7 C   3d0 :    -0.50) (   8 C   4s  :    -0.23) (   8 C   5s  :    -3.08)                              
               (   8 C   6s  :     0.92) (   8 C   3p-1:     3.21) (   8 C   3p0 :     0.24)                              
               (   8 C   3d+2:     1.13) (   8 C   3d-2:    -0.62) (   8 C   3d0 :    -0.16)                              
               (   9 C   5s  :    -1.02) (   9 C   6s  :     2.96) (   9 C   3p+1:    -1.55)                              
               (   9 C   3d+1:     0.19) (   9 C   3d+2:    -0.21) (   9 C   3d-2:     0.63)                              
               (  10 H   3s  :    -1.16) (  10 H   2p+1:     0.84) (  10 H   2p-1:    -0.20)                              
               (  11 H   3s  :    -1.08) (  11 H   2p-1:     0.18) (  12 H   3s  :    -2.23)                              
               (  12 H   2p+1:     0.65) (  12 H   2p-1:     0.16) (  13 H   3s  :    -1.92)                              
               (  13 H   2p+1:     0.17) (  13 H   2p-1:     0.51) (  14 H   3s  :    -1.37)                              
               (  14 H   2p+1:    -0.15) (  14 H   2p-1:     0.22)                                                        
                                                                                                                          
               Molecular Orbital No.  34:                                                                                 
               --------------------------                                                                                 
               Occupation: 0.000 Energy:    0.03850 a.u.                                                                  
               (   1 O   5s  :     0.48) (   1 O   6s  :     3.57) (   1 O   3p-1:     0.15)                              
               (   1 O   3p0 :    -0.16) (   1 O   4p+1:     0.30) (   1 O   4p-1:     0.44)                              
               (   1 O   4p0 :    -0.17) (   2 N   5s  :     0.83) (   2 N   6s  :     0.42)                              
               (   2 N   3p-1:    -0.40) (   3 C   5s  :     5.75) (   3 C   6s  :    -2.95)                              
               (   3 C   1p0 :     0.20) (   3 C   2p0 :     0.19) (   3 C   3p+1:     0.28)                              
               (   3 C   3p-1:     0.61) (   3 C   3d+1:    -0.22) (   3 C   3d-1:     0.34)                              
               (   3 C   3d-2:    -1.24) (   4 C   5s  :     1.79) (   4 C   3p+1:     2.10)                              
               (   4 C   3p-1:     1.54) (   4 C   3p0 :    -0.28) (   4 C   3d+2:     1.03)                              
               (   4 C   3d-2:    -0.27) (   4 C   3d0 :     0.20) (   5 C   5s  :    -1.12)                              
               (   5 C   6s  :     1.29) (   5 C   3p+1:     1.80) (   5 C   3p-1:     0.42)                              
               (   5 C   3p0 :     0.22) (   5 C   3d+1:    -0.25) (   5 C   3d-2:     0.96)                              
               (   6 C   5s  :    -0.48) (   6 C   3p+1:     1.24) (   6 C   3p-1:     1.58)                              
               (   6 C   3p0 :     0.16) (   6 C   3d+2:    -0.21) (   6 C   3d-1:    -0.25)                              
               (   6 C   3d-2:    -0.98) (   7 C   4s  :    -0.29) (   7 C   5s  :    -3.51)                              
               (   7 C   6s  :     0.83) (   7 C   3p+1:     1.81) (   7 C   3p-1:    -0.86)                              
               (   7 C   3d+2:    -0.19) (   7 C   3d-2:    -0.37) (   7 C   3d0 :    -0.21)                              
               (   8 C   4s  :    -0.23) (   8 C   5s  :     0.38) (   8 C   6s  :     1.13)                              
               (   8 C   1p0 :     0.18) (   8 C   2p0 :     0.18) (   8 C   3p+1:     0.63)                              
               (   8 C   3p-1:    -0.92) (   8 C   3d+1:     0.16) (   8 C   3d+2:    -0.48)                              
               (   8 C   3d-2:     0.39) (   8 C   3d0 :    -0.20) (   9 C   5s  :    -3.35)                              
               (   9 C   6s  :    -1.74) (   9 C   3p+1:    -0.67) (   9 C   3p-1:     0.18)                              
               (   9 C   3d+1:    -0.24) (   9 C   3d+2:    -0.38) (   9 C   3d-2:    -0.27)                              
               (   9 C   3d0 :     0.26) (  10 H   2p+1:     0.35) (  11 H   3s  :    -1.58)                              
               (  11 H   2p+1:     0.26) (  11 H   2p-1:     0.34) (  12 H   3s  :    -2.08)                              
               (  12 H   2p+1:     0.38) (  12 H   2p-1:    -0.24) (  13 H   3s  :    -0.79)                              
               (  13 H   2p+1:     0.23) (  14 H   3s  :     1.40)                                                        
                                                                                                                          
               Molecular Orbital No.  35:                                                                                 
               --------------------------                                                                                 
               Occupation: 0.000 Energy:    0.04536 a.u.                                                                  
               (   1 O   5s  :     0.67) (   1 O   6s  :     4.89) (   1 O   3p-1:     0.23)                              
               (   1 O   4p+1:     0.75) (   1 O   4p-1:     0.63) (   2 N   5s  :     1.15)                              
               (   2 N   6s  :     0.87) (   2 N   3p+1:     0.22) (   2 N   3p-1:    -0.53)                              
               (   3 C   5s  :     7.23) (   3 C   6s  :    -1.85) (   3 C   1p0 :    -0.17)                              
               (   3 C   2p0 :    -0.17) (   3 C   3p+1:    -0.90) (   3 C   3p-1:     0.83)                              
               (   3 C   3d+2:    -0.24) (   3 C   3d-1:     0.16) (   3 C   3d-2:    -2.02)                              
               (   4 C   5s  :     3.39) (   4 C   6s  :    -1.39) (   4 C   3p+1:     4.14)                              
               (   4 C   3p-1:     2.38) (   4 C   3p0 :     0.16) (   4 C   3d+2:     1.91)                              
               (   4 C   3d-1:     0.25) (   4 C   3d-2:    -0.33) (   4 C   3d0 :     0.18)                              
               (   5 C   5s  :    -0.80) (   5 C   3p+1:     1.43) (   5 C   3p-1:     0.55)                              
               (   5 C   3d+2:    -0.80) (   5 C   3d-2:     0.62) (   6 C   5s  :    -1.26)                              
               (   6 C   6s  :     1.05) (   6 C   3p+1:     3.03) (   6 C   3p-1:     1.82)                              
               (   6 C   3p0 :     0.28) (   6 C   3d+1:     0.26) (   6 C   3d+2:     0.19)                              
               (   6 C   3d-1:    -0.17) (   6 C   3d-2:    -2.13) (   7 C   4s  :    -0.32)                              
               (   7 C   5s  :    -3.03) (   7 C   6s  :     1.96) (   7 C   3p+1:     1.40)                              
               (   7 C   3p-1:    -1.17) (   7 C   3d+2:    -0.43) (   7 C   3d-2:    -0.27)                              
               (   7 C   3d0 :    -0.25) (   8 C   4s  :    -0.44) (   8 C   5s  :    -1.87)                              
               (   8 C   6s  :     1.30) (   8 C   3p+1:     2.39) (   8 C   3p-1:    -1.24)                              
               (   8 C   3d+2:    -0.69) (   8 C   3d-2:     0.69) (   8 C   3d0 :    -0.44)                              
               (   9 C   5s  :    -4.70) (   9 C   6s  :    -1.87) (   9 C   2p+1:    -0.16)                              
               (   9 C   3p+1:    -1.47) (   9 C   3p0 :    -0.17) (   9 C   3d+2:    -0.42)                              
               (   9 C   3d-2:    -0.17) (   9 C   3d0 :     0.31) (  10 H   3s  :    -1.35)                              
               (  10 H   2p+1:     0.31) (  10 H   2p-1:    -0.20) (  11 H   3s  :    -1.11)                              
               (  11 H   2p+1:     0.65) (  11 H   2p-1:     0.27) (  12 H   3s  :    -1.80)                              
               (  12 H   2p+1:     0.36) (  13 H   3s  :    -2.51) (  13 H   2p+1:     0.57)                              
               (  14 H   3s  :     1.12)                                                                                  
                                                                                                                          
               Molecular Orbital No.  36:                                                                                 
               --------------------------                                                                                 
               Occupation: 0.000 Energy:    0.05431 a.u.                                                                  
               (   1 O   6s  :    -0.80) (   1 O   4p-1:    -0.65) (   2 N   6s  :    -1.16)                              
               (   3 C   5s  :    -2.67) (   3 C   6s  :    -3.83) (   3 C   2p-1:    -0.16)                              
               (   3 C   3p+1:     2.97) (   3 C   3p-1:    -3.37) (   3 C   3p0 :    -0.16)                              
               (   3 C   3d+2:     2.99) (   3 C   3d-2:     0.27) (   3 C   3d0 :     0.19)                              
               (   4 C   5s  :     2.93) (   4 C   6s  :     3.25) (   4 C   2p-1:    -0.17)                              
               (   4 C   3p+1:    -4.42) (   4 C   3p-1:    -4.02) (   4 C   3p0 :    -0.24)                              
               (   4 C   3d+2:    -3.32) (   4 C   3d-2:    -0.15) (   4 C   3d0 :     0.18)                              
               (   5 C   4s  :    -0.72) (   5 C   5s  :    -3.27) (   5 C   6s  :     5.04)                              
               (   5 C   3p+1:     1.69) (   5 C   3p-1:    -2.80) (   5 C   3d+2:     0.57)                              
               (   5 C   3d-2:     1.87) (   5 C   3d0 :    -0.55) (   6 C   4s  :     0.71)                              
               (   6 C   5s  :     7.23) (   6 C   6s  :    -5.05) (   6 C   3p+1:    -2.31)                              
               (   6 C   3p-1:    -3.57) (   6 C   3d+1:    -0.19) (   6 C   3d+2:    -1.17)                              
               (   6 C   3d-2:     1.84) (   6 C   3d0 :     0.37) (   7 C   4s  :    -0.27)                              
               (   7 C   5s  :    -5.79) (   7 C   6s  :     0.31) (   7 C   3p+1:     1.98)                              
               (   7 C   3p-1:    -1.63) (   7 C   3d+2:     0.74) (   7 C   3d-2:     0.22)                              
               (   7 C   3d0 :    -0.31) (   8 C   4s  :     0.37) (   8 C   5s  :     4.86)                              
               (   8 C   6s  :    -0.99) (   8 C   3p+1:    -1.61) (   8 C   3p-1:    -1.38)                              
               (   8 C   3d+2:    -1.30) (   8 C   3d-2:     0.45) (   8 C   3d0 :     0.47)                              
               (   9 C   4s  :     0.18) (   9 C   5s  :    -1.34) (   9 C   6s  :    -0.66)                              
               (   9 C   3p+1:     0.70) (   9 C   3p-1:     1.41) (   9 C   3d+2:    -0.81)                              
               (   9 C   3d-2:     0.17) (   9 C   3d0 :     0.38) (  10 H   3s  :    -1.76)                              
               (  10 H   2p+1:     0.62) (  10 H   2p-1:    -0.33) (  11 H   3s  :     1.07)                              
               (  11 H   2p+1:    -0.56) (  11 H   2p-1:    -0.29) (  12 H   3s  :    -2.13)                              
               (  12 H   2p+1:     0.22) (  12 H   2p-1:    -0.57) (  13 H   3s  :     3.02)                              
               (  13 H   2p+1:    -0.21) (  13 H   2p-1:    -0.64) (  14 H   3s  :     2.87)                              
               (  14 H   2p+1:     0.29) (  14 H   2p-1:     0.16) (  14 H   2p0 :     0.17)                              
                                                                                                                          
                                                                                                                          
                                                Ground State Dipole Moment                                                
                                               ----------------------------                                               
                                                                                                                          
                                   X   :         0.068390 a.u.         0.173829 Debye                                     
                                   Y   :        -0.570894 a.u.        -1.451068 Debye                                     
                                   Z   :        -0.104841 a.u.        -0.266480 Debye                                     
                                 Total :         0.584456 a.u.         1.485539 Debye                                     
                                                                                                                          
                                                                                                                          
                                            Linear Response EigenSolver Setup                                             
                                           ===================================                                            
                                                                                                                          
                               Number of States                : 50                                                       
                               Max. Number of Iterations       : 150                                                      
                               Convergence Threshold           : 1.0e-04                                                  
                               ERI Screening Threshold         : 1.0e-13                                                  
                               Exchange-Correlation Functional : CAM-B3LYP                                                
                               Molecular Grid Level            : 4                                                        
                                                                                                                          
* Info * Using the CAM-B3LYP functional.                                                                                  
                                                                                                                          
         T. Yanai, D. P. Tew, and N. C. Handy.,  Chem. Phys. Lett. 393, 51 (2004)
                                                                                                                          
* Info * Using the Libxc library (v7.0.0).                                                                                
                                                                                                                          
         S. Lehtola, C. Steigemann, M. J.T. Oliveira, and M. A.L. Marques.,  SoftwareX 7, 1–5 (2018)
                                                                                                                          
* Info * Using the following algorithm for XC numerical integration.                                                      
                                                                                                                          
         J. Kussmann, H. Laqua and C. Ochsenfeld, J. Chem. Theory Comput. 2021, 17, 1512-1521
                                                                                                                          
* Info * Molecular grid with 208022 points generated in 0.20 sec.                                                         
                                                                                                                          
* Info * Processing 50 Fock builds...                                                                                     
                                                                                                                          
* Info * 50 gerade trial vectors in reduced space                                                                         
* Info * 50 ungerade trial vectors in reduced space                                                                       
                                                                                                                          
* Info * 15.06 kB of memory used for subspace procedure on the master node                                                
* Info * 759.09 GB of memory available for the solver on the master node                                                  
                                                                                                                          
               *** Iteration:   1 * Residuals (Max,Min): 1.45e-01 and 3.46e-02                                            
                                                                                                                          
               Excitation 1   :     14.21311706 Residual Norm: 0.10564503                                                 
               Excitation 2   :     14.30733235 Residual Norm: 0.08245312                                                 
               Excitation 3   :     14.32921408 Residual Norm: 0.07649482                                                 
               Excitation 4   :     14.33436829 Residual Norm: 0.09823288                                                 
               Excitation 5   :     14.36018321 Residual Norm: 0.07740215                                                 
               Excitation 6   :     14.37125330 Residual Norm: 0.08009574                                                 
               Excitation 7   :     14.37984279 Residual Norm: 0.11856956                                                 
               Excitation 8   :     14.38990082 Residual Norm: 0.03463620                                                 
               Excitation 9   :     14.39229756 Residual Norm: 0.08087920                                                 
               Excitation 10  :     14.40297429 Residual Norm: 0.06647985                                                 
               Excitation 11  :     14.42655026 Residual Norm: 0.04380663                                                 
               Excitation 12  :     14.43214365 Residual Norm: 0.07075229                                                 
               Excitation 13  :     14.44240191 Residual Norm: 0.05845728                                                 
               Excitation 14  :     14.44793832 Residual Norm: 0.05180812                                                 
               Excitation 15  :     14.45727045 Residual Norm: 0.06945777                                                 
               Excitation 16  :     14.46636663 Residual Norm: 0.06488829                                                 
               Excitation 17  :     14.47725437 Residual Norm: 0.06678837                                                 
               Excitation 18  :     14.48829373 Residual Norm: 0.06447297                                                 
               Excitation 19  :     14.49392726 Residual Norm: 0.05987313                                                 
               Excitation 20  :     14.49813978 Residual Norm: 0.06399826                                                 
               Excitation 21  :     14.50110021 Residual Norm: 0.07853381                                                 
               Excitation 22  :     14.51190608 Residual Norm: 0.09869001                                                 
               Excitation 23  :     14.51248542 Residual Norm: 0.14481778                                                 
               Excitation 24  :     14.52116649 Residual Norm: 0.12277244                                                 
               Excitation 25  :     14.53270612 Residual Norm: 0.06850432                                                 
               Excitation 26  :     14.53487027 Residual Norm: 0.05287363                                                 
               Excitation 27  :     14.53765628 Residual Norm: 0.07254666                                                 
               Excitation 28  :     14.54320359 Residual Norm: 0.08048599                                                 
               Excitation 29  :     14.56069628 Residual Norm: 0.09896342                                                 
               Excitation 30  :     14.56500203 Residual Norm: 0.06608558                                                 
               Excitation 31  :     14.56949976 Residual Norm: 0.07127855                                                 
               Excitation 32  :     14.57274018 Residual Norm: 0.04369961                                                 
               Excitation 33  :     14.57916568 Residual Norm: 0.07683970                                                 
               Excitation 34  :     14.58772770 Residual Norm: 0.06291424                                                 
               Excitation 35  :     14.59326253 Residual Norm: 0.04626513                                                 
               Excitation 36  :     14.60049248 Residual Norm: 0.06733759                                                 
               Excitation 37  :     14.60248256 Residual Norm: 0.09382083                                                 
               Excitation 38  :     14.61216244 Residual Norm: 0.05939227                                                 
               Excitation 39  :     14.61617090 Residual Norm: 0.06078195                                                 
               Excitation 40  :     14.62631052 Residual Norm: 0.07568330                                                 
               Excitation 41  :     14.62985406 Residual Norm: 0.05943687                                                 
               Excitation 42  :     14.63755637 Residual Norm: 0.06565177                                                 
               Excitation 43  :     14.64586479 Residual Norm: 0.06127613                                                 
               Excitation 44  :     14.65198082 Residual Norm: 0.07630972                                                 
               Excitation 45  :     14.65560920 Residual Norm: 0.07722252                                                 
               Excitation 46  :     14.65747367 Residual Norm: 0.05680924                                                 
               Excitation 47  :     14.66994715 Residual Norm: 0.05924289                                                 
               Excitation 48  :     14.67771510 Residual Norm: 0.05563605                                                 
               Excitation 49  :     14.68083891 Residual Norm: 0.06160520                                                 
               Excitation 50  :     14.68408284 Residual Norm: 0.04771286                                                 
                                                                                                                          
* Info * Processing 50 Fock builds...                                                                                     
                                                                                                                          
* Info * 100 gerade trial vectors in reduced space                                                                        
* Info * 100 ungerade trial vectors in reduced space                                                                      
                                                                                                                          
* Info * 21.46 kB of memory used for subspace procedure on the master node                                                
* Info * 758.13 GB of memory available for the solver on the master node                                                  
                                                                                                                          
               *** Iteration:   2 * Residuals (Max,Min): 1.20e-01 and 3.38e-03                                            
                                                                                                                          
               Excitation 1   :     14.21076923 Residual Norm: 0.01012626                                                 
               Excitation 2   :     14.30558771 Residual Norm: 0.00783859                                                 
               Excitation 3   :     14.32831535 Residual Norm: 0.00448786                                                 
               Excitation 4   :     14.33370313 Residual Norm: 0.00607894                                                 
               Excitation 5   :     14.35963356 Residual Norm: 0.00390679                                                 
               Excitation 6   :     14.37026774 Residual Norm: 0.00757083                                                 
               Excitation 7   :     14.37945618 Residual Norm: 0.00458224                                                 
               Excitation 8   :     14.38926245 Residual Norm: 0.00337799                                                 
               Excitation 9   :     14.39181014 Residual Norm: 0.00418540                                                 
               Excitation 10  :     14.40234770 Residual Norm: 0.00481385                                                 
               Excitation 11  :     14.42598412 Residual Norm: 0.00355300                                                 
               Excitation 12  :     14.43121332 Residual Norm: 0.00677604                                                 
               Excitation 13  :     14.44088369 Residual Norm: 0.00688585                                                 
               Excitation 14  :     14.44645919 Residual Norm: 0.00612278                                                 
               Excitation 15  :     14.45587314 Residual Norm: 0.00505399                                                 
               Excitation 16  :     14.46514801 Residual Norm: 0.00467797                                                 
               Excitation 17  :     14.47538291 Residual Norm: 0.00794361                                                 
               Excitation 18  :     14.48641137 Residual Norm: 0.01032979                                                 
               Excitation 19  :     14.49144119 Residual Norm: 0.00956373                                                 
               Excitation 20  :     14.49620586 Residual Norm: 0.00965181                                                 
               Excitation 21  :     14.49915643 Residual Norm: 0.00860994                                                 
               Excitation 22  :     14.50559649 Residual Norm: 0.02017042                                                 
               Excitation 23  :     14.51024784 Residual Norm: 0.00886355                                                 
               Excitation 24  :     14.51634777 Residual Norm: 0.01377145                                                 
               Excitation 25  :     14.52804337 Residual Norm: 0.01850977                                                 
               Excitation 26  :     14.53111220 Residual Norm: 0.01313669                                                 
               Excitation 27  :     14.53427658 Residual Norm: 0.00877651                                                 
               Excitation 28  :     14.54042332 Residual Norm: 0.00918344                                                 
               Excitation 29  :     14.55431527 Residual Norm: 0.01951065                                                 
               Excitation 30  :     14.56159436 Residual Norm: 0.01394858                                                 
               Excitation 31  :     14.56596013 Residual Norm: 0.01232933                                                 
               Excitation 32  :     14.57071511 Residual Norm: 0.00798071                                                 
               Excitation 33  :     14.57605185 Residual Norm: 0.01205407                                                 
               Excitation 34  :     14.58447887 Residual Norm: 0.01265559                                                 
               Excitation 35  :     14.59093471 Residual Norm: 0.00973684                                                 
               Excitation 36  :     14.59504958 Residual Norm: 0.02075052                                                 
               Excitation 37  :     14.59717536 Residual Norm: 0.01522436                                                 
               Excitation 38  :     14.60942833 Residual Norm: 0.00998984                                                 
               Excitation 39  :     14.61231492 Residual Norm: 0.02692041                                                 
               Excitation 40  :     14.62262629 Residual Norm: 0.03101607                                                 
               Excitation 41  :     14.62475609 Residual Norm: 0.01732562                                                 
               Excitation 42  :     14.62733890 Residual Norm: 0.02649962                                                 
               Excitation 43  :     14.63551945 Residual Norm: 0.06026134                                                 
               Excitation 44  :     14.64480040 Residual Norm: 0.03197408                                                 
               Excitation 45  :     14.64976685 Residual Norm: 0.03608301                                                 
               Excitation 46  :     14.65203865 Residual Norm: 0.02024273                                                 
               Excitation 47  :     14.66212800 Residual Norm: 0.03668753                                                 
               Excitation 48  :     14.66660813 Residual Norm: 0.04771144                                                 
               Excitation 49  :     14.67269916 Residual Norm: 0.10279443                                                 
               Excitation 50  :     14.67558598 Residual Norm: 0.11952610                                                 
                                                                                                                          
* Info * Processing 50 Fock builds...                                                                                     
                                                                                                                          
* Info * 150 gerade trial vectors in reduced space                                                                        
* Info * 150 ungerade trial vectors in reduced space                                                                      
                                                                                                                          
* Info * 28.02 kB of memory used for subspace procedure on the master node                                                
* Info * 757.93 GB of memory available for the solver on the master node                                                  
                                                                                                                          
               *** Iteration:   3 * Residuals (Max,Min): 1.38e-02 and 9.93e-05                                            
                                                                                                                          
               Excitation 1   :     14.21076711 Residual Norm: 0.00028353                                                 
               Excitation 2   :     14.30558596 Residual Norm: 0.00024988                                                 
               Excitation 3   :     14.32831360 Residual Norm: 0.00014375                                                 
               Excitation 4   :     14.33370008 Residual Norm: 0.00024746                                                 
               Excitation 5   :     14.35963072 Residual Norm: 0.00017518                                                 
               Excitation 6   :     14.37026361 Residual Norm: 0.00028802                                                 
               Excitation 7   :     14.37945407 Residual Norm: 0.00026532                                                 
               Excitation 8   :     14.38926166 Residual Norm: 0.00009926   converged                                     
               Excitation 9   :     14.39180852 Residual Norm: 0.00016312                                                 
               Excitation 10  :     14.40234357 Residual Norm: 0.00016076                                                 
               Excitation 11  :     14.42598171 Residual Norm: 0.00023050                                                 
               Excitation 12  :     14.43120521 Residual Norm: 0.00035242                                                 
               Excitation 13  :     14.44087645 Residual Norm: 0.00035597                                                 
               Excitation 14  :     14.44645495 Residual Norm: 0.00024186                                                 
               Excitation 15  :     14.45586557 Residual Norm: 0.00027377                                                 
               Excitation 16  :     14.46514365 Residual Norm: 0.00017450                                                 
               Excitation 17  :     14.47536681 Residual Norm: 0.00047436                                                 
               Excitation 18  :     14.48638195 Residual Norm: 0.00064260                                                 
               Excitation 19  :     14.49141659 Residual Norm: 0.00056199                                                 
               Excitation 20  :     14.49619494 Residual Norm: 0.00040260                                                 
               Excitation 21  :     14.49914377 Residual Norm: 0.00052637                                                 
               Excitation 22  :     14.50548310 Residual Norm: 0.00132315                                                 
               Excitation 23  :     14.51023017 Residual Norm: 0.00063413                                                 
               Excitation 24  :     14.51631196 Residual Norm: 0.00088177                                                 
               Excitation 25  :     14.52798317 Residual Norm: 0.00105046                                                 
               Excitation 26  :     14.53106781 Residual Norm: 0.00087163                                                 
               Excitation 27  :     14.53425602 Residual Norm: 0.00054850                                                 
               Excitation 28  :     14.54040127 Residual Norm: 0.00054849                                                 
               Excitation 29  :     14.55423533 Residual Norm: 0.00138323                                                 
               Excitation 30  :     14.56155397 Residual Norm: 0.00066365                                                 
               Excitation 31  :     14.56592136 Residual Norm: 0.00099282                                                 
               Excitation 32  :     14.57070070 Residual Norm: 0.00052116                                                 
               Excitation 33  :     14.57600479 Residual Norm: 0.00082868                                                 
               Excitation 34  :     14.58445421 Residual Norm: 0.00109179                                                 
               Excitation 35  :     14.59091373 Residual Norm: 0.00077506                                                 
               Excitation 36  :     14.59491367 Residual Norm: 0.00200186                                                 
               Excitation 37  :     14.59711851 Residual Norm: 0.00124084                                                 
               Excitation 38  :     14.60939559 Residual Norm: 0.00071330                                                 
               Excitation 39  :     14.61220612 Residual Norm: 0.00174633                                                 
               Excitation 40  :     14.62240040 Residual Norm: 0.00266832                                                 
               Excitation 41  :     14.62470224 Residual Norm: 0.00104259                                                 
               Excitation 42  :     14.62715971 Residual Norm: 0.00269108                                                 
               Excitation 43  :     14.63480696 Residual Norm: 0.00612300                                                 
               Excitation 44  :     14.64459393 Residual Norm: 0.00300794                                                 
               Excitation 45  :     14.64940302 Residual Norm: 0.00277291                                                 
               Excitation 46  :     14.65190066 Residual Norm: 0.00240589                                                 
               Excitation 47  :     14.66176119 Residual Norm: 0.00406387                                                 
               Excitation 48  :     14.66584413 Residual Norm: 0.00379912                                                 
               Excitation 49  :     14.66966819 Residual Norm: 0.01375959                                                 
               Excitation 50  :     14.67419184 Residual Norm: 0.00579946                                                 
                                                                                                                          
* Info * Processing 38 Fock builds...                                                                                     
                                                                                                                          
* Info * 188 gerade trial vectors in reduced space                                                                        
* Info * 187 ungerade trial vectors in reduced space                                                                      
                                                                                                                          
* Info * 31.85 kB of memory used for subspace procedure on the master node                                                
* Info * 760.98 GB of memory available for the solver on the master node                                                  
                                                                                                                          
               *** Iteration:   4 * Residuals (Max,Min): 7.20e-04 and 1.84e-05                                            
                                                                                                                          
               Excitation 1   :     14.21076710 Residual Norm: 0.00004737   converged                                     
               Excitation 2   :     14.30558595 Residual Norm: 0.00003141   converged                                     
               Excitation 3   :     14.32831359 Residual Norm: 0.00004040   converged                                     
               Excitation 4   :     14.33370008 Residual Norm: 0.00002933   converged                                     
               Excitation 5   :     14.35963072 Residual Norm: 0.00003892   converged                                     
               Excitation 6   :     14.37026361 Residual Norm: 0.00002362   converged                                     
               Excitation 7   :     14.37945407 Residual Norm: 0.00002634   converged                                     
               Excitation 8   :     14.38926165 Residual Norm: 0.00003281   converged                                     
               Excitation 9   :     14.39180851 Residual Norm: 0.00001921   converged                                     
               Excitation 10  :     14.40234357 Residual Norm: 0.00001843   converged                                     
               Excitation 11  :     14.42598171 Residual Norm: 0.00002451   converged                                     
               Excitation 12  :     14.43120520 Residual Norm: 0.00003839   converged                                     
               Excitation 13  :     14.44087645 Residual Norm: 0.00002908   converged                                     
               Excitation 14  :     14.44645494 Residual Norm: 0.00003706   converged                                     
               Excitation 15  :     14.45586557 Residual Norm: 0.00002269   converged                                     
               Excitation 16  :     14.46514364 Residual Norm: 0.00004214   converged                                     
               Excitation 17  :     14.47536680 Residual Norm: 0.00001950   converged                                     
               Excitation 18  :     14.48638192 Residual Norm: 0.00002401   converged                                     
               Excitation 19  :     14.49141656 Residual Norm: 0.00002692   converged                                     
               Excitation 20  :     14.49619493 Residual Norm: 0.00001923   converged                                     
               Excitation 21  :     14.49914376 Residual Norm: 0.00002180   converged                                     
               Excitation 22  :     14.50548300 Residual Norm: 0.00003894   converged                                     
               Excitation 23  :     14.51023014 Residual Norm: 0.00002327   converged                                     
               Excitation 24  :     14.51631192 Residual Norm: 0.00003398   converged                                     
               Excitation 25  :     14.52798310 Residual Norm: 0.00002868   converged                                     
               Excitation 26  :     14.53106776 Residual Norm: 0.00003406   converged                                     
               Excitation 27  :     14.53425600 Residual Norm: 0.00002240   converged                                     
               Excitation 28  :     14.54040125 Residual Norm: 0.00002587   converged                                     
               Excitation 29  :     14.55423523 Residual Norm: 0.00003854   converged                                     
               Excitation 30  :     14.56155393 Residual Norm: 0.00002480   converged                                     
               Excitation 31  :     14.56592131 Residual Norm: 0.00003549   converged                                     
               Excitation 32  :     14.57070068 Residual Norm: 0.00001923   converged                                     
               Excitation 33  :     14.57600470 Residual Norm: 0.00003393   converged                                     
               Excitation 34  :     14.58445416 Residual Norm: 0.00003568   converged                                     
               Excitation 35  :     14.59091369 Residual Norm: 0.00002516   converged                                     
               Excitation 36  :     14.59491345 Residual Norm: 0.00005218   converged                                     
               Excitation 37  :     14.59711839 Residual Norm: 0.00004662   converged                                     
               Excitation 38  :     14.60939551 Residual Norm: 0.00003592   converged                                     
               Excitation 39  :     14.61220589 Residual Norm: 0.00005745   converged                                     
               Excitation 40  :     14.62239980 Residual Norm: 0.00012410                                                 
               Excitation 41  :     14.62470209 Residual Norm: 0.00004687   converged                                     
               Excitation 42  :     14.62715928 Residual Norm: 0.00010171                                                 
               Excitation 43  :     14.63480471 Residual Norm: 0.00024544                                                 
               Excitation 44  :     14.64459319 Residual Norm: 0.00013911                                                 
               Excitation 45  :     14.64940197 Residual Norm: 0.00012798                                                 
               Excitation 46  :     14.65190011 Residual Norm: 0.00010299                                                 
               Excitation 47  :     14.66175979 Residual Norm: 0.00019073                                                 
               Excitation 48  :     14.66584209 Residual Norm: 0.00018791                                                 
               Excitation 49  :     14.66965030 Residual Norm: 0.00071959                                                 
               Excitation 50  :     14.67418796 Residual Norm: 0.00030381                                                 
                                                                                                                          
* Info * Processing 8 Fock builds...                                                                                      
                                                                                                                          
* Info * 196 gerade trial vectors in reduced space                                                                        
* Info * 195 ungerade trial vectors in reduced space                                                                      
                                                                                                                          
* Info * 33.68 kB of memory used for subspace procedure on the master node                                                
* Info * 762.91 GB of memory available for the solver on the master node                                                  
                                                                                                                          
               *** Iteration:   5 * Residuals (Max,Min): 4.43e-05 and 7.80e-06                                            
                                                                                                                          
               Excitation 1   :     14.21076710 Residual Norm: 0.00004433   converged                                     
               Excitation 2   :     14.30558595 Residual Norm: 0.00002798   converged                                     
               Excitation 3   :     14.32831359 Residual Norm: 0.00003820   converged                                     
               Excitation 4   :     14.33370008 Residual Norm: 0.00002851   converged                                     
               Excitation 5   :     14.35963072 Residual Norm: 0.00003669   converged                                     
               Excitation 6   :     14.37026361 Residual Norm: 0.00002199   converged                                     
               Excitation 7   :     14.37945407 Residual Norm: 0.00002525   converged                                     
               Excitation 8   :     14.38926165 Residual Norm: 0.00003159   converged                                     
               Excitation 9   :     14.39180851 Residual Norm: 0.00001755   converged                                     
               Excitation 10  :     14.40234357 Residual Norm: 0.00001589   converged                                     
               Excitation 11  :     14.42598171 Residual Norm: 0.00002416   converged                                     
               Excitation 12  :     14.43120520 Residual Norm: 0.00003499   converged                                     
               Excitation 13  :     14.44087645 Residual Norm: 0.00002797   converged                                     
               Excitation 14  :     14.44645494 Residual Norm: 0.00003474   converged                                     
               Excitation 15  :     14.45586557 Residual Norm: 0.00002209   converged                                     
               Excitation 16  :     14.46514364 Residual Norm: 0.00004111   converged                                     
               Excitation 17  :     14.47536680 Residual Norm: 0.00001743   converged                                     
               Excitation 18  :     14.48638192 Residual Norm: 0.00002038   converged                                     
               Excitation 19  :     14.49141656 Residual Norm: 0.00002217   converged                                     
               Excitation 20  :     14.49619493 Residual Norm: 0.00001758   converged                                     
               Excitation 21  :     14.49914376 Residual Norm: 0.00001670   converged                                     
               Excitation 22  :     14.50548300 Residual Norm: 0.00001934   converged                                     
               Excitation 23  :     14.51023014 Residual Norm: 0.00001822   converged                                     
               Excitation 24  :     14.51631192 Residual Norm: 0.00002095   converged                                     
               Excitation 25  :     14.52798310 Residual Norm: 0.00002077   converged                                     
               Excitation 26  :     14.53106776 Residual Norm: 0.00001979   converged                                     
               Excitation 27  :     14.53425600 Residual Norm: 0.00001997   converged                                     
               Excitation 28  :     14.54040125 Residual Norm: 0.00002048   converged                                     
               Excitation 29  :     14.55423523 Residual Norm: 0.00002702   converged                                     
               Excitation 30  :     14.56155393 Residual Norm: 0.00001975   converged                                     
               Excitation 31  :     14.56592131 Residual Norm: 0.00002110   converged                                     
               Excitation 32  :     14.57070068 Residual Norm: 0.00001691   converged                                     
               Excitation 33  :     14.57600470 Residual Norm: 0.00002664   converged                                     
               Excitation 34  :     14.58445416 Residual Norm: 0.00001640   converged                                     
               Excitation 35  :     14.59091369 Residual Norm: 0.00001710   converged                                     
               Excitation 36  :     14.59491345 Residual Norm: 0.00002669   converged                                     
               Excitation 37  :     14.59711839 Residual Norm: 0.00003452   converged                                     
               Excitation 38  :     14.60939551 Residual Norm: 0.00002390   converged                                     
               Excitation 39  :     14.61220589 Residual Norm: 0.00003113   converged                                     
               Excitation 40  :     14.62239980 Residual Norm: 0.00000780   converged                                     
               Excitation 41  :     14.62470209 Residual Norm: 0.00002071   converged                                     
               Excitation 42  :     14.62715928 Residual Norm: 0.00001284   converged                                     
               Excitation 43  :     14.63480471 Residual Norm: 0.00001042   converged                                     
               Excitation 44  :     14.64459319 Residual Norm: 0.00002295   converged                                     
               Excitation 45  :     14.64940196 Residual Norm: 0.00001203   converged                                     
               Excitation 46  :     14.65190011 Residual Norm: 0.00001364   converged                                     
               Excitation 47  :     14.66175979 Residual Norm: 0.00000849   converged                                     
               Excitation 48  :     14.66584209 Residual Norm: 0.00001032   converged                                     
               Excitation 49  :     14.66965027 Residual Norm: 0.00002363   converged                                     
               Excitation 50  :     14.67418795 Residual Norm: 0.00001162   converged                                     
                                                                                                                          
* Info * Checkpoint written to file: 0275_n1s_rsp.h5                                                                      
                                                                                                                          
* Info * Time spent in writing checkpoint file: 1.16 sec                                                                  
                                                                                                                          
               *** Linear response converged in 5 iterations. Time: 457.14 sec                                            
                                                                                                                          
                                                                                                                          
* Info * Response solution vectors written to file: 0275_n1s.h5                                                           
                                                                                                                          
               Electric Transition Dipole Moments (dipole length, a.u.)                                                   
               --------------------------------------------------------                                                   
                                                X            Y            Z                                               
               Excited State    S1:     -0.000531     0.001997     0.056913                                               
               Excited State    S2:      0.000982    -0.000451    -0.037358                                               
               Excited State    S3:     -0.000621     0.000770    -0.012430                                               
               Excited State    S4:      0.002092    -0.005985     0.000459                                               
               Excited State    S5:     -0.005533    -0.005997     0.002002                                               
               Excited State    S6:     -0.009328     0.013819    -0.001833                                               
               Excited State    S7:     -0.001321     0.002206     0.001201                                               
               Excited State    S8:     -0.001626     0.000179     0.007264                                               
               Excited State    S9:     -0.007857     0.001131    -0.001703                                               
               Excited State   S10:     -0.007879     0.002814    -0.000307                                               
               Excited State   S11:      0.006844     0.006288     0.000916                                               
               Excited State   S12:      0.011395     0.006422     0.000942                                               
               Excited State   S13:      0.008309     0.011072    -0.002478                                               
               Excited State   S14:      0.002501     0.004729     0.013607                                               
               Excited State   S15:      0.001017     0.002157     0.004037                                               
               Excited State   S16:      0.000268    -0.001742    -0.005512                                               
               Excited State   S17:     -0.008697    -0.005050     0.003604                                               
               Excited State   S18:      0.013108     0.002795     0.002598                                               
               Excited State   S19:     -0.013574     0.003613    -0.001305                                               
               Excited State   S20:      0.002088     0.007305    -0.018964                                               
               Excited State   S21:      0.009070     0.011002    -0.003461                                               
               Excited State   S22:     -0.013924    -0.015999    -0.000856                                               
               Excited State   S23:      0.010880    -0.001595    -0.001583                                               
               Excited State   S24:      0.000775    -0.014962    -0.018374                                               
               Excited State   S25:     -0.026772    -0.001396     0.001172                                               
               Excited State   S26:      0.003817     0.002332    -0.000039                                               
               Excited State   S27:     -0.005078    -0.004530     0.000239                                               
               Excited State   S28:     -0.001773    -0.011114     0.011197                                               
               Excited State   S29:     -0.014881    -0.012872     0.007627                                               
               Excited State   S30:      0.009850    -0.001206    -0.002350                                               
               Excited State   S31:      0.013178     0.008017     0.000324                                               
               Excited State   S32:     -0.001658     0.003789    -0.003341                                               
               Excited State   S33:      0.007358    -0.001487     0.002079                                               
               Excited State   S34:     -0.008825    -0.011063     0.000844                                               
               Excited State   S35:      0.005828     0.002937     0.006598                                               
               Excited State   S36:      0.018449     0.012473     0.006802                                               
               Excited State   S37:      0.002234     0.010985     0.003119                                               
               Excited State   S38:      0.002484     0.001538    -0.003844                                               
               Excited State   S39:      0.002508     0.010721    -0.001344                                               
               Excited State   S40:      0.001075     0.005135    -0.000447                                               
               Excited State   S41:     -0.001235    -0.000030     0.003726                                               
               Excited State   S42:     -0.004821    -0.012932     0.003394                                               
               Excited State   S43:      0.001217     0.015018    -0.001565                                               
               Excited State   S44:     -0.000484     0.002284    -0.001073                                               
               Excited State   S45:      0.017380    -0.010441     0.002135                                               
               Excited State   S46:      0.012129    -0.000857    -0.000908                                               
               Excited State   S47:     -0.006466     0.013037    -0.001551                                               
               Excited State   S48:     -0.017576     0.005325     0.001559                                               
               Excited State   S49:      0.003821     0.005013     0.000896                                               
               Excited State   S50:      0.012477     0.001174     0.004933                                               
                                                                                                                          
               Electric Transition Dipole Moments (dipole velocity, a.u.)                                                 
               ----------------------------------------------------------                                                 
                                                X            Y            Z                                               
               Excited State    S1:     -0.000536     0.001983     0.056240                                               
               Excited State    S2:      0.000970    -0.000448    -0.036945                                               
               Excited State    S3:     -0.000592     0.000742    -0.012263                                               
               Excited State    S4:      0.002136    -0.006009     0.000496                                               
               Excited State    S5:     -0.005450    -0.006015     0.002008                                               
               Excited State    S6:     -0.009372     0.013833    -0.001814                                               
               Excited State    S7:     -0.001307     0.002241     0.001268                                               
               Excited State    S8:     -0.001649     0.000146     0.007201                                               
               Excited State    S9:     -0.007803     0.001119    -0.001691                                               
               Excited State   S10:     -0.007921     0.002881    -0.000378                                               
               Excited State   S11:      0.006762     0.006258     0.000960                                               
               Excited State   S12:      0.011469     0.006466     0.000987                                               
               Excited State   S13:      0.008269     0.011142    -0.002315                                               
               Excited State   S14:      0.002494     0.004755     0.013554                                               
               Excited State   S15:      0.001208     0.002177     0.003897                                               
               Excited State   S16:      0.000219    -0.001701    -0.005472                                               
               Excited State   S17:     -0.008664    -0.005047     0.003525                                               
               Excited State   S18:      0.012994     0.002795     0.002539                                               
               Excited State   S19:     -0.013358     0.003519    -0.001286                                               
               Excited State   S20:      0.002083     0.007284    -0.018900                                               
               Excited State   S21:      0.009242     0.010868    -0.003462                                               
               Excited State   S22:     -0.013779    -0.015933    -0.000658                                               
               Excited State   S23:      0.010851    -0.001631    -0.001536                                               
               Excited State   S24:      0.000752    -0.014945    -0.018119                                               
               Excited State   S25:     -0.026613    -0.001486     0.001213                                               
               Excited State   S26:      0.004038     0.002171     0.000057                                               
               Excited State   S27:     -0.004897    -0.004417     0.000197                                               
               Excited State   S28:     -0.001836    -0.010825     0.011014                                               
               Excited State   S29:     -0.014606    -0.012835     0.007573                                               
               Excited State   S30:      0.009825    -0.000946    -0.002341                                               
               Excited State   S31:      0.013090     0.007782     0.000337                                               
               Excited State   S32:     -0.001575     0.003814    -0.003377                                               
               Excited State   S33:      0.007378    -0.001621     0.002044                                               
               Excited State   S34:     -0.008620    -0.010788     0.000950                                               
               Excited State   S35:      0.005675     0.002773     0.006284                                               
               Excited State   S36:      0.018224     0.012335     0.006706                                               
               Excited State   S37:      0.001998     0.010851     0.003143                                               
               Excited State   S38:      0.002224     0.001280    -0.003839                                               
               Excited State   S39:      0.002673     0.010582    -0.001266                                               
               Excited State   S40:      0.001059     0.005053    -0.000559                                               
               Excited State   S41:     -0.001280    -0.000031     0.003493                                               
               Excited State   S42:     -0.004605    -0.013025     0.003316                                               
               Excited State   S43:      0.000899     0.014933    -0.001468                                               
               Excited State   S44:     -0.000577     0.002136    -0.001120                                               
               Excited State   S45:      0.017388    -0.010416     0.001965                                               
               Excited State   S46:      0.011707    -0.000955    -0.000793                                               
               Excited State   S47:     -0.006481     0.012826    -0.001559                                               
               Excited State   S48:     -0.017350     0.005369     0.001538                                               
               Excited State   S49:      0.004030     0.004876     0.001046                                               
               Excited State   S50:      0.012312     0.001038     0.004917                                               
                                                                                                                          
               Magnetic Transition Dipole Moments (a.u.)                                                                  
               -----------------------------------------                                                                  
                                                X            Y            Z                                               
               Excited State    S1:      0.842200     1.177281    -0.033486                                               
               Excited State    S2:     -0.556782    -0.778654    -0.005176                                               
               Excited State    S3:     -0.184944    -0.258712    -0.006724                                               
               Excited State    S4:      0.006420     0.010095     0.094623                                               
               Excited State    S5:      0.029316     0.043452     0.209670                                               
               Excited State    S6:     -0.025026    -0.036749    -0.150919                                               
               Excited State    S7:      0.019612     0.027109    -0.027674                                               
               Excited State    S8:      0.109163     0.152899     0.021897                                               
               Excited State    S9:     -0.025441    -0.034466     0.094548                                               
               Excited State   S10:     -0.005227    -0.006607     0.059060                                               
               Excited State   S11:      0.015684     0.019196    -0.235741                                               
               Excited State   S12:      0.016153     0.018958    -0.311779                                               
               Excited State   S13:     -0.033240    -0.050719    -0.362779                                               
               Excited State   S14:      0.207096     0.287964    -0.139121                                               
               Excited State   S15:      0.059733     0.082766    -0.064751                                               
               Excited State   S16:     -0.083657    -0.116583     0.032912                                               
               Excited State   S17:      0.052863     0.076688     0.239673                                               
               Excited State   S18:      0.039239     0.051841    -0.257929                                               
               Excited State   S19:     -0.018986    -0.025022     0.128820                                               
               Excited State   S20:     -0.287295    -0.403945    -0.187312                                               
               Excited State   S21:     -0.050919    -0.075561    -0.373210                                               
               Excited State   S22:     -0.012890    -0.011688     0.550948                                               
               Excited State   S23:     -0.023766    -0.034754    -0.131005                                               
               Excited State   S24:     -0.279785    -0.387522     0.308028                                               
               Excited State   S25:      0.018290     0.030722     0.439008                                               
               Excited State   S26:      0.001221     0.000480    -0.108273                                               
               Excited State   S27:      0.002245     0.005085     0.169492                                               
               Excited State   S28:      0.166747     0.236285     0.259954                                               
               Excited State   S29:      0.113785     0.165017     0.499082                                               
               Excited State   S30:     -0.036101    -0.051966    -0.130438                                               
               Excited State   S31:      0.006532     0.004904    -0.367822                                               
               Excited State   S32:     -0.051110    -0.072164    -0.057709                                               
               Excited State   S33:      0.031192     0.042632    -0.078449                                               
               Excited State   S34:      0.012652     0.022025     0.364248                                               
               Excited State   S35:      0.097176     0.133977    -0.146869                                               
               Excited State   S36:      0.105315     0.140897    -0.545307                                               
               Excited State   S37:      0.050251     0.067286    -0.264078                                               
               Excited State   S38:     -0.058845    -0.083077    -0.061769                                               
               Excited State   S39:     -0.017610    -0.027738    -0.268964                                               
               Excited State   S40:     -0.007717    -0.012229    -0.125186                                               
               Excited State   S41:      0.053841     0.075438     0.020426                                               
               Excited State   S42:      0.048737     0.072277     0.351605                                               
               Excited State   S43:     -0.019926    -0.031826    -0.335707                                               
               Excited State   S44:     -0.016873    -0.024125    -0.037158                                               
               Excited State   S45:      0.028434     0.039271    -0.043560                                               
               Excited State   S46:     -0.012396    -0.019219    -0.160131                                               
               Excited State   S47:     -0.021765    -0.032492    -0.176850                                               
               Excited State   S48:      0.024694     0.036366     0.152006                                               
               Excited State   S49:      0.016989     0.021868    -0.167533                                               
               Excited State   S50:      0.076233     0.104013    -0.212672                                               
                                                                                                                          
               One-Photon Absorption                                                                                      
               ---------------------                                                                                      
               Excited State    S1:     14.21076710 a.u.    386.69467 eV    Osc.Str.    0.0307                            
               Excited State    S2:     14.30558595 a.u.    389.27482 eV    Osc.Str.    0.0133                            
               Excited State    S3:     14.32831359 a.u.    389.89328 eV    Osc.Str.    0.0015                            
               Excited State    S4:     14.33370008 a.u.    390.03985 eV    Osc.Str.    0.0004                            
               Excited State    S5:     14.35963072 a.u.    390.74546 eV    Osc.Str.    0.0007                            
               Excited State    S6:     14.37026361 a.u.    391.03479 eV    Osc.Str.    0.0027                            
               Excited State    S7:     14.37945407 a.u.    391.28488 eV    Osc.Str.    0.0001                            
               Excited State    S8:     14.38926165 a.u.    391.55176 eV    Osc.Str.    0.0005                            
               Excited State    S9:     14.39180851 a.u.    391.62106 eV    Osc.Str.    0.0006                            
               Excited State   S10:     14.40234357 a.u.    391.90773 eV    Osc.Str.    0.0007                            
               Excited State   S11:     14.42598171 a.u.    392.55096 eV    Osc.Str.    0.0008                            
               Excited State   S12:     14.43120520 a.u.    392.69310 eV    Osc.Str.    0.0017                            
               Excited State   S13:     14.44087645 a.u.    392.95627 eV    Osc.Str.    0.0019                            
               Excited State   S14:     14.44645494 a.u.    393.10807 eV    Osc.Str.    0.0021                            
               Excited State   S15:     14.45586557 a.u.    393.36414 eV    Osc.Str.    0.0002                            
               Excited State   S16:     14.46514364 a.u.    393.61661 eV    Osc.Str.    0.0003                            
               Excited State   S17:     14.47536680 a.u.    393.89480 eV    Osc.Str.    0.0011                            
               Excited State   S18:     14.48638192 a.u.    394.19453 eV    Osc.Str.    0.0018                            
               Excited State   S19:     14.49141656 a.u.    394.33153 eV    Osc.Str.    0.0019                            
               Excited State   S20:     14.49619493 a.u.    394.46156 eV    Osc.Str.    0.0040                            
               Excited State   S21:     14.49914376 a.u.    394.54180 eV    Osc.Str.    0.0021                            
               Excited State   S22:     14.50548300 a.u.    394.71430 eV    Osc.Str.    0.0044                            
               Excited State   S23:     14.51023014 a.u.    394.84348 eV    Osc.Str.    0.0012                            
               Excited State   S24:     14.51631192 a.u.    395.00897 eV    Osc.Str.    0.0054                            
               Excited State   S25:     14.52798310 a.u.    395.32656 eV    Osc.Str.    0.0070                            
               Excited State   S26:     14.53106776 a.u.    395.41050 eV    Osc.Str.    0.0002                            
               Excited State   S27:     14.53425600 a.u.    395.49725 eV    Osc.Str.    0.0004                            
               Excited State   S28:     14.54040125 a.u.    395.66447 eV    Osc.Str.    0.0024                            
               Excited State   S29:     14.55423523 a.u.    396.04092 eV    Osc.Str.    0.0043                            
               Excited State   S30:     14.56155393 a.u.    396.24007 eV    Osc.Str.    0.0010                            
               Excited State   S31:     14.56592131 a.u.    396.35891 eV    Osc.Str.    0.0023                            
               Excited State   S32:     14.57070068 a.u.    396.48896 eV    Osc.Str.    0.0003                            
               Excited State   S33:     14.57600470 a.u.    396.63329 eV    Osc.Str.    0.0006                            
               Excited State   S34:     14.58445416 a.u.    396.86322 eV    Osc.Str.    0.0020                            
               Excited State   S35:     14.59091369 a.u.    397.03899 eV    Osc.Str.    0.0008                            
               Excited State   S36:     14.59491345 a.u.    397.14783 eV    Osc.Str.    0.0053                            
               Excited State   S37:     14.59711839 a.u.    397.20783 eV    Osc.Str.    0.0013                            
               Excited State   S38:     14.60939551 a.u.    397.54190 eV    Osc.Str.    0.0002                            
               Excited State   S39:     14.61220589 a.u.    397.61838 eV    Osc.Str.    0.0012                            
               Excited State   S40:     14.62239980 a.u.    397.89577 eV    Osc.Str.    0.0003                            
               Excited State   S41:     14.62470209 a.u.    397.95842 eV    Osc.Str.    0.0002                            
               Excited State   S42:     14.62715928 a.u.    398.02528 eV    Osc.Str.    0.0020                            
               Excited State   S43:     14.63480471 a.u.    398.23332 eV    Osc.Str.    0.0022                            
               Excited State   S44:     14.64459319 a.u.    398.49968 eV    Osc.Str.    0.0001                            
               Excited State   S45:     14.64940196 a.u.    398.63054 eV    Osc.Str.    0.0041                            
               Excited State   S46:     14.65190011 a.u.    398.69851 eV    Osc.Str.    0.0015                            
               Excited State   S47:     14.66175979 a.u.    398.96681 eV    Osc.Str.    0.0021                            
               Excited State   S48:     14.66584209 a.u.    399.07789 eV    Osc.Str.    0.0033                            
               Excited State   S49:     14.66965027 a.u.    399.18152 eV    Osc.Str.    0.0004                            
               Excited State   S50:     14.67418795 a.u.    399.30500 eV    Osc.Str.    0.0018                            
                                                                                                                          
               Electronic Circular Dichroism                                                                              
               -----------------------------                                                                              
               Excited State    S1:     Rot.Str.      0.000000 a.u.     0.0001 [10**(-40) cgs]                            
               Excited State    S2:     Rot.Str.      0.000000 a.u.     0.0001 [10**(-40) cgs]                            
               Excited State    S3:     Rot.Str.      0.000000 a.u.     0.0000 [10**(-40) cgs]                            
               Excited State    S4:     Rot.Str.     -0.000000 a.u.    -0.0000 [10**(-40) cgs]                            
               Excited State    S5:     Rot.Str.     -0.000000 a.u.    -0.0000 [10**(-40) cgs]                            
               Excited State    S6:     Rot.Str.     -0.000000 a.u.    -0.0000 [10**(-40) cgs]                            
               Excited State    S7:     Rot.Str.      0.000000 a.u.     0.0000 [10**(-40) cgs]                            
               Excited State    S8:     Rot.Str.     -0.000000 a.u.    -0.0000 [10**(-40) cgs]                            
               Excited State    S9:     Rot.Str.      0.000000 a.u.     0.0000 [10**(-40) cgs]                            
               Excited State   S10:     Rot.Str.      0.000000 a.u.     0.0000 [10**(-40) cgs]                            
               Excited State   S11:     Rot.Str.     -0.000000 a.u.    -0.0000 [10**(-40) cgs]                            
               Excited State   S12:     Rot.Str.      0.000000 a.u.     0.0000 [10**(-40) cgs]                            
               Excited State   S13:     Rot.Str.     -0.000000 a.u.    -0.0001 [10**(-40) cgs]                            
               Excited State   S14:     Rot.Str.     -0.000000 a.u.    -0.0000 [10**(-40) cgs]                            
               Excited State   S15:     Rot.Str.     -0.000000 a.u.    -0.0000 [10**(-40) cgs]                            
               Excited State   S16:     Rot.Str.     -0.000000 a.u.    -0.0001 [10**(-40) cgs]                            
               Excited State   S17:     Rot.Str.     -0.000000 a.u.    -0.0000 [10**(-40) cgs]                            
               Excited State   S18:     Rot.Str.     -0.000000 a.u.    -0.0000 [10**(-40) cgs]                            
               Excited State   S19:     Rot.Str.     -0.000000 a.u.    -0.0000 [10**(-40) cgs]                            
               Excited State   S20:     Rot.Str.     -0.000000 a.u.    -0.0002 [10**(-40) cgs]                            
               Excited State   S21:     Rot.Str.      0.000000 a.u.     0.0001 [10**(-40) cgs]                            
               Excited State   S22:     Rot.Str.      0.000001 a.u.     0.0006 [10**(-40) cgs]                            
               Excited State   S23:     Rot.Str.      0.000000 a.u.     0.0000 [10**(-40) cgs]                            
               Excited State   S24:     Rot.Str.      0.000000 a.u.     0.0002 [10**(-40) cgs]                            
               Excited State   S25:     Rot.Str.     -0.000000 a.u.    -0.0000 [10**(-40) cgs]                            
               Excited State   S26:     Rot.Str.     -0.000000 a.u.    -0.0001 [10**(-40) cgs]                            
               Excited State   S27:     Rot.Str.     -0.000000 a.u.    -0.0001 [10**(-40) cgs]                            
               Excited State   S28:     Rot.Str.     -0.000001 a.u.    -0.0003 [10**(-40) cgs]                            
               Excited State   S29:     Rot.Str.     -0.000001 a.u.    -0.0003 [10**(-40) cgs]                            
               Excited State   S30:     Rot.Str.     -0.000000 a.u.    -0.0001 [10**(-40) cgs]                            
               Excited State   S31:     Rot.Str.     -0.000000 a.u.    -0.0002 [10**(-40) cgs]                            
               Excited State   S32:     Rot.Str.      0.000000 a.u.     0.0001 [10**(-40) cgs]                            
               Excited State   S33:     Rot.Str.      0.000001 a.u.     0.0003 [10**(-40) cgs]                            
               Excited State   S34:     Rot.Str.     -0.000001 a.u.    -0.0003 [10**(-40) cgs]                            
               Excited State   S35:     Rot.Str.      0.000000 a.u.     0.0001 [10**(-40) cgs]                            
               Excited State   S36:     Rot.Str.      0.000000 a.u.     0.0001 [10**(-40) cgs]                            
               Excited State   S37:     Rot.Str.      0.000001 a.u.     0.0003 [10**(-40) cgs]                            
               Excited State   S38:     Rot.Str.     -0.000000 a.u.    -0.0000 [10**(-40) cgs]                            
               Excited State   S39:     Rot.Str.     -0.000000 a.u.    -0.0001 [10**(-40) cgs]                            
               Excited State   S40:     Rot.Str.      0.000000 a.u.     0.0000 [10**(-40) cgs]                            
               Excited State   S41:     Rot.Str.      0.000000 a.u.     0.0001 [10**(-40) cgs]                            
               Excited State   S42:     Rot.Str.      0.000000 a.u.     0.0000 [10**(-40) cgs]                            
               Excited State   S43:     Rot.Str.     -0.000000 a.u.    -0.0002 [10**(-40) cgs]                            
               Excited State   S44:     Rot.Str.     -0.000000 a.u.    -0.0001 [10**(-40) cgs]                            
               Excited State   S45:     Rot.Str.     -0.000000 a.u.    -0.0001 [10**(-40) cgs]                            
               Excited State   S46:     Rot.Str.      0.000000 a.u.     0.0001 [10**(-40) cgs]                            
               Excited State   S47:     Rot.Str.     -0.000000 a.u.    -0.0000 [10**(-40) cgs]                            
               Excited State   S48:     Rot.Str.      0.000001 a.u.     0.0003 [10**(-40) cgs]                            
               Excited State   S49:     Rot.Str.     -0.000000 a.u.    -0.0000 [10**(-40) cgs]                            
               Excited State   S50:     Rot.Str.      0.000001 a.u.     0.0004 [10**(-40) cgs]                            
                                                                                                                          
               Character of excitations:                                                                                  
                                                                                                                          
               Excited state 1                                                                                            
               ---------------                                                                                            
               core_2   -> LUMO        -0.8725                                                                            
               core_2   -> LUMO+5       0.3484                                                                            
               core_2   -> LUMO+6       0.2405                                                                            
                                                                                                                          
               Excited state 2                                                                                            
               ---------------                                                                                            
               core_2   -> LUMO+5      -0.6697                                                                            
               core_2   -> LUMO        -0.4680                                                                            
               core_2   -> LUMO+6      -0.4458                                                                            
                                                                                                                          
               Excited state 3                                                                                            
               ---------------                                                                                            
               core_2   -> LUMO+2      -0.8308                                                                            
               core_2   -> LUMO+3       0.3880                                                                            
               core_2   -> LUMO+5      -0.2019                                                                            
                                                                                                                          
               Excited state 4                                                                                            
               ---------------                                                                                            
               core_2   -> LUMO+1       0.7244                                                                            
               core_2   -> LUMO+3      -0.4618                                                                            
               core_2   -> LUMO+4      -0.3406                                                                            
               core_2   -> LUMO+7       0.2946                                                                            
                                                                                                                          
               Excited state 5                                                                                            
               ---------------                                                                                            
               core_2   -> LUMO+6       0.5855                                                                            
               core_2   -> LUMO+3      -0.5069                                                                            
               core_2   -> LUMO+5      -0.3941                                                                            
               core_2   -> LUMO+2      -0.3161                                                                            
                                                                                                                          
               Excited state 6                                                                                            
               ---------------                                                                                            
               core_2   -> LUMO+4       0.5403                                                                            
               core_2   -> LUMO+8      -0.4472                                                                            
               core_2   -> LUMO+7      -0.3952                                                                            
               core_2   -> LUMO+3      -0.2621                                                                            
               core_2   -> LUMO+6      -0.2579                                                                            
                                                                                                                          
               Excited state 7                                                                                            
               ---------------                                                                                            
               core_2   -> LUMO+1      -0.5635                                                                            
               core_2   -> LUMO+7       0.4286                                                                            
               core_2   -> LUMO+8      -0.3768                                                                            
               core_2   -> LUMO+3      -0.3760                                                                            
               core_2   -> LUMO+2      -0.2262                                                                            
               core_2   -> LUMO+5       0.2122                                                                            
                                                                                                                          
               Excited state 8                                                                                            
               ---------------                                                                                            
               core_2   -> LUMO+9      -0.9162                                                                            
                                                                                                                          
               Excited state 9                                                                                            
               ---------------                                                                                            
               core_2   -> LUMO+4      -0.5460                                                                            
               core_2   -> LUMO+7      -0.4459                                                                            
               core_2   -> LUMO+10      0.3887                                                                            
               core_2   -> LUMO+3      -0.2590                                                                            
               core_2   -> LUMO+6      -0.2442                                                                            
               core_2   -> LUMO+1      -0.2148                                                                            
               core_2   -> LUMO+8       0.2128                                                                            
               core_2   -> LUMO+2      -0.2126                                                                            
                                                                                                                          
               Excited state 10                                                                                           
               ----------------                                                                                           
               core_2   -> LUMO+8      -0.5991                                                                            
               core_2   -> LUMO+4      -0.4745                                                                            
               core_2   -> LUMO+11     -0.3442                                                                            
               core_2   -> LUMO+6       0.2599                                                                            
               core_2   -> LUMO+3       0.2182                                                                            
                                                                                                                          
               Excited state 11                                                                                           
               ----------------                                                                                           
               core_2   -> LUMO+10     -0.7118                                                                            
               core_2   -> LUMO+7      -0.3359                                                                            
               core_2   -> LUMO+6      -0.2809                                                                            
               core_2   -> LUMO+13      0.2755                                                                            
               core_2   -> LUMO+16     -0.2553                                                                            
               core_2   -> LUMO+8       0.2268                                                                            
                                                                                                                          
               Excited state 12                                                                                           
               ----------------                                                                                           
               core_2   -> LUMO+11      0.7814                                                                            
               core_2   -> LUMO+12      0.2766                                                                            
               core_2   -> LUMO+7      -0.2704                                                                            
               core_2   -> LUMO+6       0.2098                                                                            
                                                                                                                          
               Excited state 13                                                                                           
               ----------------                                                                                           
               core_2   -> LUMO+12      0.8149                                                                            
               core_2   -> LUMO+8       0.2279                                                                            
               core_2   -> LUMO+7       0.2236                                                                            
               core_2   -> LUMO+18     -0.2223                                                                            
                                                                                                                          
               Excited state 14                                                                                           
               ----------------                                                                                           
               core_2   -> LUMO+15     -0.6830                                                                            
               core_2   -> LUMO+13      0.4141                                                                            
               core_2   -> LUMO+17     -0.2548                                                                            
               core_2   -> LUMO+14     -0.2484                                                                            
               core_2   -> LUMO+9       0.2192                                                                            
                                                                                                                          
               Excited state 15                                                                                           
               ----------------                                                                                           
               core_2   -> LUMO+13      0.5320                                                                            
               core_2   -> LUMO+14      0.4560                                                                            
               core_2   -> LUMO+10      0.4083                                                                            
               core_2   -> LUMO+15      0.2754                                                                            
               core_2   -> LUMO+17     -0.2612                                                                            
                                                                                                                          
               Excited state 16                                                                                           
               ----------------                                                                                           
               core_2   -> LUMO+13      0.5446                                                                            
               core_2   -> LUMO+16      0.4519                                                                            
               core_2   -> LUMO+14     -0.3981                                                                            
               core_2   -> LUMO+15      0.3605                                                                            
               core_2   -> LUMO+18      0.2652                                                                            
                                                                                                                          
               Excited state 17                                                                                           
               ----------------                                                                                           
               core_2   -> LUMO+16      0.4570                                                                            
               core_2   -> LUMO+14      0.4358                                                                            
               core_2   -> LUMO+21     -0.3125                                                                            
               core_2   -> LUMO+19      0.3007                                                                            
               core_2   -> LUMO+15     -0.2918                                                                            
               core_2   -> LUMO+22      0.2484                                                                            
               core_2   -> LUMO+17     -0.2057                                                                            
                                                                                                                          
               Excited state 18                                                                                           
               ----------------                                                                                           
               core_2   -> LUMO+17      0.5850                                                                            
               core_2   -> LUMO+18     -0.3823                                                                            
               core_2   -> LUMO+19     -0.2998                                                                            
               core_2   -> LUMO+16      0.2777                                                                            
               core_2   -> LUMO+23     -0.2596                                                                            
               core_2   -> LUMO+15     -0.2242                                                                            
                                                                                                                          
               Excited state 19                                                                                           
               ----------------                                                                                           
               core_2   -> LUMO+20     -0.4241                                                                            
               core_2   -> LUMO+16     -0.4185                                                                            
               core_2   -> LUMO+19      0.4148                                                                            
               core_2   -> LUMO+17      0.3660                                                                            
               core_2   -> LUMO+13      0.2285                                                                            
               core_2   -> LUMO+22      0.2103                                                                            
                                                                                                                          
               Excited state 20                                                                                           
               ----------------                                                                                           
               core_2   -> LUMO+20      0.6145                                                                            
               core_2   -> LUMO+25     -0.3404                                                                            
               core_2   -> LUMO+17      0.3301                                                                            
               core_2   -> LUMO+21     -0.2354                                                                            
               core_2   -> LUMO+18      0.2319                                                                            
               core_2   -> LUMO+27     -0.2199                                                                            
                                                                                                                          
               Excited state 21                                                                                           
               ----------------                                                                                           
               core_2   -> LUMO+18     -0.5805                                                                            
               core_2   -> LUMO+12     -0.2857                                                                            
               core_2   -> LUMO+14     -0.2649                                                                            
               core_2   -> LUMO+22      0.2542                                                                            
               core_2   -> LUMO+24     -0.2522                                                                            
               core_2   -> LUMO+19      0.2433                                                                            
               core_2   -> LUMO+25     -0.2422                                                                            
               core_2   -> LUMO+20      0.2029                                                                            
               core_2   -> LUMO+16     -0.2004                                                                            
                                                                                                                          
               Excited state 22                                                                                           
               ----------------                                                                                           
               core_2   -> LUMO+19     -0.5057                                                                            
               core_2   -> LUMO+22      0.4400                                                                            
               core_2   -> LUMO+32      0.3225                                                                            
               core_2   -> LUMO+26      0.3050                                                                            
               core_2   -> LUMO+21     -0.2170                                                                            
               core_2   -> LUMO+11      0.2008                                                                            
                                                                                                                          
               Excited state 23                                                                                           
               ----------------                                                                                           
               core_2   -> LUMO+21      0.7189                                                                            
               core_2   -> LUMO+14      0.3532                                                                            
               core_2   -> LUMO+24     -0.2576                                                                            
               core_2   -> LUMO+27      0.2495                                                                            
                                                                                                                          
               Excited state 24                                                                                           
               ----------------                                                                                           
               core_2   -> LUMO+26      0.5050                                                                            
               core_2   -> LUMO+22     -0.4098                                                                            
               core_2   -> LUMO+25     -0.3648                                                                            
               core_2   -> LUMO+29     -0.2971                                                                            
               core_2   -> LUMO+20     -0.2358                                                                            
               core_2   -> LUMO+15     -0.2221                                                                            
               core_2   -> LUMO+28     -0.2187                                                                            
               core_2   -> LUMO+18     -0.2041                                                                            
                                                                                                                          
               Excited state 25                                                                                           
               ----------------                                                                                           
               core_2   -> LUMO+24      0.4326                                                                            
               core_2   -> LUMO+25     -0.4272                                                                            
               core_2   -> LUMO+22      0.2943                                                                            
               core_2   -> LUMO+34      0.2886                                                                            
               core_2   -> LUMO+21      0.2826                                                                            
               core_2   -> LUMO+23     -0.2522                                                                            
               core_2   -> LUMO+35     -0.2491                                                                            
               core_2   -> LUMO+39      0.2028                                                                            
                                                                                                                          
               Excited state 26                                                                                           
               ----------------                                                                                           
               core_2   -> LUMO+27      0.6191                                                                            
               core_2   -> LUMO+23      0.4494                                                                            
               core_2   -> LUMO+25     -0.3097                                                                            
               core_2   -> LUMO+21     -0.2443                                                                            
               core_2   -> LUMO+20     -0.2249                                                                            
                                                                                                                          
               Excited state 27                                                                                           
               ----------------                                                                                           
               core_2   -> LUMO+23      0.6006                                                                            
               core_2   -> LUMO+18     -0.3643                                                                            
               core_2   -> LUMO+25      0.3285                                                                            
               core_2   -> LUMO+24      0.2897                                                                            
               core_2   -> LUMO+22      0.2475                                                                            
               core_2   -> LUMO+30     -0.2304                                                                            
                                                                                                                          
               Excited state 28                                                                                           
               ----------------                                                                                           
               core_2   -> LUMO+27      0.4295                                                                            
               core_2   -> LUMO+20      0.3696                                                                            
               core_2   -> LUMO+24      0.3534                                                                            
               core_2   -> LUMO+23     -0.2805                                                                            
               core_2   -> LUMO+26      0.2731                                                                            
               core_2   -> LUMO+22     -0.2610                                                                            
               core_2   -> LUMO+25      0.2398                                                                            
                                                                                                                          
               Excited state 29                                                                                           
               ----------------                                                                                           
               core_2   -> LUMO+29      0.4109                                                                            
               core_2   -> LUMO+32      0.3952                                                                            
               core_2   -> LUMO+22     -0.3244                                                                            
               core_2   -> LUMO+24     -0.3164                                                                            
               core_2   -> LUMO+30      0.2656                                                                            
               core_2   -> LUMO+26     -0.2636                                                                            
                                                                                                                          
               Excited state 30                                                                                           
               ----------------                                                                                           
               core_2   -> LUMO+26     -0.4682                                                                            
               core_2   -> LUMO+30     -0.4402                                                                            
               core_2   -> LUMO+28     -0.4380                                                                            
               core_2   -> LUMO+31     -0.3943                                                                            
               core_2   -> LUMO+25     -0.2761                                                                            
                                                                                                                          
               Excited state 31                                                                                           
               ----------------                                                                                           
               core_2   -> LUMO+30      0.5766                                                                            
               core_2   -> LUMO+28     -0.4845                                                                            
               core_2   -> LUMO+24      0.3469                                                                            
               core_2   -> LUMO+34     -0.2620                                                                            
               core_2   -> LUMO+35      0.2258                                                                            
                                                                                                                          
               Excited state 32                                                                                           
               ----------------                                                                                           
               core_2   -> LUMO+29     -0.6185                                                                            
               core_2   -> LUMO+27      0.3182                                                                            
               core_2   -> LUMO+24     -0.2805                                                                            
               core_2   -> LUMO+28     -0.2773                                                                            
               core_2   -> LUMO+30      0.2518                                                                            
               core_2   -> LUMO+36      0.2369                                                                            
               core_2   -> LUMO+25      0.2021                                                                            
                                                                                                                          
               Excited state 33                                                                                           
               ----------------                                                                                           
               core_2   -> LUMO+31      0.6167                                                                            
               core_2   -> LUMO+32      0.3456                                                                            
               core_2   -> LUMO+30     -0.3204                                                                            
               core_2   -> LUMO+28     -0.3063                                                                            
               core_2   -> LUMO+34      0.2247                                                                            
                                                                                                                          
               Excited state 34                                                                                           
               ----------------                                                                                           
               core_2   -> LUMO+32     -0.5452                                                                            
               core_2   -> LUMO+34      0.4641                                                                            
               core_2   -> LUMO+28     -0.3230                                                                            
               core_2   -> LUMO+38     -0.2987                                                                            
               core_2   -> LUMO+29      0.2671                                                                            
               core_2   -> LUMO+37     -0.2629                                                                            
                                                                                                                          
               Excited state 35                                                                                           
               ----------------                                                                                           
               core_2   -> LUMO+33      0.8395                                                                            
               core_2   -> LUMO+40     -0.2649                                                                            
               core_2   -> LUMO+42      0.2173                                                                            
                                                                                                                          
               Excited state 36                                                                                           
               ----------------                                                                                           
               core_2   -> LUMO+35      0.4742                                                                            
               core_2   -> LUMO+34      0.4699                                                                            
               core_2   -> LUMO+37      0.4200                                                                            
               core_2   -> LUMO+38      0.3072                                                                            
               core_2   -> LUMO+31     -0.3000                                                                            
                                                                                                                          
               Excited state 37                                                                                           
               ----------------                                                                                           
               core_2   -> LUMO+37      0.6750                                                                            
               core_2   -> LUMO+35     -0.3825                                                                            
               core_2   -> LUMO+31      0.3456                                                                            
                                                                                                                          
               Excited state 38                                                                                           
               ----------------                                                                                           
               core_2   -> LUMO+36      0.5794                                                                            
               core_2   -> LUMO+38      0.4692                                                                            
               core_2   -> LUMO+39      0.2885                                                                            
               core_2   -> LUMO+37     -0.2324                                                                            
               core_2   -> LUMO+29      0.2283                                                                            
               core_2   -> LUMO+34     -0.2020                                                                            
                                                                                                                          
               Excited state 39                                                                                           
               ----------------                                                                                           
               core_2   -> LUMO+35     -0.4824                                                                            
               core_2   -> LUMO+38      0.4799                                                                            
               core_2   -> LUMO+36     -0.4501                                                                            
               core_2   -> LUMO+41      0.2477                                                                            
                                                                                                                          
               Excited state 40                                                                                           
               ----------------                                                                                           
               core_2   -> LUMO+41     -0.4774                                                                            
               core_2   -> LUMO+40      0.3753                                                                            
               core_2   -> LUMO+39     -0.3723                                                                            
               core_2   -> LUMO+36      0.3248                                                                            
               core_2   -> LUMO+52      0.2567                                                                            
               core_2   -> LUMO+38      0.2232                                                                            
               core_2   -> LUMO+45     -0.2164                                                                            
                                                                                                                          
               Excited state 41                                                                                           
               ----------------                                                                                           
               core_2   -> LUMO+40     -0.5393                                                                            
               core_2   -> LUMO+41     -0.5115                                                                            
               core_2   -> LUMO+45     -0.2999                                                                            
               core_2   -> LUMO+39      0.2843                                                                            
               core_2   -> LUMO+36     -0.2686                                                                            
               core_2   -> LUMO+38      0.2025                                                                            
                                                                                                                          
               Excited state 42                                                                                           
               ----------------                                                                                           
               core_2   -> LUMO+40      0.5163                                                                            
               core_2   -> LUMO+39      0.4638                                                                            
               core_2   -> LUMO+37      0.2561                                                                            
               core_2   -> LUMO+44     -0.2192                                                                            
               core_2   -> LUMO+34     -0.2182                                                                            
               core_2   -> LUMO+48      0.2143                                                                            
               core_2   -> LUMO+32     -0.2025                                                                            
                                                                                                                          
               Excited state 43                                                                                           
               ----------------                                                                                           
               core_2   -> LUMO+39      0.4441                                                                            
               core_2   -> LUMO+48     -0.3860                                                                            
               core_2   -> LUMO+46      0.3417                                                                            
               core_2   -> LUMO+44      0.3042                                                                            
               core_2   -> LUMO+42     -0.3040                                                                            
               core_2   -> LUMO+52      0.2344                                                                            
                                                                                                                          
               Excited state 44                                                                                           
               ----------------                                                                                           
               core_2   -> LUMO+42      0.8265                                                                            
               core_2   -> LUMO+37      0.2037                                                                            
                                                                                                                          
               Excited state 45                                                                                           
               ----------------                                                                                           
               core_2   -> LUMO+43     -0.6000                                                                            
               core_2   -> LUMO+45     -0.5754                                                                            
               core_2   -> LUMO+44      0.2661                                                                            
                                                                                                                          
               Excited state 46                                                                                           
               ----------------                                                                                           
               core_2   -> LUMO+45      0.5550                                                                            
               core_2   -> LUMO+44      0.4450                                                                            
               core_2   -> LUMO+43     -0.4014                                                                            
               core_2   -> LUMO+41     -0.3613                                                                            
               core_2   -> LUMO+48      0.2134                                                                            
                                                                                                                          
               Excited state 47                                                                                           
               ----------------                                                                                           
               core_2   -> LUMO+47      0.5323                                                                            
               core_2   -> LUMO+43     -0.4581                                                                            
               core_2   -> LUMO+44     -0.3968                                                                            
               core_2   -> LUMO+48     -0.2584                                                                            
                                                                                                                          
               Excited state 48                                                                                           
               ----------------                                                                                           
               core_2   -> LUMO+49      0.5655                                                                            
               core_2   -> LUMO+44      0.3837                                                                            
               core_2   -> LUMO+46     -0.3003                                                                            
               core_2   -> LUMO+47      0.2822                                                                            
               core_2   -> LUMO+51      0.2149                                                                            
                                                                                                                          
               Excited state 49                                                                                           
               ----------------                                                                                           
               core_2   -> LUMO+50     -0.5393                                                                            
               core_2   -> LUMO+52      0.4112                                                                            
               core_2   -> LUMO+48      0.3213                                                                            
               core_2   -> LUMO+49      0.3152                                                                            
               core_2   -> LUMO+53     -0.2854                                                                            
               core_2   -> LUMO+44     -0.2394                                                                            
               core_2   -> LUMO+51     -0.2102                                                                            
                                                                                                                          
               Excited state 50                                                                                           
               ----------------                                                                                           
               core_2   -> LUMO+46     -0.6774                                                                            
               core_2   -> LUMO+49     -0.3643                                                                            
               core_2   -> LUMO+52      0.3229                                                                            
               core_2   -> LUMO+43      0.2657                                                                            
                                                                                                                          
!========================================================================================================================!
!                               VeloxChem execution completed at Mon May 11 12:23:31 2026.                               !
!========================================================================================================================!
!                                          Total execution time is 460.46 sec.                                           !
!========================================================================================================================!
!                     Rinkevicius, Z.; Li, X.; Vahtras, O.; Ahmadzadeh, K.; Brand, M.; Ringholm, M.;                     !
!                              List, N. H.; Scheurer, M.; Scott, M.; Dreuw, A.; Norman, P.                               !
!                     VeloxChem: A Python-driven Density-functional Theory Program for Spectroscopy                      !
!                                Simulations in High-performance Computing Environments.                                 !
!                                       WIREs Comput Mol Sci 2020, 10 (5), e1457.                                        !
!========================================================================================================================!
